k,real_k,effective_k,virtual_stream_count,sample_index,position_combination,selection_rank,candidate_id,source,probes,authorized_max_ber,authorized_position_bers,candidate_min_route_min_ber,candidate_avg_route_min_ber,worst_route
6,6,8,2,1,"(1, 16, 17, 20, 22, 24)",1,70,probe_repair,"[15, 30, 50, 105, 110, 120, 125, 135, 195, 280, 310, 325, 330, 360, 365]",0.00000000,"[0.00000000, 0.00000000, 0.00000000, 0.00000000, 0.00000000, 0.00000000]",0.19600000,0.45738462,15->1
6,6,8,2,1,"(1, 16, 17, 20, 22, 24)",2,26,probe_repair,"[10, 15, 30, 85, 120, 125, 155, 165, 170, 175, 265, 275, 280, 285, 350]",0.00000000,"[0.00000000, 0.00000000, 0.00000000, 0.00000000, 0.00000000, 0.00000000]",0.13100000,0.45438462,18->17
6,6,8,2,1,"(1, 16, 17, 20, 22, 24)",3,129,probe_repair,"[10, 50, 95, 130, 145, 195, 200, 210, 235, 250, 255, 285, 300, 360, 365]",0.00000000,"[0.00000000, 0.00000000, 0.00000000, 0.00000000, 0.00000000, 0.00000000]",0.20000000,0.44912821,7->16
6,6,8,2,1,"(1, 16, 17, 20, 22, 24)",4,22,probe_repair,"[10, 15, 30, 85, 120, 125, 155, 165, 170, 175, 265, 275, 280, 285, 350]",0.00000000,"[0.00000000, 0.00000000, 0.00000000, 0.00000000, 0.00000000, 0.00000000]",0.10800000,0.44787179,18->17
6,6,8,2,1,"(1, 16, 17, 20, 22, 24)",5,42,probe_repair,"[10, 25, 30, 60, 70, 90, 110, 140, 200, 250, 255, 260, 290, 295, 305]",0.00000000,"[0.00000000, 0.00000000, 0.00000000, 0.00000000, 0.00000000, 0.00000000]",0.22900000,0.45500000,21->22
6,6,8,2,1,"(1, 16, 17, 20, 22, 24)",6,118,probe_repair,"[5, 15, 45, 65, 80, 90, 115, 120, 125, 135, 250, 295, 300, 320, 325]",0.00000000,"[0.00000000, 0.00000000, 0.00000000, 0.00000000, 0.00000000, 0.00000000]",0.21000000,0.44984615,2->1
6,6,8,2,1,"(1, 16, 17, 20, 22, 24)",7,44,probe_repair,"[10, 25, 30, 60, 70, 90, 110, 140, 200, 250, 255, 260, 290, 295, 305]",0.00000000,"[0.00000000, 0.00000000, 0.00000000, 0.00000000, 0.00000000, 0.00000000]",0.27400000,0.45410256,15->1
6,6,8,2,1,"(1, 16, 17, 20, 22, 24)",8,38,probe_repair,"[10, 25, 30, 60, 70, 90, 110, 140, 200, 250, 255, 260, 290, 295, 305]",0.00000000,"[0.00000000, 0.00000000, 0.00000000, 0.00000000, 0.00000000, 0.00000000]",0.31100000,0.45241026,15->1
6,6,8,2,1,"(1, 16, 17, 20, 22, 24)",9,71,probe_repair,"[15, 30, 50, 105, 110, 120, 125, 135, 195, 280, 310, 325, 330, 360, 365]",0.00000000,"[0.00000000, 0.00000000, 0.00000000, 0.00000000, 0.00000000, 0.00000000]",0.24600000,0.45779487,15->1
6,6,8,2,1,"(1, 16, 17, 20, 22, 24)",10,66,probe_repair,"[45, 50, 55, 65, 100, 115, 150, 155, 170, 175, 180, 200, 220, 340, 350]",0.00000000,"[0.00000000, 0.00000000, 0.00000000, 0.00000000, 0.00000000, 0.00000000]",0.19600000,0.44492308,18->16
6,6,8,2,2,"(4, 7, 11, 20, 21, 28)",1,59,probe_repair,"[75, 100, 105, 115, 150, 165, 170, 200, 230, 270, 295, 300, 320, 325, 340]",0.00000000,"[0.00000000, 0.00000000, 0.00000000, 0.00000000, 0.00000000, 0.00000000]",0.25200000,0.45252778,9->28
6,6,8,2,2,"(4, 7, 11, 20, 21, 28)",2,58,probe_repair,"[75, 100, 105, 115, 150, 165, 170, 200, 230, 270, 295, 300, 320, 325, 340]",0.00000000,"[0.00000000, 0.00000000, 0.00000000, 0.00000000, 0.00000000, 0.00000000]",0.24500000,0.44872222,26->20
6,6,8,2,2,"(4, 7, 11, 20, 21, 28)",3,73,probe_repair,"[20, 50, 60, 70, 115, 145, 175, 180, 190, 200, 215, 245, 260, 325, 345]",0.00000000,"[0.00000000, 0.00000000, 0.00000000, 0.00000000, 0.00000000, 0.00000000]",0.05600000,0.44044444,22->7
6,6,8,2,2,"(4, 7, 11, 20, 21, 28)",4,99,probe_repair,"[30, 65, 85, 130, 135, 170, 180, 190, 205, 225, 240, 290, 315, 360, 365]",0.00000000,"[0.00000000, 0.00000000, 0.00000000, 0.00000000, 0.00000000, 0.00000000]",0.14400000,0.44425000,25->11
6,6,8,2,2,"(4, 7, 11, 20, 21, 28)",5,121,probe_repair,"[20, 75, 115, 140, 155, 175, 195, 205, 215, 225, 255, 310, 320, 355, 360]",0.00000000,"[0.00000000, 0.00000000, 0.00000000, 0.00000000, 0.00000000, 0.00000000]",0.02700000,0.44438889,24->11
6,6,8,2,2,"(4, 7, 11, 20, 21, 28)",6,249,probe_repair,"[5, 35, 55, 60, 75, 125, 135, 145, 155, 200, 215, 225, 240, 260, 290]",0.00000000,"[0.00000000, 0.00000000, 0.00000000, 0.00000000, 0.00000000, 0.00000000]",0.32100000,0.46377778,2->4
6,6,8,2,2,"(4, 7, 11, 20, 21, 28)",7,100,probe_repair,"[30, 65, 85, 130, 135, 170, 180, 190, 205, 225, 240, 290, 315, 360, 365]",0.00000000,"[0.00000000, 0.00000000, 0.00000000, 0.00000000, 0.00000000, 0.00000000]",0.12700000,0.44702778,25->11
6,6,8,2,2,"(4, 7, 11, 20, 21, 28)",8,94,probe_repair,"[30, 65, 85, 130, 135, 170, 180, 190, 205, 225, 240, 290, 315, 360, 365]",0.00000000,"[0.00000000, 0.00000000, 0.00000000, 0.00000000, 0.00000000, 0.00000000]",0.07500000,0.44158333,25->11
6,6,8,2,2,"(4, 7, 11, 20, 21, 28)",9,74,probe_repair,"[20, 50, 60, 70, 115, 145, 175, 180, 190, 200, 215, 245, 260, 325, 345]",0.00000000,"[0.00000000, 0.00000000, 0.00000000, 0.00000000, 0.00000000, 0.00000000]",0.03300000,0.43611111,22->7
6,6,8,2,2,"(4, 7, 11, 20, 21, 28)",10,132,probe_repair,"[25, 110, 120, 135, 145, 155, 160, 180, 190, 205, 210, 215, 250, 260, 335]",0.00000000,"[0.00000000, 0.00000000, 0.00000000, 0.00000000, 0.00000000, 0.00000000]",0.19100000,0.44361111,18->21
6,6,8,2,3,"(5, 15, 18, 20, 21, 26)",1,108,probe_repair,"[50, 65, 85, 90, 105, 130, 145, 180, 185, 215, 230, 250, 265, 290, 330]",0.00000000,"[0.00000000, 0.00000000, 0.00000000, 0.00000000, 0.00000000, 0.00000000]",0.13500000,0.45624359,6->5
6,6,8,2,3,"(5, 15, 18, 20, 21, 26)",2,44,probe_repair,"[20, 30, 45, 75, 140, 180, 190, 200, 205, 230, 295, 305, 330, 340, 365]",0.00000000,"[0.00000000, 0.00000000, 0.00000000, 0.00000000, 0.00000000, 0.00000000]",0.35600000,0.46391026,27->20
6,6,8,2,3,"(5, 15, 18, 20, 21, 26)",3,20,baseline,"[5, 30, 55, 80, 105, 130, 155, 180, 205, 230, 255, 280, 305, 330, 355]",0.00000000,"[0.00000000, 0.00000000, 0.00000000, 0.00000000, 0.00000000, 0.00000000]",0.17300000,0.45660256,17->26
6,6,8,2,3,"(5, 15, 18, 20, 21, 26)",4,105,probe_repair,"[50, 65, 85, 90, 105, 130, 145, 180, 185, 215, 230, 250, 265, 290, 330]",0.00000000,"[0.00000000, 0.00000000, 0.00000000, 0.00000000, 0.00000000, 0.00000000]",0.04000000,0.45073077,6->5
6,6,8,2,3,"(5, 15, 18, 20, 21, 26)",5,18,baseline,"[5, 30, 55, 80, 105, 130, 155, 180, 205, 230, 255, 280, 305, 330, 355]",0.00000000,"[0.00000000, 0.00000000, 0.00000000, 0.00000000, 0.00000000, 0.00000000]",0.28200000,0.45550000,17->26
6,6,8,2,3,"(5, 15, 18, 20, 21, 26)",6,39,probe_repair,"[20, 30, 45, 75, 140, 180, 190, 200, 205, 230, 295, 305, 330, 340, 365]",0.00000000,"[0.00000000, 0.00000000, 0.00000000, 0.00000000, 0.00000000, 0.00000000]",0.34800000,0.46126923,22->26
6,6,8,2,3,"(5, 15, 18, 20, 21, 26)",7,41,probe_repair,"[20, 30, 45, 75, 140, 180, 190, 200, 205, 230, 295, 305, 330, 340, 365]",0.00000000,"[0.00000000, 0.00000000, 0.00000000, 0.00000000, 0.00000000, 0.00000000]",0.32700000,0.46306410,27->18
6,6,8,2,3,"(5, 15, 18, 20, 21, 26)",8,2,baseline,"[5, 30, 55, 80, 105, 130, 155, 180, 205, 230, 255, 280, 305, 330, 355]",0.00000000,"[0.00000000, 0.00000000, 0.00000000, 0.00000000, 0.00000000, 0.00000000]",0.24800000,0.45332051,17->26
6,6,8,2,3,"(5, 15, 18, 20, 21, 26)",9,116,probe_repair,"[15, 50, 90, 105, 110, 115, 135, 205, 215, 235, 240, 285, 310, 340, 355]",0.00000000,"[0.00000000, 0.00000000, 0.00000000, 0.00000000, 0.00000000, 0.00000000]",0.16900000,0.45183333,4->21
6,6,8,2,3,"(5, 15, 18, 20, 21, 26)",10,13,baseline,"[5, 30, 55, 80, 105, 130, 155, 180, 205, 230, 255, 280, 305, 330, 355]",0.00000000,"[0.00000000, 0.00000000, 0.00000000, 0.00000000, 0.00000000, 0.00000000]",0.20000000,0.44921795,17->26
6,6,8,2,4,"(1, 2, 5, 6, 18, 26)",1,31,probe_repair,"[5, 10, 60, 80, 150, 165, 185, 205, 210, 220, 230, 290, 305, 330, 365]",0.00000000,"[0.00000000, 0.00000000, 0.00000000, 0.00000000, 0.00000000, 0.00000000]",0.08200000,0.44802381,17->26
6,6,8,2,4,"(1, 2, 5, 6, 18, 26)",2,43,probe_repair,"[10, 50, 65, 75, 85, 100, 135, 155, 190, 235, 280, 295, 300, 335, 360]",0.00000000,"[0.00000000, 0.00000000, 0.00000000, 0.00000000, 0.00000000, 0.00000000]",0.24400000,0.46173810,28->1
6,6,8,2,4,"(1, 2, 5, 6, 18, 26)",3,44,probe_repair,"[10, 50, 65, 75, 85, 100, 135, 155, 190, 235, 280, 295, 300, 335, 360]",0.00000000,"[0.00000000, 0.00000000, 0.00000000, 0.00000000, 0.00000000, 0.00000000]",0.24500000,0.45738095,15->5
6,6,8,2,4,"(1, 2, 5, 6, 18, 26)",4,21,probe_repair,"[5, 15, 35, 55, 85, 115, 120, 175, 190, 225, 245, 280, 290, 330, 355]",0.00000000,"[0.00000000, 0.00000000, 0.00000000, 0.00000000, 0.00000000, 0.00000000]",0.09500000,0.42973810,11->6
6,6,8,2,4,"(1, 2, 5, 6, 18, 26)",5,29,probe_repair,"[5, 10, 60, 80, 150, 165, 185, 205, 210, 220, 230, 290, 305, 330, 365]",0.00000000,"[0.00000000, 0.00000000, 0.00000000, 0.00000000, 0.00000000, 0.00000000]",0.00000000,0.41583333,11->26
6,6,8,2,4,"(1, 2, 5, 6, 18, 26)",6,28,probe_repair,"[5, 15, 35, 55, 85, 115, 120, 175, 190, 225, 245, 280, 290, 330, 355]",0.00000000,"[0.00000000, 0.00000000, 0.00000000, 0.00000000, 0.00000000, 0.00000000]",0.24700000,0.45295238,7->5
6,6,8,2,4,"(1, 2, 5, 6, 18, 26)",7,37,probe_repair,"[10, 50, 65, 75, 85, 100, 135, 155, 190, 235, 280, 295, 300, 335, 360]",0.00000000,"[0.00000000, 0.00000000, 0.00000000, 0.00000000, 0.00000000, 0.00000000]",0.13200000,0.42204762,17->18
6,6,8,2,4,"(1, 2, 5, 6, 18, 26)",8,24,probe_repair,"[5, 15, 35, 55, 85, 115, 120, 175, 190, 225, 245, 280, 290, 330, 355]",0.00000000,"[0.00000000, 0.00000000, 0.00000000, 0.00000000, 0.00000000, 0.00000000]",0.29400000,0.45311905,7->5
6,6,8,2,4,"(1, 2, 5, 6, 18, 26)",9,7,baseline,"[5, 30, 55, 80, 105, 130, 155, 180, 205, 230, 255, 280, 305, 330, 355]",0.00000000,"[0.00000000, 0.00000000, 0.00000000, 0.00000000, 0.00000000, 0.00000000]",0.04200000,0.44569048,15->5
6,6,8,2,4,"(1, 2, 5, 6, 18, 26)",10,1,baseline,"[5, 30, 55, 80, 105, 130, 155, 180, 205, 230, 255, 280, 305, 330, 355]",0.00000000,"[0.00000000, 0.00000000, 0.00000000, 0.00000000, 0.00000000, 0.00000000]",0.01400000,0.42750000,15->5
6,6,8,2,5,"(2, 4, 7, 11, 16, 17)",1,68,probe_repair,"[10, 40, 60, 75, 115, 160, 225, 235, 240, 245, 270, 310, 320, 345, 350]",0.00000000,"[0.00000000, 0.00000000, 0.00000000, 0.00000000, 0.00000000, 0.00000000]",0.15500000,0.43466667,22->2
6,6,8,2,5,"(2, 4, 7, 11, 16, 17)",2,64,probe_repair,"[10, 40, 60, 75, 115, 160, 225, 235, 240, 245, 270, 310, 320, 345, 350]",0.00000000,"[0.00000000, 0.00000000, 0.00000000, 0.00000000, 0.00000000, 0.00000000]",0.05100000,0.43838889,27->16
6,6,8,2,5,"(2, 4, 7, 11, 16, 17)",3,215,probe_repair,"[85, 90, 140, 175, 185, 215, 260, 305, 310, 320, 325, 335, 340, 345, 350]",0.00000000,"[0.00000000, 0.00000000, 0.00000000, 0.00000000, 0.00000000, 0.00000000]",0.25500000,0.44708333,25->2
6,6,8,2,5,"(2, 4, 7, 11, 16, 17)",4,291,probe_repair,"[15, 20, 30, 35, 95, 125, 135, 150, 165, 170, 200, 210, 270, 320, 350]",0.00000000,"[0.00000000, 0.00000000, 0.00000000, 0.00000000, 0.00000000, 0.00000000]",0.19600000,0.45322222,9->17
6,6,8,2,5,"(2, 4, 7, 11, 16, 17)",5,292,probe_repair,"[15, 20, 30, 35, 95, 125, 135, 150, 165, 170, 200, 210, 270, 320, 350]",0.00000000,"[0.00000000, 0.00000000, 0.00000000, 0.00000000, 0.00000000, 0.00000000]",0.28900000,0.45005556,9->17
6,6,8,2,5,"(2, 4, 7, 11, 16, 17)",6,216,probe_repair,"[85, 90, 140, 175, 185, 215, 260, 305, 310, 320, 325, 335, 340, 345, 350]",0.00000000,"[0.00000000, 0.00000000, 0.00000000, 0.00000000, 0.00000000, 0.00000000]",0.25100000,0.45283333,25->2
6,6,8,2,5,"(2, 4, 7, 11, 16, 17)",7,86,probe_repair,"[5, 15, 20, 45, 65, 80, 115, 125, 140, 165, 175, 215, 275, 290, 300]",0.00000000,"[0.00000000, 0.00000000, 0.00000000, 0.00000000, 0.00000000, 0.00000000]",0.15500000,0.43913889,15->11
6,6,8,2,5,"(2, 4, 7, 11, 16, 17)",8,67,probe_repair,"[10, 40, 60, 75, 115, 160, 225, 235, 240, 245, 270, 310, 320, 345, 350]",0.00000000,"[0.00000000, 0.00000000, 0.00000000, 0.00000000, 0.00000000, 0.00000000]",0.11600000,0.43533333,27->16
6,6,8,2,5,"(2, 4, 7, 11, 16, 17)",9,144,probe_repair,"[15, 55, 60, 85, 105, 195, 235, 265, 270, 280, 290, 305, 335, 345, 350]",0.00000000,"[0.00000000, 0.00000000, 0.00000000, 0.00000000, 0.00000000, 0.00000000]",0.29000000,0.45980556,22->17
6,6,8,2,5,"(2, 4, 7, 11, 16, 17)",10,69,probe_repair,"[10, 30, 60, 75, 80, 135, 140, 155, 185, 190, 240, 250, 260, 355, 360]",0.00000000,"[0.00000000, 0.00000000, 0.00000000, 0.00000000, 0.00000000, 0.00000000]",0.17900000,0.42036111,28->4
6,6,8,2,6,"(1, 7, 15, 16, 17, 18)",1,76,probe_repair,"[10, 25, 45, 60, 65, 90, 120, 125, 155, 170, 210, 290, 320, 330, 335]",0.00000000,"[0.00000000, 0.00000000, 0.00000000, 0.00000000, 0.00000000, 0.00000000]",0.23300000,0.45147436,20->7
6,6,8,2,6,"(1, 7, 15, 16, 17, 18)",2,38,probe_repair,"[40, 55, 80, 90, 95, 130, 160, 170, 185, 230, 260, 265, 275, 325, 330]",0.00000000,"[0.00000000, 0.00000000, 0.00000000, 0.00000000, 0.00000000, 0.00000000]",0.19500000,0.45524359,26->16
6,6,8,2,6,"(1, 7, 15, 16, 17, 18)",3,90,probe_repair,"[25, 30, 35, 105, 115, 120, 160, 175, 195, 225, 235, 245, 265, 340, 345]",0.00000000,"[0.00000000, 0.00000000, 0.00000000, 0.00000000, 0.00000000, 0.00000000]",0.32600000,0.45762821,21->7
6,6,8,2,6,"(1, 7, 15, 16, 17, 18)",4,43,probe_repair,"[40, 55, 80, 90, 95, 130, 160, 170, 185, 230, 260, 265, 275, 325, 330]",0.00000000,"[0.00000000, 0.00000000, 0.00000000, 0.00000000, 0.00000000, 0.00000000]",0.23300000,0.45878205,26->16
6,6,8,2,6,"(1, 7, 15, 16, 17, 18)",5,39,probe_repair,"[40, 55, 80, 90, 95, 130, 160, 170, 185, 230, 260, 265, 275, 325, 330]",0.00000000,"[0.00000000, 0.00000000, 0.00000000, 0.00000000, 0.00000000, 0.00000000]",0.19500000,0.44975641,26->16
6,6,8,2,6,"(1, 7, 15, 16, 17, 18)",6,23,probe_repair,"[10, 65, 75, 80, 135, 145, 165, 235, 250, 260, 290, 300, 330, 355, 360]",0.00000000,"[0.00000000, 0.00000000, 0.00000000, 0.00000000, 0.00000000, 0.00000000]",0.11600000,0.45496154,9->15
6,6,8,2,6,"(1, 7, 15, 16, 17, 18)",7,78,probe_repair,"[10, 45, 65, 70, 120, 125, 130, 135, 150, 160, 165, 260, 310, 320, 345]",0.00000000,"[0.00000000, 0.00000000, 0.00000000, 0.00000000, 0.00000000, 0.00000000]",0.26500000,0.45375641,22->18
6,6,8,2,6,"(1, 7, 15, 16, 17, 18)",8,57,probe_repair,"[15, 45, 50, 65, 95, 160, 200, 210, 220, 245, 250, 255, 285, 335, 345]",0.00000000,"[0.00000000, 0.00000000, 0.00000000, 0.00000000, 0.00000000, 0.00000000]",0.23300000,0.45170513,27->16
6,6,8,2,6,"(1, 7, 15, 16, 17, 18)",9,58,probe_repair,"[15, 45, 50, 65, 95, 160, 200, 210, 220, 245, 250, 255, 285, 335, 345]",0.00000000,"[0.00000000, 0.00000000, 0.00000000, 0.00000000, 0.00000000, 0.00000000]",0.16700000,0.44693590,20->7
6,6,8,2,6,"(1, 7, 15, 16, 17, 18)",10,26,probe_repair,"[10, 65, 75, 80, 135, 145, 165, 235, 250, 260, 290, 300, 330, 355, 360]",0.00000000,"[0.00000000, 0.00000000, 0.00000000, 0.00000000, 0.00000000, 0.00000000]",0.09200000,0.45532051,9->15
6,6,8,2,7,"(2, 6, 7, 15, 17, 21)",1,150,probe_repair,"[10, 45, 70, 85, 95, 105, 155, 160, 200, 210, 270, 310, 340, 355, 360]",0.00000000,"[0.00000000, 0.00000000, 0.00000000, 0.00000000, 0.00000000, 0.00000000]",0.28600000,0.45955556,22->15
6,6,8,2,7,"(2, 6, 7, 15, 17, 21)",2,39,probe_repair,"[5, 35, 50, 80, 90, 110, 115, 130, 140, 150, 170, 240, 260, 295, 345]",0.00000000,"[0.00000000, 0.00000000, 0.00000000, 0.00000000, 0.00000000, 0.00000000]",0.21300000,0.44444444,27->21
6,6,8,2,7,"(2, 6, 7, 15, 17, 21)",3,7,baseline,"[5, 30, 55, 80, 105, 130, 155, 180, 205, 230, 255, 280, 305, 330, 355]",0.00000000,"[0.00000000, 0.00000000, 0.00000000, 0.00000000, 0.00000000, 0.00000000]",0.23900000,0.44063889,26->17
6,6,8,2,7,"(2, 6, 7, 15, 17, 21)",4,32,probe_repair,"[20, 45, 125, 150, 155, 165, 175, 195, 220, 260, 300, 305, 340, 350, 365]",0.00000000,"[0.00000000, 0.00000000, 0.00000000, 0.00000000, 0.00000000, 0.00000000]",0.27800000,0.45533333,9->6
6,6,8,2,7,"(2, 6, 7, 15, 17, 21)",5,170,probe_repair,"[20, 40, 90, 105, 115, 150, 165, 200, 230, 235, 240, 250, 265, 330, 360]",0.00000000,"[0.00000000, 0.00000000, 0.00000000, 0.00000000, 0.00000000, 0.00000000]",0.14200000,0.46002778,28->17
6,6,8,2,7,"(2, 6, 7, 15, 17, 21)",6,321,probe_repair,"[5, 25, 35, 65, 75, 100, 105, 115, 130, 160, 190, 255, 260, 295, 320]",0.00000000,"[0.00000000, 0.00000000, 0.00000000, 0.00000000, 0.00000000, 0.00000000]",0.00800000,0.43961111,11->21
6,6,8,2,7,"(2, 6, 7, 15, 17, 21)",7,43,probe_repair,"[5, 35, 50, 80, 90, 110, 115, 130, 140, 150, 170, 240, 260, 295, 345]",0.00000000,"[0.00000000, 0.00000000, 0.00000000, 0.00000000, 0.00000000, 0.00000000]",0.26100000,0.45180556,27->21
6,6,8,2,7,"(2, 6, 7, 15, 17, 21)",8,10,baseline,"[5, 30, 55, 80, 105, 130, 155, 180, 205, 230, 255, 280, 305, 330, 355]",0.00000000,"[0.00000000, 0.00000000, 0.00000000, 0.00000000, 0.00000000, 0.00000000]",0.21500000,0.44344444,24->2
6,6,8,2,7,"(2, 6, 7, 15, 17, 21)",9,322,probe_repair,"[5, 25, 35, 65, 75, 100, 105, 115, 130, 160, 190, 255, 260, 295, 320]",0.00000000,"[0.00000000, 0.00000000, 0.00000000, 0.00000000, 0.00000000, 0.00000000]",0.03400000,0.44836111,11->21
6,6,8,2,7,"(2, 6, 7, 15, 17, 21)",10,12,baseline,"[5, 30, 55, 80, 105, 130, 155, 180, 205, 230, 255, 280, 305, 330, 355]",0.00000000,"[0.00000000, 0.00000000, 0.00000000, 0.00000000, 0.00000000, 0.00000000]",0.26400000,0.43975000,24->17
6,6,8,2,8,"(7, 15, 16, 17, 22, 27)",1,213,probe_repair,"[5, 100, 105, 115, 120, 130, 170, 190, 200, 255, 270, 295, 320, 340, 350]",0.00000000,"[0.00000000, 0.00000000, 0.00000000, 0.00000000, 0.00000000, 0.00000000]",0.18400000,0.43491667,2->22
6,6,8,2,8,"(7, 15, 16, 17, 22, 27)",2,110,probe_repair,"[5, 15, 25, 30, 90, 145, 185, 190, 205, 230, 245, 260, 270, 325, 360]",0.00000000,"[0.00000000, 0.00000000, 0.00000000, 0.00000000, 0.00000000, 0.00000000]",0.21000000,0.44669444,6->7
6,6,8,2,8,"(7, 15, 16, 17, 22, 27)",3,257,probe_repair,"[10, 20, 35, 60, 80, 95, 135, 210, 235, 260, 265, 300, 315, 350, 365]",0.00000000,"[0.00000000, 0.00000000, 0.00000000, 0.00000000, 0.00000000, 0.00000000]",0.28200000,0.45333333,21->17
6,6,8,2,8,"(7, 15, 16, 17, 22, 27)",4,196,probe_repair,"[35, 45, 60, 70, 80, 85, 130, 140, 180, 215, 260, 290, 300, 350, 365]",0.00000000,"[0.00000000, 0.00000000, 0.00000000, 0.00000000, 0.00000000, 0.00000000]",0.05800000,0.44711111,6->27
6,6,8,2,8,"(7, 15, 16, 17, 22, 27)",5,43,probe_repair,"[30, 50, 60, 70, 95, 120, 165, 220, 230, 235, 245, 260, 285, 305, 365]",0.00000000,"[0.00000000, 0.00000000, 0.00000000, 0.00000000, 0.00000000, 0.00000000]",0.25100000,0.45141667,21->17
6,6,8,2,8,"(7, 15, 16, 17, 22, 27)",6,170,probe_repair,"[10, 15, 35, 45, 75, 85, 100, 110, 115, 145, 170, 185, 350, 360, 365]",0.00000000,"[0.00000000, 0.00000000, 0.00000000, 0.00000000, 0.00000000, 0.00000000]",0.32800000,0.45283333,11->16
6,6,8,2,8,"(7, 15, 16, 17, 22, 27)",7,53,probe_repair,"[40, 130, 155, 175, 190, 205, 220, 245, 250, 260, 265, 270, 305, 315, 325]",0.00000000,"[0.00000000, 0.00000000, 0.00000000, 0.00000000, 0.00000000, 0.00000000]",0.11400000,0.43019444,2->7
6,6,8,2,8,"(7, 15, 16, 17, 22, 27)",8,240,probe_repair,"[45, 60, 75, 115, 120, 190, 200, 215, 225, 250, 295, 305, 310, 315, 345]",0.00000000,"[0.00000000, 0.00000000, 0.00000000, 0.00000000, 0.00000000, 0.00000000]",0.21900000,0.45575000,18->17
6,6,8,2,8,"(7, 15, 16, 17, 22, 27)",9,42,probe_repair,"[30, 50, 60, 70, 95, 120, 165, 220, 230, 235, 245, 260, 285, 305, 365]",0.00000000,"[0.00000000, 0.00000000, 0.00000000, 0.00000000, 0.00000000, 0.00000000]",0.22500000,0.45822222,6->27
6,6,8,2,8,"(7, 15, 16, 17, 22, 27)",10,232,probe_repair,"[10, 60, 65, 70, 90, 130, 180, 200, 205, 230, 235, 335, 345, 355, 360]",0.00000000,"[0.00000000, 0.00000000, 0.00000000, 0.00000000, 0.00000000, 0.00000000]",0.24700000,0.45469444,4->22
6,6,8,2,9,"(7, 16, 20, 21, 24, 27)",1,168,probe_repair,"[5, 10, 40, 70, 75, 100, 170, 185, 190, 225, 245, 265, 300, 325, 355]",0.00000000,"[0.00000000, 0.00000000, 0.00000000, 0.00000000, 0.00000000, 0.00000000]",0.24900000,0.45733333,17->21
6,6,8,2,9,"(7, 16, 20, 21, 24, 27)",2,11,baseline,"[5, 30, 55, 80, 105, 130, 155, 180, 205, 230, 255, 280, 305, 330, 355]",0.00000000,"[0.00000000, 0.00000000, 0.00000000, 0.00000000, 0.00000000, 0.00000000]",0.28400000,0.45116667,17->24
6,6,8,2,9,"(7, 16, 20, 21, 24, 27)",3,89,probe_repair,"[20, 30, 65, 75, 90, 145, 155, 195, 200, 210, 245, 285, 290, 315, 340]",0.00000000,"[0.00000000, 0.00000000, 0.00000000, 0.00000000, 0.00000000, 0.00000000]",0.23000000,0.44975000,15->27
6,6,8,2,9,"(7, 16, 20, 21, 24, 27)",4,33,probe_repair,"[30, 65, 95, 105, 125, 135, 155, 165, 175, 210, 230, 240, 305, 360, 365]",0.00000000,"[0.00000000, 0.00000000, 0.00000000, 0.00000000, 0.00000000, 0.00000000]",0.23400000,0.45580556,18->16
6,6,8,2,9,"(7, 16, 20, 21, 24, 27)",5,157,probe_repair,"[10, 50, 65, 85, 90, 100, 135, 145, 155, 160, 185, 310, 320, 330, 365]",0.00000000,"[0.00000000, 0.00000000, 0.00000000, 0.00000000, 0.00000000, 0.00000000]",0.00000000,0.42366667,11->24
6,6,8,2,9,"(7, 16, 20, 21, 24, 27)",6,9,baseline,"[5, 30, 55, 80, 105, 130, 155, 180, 205, 230, 255, 280, 305, 330, 355]",0.00000000,"[0.00000000, 0.00000000, 0.00000000, 0.00000000, 0.00000000, 0.00000000]",0.23400000,0.44797222,17->24
6,6,8,2,9,"(7, 16, 20, 21, 24, 27)",7,137,probe_repair,"[5, 30, 45, 55, 70, 75, 85, 130, 155, 175, 185, 190, 265, 300, 310]",0.00000000,"[0.00000000, 0.00000000, 0.00000000, 0.00000000, 0.00000000, 0.00000000]",0.18000000,0.44336111,28->16
6,6,8,2,9,"(7, 16, 20, 21, 24, 27)",8,55,probe_repair,"[10, 15, 25, 35, 75, 110, 170, 175, 215, 220, 225, 235, 240, 245, 250]",0.00000000,"[0.00000000, 0.00000000, 0.00000000, 0.00000000, 0.00000000, 0.00000000]",0.16600000,0.44225000,18->20
6,6,8,2,9,"(7, 16, 20, 21, 24, 27)",9,203,probe_repair,"[5, 30, 75, 90, 110, 140, 200, 215, 220, 230, 240, 265, 275, 315, 335]",0.00000000,"[0.00000000, 0.00000000, 0.00000000, 0.00000000, 0.00000000, 0.00000000]",0.05300000,0.44319444,11->16
6,6,8,2,9,"(7, 16, 20, 21, 24, 27)",10,170,probe_repair,"[5, 10, 40, 70, 75, 100, 170, 185, 190, 225, 245, 265, 300, 325, 355]",0.00000000,"[0.00000000, 0.00000000, 0.00000000, 0.00000000, 0.00000000, 0.00000000]",0.23000000,0.45238889,9->7
6,6,8,2,10,"(1, 5, 6, 15, 16, 18)",1,38,probe_repair,"[10, 25, 60, 75, 110, 135, 140, 145, 205, 210, 225, 265, 305, 355, 360]",0.00000000,"[0.00000000, 0.00000000, 0.00000000, 0.00000000, 0.00000000, 0.00000000]",0.29100000,0.45297619,28->6
6,6,8,2,10,"(1, 5, 6, 15, 16, 18)",2,70,probe_repair,"[25, 40, 55, 95, 120, 135, 165, 170, 190, 200, 210, 225, 240, 255, 360]",0.00000000,"[0.00000000, 0.00000000, 0.00000000, 0.00000000, 0.00000000, 0.00000000]",0.16900000,0.45378571,26->18
6,6,8,2,10,"(1, 5, 6, 15, 16, 18)",3,43,probe_repair,"[10, 25, 60, 75, 110, 135, 140, 145, 205, 210, 225, 265, 305, 355, 360]",0.00000000,"[0.00000000, 0.00000000, 0.00000000, 0.00000000, 0.00000000, 0.00000000]",0.26600000,0.45176190,2->6
6,6,8,2,10,"(1, 5, 6, 15, 16, 18)",4,40,probe_repair,"[10, 25, 60, 75, 110, 135, 140, 145, 205, 210, 225, 265, 305, 355, 360]",0.00000000,"[0.00000000, 0.00000000, 0.00000000, 0.00000000, 0.00000000, 0.00000000]",0.27200000,0.45609524,27->16
6,6,8,2,10,"(1, 5, 6, 15, 16, 18)",5,44,probe_repair,"[10, 25, 60, 75, 110, 135, 140, 145, 205, 210, 225, 265, 305, 355, 360]",0.00000000,"[0.00000000, 0.00000000, 0.00000000, 0.00000000, 0.00000000, 0.00000000]",0.27600000,0.45233333,11->5
6,6,8,2,10,"(1, 5, 6, 15, 16, 18)",6,42,probe_repair,"[10, 25, 60, 75, 110, 135, 140, 145, 205, 210, 225, 265, 305, 355, 360]",0.00000000,"[0.00000000, 0.00000000, 0.00000000, 0.00000000, 0.00000000, 0.00000000]",0.29300000,0.44940476,27->16
6,6,8,2,10,"(1, 5, 6, 15, 16, 18)",7,21,probe_repair,"[10, 30, 40, 50, 100, 130, 135, 150, 160, 180, 205, 230, 235, 265, 360]",0.00000000,"[0.00000000, 0.00000000, 0.00000000, 0.00000000, 0.00000000, 0.00000000]",0.00000000,0.41850000,11->15
6,6,8,2,10,"(1, 5, 6, 15, 16, 18)",8,37,probe_repair,"[10, 25, 60, 75, 110, 135, 140, 145, 205, 210, 225, 265, 305, 355, 360]",0.00000000,"[0.00000000, 0.00000000, 0.00000000, 0.00000000, 0.00000000, 0.00000000]",0.08300000,0.42597619,27->16
6,6,8,2,10,"(1, 5, 6, 15, 16, 18)",9,53,probe_repair,"[50, 55, 90, 95, 105, 125, 150, 180, 210, 245, 255, 260, 305, 310, 365]",0.00000000,"[0.00000000, 0.00000000, 0.00000000, 0.00000000, 0.00000000, 0.00000000]",0.11700000,0.41942857,24->5
6,6,8,2,10,"(1, 5, 6, 15, 16, 18)",10,35,probe_repair,"[80, 95, 110, 120, 125, 145, 180, 220, 235, 260, 280, 300, 335, 345, 355]",0.00000000,"[0.00000000, 0.00000000, 0.00000000, 0.00000000, 0.00000000, 0.00000000]",0.13500000,0.45073810,21->6
6,6,8,2,11,"(9, 11, 15, 22, 25, 27)",1,315,probe_repair,"[55, 115, 130, 135, 150, 185, 210, 215, 225, 240, 255, 265, 310, 325, 330]",0.00000000,"[0.00000000, 0.00000000, 0.00000000, 0.00000000, 0.00000000, 0.00000000]",0.23000000,0.45452778,18->9
6,6,8,2,11,"(9, 11, 15, 22, 25, 27)",2,151,probe_repair,"[5, 60, 75, 110, 125, 145, 150, 155, 170, 190, 215, 230, 240, 285, 360]",0.00000000,"[0.00000000, 0.00000000, 0.00000000, 0.00000000, 0.00000000, 0.00000000]",0.20100000,0.44750000,2->25
6,6,8,2,11,"(9, 11, 15, 22, 25, 27)",3,7,baseline,"[5, 30, 55, 80, 105, 130, 155, 180, 205, 230, 255, 280, 305, 330, 355]",0.00000000,"[0.00000000, 0.00000000, 0.00000000, 0.00000000, 0.00000000, 0.00000000]",0.23800000,0.44975000,4->22
6,6,8,2,11,"(9, 11, 15, 22, 25, 27)",4,84,probe_repair,"[10, 25, 50, 55, 70, 75, 110, 160, 165, 170, 210, 255, 280, 285, 295]",0.00000000,"[0.00000000, 0.00000000, 0.00000000, 0.00000000, 0.00000000, 0.00000000]",0.04200000,0.45419444,4->25
6,6,8,2,11,"(9, 11, 15, 22, 25, 27)",5,202,probe_repair,"[15, 25, 55, 80, 90, 110, 125, 130, 140, 150, 180, 210, 275, 285, 335]",0.00000000,"[0.00000000, 0.00000000, 0.00000000, 0.00000000, 0.00000000, 0.00000000]",0.18300000,0.45638889,2->27
6,6,8,2,11,"(9, 11, 15, 22, 25, 27)",6,155,probe_repair,"[5, 60, 75, 110, 125, 145, 150, 155, 170, 190, 215, 230, 240, 285, 360]",0.00000000,"[0.00000000, 0.00000000, 0.00000000, 0.00000000, 0.00000000, 0.00000000]",0.15600000,0.44525000,2->25
6,6,8,2,11,"(9, 11, 15, 22, 25, 27)",7,81,probe_repair,"[10, 25, 50, 55, 70, 75, 110, 160, 165, 170, 210, 255, 280, 285, 295]",0.00000000,"[0.00000000, 0.00000000, 0.00000000, 0.00000000, 0.00000000, 0.00000000]",0.03800000,0.45277778,4->25
6,6,8,2,11,"(9, 11, 15, 22, 25, 27)",8,83,probe_repair,"[10, 25, 50, 55, 70, 75, 110, 160, 165, 170, 210, 255, 280, 285, 295]",0.00000000,"[0.00000000, 0.00000000, 0.00000000, 0.00000000, 0.00000000, 0.00000000]",0.01700000,0.45263889,4->25
6,6,8,2,11,"(9, 11, 15, 22, 25, 27)",9,82,probe_repair,"[10, 25, 50, 55, 70, 75, 110, 160, 165, 170, 210, 255, 280, 285, 295]",0.00000000,"[0.00000000, 0.00000000, 0.00000000, 0.00000000, 0.00000000, 0.00000000]",0.05900000,0.45561111,4->25
6,6,8,2,11,"(9, 11, 15, 22, 25, 27)",10,45,probe_repair,"[45, 50, 75, 95, 115, 120, 150, 160, 180, 220, 250, 270, 280, 305, 365]",0.00000000,"[0.00000000, 0.00000000, 0.00000000, 0.00000000, 0.00000000, 0.00000000]",0.01600000,0.41986111,24->22
6,6,8,2,12,"(9, 11, 15, 22, 27, 28)",1,154,probe_repair,"[5, 25, 65, 90, 100, 115, 130, 140, 155, 185, 190, 290, 315, 330, 350]",0.00000000,"[0.00000000, 0.00000000, 0.00000000, 0.00000000, 0.00000000, 0.00000000]",0.22300000,0.45580556,21->28
6,6,8,2,12,"(9, 11, 15, 22, 27, 28)",2,156,probe_repair,"[5, 25, 65, 90, 100, 115, 130, 140, 155, 185, 190, 290, 315, 330, 350]",0.00000000,"[0.00000000, 0.00000000, 0.00000000, 0.00000000, 0.00000000, 0.00000000]",0.27300000,0.45236111,20->9
6,6,8,2,12,"(9, 11, 15, 22, 27, 28)",3,299,probe_repair,"[25, 30, 45, 50, 80, 110, 115, 150, 160, 195, 210, 240, 290, 300, 310]",0.00000000,"[0.00000000, 0.00000000, 0.00000000, 0.00000000, 0.00000000, 0.00000000]",0.21200000,0.44588889,21->28
6,6,8,2,12,"(9, 11, 15, 22, 27, 28)",4,137,probe_repair,"[10, 25, 35, 45, 85, 90, 95, 105, 140, 160, 185, 230, 245, 250, 285]",0.00000000,"[0.00000000, 0.00000000, 0.00000000, 0.00000000, 0.00000000, 0.00000000]",0.25900000,0.45255556,4->27
6,6,8,2,12,"(9, 11, 15, 22, 27, 28)",5,153,probe_repair,"[5, 25, 65, 90, 100, 115, 130, 140, 155, 185, 190, 290, 315, 330, 350]",0.00000000,"[0.00000000, 0.00000000, 0.00000000, 0.00000000, 0.00000000, 0.00000000]",0.28300000,0.45533333,18->27
6,6,8,2,12,"(9, 11, 15, 22, 27, 28)",6,150,probe_repair,"[5, 25, 65, 90, 100, 115, 130, 140, 155, 185, 190, 290, 315, 330, 350]",0.00000000,"[0.00000000, 0.00000000, 0.00000000, 0.00000000, 0.00000000, 0.00000000]",0.27100000,0.45822222,21->28
6,6,8,2,12,"(9, 11, 15, 22, 27, 28)",7,263,probe_repair,"[60, 70, 100, 115, 145, 155, 185, 195, 230, 250, 265, 280, 315, 340, 355]",0.00000000,"[0.00000000, 0.00000000, 0.00000000, 0.00000000, 0.00000000, 0.00000000]",0.25500000,0.45350000,4->28
6,6,8,2,12,"(9, 11, 15, 22, 27, 28)",8,262,probe_repair,"[60, 70, 100, 115, 145, 155, 185, 195, 230, 250, 265, 280, 315, 340, 355]",0.00000000,"[0.00000000, 0.00000000, 0.00000000, 0.00000000, 0.00000000, 0.00000000]",0.22900000,0.45322222,4->28
6,6,8,2,12,"(9, 11, 15, 22, 27, 28)",9,176,probe_repair,"[10, 45, 80, 110, 125, 130, 150, 175, 190, 205, 225, 240, 300, 325, 355]",0.00000000,"[0.00000000, 0.00000000, 0.00000000, 0.00000000, 0.00000000, 0.00000000]",0.11100000,0.45350000,26->22
6,6,8,2,12,"(9, 11, 15, 22, 27, 28)",10,212,probe_repair,"[20, 35, 40, 115, 120, 135, 145, 150, 210, 215, 245, 250, 275, 325, 330]",0.00000000,"[0.00000000, 0.00000000, 0.00000000, 0.00000000, 0.00000000, 0.00000000]",0.21000000,0.44705556,4->22
6,6,8,2,13,"(1, 17, 18, 20, 21, 27)",1,82,probe_repair,"[5, 15, 30, 70, 85, 100, 140, 145, 165, 170, 180, 185, 230, 300, 360]",0.00000000,"[0.00000000, 0.00000000, 0.00000000, 0.00000000, 0.00000000, 0.00000000]",0.30100000,0.45991026,28->1
6,6,8,2,13,"(1, 17, 18, 20, 21, 27)",2,84,probe_repair,"[5, 15, 30, 70, 85, 100, 140, 145, 165, 170, 180, 185, 230, 300, 360]",0.00000000,"[0.00000000, 0.00000000, 0.00000000, 0.00000000, 0.00000000, 0.00000000]",0.33500000,0.46403846,22->27
6,6,8,2,13,"(1, 17, 18, 20, 21, 27)",3,143,probe_repair,"[15, 80, 115, 120, 140, 155, 165, 170, 235, 260, 265, 305, 320, 330, 340]",0.00000000,"[0.00000000, 0.00000000, 0.00000000, 0.00000000, 0.00000000, 0.00000000]",0.23200000,0.45508974,4->18
6,6,8,2,13,"(1, 17, 18, 20, 21, 27)",4,145,probe_repair,"[15, 80, 115, 120, 140, 155, 165, 170, 235, 260, 265, 305, 320, 330, 340]",0.00000000,"[0.00000000, 0.00000000, 0.00000000, 0.00000000, 0.00000000, 0.00000000]",0.17800000,0.45570513,4->18
6,6,8,2,13,"(1, 17, 18, 20, 21, 27)",5,81,probe_repair,"[5, 15, 30, 70, 85, 100, 140, 145, 165, 170, 180, 185, 230, 300, 360]",0.00000000,"[0.00000000, 0.00000000, 0.00000000, 0.00000000, 0.00000000, 0.00000000]",0.22300000,0.46042308,22->27
6,6,8,2,13,"(1, 17, 18, 20, 21, 27)",6,80,probe_repair,"[5, 15, 30, 70, 85, 100, 140, 145, 165, 170, 180, 185, 230, 300, 360]",0.00000000,"[0.00000000, 0.00000000, 0.00000000, 0.00000000, 0.00000000, 0.00000000]",0.32100000,0.46319231,7->1
6,6,8,2,13,"(1, 17, 18, 20, 21, 27)",7,66,probe_repair,"[25, 65, 105, 135, 145, 155, 190, 205, 210, 225, 235, 305, 310, 320, 340]",0.00000000,"[0.00000000, 0.00000000, 0.00000000, 0.00000000, 0.00000000, 0.00000000]",0.23700000,0.45137179,26->17
6,6,8,2,13,"(1, 17, 18, 20, 21, 27)",8,83,probe_repair,"[5, 15, 30, 70, 85, 100, 140, 145, 165, 170, 180, 185, 230, 300, 360]",0.00000000,"[0.00000000, 0.00000000, 0.00000000, 0.00000000, 0.00000000, 0.00000000]",0.25800000,0.45752564,28->1
6,6,8,2,13,"(1, 17, 18, 20, 21, 27)",9,146,probe_repair,"[15, 80, 115, 120, 140, 155, 165, 170, 235, 260, 265, 305, 320, 330, 340]",0.00000000,"[0.00000000, 0.00000000, 0.00000000, 0.00000000, 0.00000000, 0.00000000]",0.27000000,0.45665385,28->27
6,6,8,2,13,"(1, 17, 18, 20, 21, 27)",10,79,probe_repair,"[5, 15, 30, 70, 85, 100, 140, 145, 165, 170, 180, 185, 230, 300, 360]",0.00000000,"[0.00000000, 0.00000000, 0.00000000, 0.00000000, 0.00000000, 0.00000000]",0.31500000,0.45816667,7->1
6,6,8,2,14,"(2, 6, 11, 15, 21, 26)",1,103,probe_repair,"[40, 70, 85, 110, 155, 180, 245, 255, 280, 285, 295, 330, 345, 360, 365]",0.00000000,"[0.00000000, 0.00000000, 0.00000000, 0.00000000, 0.00000000, 0.00000000]",0.04100000,0.44650000,18->26
6,6,8,2,14,"(2, 6, 11, 15, 21, 26)",2,168,probe_repair,"[15, 20, 45, 70, 95, 105, 165, 170, 175, 235, 260, 285, 300, 310, 340]",0.00000000,"[0.00000000, 0.00000000, 0.00000000, 0.00000000, 0.00000000, 0.00000000]",0.24800000,0.46327778,16->15
6,6,8,2,14,"(2, 6, 11, 15, 21, 26)",3,175,probe_repair,"[5, 30, 40, 75, 80, 110, 135, 165, 175, 180, 235, 245, 270, 295, 360]",0.00000000,"[0.00000000, 0.00000000, 0.00000000, 0.00000000, 0.00000000, 0.00000000]",0.15600000,0.44077778,17->21
6,6,8,2,14,"(2, 6, 11, 15, 21, 26)",4,192,probe_repair,"[55, 100, 135, 155, 190, 200, 210, 225, 255, 265, 270, 285, 345, 360, 365]",0.00000000,"[0.00000000, 0.00000000, 0.00000000, 0.00000000, 0.00000000, 0.00000000]",0.10200000,0.45738889,24->21
6,6,8,2,14,"(2, 6, 11, 15, 21, 26)",5,179,probe_repair,"[5, 30, 40, 75, 80, 110, 135, 165, 175, 180, 235, 245, 270, 295, 360]",0.00000000,"[0.00000000, 0.00000000, 0.00000000, 0.00000000, 0.00000000, 0.00000000]",0.16900000,0.43711111,17->21
6,6,8,2,14,"(2, 6, 11, 15, 21, 26)",6,252,probe_repair,"[15, 20, 25, 45, 50, 55, 85, 90, 125, 210, 260, 325, 335, 360, 365]",0.00000000,"[0.00000000, 0.00000000, 0.00000000, 0.00000000, 0.00000000, 0.00000000]",0.28000000,0.45616667,9->6
6,6,8,2,14,"(2, 6, 11, 15, 21, 26)",7,111,probe_repair,"[5, 40, 95, 105, 115, 145, 150, 155, 160, 175, 205, 225, 265, 310, 360]",0.00000000,"[0.00000000, 0.00000000, 0.00000000, 0.00000000, 0.00000000, 0.00000000]",0.20900000,0.45627778,16->2
6,6,8,2,14,"(2, 6, 11, 15, 21, 26)",8,47,probe_repair,"[20, 30, 50, 65, 100, 130, 150, 165, 180, 210, 220, 250, 300, 330, 365]",0.00000000,"[0.00000000, 0.00000000, 0.00000000, 0.00000000, 0.00000000, 0.00000000]",0.10900000,0.44669444,4->6
6,6,8,2,14,"(2, 6, 11, 15, 21, 26)",9,194,probe_repair,"[55, 100, 135, 155, 190, 200, 210, 225, 255, 265, 270, 285, 345, 360, 365]",0.00000000,"[0.00000000, 0.00000000, 0.00000000, 0.00000000, 0.00000000, 0.00000000]",0.14700000,0.45427778,24->21
6,6,8,2,14,"(2, 6, 11, 15, 21, 26)",10,131,probe_repair,"[15, 60, 70, 100, 115, 170, 180, 190, 205, 230, 250, 260, 270, 305, 355]",0.00000000,"[0.00000000, 0.00000000, 0.00000000, 0.00000000, 0.00000000, 0.00000000]",0.21300000,0.45075000,24->15
6,6,8,2,15,"(2, 5, 11, 18, 26, 27)",1,303,probe_repair,"[5, 10, 20, 50, 100, 115, 125, 130, 135, 180, 265, 280, 310, 315, 365]",0.00000000,"[0.00000000, 0.00000000, 0.00000000, 0.00000000, 0.00000000, 0.00000000]",0.30500000,0.46103846,15->26
6,6,8,2,15,"(2, 5, 11, 18, 26, 27)",2,265,probe_repair,"[5, 10, 25, 60, 65, 145, 155, 185, 215, 225, 260, 270, 280, 355, 365]",0.00000000,"[0.00000000, 0.00000000, 0.00000000, 0.00000000, 0.00000000, 0.00000000]",0.02500000,0.44601282,24->5
6,6,8,2,15,"(2, 5, 11, 18, 26, 27)",3,159,probe_repair,"[10, 35, 75, 125, 160, 200, 215, 235, 250, 275, 285, 290, 310, 345, 355]",0.00000000,"[0.00000000, 0.00000000, 0.00000000, 0.00000000, 0.00000000, 0.00000000]",0.18500000,0.44983333,15->5
6,6,8,2,15,"(2, 5, 11, 18, 26, 27)",4,372,probe_repair,"[55, 100, 110, 160, 170, 175, 205, 210, 255, 270, 275, 285, 300, 330, 345]",0.00000000,"[0.00000000, 0.00000000, 0.00000000, 0.00000000, 0.00000000, 0.00000000]",0.14200000,0.45796154,28->27
6,6,8,2,15,"(2, 5, 11, 18, 26, 27)",5,102,probe_repair,"[5, 20, 30, 45, 80, 125, 145, 200, 210, 250, 285, 290, 340, 345, 360]",0.00000000,"[0.00000000, 0.00000000, 0.00000000, 0.00000000, 0.00000000, 0.00000000]",0.18000000,0.45365385,15->2
6,6,8,2,15,"(2, 5, 11, 18, 26, 27)",6,436,probe_repair,"[15, 20, 30, 40, 80, 85, 90, 150, 160, 170, 230, 260, 275, 300, 305]",0.00000000,"[0.00000000, 0.00000000, 0.00000000, 0.00000000, 0.00000000, 0.00000000]",0.11000000,0.45103846,25->27
6,6,8,2,15,"(2, 5, 11, 18, 26, 27)",7,464,probe_repair,"[40, 65, 85, 105, 140, 155, 165, 185, 205, 215, 280, 305, 310, 340, 355]",0.00000000,"[0.00000000, 0.00000000, 0.00000000, 0.00000000, 0.00000000, 0.00000000]",0.05400000,0.45047436,28->5
6,6,8,2,15,"(2, 5, 11, 18, 26, 27)",8,531,probe_repair,"[10, 15, 75, 105, 115, 130, 135, 175, 180, 205, 255, 275, 290, 295, 315]",0.00000000,"[0.00000000, 0.00000000, 0.00000000, 0.00000000, 0.00000000, 0.00000000]",0.17700000,0.44537179,6->5
6,6,8,2,15,"(2, 5, 11, 18, 26, 27)",9,391,probe_repair,"[25, 30, 65, 95, 100, 105, 115, 135, 170, 175, 185, 210, 220, 310, 335]",0.00000000,"[0.00000000, 0.00000000, 0.00000000, 0.00000000, 0.00000000, 0.00000000]",0.31900000,0.46006410,24->27
6,6,8,2,15,"(2, 5, 11, 18, 26, 27)",10,512,probe_repair,"[25, 30, 35, 50, 65, 80, 110, 125, 155, 185, 230, 270, 300, 330, 360]",0.00000000,"[0.00000000, 0.00000000, 0.00000000, 0.00000000, 0.00000000, 0.00000000]",0.18500000,0.45816667,17->5
6,6,8,2,16,"(1, 4, 6, 7, 11, 22)",1,614,probe_repair,"[65, 75, 95, 115, 130, 145, 160, 170, 210, 220, 255, 295, 325, 340, 360]",0.00000000,"[0.00000000, 0.00000000, 0.00000000, 0.00000000, 0.00000000, 0.00000000]",0.18300000,0.45037179,20->22
6,6,8,2,16,"(1, 4, 6, 7, 11, 22)",2,460,probe_repair,"[5, 90, 105, 140, 150, 155, 185, 195, 200, 245, 250, 290, 305, 325, 340]",0.00000000,"[0.00000000, 0.00000000, 0.00000000, 0.00000000, 0.00000000, 0.00000000]",0.16800000,0.44998718,25->7
6,6,8,2,16,"(1, 4, 6, 7, 11, 22)",3,206,probe_repair,"[5, 35, 50, 115, 120, 150, 170, 175, 220, 225, 245, 295, 340, 360, 365]",0.00000000,"[0.00000000, 0.00000000, 0.00000000, 0.00000000, 0.00000000, 0.00000000]",0.12300000,0.44924359,18->11
6,6,8,2,16,"(1, 4, 6, 7, 11, 22)",4,449,probe_repair,"[85, 90, 165, 170, 210, 250, 255, 280, 290, 295, 325, 335, 340, 345, 365]",0.00000000,"[0.00000000, 0.00000000, 0.00000000, 0.00000000, 0.00000000, 0.00000000]",0.17200000,0.45362821,26->6
6,6,8,2,16,"(1, 4, 6, 7, 11, 22)",5,621,probe_repair,"[25, 30, 45, 105, 115, 120, 140, 175, 210, 245, 250, 275, 285, 335, 350]",0.00000000,"[0.00000000, 0.00000000, 0.00000000, 0.00000000, 0.00000000, 0.00000000]",0.10700000,0.41337179,16->11
6,6,8,2,16,"(1, 4, 6, 7, 11, 22)",6,389,probe_repair,"[45, 75, 105, 110, 165, 225, 230, 250, 275, 280, 310, 325, 335, 340, 345]",0.00000000,"[0.00000000, 0.00000000, 0.00000000, 0.00000000, 0.00000000, 0.00000000]",0.05500000,0.43273077,2->22
6,6,8,2,16,"(1, 4, 6, 7, 11, 22)",7,451,probe_repair,"[85, 90, 165, 170, 210, 250, 255, 280, 290, 295, 325, 335, 340, 345, 365]",0.00000000,"[0.00000000, 0.00000000, 0.00000000, 0.00000000, 0.00000000, 0.00000000]",0.14700000,0.45450000,26->6
6,6,8,2,16,"(1, 4, 6, 7, 11, 22)",8,22,probe_repair,"[5, 15, 30, 40, 45, 75, 90, 105, 135, 140, 150, 225, 250, 280, 305]",0.00000000,"[0.00000000, 0.00000000, 0.00000000, 0.00000000, 0.00000000, 0.00000000]",0.26100000,0.45306410,26->22
6,6,8,2,16,"(1, 4, 6, 7, 11, 22)",9,300,probe_repair,"[10, 75, 85, 100, 110, 115, 135, 140, 230, 245, 250, 275, 285, 295, 355]",0.00000000,"[0.00000000, 0.00000000, 0.00000000, 0.00000000, 0.00000000, 0.00000000]",0.32500000,0.45501282,28->11
6,6,8,2,16,"(1, 4, 6, 7, 11, 22)",10,138,probe_repair,"[30, 75, 85, 95, 100, 110, 125, 180, 185, 195, 230, 255, 300, 335, 340]",0.00000000,"[0.00000000, 0.00000000, 0.00000000, 0.00000000, 0.00000000, 0.00000000]",0.26800000,0.45921795,20->7
6,6,8,2,17,"(1, 2, 15, 20, 22, 24)",1,576,probe_repair,"[5, 30, 40, 80, 85, 100, 110, 135, 150, 155, 165, 255, 290, 335, 365]",0.00000000,"[0.00000000, 0.00000000, 0.00000000, 0.00000000, 0.00000000, 0.00000000]",0.21000000,0.45174359,11->2
6,6,8,2,17,"(1, 2, 15, 20, 22, 24)",2,343,probe_repair,"[35, 45, 50, 100, 105, 115, 130, 155, 160, 190, 255, 265, 305, 330, 340]",0.00000000,"[0.00000000, 0.00000000, 0.00000000, 0.00000000, 0.00000000, 0.00000000]",0.28700000,0.45920513,21->20
6,6,8,2,17,"(1, 2, 15, 20, 22, 24)",3,183,probe_repair,"[50, 75, 95, 110, 130, 140, 145, 185, 195, 205, 245, 280, 305, 335, 360]",0.00000000,"[0.00000000, 0.00000000, 0.00000000, 0.00000000, 0.00000000, 0.00000000]",0.25500000,0.45535897,25->22
6,6,8,2,17,"(1, 2, 15, 20, 22, 24)",4,530,probe_repair,"[15, 25, 30, 45, 75, 80, 140, 160, 180, 190, 195, 265, 285, 310, 340]",0.00000000,"[0.00000000, 0.00000000, 0.00000000, 0.00000000, 0.00000000, 0.00000000]",0.24700000,0.44658974,16->24
6,6,8,2,17,"(1, 2, 15, 20, 22, 24)",5,231,probe_repair,"[80, 90, 95, 100, 105, 110, 115, 170, 190, 200, 245, 260, 335, 340, 365]",0.00000000,"[0.00000000, 0.00000000, 0.00000000, 0.00000000, 0.00000000, 0.00000000]",0.26000000,0.45330769,11->24
6,6,8,2,17,"(1, 2, 15, 20, 22, 24)",6,602,probe_repair,"[30, 90, 95, 100, 110, 125, 155, 180, 210, 225, 260, 285, 300, 325, 365]",0.00000000,"[0.00000000, 0.00000000, 0.00000000, 0.00000000, 0.00000000, 0.00000000]",0.22200000,0.44564103,27->22
6,6,8,2,17,"(1, 2, 15, 20, 22, 24)",7,324,probe_repair,"[5, 45, 65, 95, 120, 150, 155, 185, 190, 255, 275, 280, 285, 310, 330]",0.00000000,"[0.00000000, 0.00000000, 0.00000000, 0.00000000, 0.00000000, 0.00000000]",0.01800000,0.45017949,17->1
6,6,8,2,17,"(1, 2, 15, 20, 22, 24)",8,187,probe_repair,"[50, 75, 95, 110, 130, 140, 145, 185, 195, 205, 245, 280, 305, 335, 360]",0.00000000,"[0.00000000, 0.00000000, 0.00000000, 0.00000000, 0.00000000, 0.00000000]",0.28800000,0.46156410,25->22
6,6,8,2,17,"(1, 2, 15, 20, 22, 24)",9,454,probe_repair,"[75, 80, 85, 90, 100, 170, 175, 180, 200, 220, 235, 275, 290, 320, 355]",0.00000000,"[0.00000000, 0.00000000, 0.00000000, 0.00000000, 0.00000000, 0.00000000]",0.14400000,0.45382051,21->15
6,6,8,2,17,"(1, 2, 15, 20, 22, 24)",10,99,probe_repair,"[55, 60, 145, 150, 170, 200, 250, 255, 275, 280, 285, 300, 345, 350, 365]",0.00000000,"[0.00000000, 0.00000000, 0.00000000, 0.00000000, 0.00000000, 0.00000000]",0.11200000,0.44174359,17->1
6,6,8,2,18,"(4, 11, 16, 17, 18, 28)",1,483,probe_repair,"[10, 15, 25, 60, 65, 85, 95, 150, 155, 160, 190, 195, 235, 310, 320]",0.00000000,"[0.00000000, 0.00000000, 0.00000000, 0.00000000, 0.00000000, 0.00000000]",0.25100000,0.44600000,6->4
6,6,8,2,18,"(4, 11, 16, 17, 18, 28)",2,602,probe_repair,"[10, 55, 75, 110, 120, 125, 145, 215, 225, 230, 250, 270, 275, 280, 360]",0.00000000,"[0.00000000, 0.00000000, 0.00000000, 0.00000000, 0.00000000, 0.00000000]",0.17500000,0.44450000,7->16
6,6,8,2,18,"(4, 11, 16, 17, 18, 28)",3,522,probe_repair,"[20, 25, 65, 80, 85, 90, 120, 160, 170, 175, 205, 215, 240, 280, 290]",0.00000000,"[0.00000000, 0.00000000, 0.00000000, 0.00000000, 0.00000000, 0.00000000]",0.20300000,0.44908333,6->28
6,6,8,2,18,"(4, 11, 16, 17, 18, 28)",4,1065,probe_repair,"[25, 30, 35, 55, 75, 80, 110, 180, 185, 255, 265, 270, 280, 330, 340]",0.00000000,"[0.00000000, 0.00000000, 0.00000000, 0.00000000, 0.00000000, 0.00000000]",0.08000000,0.45277778,21->28
6,6,8,2,18,"(4, 11, 16, 17, 18, 28)",5,601,probe_repair,"[10, 55, 75, 110, 120, 125, 145, 215, 225, 230, 250, 270, 275, 280, 360]",0.00000000,"[0.00000000, 0.00000000, 0.00000000, 0.00000000, 0.00000000, 0.00000000]",0.28500000,0.45005556,7->16
6,6,8,2,18,"(4, 11, 16, 17, 18, 28)",6,1322,probe_repair,"[5, 10, 80, 110, 120, 125, 130, 200, 230, 260, 270, 290, 305, 340, 365]",0.00000000,"[0.00000000, 0.00000000, 0.00000000, 0.00000000, 0.00000000, 0.00000000]",0.27700000,0.45677778,15->18
6,6,8,2,18,"(4, 11, 16, 17, 18, 28)",7,75,probe_repair,"[15, 65, 80, 85, 95, 115, 160, 190, 205, 210, 250, 265, 270, 310, 330]",0.00000000,"[0.00000000, 0.00000000, 0.00000000, 0.00000000, 0.00000000, 0.00000000]",0.26600000,0.44738889,22->16
6,6,8,2,18,"(4, 11, 16, 17, 18, 28)",8,824,probe_repair,"[5, 25, 40, 55, 60, 95, 130, 150, 175, 185, 240, 250, 335, 340, 355]",0.00000000,"[0.00000000, 0.00000000, 0.00000000, 0.00000000, 0.00000000, 0.00000000]",0.28000000,0.45788889,21->11
6,6,8,2,18,"(4, 11, 16, 17, 18, 28)",9,519,probe_repair,"[20, 25, 65, 80, 85, 90, 120, 160, 170, 175, 205, 215, 240, 280, 290]",0.00000000,"[0.00000000, 0.00000000, 0.00000000, 0.00000000, 0.00000000, 0.00000000]",0.17300000,0.45333333,6->28
6,6,8,2,18,"(4, 11, 16, 17, 18, 28)",10,990,probe_repair,"[50, 60, 90, 95, 170, 175, 180, 190, 210, 245, 280, 290, 305, 355, 365]",0.00000000,"[0.00000000, 0.00000000, 0.00000000, 0.00000000, 0.00000000, 0.00000000]",0.11000000,0.44361111,9->28
6,6,8,2,19,"(1, 5, 11, 18, 21, 26)",1,52,probe_repair,"[5, 10, 15, 75, 100, 110, 170, 205, 230, 245, 250, 260, 310, 355, 360]",0.00000000,"[0.00000000, 0.00000000, 0.00000000, 0.00000000, 0.00000000, 0.00000000]",0.24400000,0.45840476,28->26
6,6,8,2,19,"(1, 5, 11, 18, 21, 26)",2,95,probe_repair,"[30, 55, 60, 65, 75, 85, 165, 170, 185, 200, 220, 255, 290, 335, 340]",0.00000000,"[0.00000000, 0.00000000, 0.00000000, 0.00000000, 0.00000000, 0.00000000]",0.20600000,0.45638095,16->26
6,6,8,2,19,"(1, 5, 11, 18, 21, 26)",3,94,probe_repair,"[30, 55, 60, 65, 75, 85, 165, 170, 185, 200, 220, 255, 290, 335, 340]",0.00000000,"[0.00000000, 0.00000000, 0.00000000, 0.00000000, 0.00000000, 0.00000000]",0.24900000,0.45342857,16->26
6,6,8,2,19,"(1, 5, 11, 18, 21, 26)",4,99,probe_repair,"[30, 55, 60, 65, 75, 85, 165, 170, 185, 200, 220, 255, 290, 335, 340]",0.00000000,"[0.00000000, 0.00000000, 0.00000000, 0.00000000, 0.00000000, 0.00000000]",0.29900000,0.45278571,7->18
6,6,8,2,19,"(1, 5, 11, 18, 21, 26)",5,100,probe_repair,"[30, 55, 60, 65, 75, 85, 165, 170, 185, 200, 220, 255, 290, 335, 340]",0.00000000,"[0.00000000, 0.00000000, 0.00000000, 0.00000000, 0.00000000, 0.00000000]",0.25100000,0.45735714,4->26
6,6,8,2,19,"(1, 5, 11, 18, 21, 26)",6,118,probe_repair,"[5, 30, 35, 50, 85, 105, 130, 220, 225, 260, 265, 275, 300, 325, 335]",0.00000000,"[0.00000000, 0.00000000, 0.00000000, 0.00000000, 0.00000000, 0.00000000]",0.24200000,0.44942857,27->18
6,6,8,2,19,"(1, 5, 11, 18, 21, 26)",7,42,probe_repair,"[5, 30, 65, 80, 85, 155, 185, 220, 230, 240, 260, 265, 280, 305, 360]",0.00000000,"[0.00000000, 0.00000000, 0.00000000, 0.00000000, 0.00000000, 0.00000000]",0.18000000,0.44371429,20->5
6,6,8,2,19,"(1, 5, 11, 18, 21, 26)",8,45,probe_repair,"[5, 10, 15, 75, 100, 110, 170, 205, 230, 245, 250, 260, 310, 355, 360]",0.00000000,"[0.00000000, 0.00000000, 0.00000000, 0.00000000, 0.00000000, 0.00000000]",0.02400000,0.42066667,27->18
6,6,8,2,19,"(1, 5, 11, 18, 21, 26)",9,38,probe_repair,"[5, 30, 65, 80, 85, 155, 185, 220, 230, 240, 260, 265, 280, 305, 360]",0.00000000,"[0.00000000, 0.00000000, 0.00000000, 0.00000000, 0.00000000, 0.00000000]",0.18500000,0.43947619,16->1
6,6,8,2,19,"(1, 5, 11, 18, 21, 26)",10,97,probe_repair,"[30, 55, 60, 65, 75, 85, 165, 170, 185, 200, 220, 255, 290, 335, 340]",0.00000000,"[0.00000000, 0.00000000, 0.00000000, 0.00000000, 0.00000000, 0.00000000]",0.31300000,0.45838095,22->21
6,6,8,2,20,"(1, 2, 5, 6, 25, 26)",1,68,probe_repair,"[5, 10, 15, 35, 75, 95, 100, 110, 150, 170, 230, 265, 300, 310, 325]",0.00000000,"[0.00000000, 0.00000000, 0.00000000, 0.00000000, 0.00000000, 0.00000000]",0.14200000,0.45078571,21->5
6,6,8,2,20,"(1, 2, 5, 6, 25, 26)",2,208,probe_repair,"[5, 30, 35, 50, 75, 115, 125, 135, 175, 220, 260, 300, 310, 330, 335]",0.00000000,"[0.00000000, 0.00000000, 0.00000000, 0.00000000, 0.00000000, 0.00000000]",0.21100000,0.44321429,28->26
6,6,8,2,20,"(1, 2, 5, 6, 25, 26)",3,64,probe_repair,"[5, 10, 15, 35, 75, 95, 100, 110, 150, 170, 230, 265, 300, 310, 325]",0.00000000,"[0.00000000, 0.00000000, 0.00000000, 0.00000000, 0.00000000, 0.00000000]",0.15200000,0.45278571,21->5
6,6,8,2,20,"(1, 2, 5, 6, 25, 26)",4,232,probe_repair,"[35, 60, 95, 100, 160, 175, 200, 205, 220, 225, 230, 235, 265, 275, 280]",0.00000000,"[0.00000000, 0.00000000, 0.00000000, 0.00000000, 0.00000000, 0.00000000]",0.08900000,0.44264286,15->6
6,6,8,2,20,"(1, 2, 5, 6, 25, 26)",5,67,probe_repair,"[5, 10, 15, 35, 75, 95, 100, 110, 150, 170, 230, 265, 300, 310, 325]",0.00000000,"[0.00000000, 0.00000000, 0.00000000, 0.00000000, 0.00000000, 0.00000000]",0.17000000,0.44876190,21->5
6,6,8,2,20,"(1, 2, 5, 6, 25, 26)",6,242,probe_repair,"[45, 50, 90, 95, 115, 120, 165, 175, 180, 200, 235, 280, 300, 340, 345]",0.00000000,"[0.00000000, 0.00000000, 0.00000000, 0.00000000, 0.00000000, 0.00000000]",0.08900000,0.44847619,18->6
6,6,8,2,20,"(1, 2, 5, 6, 25, 26)",7,243,probe_repair,"[45, 50, 90, 95, 115, 120, 165, 175, 180, 200, 235, 280, 300, 340, 345]",0.00000000,"[0.00000000, 0.00000000, 0.00000000, 0.00000000, 0.00000000, 0.00000000]",0.07600000,0.44388095,18->6
6,6,8,2,20,"(1, 2, 5, 6, 25, 26)",8,229,probe_repair,"[35, 60, 95, 100, 160, 175, 200, 205, 220, 225, 230, 235, 265, 275, 280]",0.00000000,"[0.00000000, 0.00000000, 0.00000000, 0.00000000, 0.00000000, 0.00000000]",0.03200000,0.41988095,15->6
6,6,8,2,20,"(1, 2, 5, 6, 25, 26)",9,76,probe_repair,"[10, 50, 75, 95, 115, 145, 170, 190, 200, 225, 275, 300, 310, 330, 365]",0.00000000,"[0.00000000, 0.00000000, 0.00000000, 0.00000000, 0.00000000, 0.00000000]",0.11600000,0.43954762,15->26
6,6,8,2,20,"(1, 2, 5, 6, 25, 26)",10,66,probe_repair,"[5, 10, 15, 35, 75, 95, 100, 110, 150, 170, 230, 265, 300, 310, 325]",0.00000000,"[0.00000000, 0.00000000, 0.00000000, 0.00000000, 0.00000000, 0.00000000]",0.10700000,0.45073810,21->5
6,6,8,2,21,"(15, 17, 20, 25, 26, 28)",1,799,probe_repair,"[5, 15, 35, 50, 110, 125, 165, 170, 180, 185, 225, 250, 300, 330, 355]",0.00000000,"[0.00000000, 0.00000000, 0.00000000, 0.00000000, 0.00000000, 0.00000000]",0.33400000,0.45436111,27->20
6,6,8,2,21,"(15, 17, 20, 25, 26, 28)",2,1096,probe_repair,"[10, 60, 95, 125, 145, 155, 160, 200, 220, 230, 250, 295, 320, 330, 345]",0.00000000,"[0.00000000, 0.00000000, 0.00000000, 0.00000000, 0.00000000, 0.00000000]",0.29300000,0.45550000,18->25
6,6,8,2,21,"(15, 17, 20, 25, 26, 28)",3,1095,probe_repair,"[10, 60, 95, 125, 145, 155, 160, 200, 220, 230, 250, 295, 320, 330, 345]",0.00000000,"[0.00000000, 0.00000000, 0.00000000, 0.00000000, 0.00000000, 0.00000000]",0.33400000,0.45616667,27->25
6,6,8,2,21,"(15, 17, 20, 25, 26, 28)",4,854,probe_repair,"[35, 45, 70, 80, 85, 140, 175, 195, 220, 245, 260, 265, 315, 330, 355]",0.00000000,"[0.00000000, 0.00000000, 0.00000000, 0.00000000, 0.00000000, 0.00000000]",0.27200000,0.44486111,27->25
6,6,8,2,21,"(15, 17, 20, 25, 26, 28)",5,1446,probe_repair,"[45, 110, 120, 125, 170, 195, 225, 235, 240, 245, 260, 300, 315, 350, 360]",0.00000000,"[0.00000000, 0.00000000, 0.00000000, 0.00000000, 0.00000000, 0.00000000]",0.27000000,0.45655556,24->17
6,6,8,2,21,"(15, 17, 20, 25, 26, 28)",6,855,probe_repair,"[35, 45, 70, 80, 85, 140, 175, 195, 220, 245, 260, 265, 315, 330, 355]",0.00000000,"[0.00000000, 0.00000000, 0.00000000, 0.00000000, 0.00000000, 0.00000000]",0.20900000,0.45125000,7->25
6,6,8,2,21,"(15, 17, 20, 25, 26, 28)",7,395,probe_repair,"[45, 85, 100, 115, 120, 175, 195, 200, 205, 215, 250, 270, 320, 325, 360]",0.00000000,"[0.00000000, 0.00000000, 0.00000000, 0.00000000, 0.00000000, 0.00000000]",0.16800000,0.45402778,27->26
6,6,8,2,21,"(15, 17, 20, 25, 26, 28)",8,568,probe_repair,"[40, 45, 115, 135, 150, 160, 170, 205, 220, 255, 310, 330, 335, 345, 365]",0.00000000,"[0.00000000, 0.00000000, 0.00000000, 0.00000000, 0.00000000, 0.00000000]",0.26800000,0.45819444,7->20
6,6,8,2,21,"(15, 17, 20, 25, 26, 28)",9,926,probe_repair,"[10, 25, 55, 65, 80, 110, 120, 175, 235, 240, 275, 290, 305, 315, 360]",0.00000000,"[0.00000000, 0.00000000, 0.00000000, 0.00000000, 0.00000000, 0.00000000]",0.24400000,0.45761111,11->28
6,6,8,2,21,"(15, 17, 20, 25, 26, 28)",10,840,probe_repair,"[45, 55, 65, 100, 180, 225, 275, 285, 295, 305, 330, 335, 340, 355, 360]",0.00000000,"[0.00000000, 0.00000000, 0.00000000, 0.00000000, 0.00000000, 0.00000000]",0.34100000,0.46077778,4->15
6,6,8,2,22,"(4, 6, 9, 17, 18, 27)",1,1346,probe_repair,"[25, 75, 80, 130, 135, 140, 150, 170, 205, 210, 220, 255, 315, 320, 335]",0.00000000,"[0.00000000, 0.00000000, 0.00000000, 0.00000000, 0.00000000, 0.00000000]",0.25700000,0.45172222,28->18
6,6,8,2,22,"(4, 6, 9, 17, 18, 27)",2,392,probe_repair,"[15, 45, 65, 115, 170, 180, 185, 190, 245, 255, 290, 295, 335, 350, 360]",0.00000000,"[0.00000000, 0.00000000, 0.00000000, 0.00000000, 0.00000000, 0.00000000]",0.12900000,0.44994444,24->27
6,6,8,2,22,"(4, 6, 9, 17, 18, 27)",3,621,probe_repair,"[5, 20, 25, 30, 45, 55, 85, 100, 115, 120, 190, 195, 275, 285, 290]",0.00000000,"[0.00000000, 0.00000000, 0.00000000, 0.00000000, 0.00000000, 0.00000000]",0.11500000,0.42580556,11->4
6,6,8,2,22,"(4, 6, 9, 17, 18, 27)",4,1192,probe_repair,"[5, 15, 25, 35, 40, 55, 100, 165, 170, 190, 225, 240, 245, 275, 335]",0.00000000,"[0.00000000, 0.00000000, 0.00000000, 0.00000000, 0.00000000, 0.00000000]",0.30400000,0.45111111,16->6
6,6,8,2,22,"(4, 6, 9, 17, 18, 27)",5,1260,probe_repair,"[85, 90, 110, 120, 140, 155, 205, 215, 225, 280, 285, 295, 330, 340, 360]",0.00000000,"[0.00000000, 0.00000000, 0.00000000, 0.00000000, 0.00000000, 0.00000000]",0.16600000,0.44438889,11->27
6,6,8,2,22,"(4, 6, 9, 17, 18, 27)",6,1583,probe_repair,"[15, 45, 115, 150, 155, 160, 170, 190, 195, 205, 265, 305, 310, 315, 335]",0.00000000,"[0.00000000, 0.00000000, 0.00000000, 0.00000000, 0.00000000, 0.00000000]",0.30900000,0.46025000,20->27
6,6,8,2,22,"(4, 6, 9, 17, 18, 27)",7,979,probe_repair,"[20, 35, 45, 60, 75, 140, 170, 190, 215, 235, 260, 265, 275, 335, 365]",0.00000000,"[0.00000000, 0.00000000, 0.00000000, 0.00000000, 0.00000000, 0.00000000]",0.23200000,0.45038889,25->9
6,6,8,2,22,"(4, 6, 9, 17, 18, 27)",8,253,probe_repair,"[15, 20, 30, 75, 80, 90, 140, 175, 185, 195, 225, 260, 300, 325, 335]",0.00000000,"[0.00000000, 0.00000000, 0.00000000, 0.00000000, 0.00000000, 0.00000000]",0.02900000,0.42577778,15->4
6,6,8,2,22,"(4, 6, 9, 17, 18, 27)",9,98,probe_repair,"[5, 10, 75, 135, 150, 170, 175, 200, 255, 265, 275, 285, 290, 350, 360]",0.00000000,"[0.00000000, 0.00000000, 0.00000000, 0.00000000, 0.00000000, 0.00000000]",0.25600000,0.44858333,15->18
6,6,8,2,22,"(4, 6, 9, 17, 18, 27)",10,81,probe_repair,"[60, 80, 110, 120, 130, 140, 145, 160, 165, 190, 195, 275, 295, 340, 365]",0.00000000,"[0.00000000, 0.00000000, 0.00000000, 0.00000000, 0.00000000, 0.00000000]",0.12500000,0.44669444,28->9
6,6,8,2,23,"(1, 7, 16, 17, 25, 28)",1,268,probe_repair,"[30, 70, 95, 130, 145, 180, 190, 200, 205, 220, 250, 305, 310, 325, 345]",0.00000000,"[0.00000000, 0.00000000, 0.00000000, 0.00000000, 0.00000000, 0.00000000]",0.25600000,0.45101282,2->7
6,6,8,2,23,"(1, 7, 16, 17, 25, 28)",2,414,probe_repair,"[45, 50, 60, 75, 120, 140, 145, 245, 250, 255, 280, 285, 305, 330, 355]",0.00000000,"[0.00000000, 0.00000000, 0.00000000, 0.00000000, 0.00000000, 0.00000000]",0.23900000,0.45234615,15->28
6,6,8,2,23,"(1, 7, 16, 17, 25, 28)",3,155,probe_repair,"[30, 45, 55, 90, 120, 140, 165, 190, 220, 235, 240, 245, 260, 275, 355]",0.00000000,"[0.00000000, 0.00000000, 0.00000000, 0.00000000, 0.00000000, 0.00000000]",0.17300000,0.44878205,9->28
6,6,8,2,23,"(1, 7, 16, 17, 25, 28)",4,365,probe_repair,"[10, 50, 110, 115, 125, 135, 175, 180, 185, 195, 230, 240, 245, 265, 305]",0.00000000,"[0.00000000, 0.00000000, 0.00000000, 0.00000000, 0.00000000, 0.00000000]",0.11100000,0.42337179,20->1
6,6,8,2,23,"(1, 7, 16, 17, 25, 28)",5,37,probe_repair,"[35, 40, 65, 75, 85, 90, 135, 155, 200, 205, 230, 245, 260, 295, 345]",0.00000000,"[0.00000000, 0.00000000, 0.00000000, 0.00000000, 0.00000000, 0.00000000]",0.00000000,0.43101282,18->7
6,6,8,2,23,"(1, 7, 16, 17, 25, 28)",6,278,probe_repair,"[25, 30, 35, 55, 65, 105, 130, 140, 190, 210, 230, 275, 295, 340, 345]",0.00000000,"[0.00000000, 0.00000000, 0.00000000, 0.00000000, 0.00000000, 0.00000000]",0.16000000,0.44308974,2->7
6,6,8,2,23,"(1, 7, 16, 17, 25, 28)",7,152,probe_repair,"[30, 45, 55, 90, 120, 140, 165, 190, 220, 235, 240, 245, 260, 275, 355]",0.00000000,"[0.00000000, 0.00000000, 0.00000000, 0.00000000, 0.00000000, 0.00000000]",0.17700000,0.45008974,26->17
6,6,8,2,23,"(1, 7, 16, 17, 25, 28)",8,519,probe_repair,"[5, 55, 60, 80, 100, 130, 155, 175, 185, 195, 245, 290, 300, 325, 340]",0.00000000,"[0.00000000, 0.00000000, 0.00000000, 0.00000000, 0.00000000, 0.00000000]",0.13700000,0.44326923,9->25
6,6,8,2,23,"(1, 7, 16, 17, 25, 28)",9,151,probe_repair,"[30, 45, 55, 90, 120, 140, 165, 190, 220, 235, 240, 245, 260, 275, 355]",0.00000000,"[0.00000000, 0.00000000, 0.00000000, 0.00000000, 0.00000000, 0.00000000]",0.13800000,0.44921795,9->28
6,6,8,2,23,"(1, 7, 16, 17, 25, 28)",10,25,probe_repair,"[45, 90, 125, 135, 245, 255, 280, 290, 295, 300, 305, 325, 340, 350, 360]",0.00000000,"[0.00000000, 0.00000000, 0.00000000, 0.00000000, 0.00000000, 0.00000000]",0.24800000,0.44324359,21->17
6,6,8,2,24,"(1, 4, 16, 17, 18, 27)",1,568,probe_repair,"[5, 10, 15, 55, 80, 85, 90, 155, 185, 210, 240, 265, 335, 355, 365]",0.00000000,"[0.00000000, 0.00000000, 0.00000000, 0.00000000, 0.00000000, 0.00000000]",0.10700000,0.45493590,21->1
6,6,8,2,24,"(1, 4, 16, 17, 18, 27)",2,499,probe_repair,"[5, 15, 50, 80, 85, 90, 145, 180, 225, 230, 250, 265, 310, 335, 355]",0.00000000,"[0.00000000, 0.00000000, 0.00000000, 0.00000000, 0.00000000, 0.00000000]",0.10500000,0.45052564,21->1
6,6,8,2,24,"(1, 4, 16, 17, 18, 27)",3,177,probe_repair,"[5, 10, 40, 55, 60, 80, 180, 190, 210, 230, 255, 300, 310, 325, 345]",0.00000000,"[0.00000000, 0.00000000, 0.00000000, 0.00000000, 0.00000000, 0.00000000]",0.10300000,0.45098718,15->16
6,6,8,2,24,"(1, 4, 16, 17, 18, 27)",4,496,probe_repair,"[5, 15, 50, 80, 85, 90, 145, 180, 225, 230, 250, 265, 310, 335, 355]",0.00000000,"[0.00000000, 0.00000000, 0.00000000, 0.00000000, 0.00000000, 0.00000000]",0.05100000,0.44229487,20->18
6,6,8,2,24,"(1, 4, 16, 17, 18, 27)",5,428,probe_repair,"[5, 30, 35, 50, 55, 140, 150, 155, 175, 245, 265, 310, 320, 335, 360]",0.00000000,"[0.00000000, 0.00000000, 0.00000000, 0.00000000, 0.00000000, 0.00000000]",0.04400000,0.45288462,22->27
6,6,8,2,24,"(1, 4, 16, 17, 18, 27)",6,447,probe_repair,"[35, 65, 70, 80, 90, 125, 150, 155, 205, 275, 330, 340, 345, 360, 365]",0.00000000,"[0.00000000, 0.00000000, 0.00000000, 0.00000000, 0.00000000, 0.00000000]",0.08700000,0.45121795,26->18
6,6,8,2,24,"(1, 4, 16, 17, 18, 27)",7,53,probe_repair,"[25, 75, 80, 115, 120, 135, 145, 160, 175, 180, 265, 300, 310, 325, 360]",0.00000000,"[0.00000000, 0.00000000, 0.00000000, 0.00000000, 0.00000000, 0.00000000]",0.01600000,0.43278205,2->16
6,6,8,2,24,"(1, 4, 16, 17, 18, 27)",8,616,probe_repair,"[15, 30, 45, 60, 80, 90, 100, 125, 140, 150, 185, 195, 200, 280, 300]",0.00000000,"[0.00000000, 0.00000000, 0.00000000, 0.00000000, 0.00000000, 0.00000000]",0.23200000,0.44821795,15->27
6,6,8,2,24,"(1, 4, 16, 17, 18, 27)",9,367,probe_repair,"[45, 55, 160, 170, 175, 180, 195, 205, 210, 255, 275, 290, 295, 340, 350]",0.00000000,"[0.00000000, 0.00000000, 0.00000000, 0.00000000, 0.00000000, 0.00000000]",0.16800000,0.45552564,28->16
6,6,8,2,24,"(1, 4, 16, 17, 18, 27)",10,494,probe_repair,"[5, 15, 50, 80, 85, 90, 145, 180, 225, 230, 250, 265, 310, 335, 355]",0.00000000,"[0.00000000, 0.00000000, 0.00000000, 0.00000000, 0.00000000, 0.00000000]",0.02900000,0.44273077,21->1
6,6,8,2,25,"(2, 16, 17, 20, 26, 28)",1,1344,probe_repair,"[20, 50, 55, 65, 125, 205, 210, 230, 245, 255, 275, 280, 285, 305, 335]",0.00000000,"[0.00000000, 0.00000000, 0.00000000, 0.00000000, 0.00000000, 0.00000000]",0.29900000,0.45011111,18->26
6,6,8,2,25,"(2, 16, 17, 20, 26, 28)",2,880,probe_repair,"[40, 55, 130, 140, 170, 175, 195, 205, 210, 235, 240, 265, 280, 325, 345]",0.00000000,"[0.00000000, 0.00000000, 0.00000000, 0.00000000, 0.00000000, 0.00000000]",0.24000000,0.45177778,18->20
6,6,8,2,25,"(2, 16, 17, 20, 26, 28)",3,287,probe_repair,"[15, 60, 85, 100, 115, 135, 145, 175, 190, 245, 255, 300, 320, 330, 350]",0.00000000,"[0.00000000, 0.00000000, 0.00000000, 0.00000000, 0.00000000, 0.00000000]",0.18600000,0.44436111,9->20
6,6,8,2,25,"(2, 16, 17, 20, 26, 28)",4,1337,probe_repair,"[10, 95, 100, 160, 165, 185, 200, 225, 245, 275, 280, 300, 320, 330, 365]",0.00000000,"[0.00000000, 0.00000000, 0.00000000, 0.00000000, 0.00000000, 0.00000000]",0.15300000,0.43530556,4->28
6,6,8,2,25,"(2, 16, 17, 20, 26, 28)",5,982,probe_repair,"[20, 25, 30, 35, 40, 60, 75, 90, 170, 225, 260, 265, 295, 330, 345]",0.00000000,"[0.00000000, 0.00000000, 0.00000000, 0.00000000, 0.00000000, 0.00000000]",0.15200000,0.44202778,22->20
6,6,8,2,25,"(2, 16, 17, 20, 26, 28)",6,1334,probe_repair,"[10, 95, 100, 160, 165, 185, 200, 225, 245, 275, 280, 300, 320, 330, 365]",0.00000000,"[0.00000000, 0.00000000, 0.00000000, 0.00000000, 0.00000000, 0.00000000]",0.12600000,0.44291667,25->28
6,6,8,2,25,"(2, 16, 17, 20, 26, 28)",7,1271,probe_repair,"[5, 30, 50, 75, 100, 160, 240, 265, 270, 280, 290, 305, 310, 345, 360]",0.00000000,"[0.00000000, 0.00000000, 0.00000000, 0.00000000, 0.00000000, 0.00000000]",0.15600000,0.44766667,27->2
6,6,8,2,25,"(2, 16, 17, 20, 26, 28)",8,921,probe_repair,"[20, 50, 60, 90, 100, 130, 175, 245, 260, 270, 290, 300, 305, 345, 355]",0.00000000,"[0.00000000, 0.00000000, 0.00000000, 0.00000000, 0.00000000, 0.00000000]",0.15200000,0.45058333,18->16
6,6,8,2,25,"(2, 16, 17, 20, 26, 28)",9,1067,probe_repair,"[20, 30, 45, 50, 110, 160, 175, 185, 200, 220, 235, 255, 265, 285, 305]",0.00000000,"[0.00000000, 0.00000000, 0.00000000, 0.00000000, 0.00000000, 0.00000000]",0.28800000,0.45338889,11->2
6,6,8,2,25,"(2, 16, 17, 20, 26, 28)",10,1342,probe_repair,"[20, 50, 55, 65, 125, 205, 210, 230, 245, 255, 275, 280, 285, 305, 335]",0.00000000,"[0.00000000, 0.00000000, 0.00000000, 0.00000000, 0.00000000, 0.00000000]",0.28600000,0.45580556,21->26
6,6,8,2,26,"(2, 6, 7, 22, 25, 27)",1,1418,probe_repair,"[30, 120, 130, 140, 145, 155, 160, 170, 200, 205, 255, 260, 265, 285, 360]",0.00000000,"[0.00000000, 0.00000000, 0.00000000, 0.00000000, 0.00000000, 0.00000000]",0.27500000,0.45372222,15->22
6,6,8,2,26,"(2, 6, 7, 22, 25, 27)",2,1182,probe_repair,"[10, 55, 90, 95, 105, 135, 165, 190, 200, 210, 225, 240, 285, 290, 365]",0.00000000,"[0.00000000, 0.00000000, 0.00000000, 0.00000000, 0.00000000, 0.00000000]",0.24300000,0.44138889,18->2
6,6,8,2,26,"(2, 6, 7, 22, 25, 27)",3,1433,probe_repair,"[35, 65, 80, 125, 180, 200, 215, 250, 290, 295, 300, 305, 315, 340, 360]",0.00000000,"[0.00000000, 0.00000000, 0.00000000, 0.00000000, 0.00000000, 0.00000000]",0.15600000,0.44930556,20->2
6,6,8,2,26,"(2, 6, 7, 22, 25, 27)",4,1089,probe_repair,"[5, 30, 45, 80, 105, 145, 170, 175, 180, 205, 225, 235, 265, 270, 315]",0.00000000,"[0.00000000, 0.00000000, 0.00000000, 0.00000000, 0.00000000, 0.00000000]",0.09500000,0.44205556,15->22
6,6,8,2,26,"(2, 6, 7, 22, 25, 27)",5,1087,probe_repair,"[5, 30, 45, 80, 105, 145, 170, 175, 180, 205, 225, 235, 265, 270, 315]",0.00000000,"[0.00000000, 0.00000000, 0.00000000, 0.00000000, 0.00000000, 0.00000000]",0.10400000,0.44411111,15->22
6,6,8,2,26,"(2, 6, 7, 22, 25, 27)",6,85,probe_repair,"[15, 30, 85, 90, 115, 120, 130, 180, 230, 235, 295, 305, 325, 330, 340]",0.00000000,"[0.00000000, 0.00000000, 0.00000000, 0.00000000, 0.00000000, 0.00000000]",0.00000000,0.42280556,4->27
6,6,8,2,26,"(2, 6, 7, 22, 25, 27)",7,821,probe_repair,"[5, 20, 25, 75, 110, 140, 170, 205, 265, 270, 310, 330, 340, 350, 360]",0.00000000,"[0.00000000, 0.00000000, 0.00000000, 0.00000000, 0.00000000, 0.00000000]",0.00000000,0.41372222,4->27
6,6,8,2,26,"(2, 6, 7, 22, 25, 27)",8,551,probe_repair,"[10, 85, 100, 120, 125, 155, 170, 215, 220, 230, 270, 290, 305, 325, 365]",0.00000000,"[0.00000000, 0.00000000, 0.00000000, 0.00000000, 0.00000000, 0.00000000]",0.24300000,0.44808333,26->2
6,6,8,2,26,"(2, 6, 7, 22, 25, 27)",9,1251,probe_repair,"[10, 45, 55, 80, 130, 160, 205, 225, 235, 240, 300, 315, 320, 345, 355]",0.00000000,"[0.00000000, 0.00000000, 0.00000000, 0.00000000, 0.00000000, 0.00000000]",0.36200000,0.46252778,24->7
6,6,8,2,26,"(2, 6, 7, 22, 25, 27)",10,1001,probe_repair,"[5, 15, 40, 80, 90, 95, 145, 175, 240, 250, 265, 270, 280, 315, 355]",0.00000000,"[0.00000000, 0.00000000, 0.00000000, 0.00000000, 0.00000000, 0.00000000]",0.27200000,0.45100000,17->22
6,6,8,2,27,"(2, 5, 7, 16, 18, 22)",1,536,probe_repair,"[10, 75, 110, 130, 135, 170, 175, 200, 225, 250, 300, 305, 335, 340, 365]",0.00000000,"[0.00000000, 0.00000000, 0.00000000, 0.00000000, 0.00000000, 0.00000000]",0.14100000,0.45943590,25->16
6,6,8,2,27,"(2, 5, 7, 16, 18, 22)",2,473,probe_repair,"[5, 20, 25, 30, 55, 140, 150, 165, 205, 215, 225, 280, 300, 335, 365]",0.00000000,"[0.00000000, 0.00000000, 0.00000000, 0.00000000, 0.00000000, 0.00000000]",0.29400000,0.45200000,9->18
6,6,8,2,27,"(2, 5, 7, 16, 18, 22)",3,469,probe_repair,"[5, 20, 25, 30, 55, 140, 150, 165, 205, 215, 225, 280, 300, 335, 365]",0.00000000,"[0.00000000, 0.00000000, 0.00000000, 0.00000000, 0.00000000, 0.00000000]",0.01700000,0.42300000,11->18
6,6,8,2,27,"(2, 5, 7, 16, 18, 22)",4,206,probe_repair,"[5, 35, 85, 95, 100, 110, 125, 145, 185, 220, 240, 265, 325, 355, 365]",0.00000000,"[0.00000000, 0.00000000, 0.00000000, 0.00000000, 0.00000000, 0.00000000]",0.16800000,0.44538462,15->22
6,6,8,2,27,"(2, 5, 7, 16, 18, 22)",5,378,probe_repair,"[25, 30, 40, 85, 90, 115, 165, 190, 215, 225, 230, 250, 335, 340, 365]",0.00000000,"[0.00000000, 0.00000000, 0.00000000, 0.00000000, 0.00000000, 0.00000000]",0.14800000,0.45217949,9->7
6,6,8,2,27,"(2, 5, 7, 16, 18, 22)",6,207,probe_repair,"[5, 35, 85, 95, 100, 110, 125, 145, 185, 220, 240, 265, 325, 355, 365]",0.00000000,"[0.00000000, 0.00000000, 0.00000000, 0.00000000, 0.00000000, 0.00000000]",0.21100000,0.44320513,17->22
6,6,8,2,27,"(2, 5, 7, 16, 18, 22)",7,301,probe_repair,"[10, 20, 35, 45, 65, 120, 125, 135, 140, 150, 215, 220, 235, 240, 360]",0.00000000,"[0.00000000, 0.00000000, 0.00000000, 0.00000000, 0.00000000, 0.00000000]",0.11100000,0.42248718,20->5
6,6,8,2,27,"(2, 5, 7, 16, 18, 22)",8,319,probe_repair,"[25, 35, 80, 95, 125, 130, 150, 160, 180, 200, 230, 240, 250, 285, 360]",0.00000000,"[0.00000000, 0.00000000, 0.00000000, 0.00000000, 0.00000000, 0.00000000]",0.17700000,0.44433333,21->7
6,6,8,2,27,"(2, 5, 7, 16, 18, 22)",9,305,probe_repair,"[10, 20, 35, 45, 65, 120, 125, 135, 140, 150, 215, 220, 235, 240, 360]",0.00000000,"[0.00000000, 0.00000000, 0.00000000, 0.00000000, 0.00000000, 0.00000000]",0.27900000,0.44435897,6->16
6,6,8,2,27,"(2, 5, 7, 16, 18, 22)",10,511,probe_repair,"[15, 35, 45, 90, 110, 120, 140, 170, 180, 200, 270, 290, 315, 325, 330]",0.00000000,"[0.00000000, 0.00000000, 0.00000000, 0.00000000, 0.00000000, 0.00000000]",0.16900000,0.45764103,20->16
6,6,8,2,28,"(5, 7, 16, 25, 26, 28)",1,351,probe_repair,"[5, 35, 55, 75, 95, 130, 175, 210, 220, 230, 235, 275, 280, 315, 330]",0.00000000,"[0.00000000, 0.00000000, 0.00000000, 0.00000000, 0.00000000, 0.00000000]",0.26800000,0.45103846,18->28
6,6,8,2,28,"(5, 7, 16, 25, 26, 28)",2,160,probe_repair,"[10, 15, 45, 110, 160, 190, 200, 205, 210, 225, 240, 250, 280, 290, 340]",0.00000000,"[0.00000000, 0.00000000, 0.00000000, 0.00000000, 0.00000000, 0.00000000]",0.23800000,0.45491026,6->7
6,6,8,2,28,"(5, 7, 16, 25, 26, 28)",3,164,probe_repair,"[10, 15, 45, 110, 160, 190, 200, 205, 210, 225, 240, 250, 280, 290, 340]",0.00000000,"[0.00000000, 0.00000000, 0.00000000, 0.00000000, 0.00000000, 0.00000000]",0.16300000,0.45219231,6->7
6,6,8,2,28,"(5, 7, 16, 25, 26, 28)",4,600,probe_repair,"[40, 55, 65, 105, 125, 140, 150, 230, 245, 250, 260, 300, 310, 335, 340]",0.00000000,"[0.00000000, 0.00000000, 0.00000000, 0.00000000, 0.00000000, 0.00000000]",0.09900000,0.44760256,27->28
6,6,8,2,28,"(5, 7, 16, 25, 26, 28)",5,118,probe_repair,"[25, 55, 60, 65, 135, 140, 145, 150, 175, 190, 205, 230, 280, 315, 325]",0.00000000,"[0.00000000, 0.00000000, 0.00000000, 0.00000000, 0.00000000, 0.00000000]",0.09800000,0.44426923,20->26
6,6,8,2,28,"(5, 7, 16, 25, 26, 28)",6,358,probe_repair,"[15, 105, 165, 170, 175, 200, 205, 220, 245, 305, 310, 315, 335, 340, 355]",0.00000000,"[0.00000000, 0.00000000, 0.00000000, 0.00000000, 0.00000000, 0.00000000]",0.20700000,0.45373077,22->26
6,6,8,2,28,"(5, 7, 16, 25, 26, 28)",7,175,probe_repair,"[20, 50, 115, 145, 155, 170, 175, 190, 220, 225, 295, 305, 330, 340, 360]",0.00000000,"[0.00000000, 0.00000000, 0.00000000, 0.00000000, 0.00000000, 0.00000000]",0.05500000,0.46173077,18->7
6,6,8,2,28,"(5, 7, 16, 25, 26, 28)",8,190,probe_repair,"[5, 15, 20, 30, 50, 145, 155, 165, 175, 185, 220, 285, 315, 330, 345]",0.00000000,"[0.00000000, 0.00000000, 0.00000000, 0.00000000, 0.00000000, 0.00000000]",0.03700000,0.43837179,18->7
6,6,8,2,28,"(5, 7, 16, 25, 26, 28)",9,293,probe_repair,"[40, 65, 95, 100, 110, 115, 170, 215, 225, 245, 280, 285, 295, 315, 330]",0.00000000,"[0.00000000, 0.00000000, 0.00000000, 0.00000000, 0.00000000, 0.00000000]",0.00000000,0.42114103,9->16
6,6,8,2,28,"(5, 7, 16, 25, 26, 28)",10,353,probe_repair,"[5, 35, 55, 75, 95, 130, 175, 210, 220, 230, 235, 275, 280, 315, 330]",0.00000000,"[0.00000000, 0.00000000, 0.00000000, 0.00000000, 0.00000000, 0.00000000]",0.25300000,0.45455128,18->28
6,6,8,2,29,"(9, 15, 17, 21, 24, 27)",1,1264,probe_repair,"[50, 70, 110, 120, 135, 220, 230, 265, 275, 285, 290, 300, 315, 325, 340]",0.00000000,"[0.00000000, 0.00000000, 0.00000000, 0.00000000, 0.00000000, 0.00000000]",0.30700000,0.45791667,18->21
6,6,8,2,29,"(9, 15, 17, 21, 24, 27)",2,1558,probe_repair,"[5, 35, 40, 85, 100, 105, 110, 130, 140, 165, 215, 240, 245, 275, 335]",0.00000000,"[0.00000000, 0.00000000, 0.00000000, 0.00000000, 0.00000000, 0.00000000]",0.25100000,0.45127778,4->17
6,6,8,2,29,"(9, 15, 17, 21, 24, 27)",3,939,probe_repair,"[20, 85, 110, 115, 120, 125, 150, 180, 200, 210, 245, 285, 290, 355, 360]",0.00000000,"[0.00000000, 0.00000000, 0.00000000, 0.00000000, 0.00000000, 0.00000000]",0.23100000,0.45580556,16->9
6,6,8,2,29,"(9, 15, 17, 21, 24, 27)",4,224,probe_repair,"[5, 50, 85, 135, 145, 155, 190, 220, 255, 280, 285, 295, 320, 325, 340]",0.00000000,"[0.00000000, 0.00000000, 0.00000000, 0.00000000, 0.00000000, 0.00000000]",0.30500000,0.44716667,6->15
6,6,8,2,29,"(9, 15, 17, 21, 24, 27)",5,1500,probe_repair,"[10, 55, 75, 90, 95, 130, 135, 145, 200, 210, 215, 265, 280, 335, 345]",0.00000000,"[0.00000000, 0.00000000, 0.00000000, 0.00000000, 0.00000000, 0.00000000]",0.25400000,0.45402778,25->27
6,6,8,2,29,"(9, 15, 17, 21, 24, 27)",6,384,probe_repair,"[5, 10, 25, 40, 75, 120, 130, 150, 190, 225, 230, 250, 285, 325, 335]",0.00000000,"[0.00000000, 0.00000000, 0.00000000, 0.00000000, 0.00000000, 0.00000000]",0.21700000,0.44852778,6->15
6,6,8,2,29,"(9, 15, 17, 21, 24, 27)",7,1310,probe_repair,"[45, 65, 85, 120, 130, 135, 180, 185, 220, 235, 270, 275, 320, 340, 365]",0.00000000,"[0.00000000, 0.00000000, 0.00000000, 0.00000000, 0.00000000, 0.00000000]",0.15200000,0.45255556,25->27
6,6,8,2,29,"(9, 15, 17, 21, 24, 27)",8,881,probe_repair,"[25, 65, 95, 120, 125, 140, 190, 220, 230, 235, 265, 290, 310, 335, 365]",0.00000000,"[0.00000000, 0.00000000, 0.00000000, 0.00000000, 0.00000000, 0.00000000]",0.15800000,0.44969444,25->9
6,6,8,2,29,"(9, 15, 17, 21, 24, 27)",9,607,probe_repair,"[5, 20, 30, 35, 45, 55, 100, 105, 110, 195, 235, 245, 265, 275, 350]",0.00000000,"[0.00000000, 0.00000000, 0.00000000, 0.00000000, 0.00000000, 0.00000000]",0.23400000,0.44625000,26->24
6,6,8,2,29,"(9, 15, 17, 21, 24, 27)",10,876,probe_repair,"[35, 45, 65, 70, 80, 140, 160, 190, 200, 245, 255, 295, 305, 325, 340]",0.00000000,"[0.00000000, 0.00000000, 0.00000000, 0.00000000, 0.00000000, 0.00000000]",0.21600000,0.45147222,6->9
6,6,8,2,30,"(7, 9, 21, 22, 24, 28)",1,1513,probe_repair,"[30, 125, 155, 165, 170, 180, 280, 285, 290, 300, 330, 335, 340, 345, 360]",0.00000000,"[0.00000000, 0.00000000, 0.00000000, 0.00000000, 0.00000000, 0.00000000]",0.30700000,0.45458333,6->22
6,6,8,2,30,"(7, 9, 21, 22, 24, 28)",2,795,probe_repair,"[25, 30, 50, 60, 70, 80, 90, 100, 115, 130, 170, 240, 255, 260, 310]",0.00000000,"[0.00000000, 0.00000000, 0.00000000, 0.00000000, 0.00000000, 0.00000000]",0.28400000,0.45191667,26->9
6,6,8,2,30,"(7, 9, 21, 22, 24, 28)",3,1465,probe_repair,"[50, 75, 110, 130, 135, 170, 185, 190, 240, 245, 270, 285, 320, 360, 365]",0.00000000,"[0.00000000, 0.00000000, 0.00000000, 0.00000000, 0.00000000, 0.00000000]",0.22900000,0.45736111,6->28
6,6,8,2,30,"(7, 9, 21, 22, 24, 28)",4,870,probe_repair,"[30, 45, 55, 115, 140, 150, 155, 170, 205, 215, 235, 255, 290, 335, 340]",0.00000000,"[0.00000000, 0.00000000, 0.00000000, 0.00000000, 0.00000000, 0.00000000]",0.21900000,0.45247222,6->24
6,6,8,2,30,"(7, 9, 21, 22, 24, 28)",5,1317,probe_repair,"[15, 40, 100, 140, 155, 205, 215, 240, 275, 280, 315, 325, 335, 350, 355]",0.00000000,"[0.00000000, 0.00000000, 0.00000000, 0.00000000, 0.00000000, 0.00000000]",0.01300000,0.41880556,2->28
6,6,8,2,30,"(7, 9, 21, 22, 24, 28)",6,311,probe_repair,"[15, 25, 40, 50, 60, 105, 140, 160, 165, 205, 230, 250, 270, 300, 340]",0.00000000,"[0.00000000, 0.00000000, 0.00000000, 0.00000000, 0.00000000, 0.00000000]",0.23200000,0.44688889,17->21
6,6,8,2,30,"(7, 9, 21, 22, 24, 28)",7,1116,probe_repair,"[30, 35, 45, 65, 90, 110, 165, 185, 195, 225, 265, 275, 295, 345, 365]",0.00000000,"[0.00000000, 0.00000000, 0.00000000, 0.00000000, 0.00000000, 0.00000000]",0.09000000,0.44569444,11->28
6,6,8,2,30,"(7, 9, 21, 22, 24, 28)",8,799,probe_repair,"[25, 30, 50, 55, 95, 110, 180, 210, 215, 270, 280, 295, 310, 325, 345]",0.00000000,"[0.00000000, 0.00000000, 0.00000000, 0.00000000, 0.00000000, 0.00000000]",0.15900000,0.45111111,15->22
6,6,8,2,30,"(7, 9, 21, 22, 24, 28)",9,1339,probe_repair,"[60, 95, 100, 110, 115, 130, 140, 150, 165, 210, 240, 255, 265, 310, 325]",0.00000000,"[0.00000000, 0.00000000, 0.00000000, 0.00000000, 0.00000000, 0.00000000]",0.26800000,0.45744444,25->22
6,6,8,2,30,"(7, 9, 21, 22, 24, 28)",10,1120,probe_repair,"[10, 50, 100, 115, 145, 150, 160, 170, 195, 230, 260, 270, 305, 350, 365]",0.00000000,"[0.00000000, 0.00000000, 0.00000000, 0.00000000, 0.00000000, 0.00000000]",0.14600000,0.44677778,6->7
6,6,8,2,31,"(4, 6, 20, 22, 25, 26)",1,1237,probe_repair,"[50, 55, 60, 70, 80, 105, 125, 130, 190, 195, 220, 285, 295, 315, 340]",0.00000000,"[0.00000000, 0.00000000, 0.00000000, 0.00000000, 0.00000000, 0.00000000]",0.15800000,0.43733333,9->25
6,6,8,2,31,"(4, 6, 20, 22, 25, 26)",2,786,probe_repair,"[20, 30, 105, 115, 160, 195, 215, 220, 255, 265, 270, 280, 290, 300, 365]",0.00000000,"[0.00000000, 0.00000000, 0.00000000, 0.00000000, 0.00000000, 0.00000000]",0.22700000,0.44166667,7->26
6,6,8,2,31,"(4, 6, 20, 22, 25, 26)",3,1545,probe_repair,"[5, 15, 20, 75, 110, 130, 195, 205, 235, 240, 255, 295, 305, 310, 335]",0.00000000,"[0.00000000, 0.00000000, 0.00000000, 0.00000000, 0.00000000, 0.00000000]",0.17700000,0.45147222,27->25
6,6,8,2,31,"(4, 6, 20, 22, 25, 26)",4,1509,probe_repair,"[80, 90, 115, 130, 140, 160, 170, 185, 205, 235, 240, 280, 285, 310, 340]",0.00000000,"[0.00000000, 0.00000000, 0.00000000, 0.00000000, 0.00000000, 0.00000000]",0.09800000,0.42686111,17->22
6,6,8,2,31,"(4, 6, 20, 22, 25, 26)",5,1322,probe_repair,"[15, 40, 80, 90, 100, 140, 150, 155, 165, 180, 190, 250, 315, 345, 350]",0.00000000,"[0.00000000, 0.00000000, 0.00000000, 0.00000000, 0.00000000, 0.00000000]",0.19300000,0.43897222,18->26
6,6,8,2,31,"(4, 6, 20, 22, 25, 26)",6,873,probe_repair,"[5, 20, 25, 100, 155, 190, 200, 255, 265, 270, 275, 280, 290, 355, 360]",0.00000000,"[0.00000000, 0.00000000, 0.00000000, 0.00000000, 0.00000000, 0.00000000]",0.18400000,0.45244444,2->26
6,6,8,2,31,"(4, 6, 20, 22, 25, 26)",7,551,probe_repair,"[25, 40, 100, 105, 135, 140, 145, 150, 160, 200, 255, 335, 340, 360, 365]",0.00000000,"[0.00000000, 0.00000000, 0.00000000, 0.00000000, 0.00000000, 0.00000000]",0.00900000,0.43925000,18->26
6,6,8,2,31,"(4, 6, 20, 22, 25, 26)",8,1157,probe_repair,"[5, 45, 55, 65, 85, 140, 150, 180, 210, 235, 255, 270, 295, 300, 320]",0.00000000,"[0.00000000, 0.00000000, 0.00000000, 0.00000000, 0.00000000, 0.00000000]",0.21900000,0.44633333,21->20
6,6,8,2,31,"(4, 6, 20, 22, 25, 26)",9,782,probe_repair,"[20, 30, 105, 115, 160, 195, 215, 220, 255, 265, 270, 280, 290, 300, 365]",0.00000000,"[0.00000000, 0.00000000, 0.00000000, 0.00000000, 0.00000000, 0.00000000]",0.21800000,0.44194444,17->20
6,6,8,2,31,"(4, 6, 20, 22, 25, 26)",10,635,probe_repair,"[15, 25, 40, 65, 80, 95, 105, 115, 155, 175, 210, 235, 245, 270, 335]",0.00000000,"[0.00000000, 0.00000000, 0.00000000, 0.00000000, 0.00000000, 0.00000000]",0.07100000,0.44352778,16->22
6,6,8,2,32,"(2, 6, 7, 9, 11, 17)",1,1250,probe_repair,"[55, 65, 80, 85, 95, 110, 155, 190, 210, 290, 300, 310, 340, 345, 350]",0.00000000,"[0.00000000, 0.00000000, 0.00000000, 0.00000000, 0.00000000, 0.00000000]",0.26000000,0.45111111,26->17
6,6,8,2,32,"(2, 6, 7, 9, 11, 17)",2,1328,probe_repair,"[45, 50, 70, 85, 95, 150, 160, 165, 195, 215, 230, 235, 285, 300, 315]",0.00000000,"[0.00000000, 0.00000000, 0.00000000, 0.00000000, 0.00000000, 0.00000000]",0.23100000,0.45150000,21->2
6,6,8,2,32,"(2, 6, 7, 9, 11, 17)",3,559,probe_repair,"[15, 35, 50, 120, 130, 150, 170, 185, 215, 225, 250, 260, 270, 280, 365]",0.00000000,"[0.00000000, 0.00000000, 0.00000000, 0.00000000, 0.00000000, 0.00000000]",0.22500000,0.44963889,24->9
6,6,8,2,32,"(2, 6, 7, 9, 11, 17)",4,564,probe_repair,"[15, 35, 50, 120, 130, 150, 170, 185, 215, 225, 250, 260, 270, 280, 365]",0.00000000,"[0.00000000, 0.00000000, 0.00000000, 0.00000000, 0.00000000, 0.00000000]",0.17900000,0.45188889,27->6
6,6,8,2,32,"(2, 6, 7, 9, 11, 17)",5,215,probe_repair,"[70, 85, 95, 100, 130, 140, 150, 175, 185, 210, 240, 290, 305, 325, 330]",0.00000000,"[0.00000000, 0.00000000, 0.00000000, 0.00000000, 0.00000000, 0.00000000]",0.02000000,0.43850000,20->17
6,6,8,2,32,"(2, 6, 7, 9, 11, 17)",6,705,probe_repair,"[10, 20, 40, 95, 100, 130, 135, 140, 150, 205, 210, 215, 220, 280, 360]",0.00000000,"[0.00000000, 0.00000000, 0.00000000, 0.00000000, 0.00000000, 0.00000000]",0.27400000,0.45069444,22->2
6,6,8,2,32,"(2, 6, 7, 9, 11, 17)",7,500,probe_repair,"[30, 85, 100, 105, 145, 180, 190, 225, 240, 245, 290, 300, 325, 340, 355]",0.00000000,"[0.00000000, 0.00000000, 0.00000000, 0.00000000, 0.00000000, 0.00000000]",0.10800000,0.45861111,28->7
6,6,8,2,32,"(2, 6, 7, 9, 11, 17)",8,392,probe_repair,"[25, 35, 95, 120, 150, 160, 185, 225, 230, 250, 255, 280, 300, 310, 365]",0.00000000,"[0.00000000, 0.00000000, 0.00000000, 0.00000000, 0.00000000, 0.00000000]",0.26400000,0.45183333,25->2
6,6,8,2,32,"(2, 6, 7, 9, 11, 17)",9,906,probe_repair,"[60, 65, 95, 120, 145, 180, 190, 200, 215, 230, 270, 275, 310, 350, 360]",0.00000000,"[0.00000000, 0.00000000, 0.00000000, 0.00000000, 0.00000000, 0.00000000]",0.22400000,0.45083333,27->7
6,6,8,2,32,"(2, 6, 7, 9, 11, 17)",10,704,probe_repair,"[10, 20, 40, 95, 100, 130, 135, 140, 150, 205, 210, 215, 220, 280, 360]",0.00000000,"[0.00000000, 0.00000000, 0.00000000, 0.00000000, 0.00000000, 0.00000000]",0.20000000,0.45152778,22->2
6,6,8,2,33,"(1, 2, 4, 9, 11, 15)",1,72,probe_repair,"[15, 25, 40, 70, 80, 90, 115, 125, 135, 170, 185, 260, 265, 330, 335]",0.00000000,"[0.00000000, 0.00000000, 0.00000000, 0.00000000, 0.00000000, 0.00000000]",0.25600000,0.45580769,17->9
6,6,8,2,33,"(1, 2, 4, 9, 11, 15)",2,445,probe_repair,"[10, 90, 130, 165, 180, 190, 195, 245, 250, 255, 280, 285, 320, 325, 340]",0.00000000,"[0.00000000, 0.00000000, 0.00000000, 0.00000000, 0.00000000, 0.00000000]",0.00000000,0.42483333,28->11
6,6,8,2,33,"(1, 2, 4, 9, 11, 15)",3,592,probe_repair,"[15, 55, 95, 120, 130, 160, 175, 205, 250, 275, 290, 325, 335, 355, 360]",0.00000000,"[0.00000000, 0.00000000, 0.00000000, 0.00000000, 0.00000000, 0.00000000]",0.26000000,0.45385897,18->9
6,6,8,2,33,"(1, 2, 4, 9, 11, 15)",4,168,probe_repair,"[35, 60, 85, 125, 145, 150, 155, 185, 210, 260, 290, 300, 325, 330, 350]",0.00000000,"[0.00000000, 0.00000000, 0.00000000, 0.00000000, 0.00000000, 0.00000000]",0.23400000,0.45165385,21->11
6,6,8,2,33,"(1, 2, 4, 9, 11, 15)",5,450,probe_repair,"[10, 90, 130, 165, 180, 190, 195, 245, 250, 255, 280, 285, 320, 325, 340]",0.00000000,"[0.00000000, 0.00000000, 0.00000000, 0.00000000, 0.00000000, 0.00000000]",0.14200000,0.44544872,28->11
6,6,8,2,33,"(1, 2, 4, 9, 11, 15)",6,114,probe_repair,"[10, 35, 40, 70, 80, 145, 150, 205, 240, 245, 255, 300, 305, 340, 365]",0.00000000,"[0.00000000, 0.00000000, 0.00000000, 0.00000000, 0.00000000, 0.00000000]",0.10300000,0.45111538,6->9
6,6,8,2,33,"(1, 2, 4, 9, 11, 15)",7,594,probe_repair,"[15, 55, 95, 120, 130, 160, 175, 205, 250, 275, 290, 325, 335, 355, 360]",0.00000000,"[0.00000000, 0.00000000, 0.00000000, 0.00000000, 0.00000000, 0.00000000]",0.23800000,0.45865385,18->9
6,6,8,2,33,"(1, 2, 4, 9, 11, 15)",8,136,probe_repair,"[5, 60, 85, 95, 135, 160, 180, 200, 210, 220, 230, 235, 250, 325, 345]",0.00000000,"[0.00000000, 0.00000000, 0.00000000, 0.00000000, 0.00000000, 0.00000000]",0.14500000,0.44247436,26->4
6,6,8,2,33,"(1, 2, 4, 9, 11, 15)",9,507,probe_repair,"[10, 15, 25, 55, 85, 120, 140, 160, 195, 225, 290, 305, 330, 345, 365]",0.00000000,"[0.00000000, 0.00000000, 0.00000000, 0.00000000, 0.00000000, 0.00000000]",0.18400000,0.45165385,6->9
6,6,8,2,33,"(1, 2, 4, 9, 11, 15)",10,112,probe_repair,"[10, 35, 40, 70, 80, 145, 150, 205, 240, 245, 255, 300, 305, 340, 365]",0.00000000,"[0.00000000, 0.00000000, 0.00000000, 0.00000000, 0.00000000, 0.00000000]",0.10800000,0.44493590,6->9
6,6,8,2,34,"(4, 5, 6, 20, 21, 28)",1,420,probe_repair,"[20, 40, 85, 90, 110, 170, 210, 245, 255, 280, 325, 330, 335, 340, 345]",0.00000000,"[0.00000000, 0.00000000, 0.00000000, 0.00000000, 0.00000000, 0.00000000]",0.11200000,0.43588462,9->6
6,6,8,2,34,"(4, 5, 6, 20, 21, 28)",2,414,probe_repair,"[20, 40, 85, 90, 110, 170, 210, 245, 255, 280, 325, 330, 335, 340, 345]",0.00000000,"[0.00000000, 0.00000000, 0.00000000, 0.00000000, 0.00000000, 0.00000000]",0.07500000,0.44111538,9->6
6,6,8,2,34,"(4, 5, 6, 20, 21, 28)",3,602,probe_repair,"[45, 105, 165, 170, 190, 220, 225, 255, 275, 280, 285, 335, 345, 355, 360]",0.00000000,"[0.00000000, 0.00000000, 0.00000000, 0.00000000, 0.00000000, 0.00000000]",0.25000000,0.45126923,15->28
6,6,8,2,34,"(4, 5, 6, 20, 21, 28)",4,225,probe_repair,"[35, 85, 90, 135, 140, 145, 150, 155, 180, 215, 255, 295, 330, 340, 365]",0.00000000,"[0.00000000, 0.00000000, 0.00000000, 0.00000000, 0.00000000, 0.00000000]",0.20100000,0.44542308,15->20
6,6,8,2,34,"(4, 5, 6, 20, 21, 28)",5,349,probe_repair,"[30, 40, 50, 75, 130, 145, 180, 225, 260, 285, 290, 305, 315, 335, 360]",0.00000000,"[0.00000000, 0.00000000, 0.00000000, 0.00000000, 0.00000000, 0.00000000]",0.03000000,0.41888462,2->5
6,6,8,2,34,"(4, 5, 6, 20, 21, 28)",6,84,probe_repair,"[10, 50, 90, 95, 105, 135, 170, 180, 215, 220, 260, 265, 310, 340, 360]",0.00000000,"[0.00000000, 0.00000000, 0.00000000, 0.00000000, 0.00000000, 0.00000000]",0.26300000,0.45814103,17->5
6,6,8,2,34,"(4, 5, 6, 20, 21, 28)",7,486,probe_repair,"[15, 30, 45, 50, 90, 170, 180, 200, 215, 245, 270, 275, 305, 330, 345]",0.00000000,"[0.00000000, 0.00000000, 0.00000000, 0.00000000, 0.00000000, 0.00000000]",0.25200000,0.45639744,15->4
6,6,8,2,34,"(4, 5, 6, 20, 21, 28)",8,492,probe_repair,"[15, 30, 45, 50, 90, 170, 180, 200, 215, 245, 270, 275, 305, 330, 345]",0.00000000,"[0.00000000, 0.00000000, 0.00000000, 0.00000000, 0.00000000, 0.00000000]",0.26200000,0.45416667,9->28
6,6,8,2,34,"(4, 5, 6, 20, 21, 28)",9,484,probe_repair,"[10, 15, 30, 120, 130, 140, 175, 205, 240, 270, 285, 300, 325, 345, 365]",0.00000000,"[0.00000000, 0.00000000, 0.00000000, 0.00000000, 0.00000000, 0.00000000]",0.12400000,0.44906410,27->6
6,6,8,2,34,"(4, 5, 6, 20, 21, 28)",10,72,probe_repair,"[15, 20, 50, 65, 75, 80, 110, 140, 150, 155, 180, 245, 280, 285, 330]",0.00000000,"[0.00000000, 0.00000000, 0.00000000, 0.00000000, 0.00000000, 0.00000000]",0.09400000,0.44975641,16->21
6,6,8,2,35,"(4, 7, 11, 21, 25, 26)",1,1301,probe_repair,"[20, 30, 45, 50, 60, 100, 105, 115, 130, 215, 225, 260, 270, 275, 345]",0.00000000,"[0.00000000, 0.00000000, 0.00000000, 0.00000000, 0.00000000, 0.00000000]",0.02100000,0.42972222,22->7
6,6,8,2,35,"(4, 7, 11, 21, 25, 26)",2,835,probe_repair,"[5, 45, 80, 90, 105, 165, 180, 195, 250, 280, 300, 305, 325, 330, 335]",0.00000000,"[0.00000000, 0.00000000, 0.00000000, 0.00000000, 0.00000000, 0.00000000]",0.16600000,0.43652778,16->7
6,6,8,2,35,"(4, 7, 11, 21, 25, 26)",3,1096,probe_repair,"[40, 55, 60, 115, 120, 185, 205, 215, 220, 250, 285, 300, 305, 310, 365]",0.00000000,"[0.00000000, 0.00000000, 0.00000000, 0.00000000, 0.00000000, 0.00000000]",0.28100000,0.45625000,20->7
6,6,8,2,35,"(4, 7, 11, 21, 25, 26)",4,1509,probe_repair,"[20, 35, 55, 60, 85, 125, 230, 255, 265, 270, 280, 285, 305, 335, 345]",0.00000000,"[0.00000000, 0.00000000, 0.00000000, 0.00000000, 0.00000000, 0.00000000]",0.01500000,0.42233333,16->21
6,6,8,2,35,"(4, 7, 11, 21, 25, 26)",5,1072,probe_repair,"[10, 30, 45, 90, 95, 105, 115, 150, 180, 225, 240, 245, 270, 310, 360]",0.00000000,"[0.00000000, 0.00000000, 0.00000000, 0.00000000, 0.00000000, 0.00000000]",0.07000000,0.42858333,27->4
6,6,8,2,35,"(4, 7, 11, 21, 25, 26)",6,513,probe_repair,"[25, 50, 65, 120, 135, 155, 165, 170, 195, 210, 220, 300, 340, 350, 360]",0.00000000,"[0.00000000, 0.00000000, 0.00000000, 0.00000000, 0.00000000, 0.00000000]",0.20000000,0.45147222,24->4
6,6,8,2,35,"(4, 7, 11, 21, 25, 26)",7,990,probe_repair,"[15, 25, 35, 60, 85, 90, 120, 140, 190, 220, 245, 265, 295, 350, 360]",0.00000000,"[0.00000000, 0.00000000, 0.00000000, 0.00000000, 0.00000000, 0.00000000]",0.12500000,0.44900000,15->21
6,6,8,2,35,"(4, 7, 11, 21, 25, 26)",8,446,probe_repair,"[5, 10, 45, 60, 65, 70, 90, 100, 115, 125, 215, 230, 240, 255, 360]",0.00000000,"[0.00000000, 0.00000000, 0.00000000, 0.00000000, 0.00000000, 0.00000000]",0.27300000,0.44591667,16->26
6,6,8,2,35,"(4, 7, 11, 21, 25, 26)",9,390,probe_repair,"[55, 90, 115, 130, 135, 155, 175, 200, 210, 280, 290, 295, 300, 315, 320]",0.00000000,"[0.00000000, 0.00000000, 0.00000000, 0.00000000, 0.00000000, 0.00000000]",0.19400000,0.45619444,24->4
6,6,8,2,35,"(4, 7, 11, 21, 25, 26)",10,615,probe_repair,"[5, 15, 40, 50, 75, 85, 115, 130, 135, 145, 180, 265, 340, 360, 365]",0.00000000,"[0.00000000, 0.00000000, 0.00000000, 0.00000000, 0.00000000, 0.00000000]",0.26900000,0.45583333,6->7
6,6,8,2,36,"(1, 2, 16, 17, 25, 28)",1,346,probe_repair,"[15, 50, 125, 140, 145, 155, 195, 210, 230, 240, 285, 295, 300, 305, 340]",0.00000000,"[0.00000000, 0.00000000, 0.00000000, 0.00000000, 0.00000000, 0.00000000]",0.28400000,0.45941026,15->25
6,6,8,2,36,"(1, 2, 16, 17, 25, 28)",2,223,probe_repair,"[40, 45, 70, 75, 85, 105, 110, 155, 250, 255, 260, 265, 290, 300, 360]",0.00000000,"[0.00000000, 0.00000000, 0.00000000, 0.00000000, 0.00000000, 0.00000000]",0.28400000,0.45166667,6->25
6,6,8,2,36,"(1, 2, 16, 17, 25, 28)",3,27,probe_repair,"[50, 75, 90, 95, 105, 110, 155, 165, 175, 180, 205, 225, 235, 260, 345]",0.00000000,"[0.00000000, 0.00000000, 0.00000000, 0.00000000, 0.00000000, 0.00000000]",0.17300000,0.45700000,6->16
6,6,8,2,36,"(1, 2, 16, 17, 25, 28)",4,172,probe_repair,"[30, 35, 65, 70, 85, 90, 95, 120, 170, 205, 240, 245, 250, 340, 365]",0.00000000,"[0.00000000, 0.00000000, 0.00000000, 0.00000000, 0.00000000, 0.00000000]",0.13000000,0.45205128,21->25
6,6,8,2,36,"(1, 2, 16, 17, 25, 28)",5,151,probe_repair,"[25, 45, 55, 70, 100, 130, 135, 180, 200, 210, 255, 275, 285, 295, 300]",0.00000000,"[0.00000000, 0.00000000, 0.00000000, 0.00000000, 0.00000000, 0.00000000]",0.16200000,0.45061538,24->16
6,6,8,2,36,"(1, 2, 16, 17, 25, 28)",6,158,probe_repair,"[115, 140, 145, 170, 180, 225, 230, 235, 240, 255, 265, 290, 300, 310, 335]",0.00000000,"[0.00000000, 0.00000000, 0.00000000, 0.00000000, 0.00000000, 0.00000000]",0.18600000,0.44102564,21->25
6,6,8,2,36,"(1, 2, 16, 17, 25, 28)",7,181,probe_repair,"[10, 25, 45, 85, 95, 115, 120, 180, 205, 230, 235, 240, 325, 330, 340]",0.00000000,"[0.00000000, 0.00000000, 0.00000000, 0.00000000, 0.00000000, 0.00000000]",0.11500000,0.42176923,7->16
6,6,8,2,36,"(1, 2, 16, 17, 25, 28)",8,154,probe_repair,"[25, 45, 55, 70, 100, 130, 135, 180, 200, 210, 255, 275, 285, 295, 300]",0.00000000,"[0.00000000, 0.00000000, 0.00000000, 0.00000000, 0.00000000, 0.00000000]",0.12500000,0.45115385,26->2
6,6,8,2,36,"(1, 2, 16, 17, 25, 28)",9,22,probe_repair,"[50, 75, 90, 95, 105, 110, 155, 165, 175, 180, 205, 225, 235, 260, 345]",0.00000000,"[0.00000000, 0.00000000, 0.00000000, 0.00000000, 0.00000000, 0.00000000]",0.19400000,0.45423077,6->16
6,6,8,2,36,"(1, 2, 16, 17, 25, 28)",10,30,probe_repair,"[35, 70, 75, 95, 115, 130, 140, 155, 165, 205, 230, 235, 265, 310, 325]",0.00000000,"[0.00000000, 0.00000000, 0.00000000, 0.00000000, 0.00000000, 0.00000000]",0.17100000,0.45451282,9->17
6,6,8,2,37,"(1, 9, 15, 17, 20, 24)",1,184,probe_repair,"[5, 30, 70, 115, 120, 135, 150, 200, 205, 210, 235, 285, 300, 350, 360]",0.00000000,"[0.00000000, 0.00000000, 0.00000000, 0.00000000, 0.00000000, 0.00000000]",0.31300000,0.45903846,4->17
6,6,8,2,37,"(1, 9, 15, 17, 20, 24)",2,356,probe_repair,"[30, 35, 80, 90, 105, 125, 135, 155, 175, 190, 255, 285, 300, 305, 320]",0.00000000,"[0.00000000, 0.00000000, 0.00000000, 0.00000000, 0.00000000, 0.00000000]",0.15800000,0.44942308,2->24
6,6,8,2,37,"(1, 9, 15, 17, 20, 24)",3,150,probe_repair,"[30, 55, 110, 150, 180, 185, 190, 195, 210, 260, 305, 320, 325, 340, 345]",0.00000000,"[0.00000000, 0.00000000, 0.00000000, 0.00000000, 0.00000000, 0.00000000]",0.16500000,0.44844872,16->15
6,6,8,2,37,"(1, 9, 15, 17, 20, 24)",4,518,probe_repair,"[80, 90, 95, 100, 115, 160, 165, 170, 175, 200, 225, 255, 325, 330, 360]",0.00000000,"[0.00000000, 0.00000000, 0.00000000, 0.00000000, 0.00000000, 0.00000000]",0.10000000,0.44616667,7->9
6,6,8,2,37,"(1, 9, 15, 17, 20, 24)",5,270,probe_repair,"[10, 25, 40, 50, 90, 95, 100, 130, 220, 235, 280, 285, 330, 345, 365]",0.00000000,"[0.00000000, 0.00000000, 0.00000000, 0.00000000, 0.00000000, 0.00000000]",0.29000000,0.45696154,25->24
6,6,8,2,37,"(1, 9, 15, 17, 20, 24)",6,136,probe_repair,"[25, 50, 85, 105, 110, 115, 160, 175, 200, 230, 240, 285, 310, 350, 360]",0.00000000,"[0.00000000, 0.00000000, 0.00000000, 0.00000000, 0.00000000, 0.00000000]",0.26600000,0.45019231,22->15
6,6,8,2,37,"(1, 9, 15, 17, 20, 24)",7,137,probe_repair,"[25, 50, 85, 105, 110, 115, 160, 175, 200, 230, 240, 285, 310, 350, 360]",0.00000000,"[0.00000000, 0.00000000, 0.00000000, 0.00000000, 0.00000000, 0.00000000]",0.26000000,0.45701282,22->15
6,6,8,2,37,"(1, 9, 15, 17, 20, 24)",8,520,probe_repair,"[80, 90, 95, 100, 115, 160, 165, 170, 175, 200, 225, 255, 325, 330, 360]",0.00000000,"[0.00000000, 0.00000000, 0.00000000, 0.00000000, 0.00000000, 0.00000000]",0.07600000,0.45196154,7->9
6,6,8,2,37,"(1, 9, 15, 17, 20, 24)",9,146,probe_repair,"[5, 15, 50, 75, 85, 95, 115, 125, 165, 190, 200, 255, 260, 300, 310]",0.00000000,"[0.00000000, 0.00000000, 0.00000000, 0.00000000, 0.00000000, 0.00000000]",0.19000000,0.43924359,4->15
6,6,8,2,37,"(1, 9, 15, 17, 20, 24)",10,403,probe_repair,"[5, 35, 55, 60, 80, 85, 90, 105, 125, 145, 150, 175, 245, 285, 310]",0.00000000,"[0.00000000, 0.00000000, 0.00000000, 0.00000000, 0.00000000, 0.00000000]",0.15700000,0.45611538,11->17
6,6,8,2,38,"(6, 17, 21, 24, 27, 28)",1,1341,probe_repair,"[5, 45, 65, 75, 90, 120, 150, 160, 225, 300, 315, 330, 340, 345, 355]",0.00000000,"[0.00000000, 0.00000000, 0.00000000, 0.00000000, 0.00000000, 0.00000000]",0.00000000,0.42902778,2->28
6,6,8,2,38,"(6, 17, 21, 24, 27, 28)",2,77,probe_repair,"[30, 55, 70, 75, 80, 90, 120, 130, 140, 150, 170, 205, 235, 255, 325]",0.00000000,"[0.00000000, 0.00000000, 0.00000000, 0.00000000, 0.00000000, 0.00000000]",0.00000000,0.40975000,2->28
6,6,8,2,38,"(6, 17, 21, 24, 27, 28)",3,914,probe_repair,"[20, 45, 55, 65, 80, 85, 125, 135, 165, 205, 220, 250, 270, 350, 360]",0.00000000,"[0.00000000, 0.00000000, 0.00000000, 0.00000000, 0.00000000, 0.00000000]",0.07700000,0.44902778,11->6
6,6,8,2,38,"(6, 17, 21, 24, 27, 28)",4,1563,probe_repair,"[10, 15, 25, 95, 120, 130, 145, 180, 190, 200, 235, 250, 280, 345, 365]",0.00000000,"[0.00000000, 0.00000000, 0.00000000, 0.00000000, 0.00000000, 0.00000000]",0.25100000,0.44716667,9->21
6,6,8,2,38,"(6, 17, 21, 24, 27, 28)",5,1132,probe_repair,"[5, 15, 35, 75, 110, 135, 150, 170, 205, 255, 265, 275, 325, 330, 365]",0.00000000,"[0.00000000, 0.00000000, 0.00000000, 0.00000000, 0.00000000, 0.00000000]",0.28200000,0.45716667,26->6
6,6,8,2,38,"(6, 17, 21, 24, 27, 28)",6,872,probe_repair,"[15, 35, 80, 95, 160, 170, 175, 195, 210, 235, 260, 275, 290, 335, 350]",0.00000000,"[0.00000000, 0.00000000, 0.00000000, 0.00000000, 0.00000000, 0.00000000]",0.26300000,0.45422222,18->24
6,6,8,2,38,"(6, 17, 21, 24, 27, 28)",7,848,probe_repair,"[30, 50, 80, 95, 125, 140, 190, 275, 285, 295, 300, 315, 330, 345, 365]",0.00000000,"[0.00000000, 0.00000000, 0.00000000, 0.00000000, 0.00000000, 0.00000000]",0.19700000,0.45419444,22->17
6,6,8,2,38,"(6, 17, 21, 24, 27, 28)",8,612,probe_repair,"[10, 20, 45, 50, 65, 75, 85, 115, 140, 195, 220, 225, 245, 250, 295]",0.00000000,"[0.00000000, 0.00000000, 0.00000000, 0.00000000, 0.00000000, 0.00000000]",0.09700000,0.44533333,18->27
6,6,8,2,38,"(6, 17, 21, 24, 27, 28)",9,408,probe_repair,"[35, 40, 75, 105, 140, 180, 205, 245, 265, 275, 290, 305, 315, 320, 340]",0.00000000,"[0.00000000, 0.00000000, 0.00000000, 0.00000000, 0.00000000, 0.00000000]",0.18700000,0.45583333,20->28
6,6,8,2,38,"(6, 17, 21, 24, 27, 28)",10,1227,probe_repair,"[5, 10, 40, 60, 110, 160, 175, 205, 230, 275, 320, 330, 335, 350, 365]",0.00000000,"[0.00000000, 0.00000000, 0.00000000, 0.00000000, 0.00000000, 0.00000000]",0.18000000,0.44922222,26->17
6,6,8,2,39,"(11, 16, 18, 20, 24, 26)",1,701,probe_repair,"[15, 80, 105, 110, 135, 160, 175, 190, 195, 240, 260, 290, 310, 355, 365]",0.00000000,"[0.00000000, 0.00000000, 0.00000000, 0.00000000, 0.00000000, 0.00000000]",0.14400000,0.41513889,7->26
6,6,8,2,39,"(11, 16, 18, 20, 24, 26)",2,1552,probe_repair,"[50, 75, 90, 105, 130, 140, 215, 220, 225, 240, 255, 275, 315, 340, 360]",0.00000000,"[0.00000000, 0.00000000, 0.00000000, 0.00000000, 0.00000000, 0.00000000]",0.16100000,0.44747222,9->11
6,6,8,2,39,"(11, 16, 18, 20, 24, 26)",3,610,probe_repair,"[35, 40, 55, 90, 95, 130, 145, 165, 180, 185, 210, 230, 260, 315, 330]",0.00000000,"[0.00000000, 0.00000000, 0.00000000, 0.00000000, 0.00000000, 0.00000000]",0.22500000,0.44491667,28->18
6,6,8,2,39,"(11, 16, 18, 20, 24, 26)",4,760,probe_repair,"[40, 100, 125, 140, 170, 180, 210, 230, 250, 270, 275, 285, 350, 355, 360]",0.00000000,"[0.00000000, 0.00000000, 0.00000000, 0.00000000, 0.00000000, 0.00000000]",0.16900000,0.45208333,28->26
6,6,8,2,39,"(11, 16, 18, 20, 24, 26)",5,55,probe_repair,"[15, 25, 90, 95, 100, 120, 130, 195, 200, 210, 235, 245, 280, 300, 320]",0.00000000,"[0.00000000, 0.00000000, 0.00000000, 0.00000000, 0.00000000, 0.00000000]",0.13800000,0.45083333,21->20
6,6,8,2,39,"(11, 16, 18, 20, 24, 26)",6,1234,probe_repair,"[15, 30, 65, 105, 140, 170, 190, 200, 265, 275, 295, 305, 315, 335, 360]",0.00000000,"[0.00000000, 0.00000000, 0.00000000, 0.00000000, 0.00000000, 0.00000000]",0.31000000,0.45769444,27->26
6,6,8,2,39,"(11, 16, 18, 20, 24, 26)",7,1088,probe_repair,"[5, 65, 100, 120, 145, 170, 175, 185, 200, 235, 265, 285, 345, 360, 365]",0.00000000,"[0.00000000, 0.00000000, 0.00000000, 0.00000000, 0.00000000, 0.00000000]",0.06200000,0.45477778,9->11
6,6,8,2,39,"(11, 16, 18, 20, 24, 26)",8,532,probe_repair,"[10, 35, 65, 115, 150, 170, 180, 195, 200, 295, 300, 315, 320, 325, 350]",0.00000000,"[0.00000000, 0.00000000, 0.00000000, 0.00000000, 0.00000000, 0.00000000]",0.16400000,0.45011111,22->26
6,6,8,2,39,"(11, 16, 18, 20, 24, 26)",9,1166,probe_repair,"[25, 85, 90, 100, 110, 135, 170, 220, 255, 270, 275, 310, 325, 345, 355]",0.00000000,"[0.00000000, 0.00000000, 0.00000000, 0.00000000, 0.00000000, 0.00000000]",0.11500000,0.45386111,7->26
6,6,8,2,39,"(11, 16, 18, 20, 24, 26)",10,1091,probe_repair,"[5, 65, 100, 120, 145, 170, 175, 185, 200, 235, 265, 285, 345, 360, 365]",0.00000000,"[0.00000000, 0.00000000, 0.00000000, 0.00000000, 0.00000000, 0.00000000]",0.08000000,0.45513889,9->11
6,6,8,2,40,"(1, 2, 4, 15, 16, 26)",1,542,probe_repair,"[50, 90, 95, 135, 185, 200, 210, 245, 265, 275, 280, 290, 295, 355, 360]",0.00000000,"[0.00000000, 0.00000000, 0.00000000, 0.00000000, 0.00000000, 0.00000000]",0.20000000,0.45015385,11->16
6,6,8,2,40,"(1, 2, 4, 15, 16, 26)",2,24,probe_repair,"[30, 35, 45, 115, 130, 155, 185, 200, 230, 245, 265, 325, 330, 335, 355]",0.00000000,"[0.00000000, 0.00000000, 0.00000000, 0.00000000, 0.00000000, 0.00000000]",0.26400000,0.44861538,9->15
6,6,8,2,40,"(1, 2, 4, 15, 16, 26)",3,47,probe_repair,"[15, 80, 85, 130, 140, 150, 155, 210, 260, 265, 295, 305, 320, 330, 360]",0.00000000,"[0.00000000, 0.00000000, 0.00000000, 0.00000000, 0.00000000, 0.00000000]",0.10400000,0.44302564,20->16
6,6,8,2,40,"(1, 2, 4, 15, 16, 26)",4,592,probe_repair,"[30, 45, 90, 120, 150, 155, 185, 190, 200, 205, 225, 235, 275, 280, 340]",0.00000000,"[0.00000000, 0.00000000, 0.00000000, 0.00000000, 0.00000000, 0.00000000]",0.28500000,0.44951282,17->1
6,6,8,2,40,"(1, 2, 4, 15, 16, 26)",5,289,probe_repair,"[30, 50, 65, 70, 175, 200, 210, 265, 275, 285, 290, 305, 325, 330, 350]",0.00000000,"[0.00000000, 0.00000000, 0.00000000, 0.00000000, 0.00000000, 0.00000000]",0.17200000,0.44553846,20->16
6,6,8,2,40,"(1, 2, 4, 15, 16, 26)",6,290,probe_repair,"[30, 50, 65, 70, 175, 200, 210, 265, 275, 285, 290, 305, 325, 330, 350]",0.00000000,"[0.00000000, 0.00000000, 0.00000000, 0.00000000, 0.00000000, 0.00000000]",0.25700000,0.44912821,24->16
6,6,8,2,40,"(1, 2, 4, 15, 16, 26)",7,476,probe_repair,"[10, 40, 45, 60, 95, 135, 150, 240, 245, 260, 275, 280, 320, 335, 360]",0.00000000,"[0.00000000, 0.00000000, 0.00000000, 0.00000000, 0.00000000, 0.00000000]",0.24600000,0.45612821,17->4
6,6,8,2,40,"(1, 2, 4, 15, 16, 26)",8,52,probe_repair,"[15, 80, 85, 130, 140, 150, 155, 210, 260, 265, 295, 305, 320, 330, 360]",0.00000000,"[0.00000000, 0.00000000, 0.00000000, 0.00000000, 0.00000000, 0.00000000]",0.07800000,0.44100000,20->16
6,6,8,2,40,"(1, 2, 4, 15, 16, 26)",9,287,probe_repair,"[30, 50, 65, 70, 175, 200, 210, 265, 275, 285, 290, 305, 325, 330, 350]",0.00000000,"[0.00000000, 0.00000000, 0.00000000, 0.00000000, 0.00000000, 0.00000000]",0.22200000,0.44566667,24->16
6,6,8,2,40,"(1, 2, 4, 15, 16, 26)",10,70,probe_repair,"[5, 15, 25, 50, 60, 85, 95, 155, 160, 170, 230, 235, 290, 295, 345]",0.00000000,"[0.00000000, 0.00000000, 0.00000000, 0.00000000, 0.00000000, 0.00000000]",0.26100000,0.44387179,18->1
6,6,8,2,41,"(7, 11, 16, 24, 25, 28)",1,1169,probe_repair,"[20, 35, 50, 60, 115, 130, 145, 240, 250, 260, 305, 320, 330, 340, 365]",0.00000000,"[0.00000000, 0.00000000, 0.00000000, 0.00000000, 0.00000000, 0.00000000]",0.18300000,0.45491667,27->24
6,6,8,2,41,"(7, 11, 16, 24, 25, 28)",2,1053,probe_repair,"[5, 20, 30, 40, 60, 80, 85, 90, 140, 170, 175, 195, 230, 255, 280]",0.00000000,"[0.00000000, 0.00000000, 0.00000000, 0.00000000, 0.00000000, 0.00000000]",0.00000000,0.41747222,2->28
6,6,8,2,41,"(7, 11, 16, 24, 25, 28)",3,194,probe_repair,"[5, 80, 130, 140, 160, 170, 175, 180, 185, 205, 220, 225, 300, 320, 365]",0.00000000,"[0.00000000, 0.00000000, 0.00000000, 0.00000000, 0.00000000, 0.00000000]",0.19500000,0.46163889,21->11
6,6,8,2,41,"(7, 11, 16, 24, 25, 28)",4,1315,probe_repair,"[30, 35, 85, 165, 175, 220, 225, 280, 285, 300, 305, 315, 325, 350, 355]",0.00000000,"[0.00000000, 0.00000000, 0.00000000, 0.00000000, 0.00000000, 0.00000000]",0.15200000,0.44311111,21->11
6,6,8,2,41,"(7, 11, 16, 24, 25, 28)",5,1054,probe_repair,"[5, 20, 30, 40, 60, 80, 85, 90, 140, 170, 175, 195, 230, 255, 280]",0.00000000,"[0.00000000, 0.00000000, 0.00000000, 0.00000000, 0.00000000, 0.00000000]",0.19300000,0.44386111,2->28
6,6,8,2,41,"(7, 11, 16, 24, 25, 28)",6,967,probe_repair,"[15, 55, 80, 100, 110, 125, 150, 155, 190, 200, 205, 250, 290, 330, 360]",0.00000000,"[0.00000000, 0.00000000, 0.00000000, 0.00000000, 0.00000000, 0.00000000]",0.15800000,0.44938889,17->11
6,6,8,2,41,"(7, 11, 16, 24, 25, 28)",7,734,probe_repair,"[10, 40, 55, 70, 130, 135, 140, 180, 190, 305, 310, 320, 325, 340, 360]",0.00000000,"[0.00000000, 0.00000000, 0.00000000, 0.00000000, 0.00000000, 0.00000000]",0.28100000,0.45316667,17->7
6,6,8,2,41,"(7, 11, 16, 24, 25, 28)",8,810,probe_repair,"[80, 145, 155, 170, 180, 185, 190, 240, 250, 255, 260, 270, 310, 315, 340]",0.00000000,"[0.00000000, 0.00000000, 0.00000000, 0.00000000, 0.00000000, 0.00000000]",0.25800000,0.45277778,6->11
6,6,8,2,41,"(7, 11, 16, 24, 25, 28)",9,437,probe_repair,"[25, 35, 40, 60, 110, 115, 120, 150, 190, 200, 270, 280, 320, 340, 355]",0.00000000,"[0.00000000, 0.00000000, 0.00000000, 0.00000000, 0.00000000, 0.00000000]",0.21700000,0.42733333,6->7
6,6,8,2,41,"(7, 11, 16, 24, 25, 28)",10,1452,probe_repair,"[5, 10, 50, 95, 100, 110, 155, 165, 185, 190, 230, 245, 305, 315, 335]",0.00000000,"[0.00000000, 0.00000000, 0.00000000, 0.00000000, 0.00000000, 0.00000000]",0.20700000,0.44758333,17->24
6,6,8,2,42,"(2, 6, 9, 21, 24, 26)",1,1060,probe_repair,"[20, 40, 45, 50, 85, 155, 160, 245, 250, 330, 335, 340, 345, 360, 365]",0.00000000,"[0.00000000, 0.00000000, 0.00000000, 0.00000000, 0.00000000, 0.00000000]",0.19200000,0.44386111,18->26
6,6,8,2,42,"(2, 6, 9, 21, 24, 26)",2,931,probe_repair,"[15, 20, 35, 110, 125, 135, 145, 170, 180, 205, 230, 275, 320, 340, 355]",0.00000000,"[0.00000000, 0.00000000, 0.00000000, 0.00000000, 0.00000000, 0.00000000]",0.31800000,0.45175000,11->6
6,6,8,2,42,"(2, 6, 9, 21, 24, 26)",3,304,probe_repair,"[5, 45, 65, 120, 145, 150, 170, 180, 215, 220, 230, 240, 250, 275, 310]",0.00000000,"[0.00000000, 0.00000000, 0.00000000, 0.00000000, 0.00000000, 0.00000000]",0.18600000,0.44711111,17->24
6,6,8,2,42,"(2, 6, 9, 21, 24, 26)",4,1263,probe_repair,"[10, 20, 40, 50, 90, 95, 100, 110, 170, 235, 255, 260, 265, 300, 345]",0.00000000,"[0.00000000, 0.00000000, 0.00000000, 0.00000000, 0.00000000, 0.00000000]",0.18200000,0.45969444,18->26
6,6,8,2,42,"(2, 6, 9, 21, 24, 26)",5,798,probe_repair,"[10, 15, 25, 80, 95, 100, 105, 115, 120, 145, 175, 200, 230, 325, 345]",0.00000000,"[0.00000000, 0.00000000, 0.00000000, 0.00000000, 0.00000000, 0.00000000]",0.23900000,0.45450000,18->9
6,6,8,2,42,"(2, 6, 9, 21, 24, 26)",6,389,probe_repair,"[30, 70, 115, 120, 175, 195, 205, 210, 225, 260, 265, 270, 275, 290, 365]",0.00000000,"[0.00000000, 0.00000000, 0.00000000, 0.00000000, 0.00000000, 0.00000000]",0.09900000,0.42144444,16->24
6,6,8,2,42,"(2, 6, 9, 21, 24, 26)",7,739,probe_repair,"[5, 10, 35, 40, 50, 80, 110, 130, 135, 150, 165, 180, 185, 220, 335]",0.00000000,"[0.00000000, 0.00000000, 0.00000000, 0.00000000, 0.00000000, 0.00000000]",0.27100000,0.44808333,27->21
6,6,8,2,42,"(2, 6, 9, 21, 24, 26)",8,1565,probe_repair,"[10, 25, 45, 50, 65, 75, 90, 125, 280, 290, 295, 340, 350, 355, 365]",0.00000000,"[0.00000000, 0.00000000, 0.00000000, 0.00000000, 0.00000000, 0.00000000]",0.14900000,0.43216667,7->9
6,6,8,2,42,"(2, 6, 9, 21, 24, 26)",9,800,probe_repair,"[10, 15, 25, 80, 95, 100, 105, 115, 120, 145, 175, 200, 230, 325, 345]",0.00000000,"[0.00000000, 0.00000000, 0.00000000, 0.00000000, 0.00000000, 0.00000000]",0.17400000,0.45050000,18->9
6,6,8,2,42,"(2, 6, 9, 21, 24, 26)",10,908,probe_repair,"[5, 25, 35, 75, 115, 150, 165, 180, 195, 220, 250, 260, 265, 295, 320]",0.00000000,"[0.00000000, 0.00000000, 0.00000000, 0.00000000, 0.00000000, 0.00000000]",0.14700000,0.45311111,16->2
6,6,8,2,43,"(2, 6, 11, 18, 24, 25)",1,74,probe_repair,"[5, 40, 50, 60, 120, 135, 145, 180, 210, 220, 235, 255, 260, 350, 360]",0.00000000,"[0.00000000, 0.00000000, 0.00000000, 0.00000000, 0.00000000, 0.00000000]",0.25600000,0.45341667,22->24
6,6,8,2,43,"(2, 6, 11, 18, 24, 25)",2,355,probe_repair,"[30, 45, 55, 80, 105, 165, 200, 245, 255, 270, 275, 305, 320, 345, 350]",0.00000000,"[0.00000000, 0.00000000, 0.00000000, 0.00000000, 0.00000000, 0.00000000]",0.06700000,0.44908333,22->11
6,6,8,2,43,"(2, 6, 11, 18, 24, 25)",3,1370,probe_repair,"[45, 60, 65, 100, 140, 145, 185, 225, 235, 260, 275, 280, 285, 295, 330]",0.00000000,"[0.00000000, 0.00000000, 0.00000000, 0.00000000, 0.00000000, 0.00000000]",0.23000000,0.44888889,7->6
6,6,8,2,43,"(2, 6, 11, 18, 24, 25)",4,1265,probe_repair,"[5, 15, 25, 55, 65, 145, 160, 180, 190, 195, 225, 290, 295, 320, 355]",0.00000000,"[0.00000000, 0.00000000, 0.00000000, 0.00000000, 0.00000000, 0.00000000]",0.14900000,0.45363889,17->6
6,6,8,2,43,"(2, 6, 11, 18, 24, 25)",5,1582,probe_repair,"[5, 50, 65, 80, 85, 100, 115, 120, 145, 205, 230, 260, 275, 300, 360]",0.00000000,"[0.00000000, 0.00000000, 0.00000000, 0.00000000, 0.00000000, 0.00000000]",0.24000000,0.45402778,16->6
6,6,8,2,43,"(2, 6, 11, 18, 24, 25)",6,947,probe_repair,"[35, 65, 125, 145, 155, 160, 165, 175, 260, 265, 275, 310, 320, 355, 365]",0.00000000,"[0.00000000, 0.00000000, 0.00000000, 0.00000000, 0.00000000, 0.00000000]",0.09900000,0.45141667,15->18
6,6,8,2,43,"(2, 6, 11, 18, 24, 25)",7,1147,probe_repair,"[5, 30, 40, 50, 60, 80, 85, 160, 170, 235, 265, 310, 315, 325, 360]",0.00000000,"[0.00000000, 0.00000000, 0.00000000, 0.00000000, 0.00000000, 0.00000000]",0.30700000,0.46750000,26->11
6,6,8,2,43,"(2, 6, 11, 18, 24, 25)",8,616,probe_repair,"[5, 20, 35, 80, 120, 130, 145, 155, 165, 180, 220, 235, 265, 300, 355]",0.00000000,"[0.00000000, 0.00000000, 0.00000000, 0.00000000, 0.00000000, 0.00000000]",0.10600000,0.44058333,17->25
6,6,8,2,43,"(2, 6, 11, 18, 24, 25)",9,880,probe_repair,"[5, 35, 65, 125, 135, 170, 180, 195, 230, 235, 250, 260, 265, 320, 350]",0.00000000,"[0.00000000, 0.00000000, 0.00000000, 0.00000000, 0.00000000, 0.00000000]",0.25700000,0.44908333,20->18
6,6,8,2,43,"(2, 6, 11, 18, 24, 25)",10,211,probe_repair,"[30, 35, 75, 90, 95, 110, 155, 160, 190, 200, 235, 245, 255, 280, 290]",0.00000000,"[0.00000000, 0.00000000, 0.00000000, 0.00000000, 0.00000000, 0.00000000]",0.11800000,0.44552778,21->18
6,6,8,2,44,"(9, 15, 18, 22, 26, 28)",1,625,probe_repair,"[20, 110, 115, 180, 195, 200, 205, 210, 240, 250, 275, 285, 330, 345, 365]",0.00000000,"[0.00000000, 0.00000000, 0.00000000, 0.00000000, 0.00000000, 0.00000000]",0.28300000,0.45477778,4->28
6,6,8,2,44,"(9, 15, 18, 22, 26, 28)",2,990,probe_repair,"[20, 25, 30, 40, 60, 75, 100, 120, 125, 145, 165, 200, 280, 315, 365]",0.00000000,"[0.00000000, 0.00000000, 0.00000000, 0.00000000, 0.00000000, 0.00000000]",0.21500000,0.44794444,21->18
6,6,8,2,44,"(9, 15, 18, 22, 26, 28)",3,929,probe_repair,"[30, 45, 60, 110, 120, 125, 165, 170, 210, 230, 245, 250, 260, 280, 305]",0.00000000,"[0.00000000, 0.00000000, 0.00000000, 0.00000000, 0.00000000, 0.00000000]",0.26000000,0.46136111,25->18
6,6,8,2,44,"(9, 15, 18, 22, 26, 28)",4,1122,probe_repair,"[10, 30, 55, 80, 115, 150, 165, 195, 205, 220, 275, 295, 325, 335, 360]",0.00000000,"[0.00000000, 0.00000000, 0.00000000, 0.00000000, 0.00000000, 0.00000000]",0.25900000,0.44780556,16->9
6,6,8,2,44,"(9, 15, 18, 22, 26, 28)",5,405,probe_repair,"[40, 50, 110, 120, 140, 145, 165, 210, 225, 240, 265, 275, 290, 325, 345]",0.00000000,"[0.00000000, 0.00000000, 0.00000000, 0.00000000, 0.00000000, 0.00000000]",0.13600000,0.41900000,20->9
6,6,8,2,44,"(9, 15, 18, 22, 26, 28)",6,1448,probe_repair,"[40, 50, 55, 70, 90, 100, 125, 145, 165, 170, 200, 255, 270, 325, 345]",0.00000000,"[0.00000000, 0.00000000, 0.00000000, 0.00000000, 0.00000000, 0.00000000]",0.06500000,0.44719444,7->26
6,6,8,2,44,"(9, 15, 18, 22, 26, 28)",7,889,probe_repair,"[20, 40, 65, 80, 90, 130, 135, 170, 205, 215, 265, 280, 320, 350, 355]",0.00000000,"[0.00000000, 0.00000000, 0.00000000, 0.00000000, 0.00000000, 0.00000000]",0.22200000,0.45022222,17->22
6,6,8,2,44,"(9, 15, 18, 22, 26, 28)",8,1257,probe_repair,"[25, 30, 35, 40, 55, 90, 105, 110, 185, 195, 205, 270, 290, 340, 350]",0.00000000,"[0.00000000, 0.00000000, 0.00000000, 0.00000000, 0.00000000, 0.00000000]",0.23600000,0.44675000,25->9
6,6,8,2,44,"(9, 15, 18, 22, 26, 28)",9,63,probe_repair,"[30, 40, 45, 75, 120, 125, 135, 155, 195, 245, 270, 290, 310, 320, 355]",0.00000000,"[0.00000000, 0.00000000, 0.00000000, 0.00000000, 0.00000000, 0.00000000]",0.18900000,0.45675000,27->15
6,6,8,2,44,"(9, 15, 18, 22, 26, 28)",10,455,probe_repair,"[5, 15, 35, 55, 75, 105, 130, 140, 235, 240, 255, 275, 285, 305, 360]",0.00000000,"[0.00000000, 0.00000000, 0.00000000, 0.00000000, 0.00000000, 0.00000000]",0.18600000,0.45316667,4->15
6,6,8,2,45,"(5, 7, 16, 21, 22, 26)",1,329,probe_repair,"[20, 45, 60, 65, 75, 110, 155, 200, 235, 245, 255, 260, 285, 300, 345]",0.00000000,"[0.00000000, 0.00000000, 0.00000000, 0.00000000, 0.00000000, 0.00000000]",0.16300000,0.44079487,9->26
6,6,8,2,45,"(5, 7, 16, 21, 22, 26)",2,463,probe_repair,"[25, 30, 35, 40, 95, 100, 125, 170, 180, 240, 255, 260, 280, 355, 365]",0.00000000,"[0.00000000, 0.00000000, 0.00000000, 0.00000000, 0.00000000, 0.00000000]",0.32000000,0.45174359,18->21
6,6,8,2,45,"(5, 7, 16, 21, 22, 26)",3,194,probe_repair,"[50, 85, 90, 105, 155, 170, 175, 200, 225, 245, 275, 280, 300, 325, 360]",0.00000000,"[0.00000000, 0.00000000, 0.00000000, 0.00000000, 0.00000000, 0.00000000]",0.16100000,0.44458974,24->5
6,6,8,2,45,"(5, 7, 16, 21, 22, 26)",4,423,probe_repair,"[10, 20, 75, 85, 90, 135, 155, 160, 190, 225, 260, 275, 290, 325, 330]",0.00000000,"[0.00000000, 0.00000000, 0.00000000, 0.00000000, 0.00000000, 0.00000000]",0.13900000,0.44905128,25->26
6,6,8,2,45,"(5, 7, 16, 21, 22, 26)",5,562,probe_repair,"[5, 80, 90, 95, 160, 170, 180, 190, 210, 225, 260, 280, 285, 290, 330]",0.00000000,"[0.00000000, 0.00000000, 0.00000000, 0.00000000, 0.00000000, 0.00000000]",0.12800000,0.45453846,24->21
6,6,8,2,45,"(5, 7, 16, 21, 22, 26)",6,560,probe_repair,"[5, 80, 90, 95, 160, 170, 180, 190, 210, 225, 260, 280, 285, 290, 330]",0.00000000,"[0.00000000, 0.00000000, 0.00000000, 0.00000000, 0.00000000, 0.00000000]",0.17900000,0.45256410,24->21
6,6,8,2,45,"(5, 7, 16, 21, 22, 26)",7,330,probe_repair,"[20, 45, 60, 65, 75, 110, 155, 200, 235, 245, 255, 260, 285, 300, 345]",0.00000000,"[0.00000000, 0.00000000, 0.00000000, 0.00000000, 0.00000000, 0.00000000]",0.14800000,0.44461538,9->26
6,6,8,2,45,"(5, 7, 16, 21, 22, 26)",8,297,probe_repair,"[80, 85, 105, 125, 130, 135, 140, 160, 165, 180, 220, 225, 265, 270, 300]",0.00000000,"[0.00000000, 0.00000000, 0.00000000, 0.00000000, 0.00000000, 0.00000000]",0.24200000,0.45164103,11->21
6,6,8,2,45,"(5, 7, 16, 21, 22, 26)",9,466,probe_repair,"[25, 30, 35, 40, 95, 100, 125, 170, 180, 240, 255, 260, 280, 355, 365]",0.00000000,"[0.00000000, 0.00000000, 0.00000000, 0.00000000, 0.00000000, 0.00000000]",0.25000000,0.45582051,18->21
6,6,8,2,45,"(5, 7, 16, 21, 22, 26)",10,428,probe_repair,"[10, 20, 75, 85, 90, 135, 155, 160, 190, 225, 260, 275, 290, 325, 330]",0.00000000,"[0.00000000, 0.00000000, 0.00000000, 0.00000000, 0.00000000, 0.00000000]",0.17300000,0.44566667,25->26
6,6,8,2,46,"(2, 15, 17, 22, 24, 26)",1,423,probe_repair,"[10, 60, 65, 75, 110, 115, 155, 185, 195, 215, 230, 285, 305, 310, 320]",0.00000000,"[0.00000000, 0.00000000, 0.00000000, 0.00000000, 0.00000000, 0.00000000]",0.30400000,0.45880556,16->15
6,6,8,2,46,"(2, 15, 17, 22, 24, 26)",2,1521,probe_repair,"[75, 100, 150, 165, 195, 200, 205, 215, 250, 275, 290, 295, 320, 330, 335]",0.00000000,"[0.00000000, 0.00000000, 0.00000000, 0.00000000, 0.00000000, 0.00000000]",0.24000000,0.45430556,27->15
6,6,8,2,46,"(2, 15, 17, 22, 24, 26)",3,426,probe_repair,"[10, 60, 65, 75, 110, 115, 155, 185, 195, 215, 230, 285, 305, 310, 320]",0.00000000,"[0.00000000, 0.00000000, 0.00000000, 0.00000000, 0.00000000, 0.00000000]",0.30900000,0.45483333,16->15
6,6,8,2,46,"(2, 15, 17, 22, 24, 26)",4,478,probe_repair,"[35, 45, 55, 90, 95, 115, 205, 260, 285, 305, 315, 330, 345, 360, 365]",0.00000000,"[0.00000000, 0.00000000, 0.00000000, 0.00000000, 0.00000000, 0.00000000]",0.21100000,0.45844444,6->22
6,6,8,2,46,"(2, 15, 17, 22, 24, 26)",5,335,probe_repair,"[50, 60, 75, 135, 145, 160, 165, 200, 205, 225, 270, 275, 305, 340, 355]",0.00000000,"[0.00000000, 0.00000000, 0.00000000, 0.00000000, 0.00000000, 0.00000000]",0.29600000,0.45722222,28->24
6,6,8,2,46,"(2, 15, 17, 22, 24, 26)",6,1111,probe_repair,"[40, 50, 55, 135, 150, 155, 160, 170, 175, 180, 250, 265, 270, 305, 315]",0.00000000,"[0.00000000, 0.00000000, 0.00000000, 0.00000000, 0.00000000, 0.00000000]",0.24500000,0.46225000,21->22
6,6,8,2,46,"(2, 15, 17, 22, 24, 26)",7,514,probe_repair,"[10, 20, 25, 90, 135, 140, 190, 220, 240, 265, 270, 295, 315, 320, 365]",0.00000000,"[0.00000000, 0.00000000, 0.00000000, 0.00000000, 0.00000000, 0.00000000]",0.22200000,0.45736111,7->15
6,6,8,2,46,"(2, 15, 17, 22, 24, 26)",8,67,probe_repair,"[55, 60, 65, 90, 100, 145, 180, 210, 230, 265, 280, 305, 315, 335, 355]",0.00000000,"[0.00000000, 0.00000000, 0.00000000, 0.00000000, 0.00000000, 0.00000000]",0.14800000,0.44161111,21->15
6,6,8,2,46,"(2, 15, 17, 22, 24, 26)",9,1470,probe_repair,"[75, 120, 130, 145, 200, 250, 275, 305, 310, 315, 325, 330, 335, 355, 365]",0.00000000,"[0.00000000, 0.00000000, 0.00000000, 0.00000000, 0.00000000, 0.00000000]",0.09800000,0.45622222,25->2
6,6,8,2,46,"(2, 15, 17, 22, 24, 26)",10,1116,probe_repair,"[40, 50, 55, 135, 150, 155, 160, 170, 175, 180, 250, 265, 270, 305, 315]",0.00000000,"[0.00000000, 0.00000000, 0.00000000, 0.00000000, 0.00000000, 0.00000000]",0.22600000,0.45633333,18->26
6,6,8,2,47,"(11, 16, 17, 20, 24, 27)",1,796,probe_repair,"[10, 20, 65, 85, 115, 130, 165, 175, 190, 200, 240, 245, 280, 330, 340]",0.00000000,"[0.00000000, 0.00000000, 0.00000000, 0.00000000, 0.00000000, 0.00000000]",0.33500000,0.45680556,18->20
6,6,8,2,47,"(11, 16, 17, 20, 24, 27)",2,471,probe_repair,"[15, 30, 40, 75, 115, 125, 135, 170, 190, 210, 235, 245, 265, 270, 295]",0.00000000,"[0.00000000, 0.00000000, 0.00000000, 0.00000000, 0.00000000, 0.00000000]",0.17500000,0.45033333,21->24
6,6,8,2,47,"(11, 16, 17, 20, 24, 27)",3,1059,probe_repair,"[30, 40, 45, 85, 100, 170, 180, 185, 205, 210, 255, 295, 315, 335, 355]",0.00000000,"[0.00000000, 0.00000000, 0.00000000, 0.00000000, 0.00000000, 0.00000000]",0.26500000,0.45833333,7->20
6,6,8,2,47,"(11, 16, 17, 20, 24, 27)",4,1400,probe_repair,"[20, 75, 110, 120, 130, 135, 225, 250, 255, 265, 290, 310, 315, 335, 340]",0.00000000,"[0.00000000, 0.00000000, 0.00000000, 0.00000000, 0.00000000, 0.00000000]",0.23600000,0.45441667,25->20
6,6,8,2,47,"(11, 16, 17, 20, 24, 27)",5,1094,probe_repair,"[5, 65, 75, 130, 145, 150, 170, 175, 195, 205, 215, 220, 270, 320, 360]",0.00000000,"[0.00000000, 0.00000000, 0.00000000, 0.00000000, 0.00000000, 0.00000000]",0.20200000,0.45038889,21->11
6,6,8,2,47,"(11, 16, 17, 20, 24, 27)",6,621,probe_repair,"[15, 45, 95, 200, 210, 230, 235, 240, 245, 255, 295, 315, 345, 355, 360]",0.00000000,"[0.00000000, 0.00000000, 0.00000000, 0.00000000, 0.00000000, 0.00000000]",0.08000000,0.41630556,15->17
6,6,8,2,47,"(11, 16, 17, 20, 24, 27)",7,795,probe_repair,"[10, 20, 65, 85, 115, 130, 165, 175, 190, 200, 240, 245, 280, 330, 340]",0.00000000,"[0.00000000, 0.00000000, 0.00000000, 0.00000000, 0.00000000, 0.00000000]",0.28200000,0.45772222,9->20
6,6,8,2,47,"(11, 16, 17, 20, 24, 27)",8,1519,probe_repair,"[20, 45, 55, 90, 105, 110, 160, 180, 195, 225, 240, 250, 315, 345, 365]",0.00000000,"[0.00000000, 0.00000000, 0.00000000, 0.00000000, 0.00000000, 0.00000000]",0.14200000,0.44827778,15->27
6,6,8,2,47,"(11, 16, 17, 20, 24, 27)",9,1100,probe_repair,"[5, 65, 75, 130, 145, 150, 170, 175, 195, 205, 215, 220, 270, 320, 360]",0.00000000,"[0.00000000, 0.00000000, 0.00000000, 0.00000000, 0.00000000, 0.00000000]",0.24600000,0.46027778,22->17
6,6,8,2,47,"(11, 16, 17, 20, 24, 27)",10,602,probe_repair,"[25, 50, 55, 65, 80, 90, 115, 170, 205, 245, 265, 290, 315, 345, 355]",0.00000000,"[0.00000000, 0.00000000, 0.00000000, 0.00000000, 0.00000000, 0.00000000]",0.09800000,0.45325000,22->16
6,6,8,2,48,"(2, 4, 15, 16, 24, 26)",1,149,probe_repair,"[10, 55, 65, 90, 100, 105, 115, 150, 160, 185, 190, 230, 285, 345, 355]",0.00000000,"[0.00000000, 0.00000000, 0.00000000, 0.00000000, 0.00000000, 0.00000000]",0.00000000,0.43505556,6->26
6,6,8,2,48,"(2, 4, 15, 16, 24, 26)",2,361,probe_repair,"[35, 40, 65, 105, 110, 145, 160, 180, 190, 200, 235, 265, 325, 330, 345]",0.00000000,"[0.00000000, 0.00000000, 0.00000000, 0.00000000, 0.00000000, 0.00000000]",0.15200000,0.44716667,9->24
6,6,8,2,48,"(2, 4, 15, 16, 24, 26)",3,232,probe_repair,"[20, 95, 115, 135, 155, 175, 180, 200, 225, 245, 280, 285, 310, 315, 355]",0.00000000,"[0.00000000, 0.00000000, 0.00000000, 0.00000000, 0.00000000, 0.00000000]",0.28000000,0.44766667,17->4
6,6,8,2,48,"(2, 4, 15, 16, 24, 26)",4,1231,probe_repair,"[30, 35, 45, 65, 70, 75, 100, 125, 190, 220, 225, 240, 285, 305, 355]",0.00000000,"[0.00000000, 0.00000000, 0.00000000, 0.00000000, 0.00000000, 0.00000000]",0.10400000,0.43983333,6->26
6,6,8,2,48,"(2, 4, 15, 16, 24, 26)",5,52,probe_repair,"[5, 45, 65, 85, 135, 140, 150, 185, 190, 205, 240, 255, 260, 305, 310]",0.00000000,"[0.00000000, 0.00000000, 0.00000000, 0.00000000, 0.00000000, 0.00000000]",0.24000000,0.45875000,9->16
6,6,8,2,48,"(2, 4, 15, 16, 24, 26)",6,806,probe_repair,"[15, 50, 80, 85, 90, 95, 100, 120, 135, 140, 150, 185, 295, 335, 360]",0.00000000,"[0.00000000, 0.00000000, 0.00000000, 0.00000000, 0.00000000, 0.00000000]",0.26300000,0.45102778,25->15
6,6,8,2,48,"(2, 4, 15, 16, 24, 26)",7,984,probe_repair,"[70, 80, 85, 115, 170, 175, 185, 195, 220, 240, 245, 270, 315, 355, 365]",0.00000000,"[0.00000000, 0.00000000, 0.00000000, 0.00000000, 0.00000000, 0.00000000]",0.15700000,0.45469444,22->16
6,6,8,2,48,"(2, 4, 15, 16, 24, 26)",8,1314,probe_repair,"[20, 70, 95, 110, 115, 125, 140, 175, 200, 260, 270, 305, 315, 330, 335]",0.00000000,"[0.00000000, 0.00000000, 0.00000000, 0.00000000, 0.00000000, 0.00000000]",0.13700000,0.45122222,17->16
6,6,8,2,48,"(2, 4, 15, 16, 24, 26)",9,456,probe_repair,"[30, 90, 120, 175, 185, 190, 195, 210, 225, 240, 255, 270, 290, 340, 345]",0.00000000,"[0.00000000, 0.00000000, 0.00000000, 0.00000000, 0.00000000, 0.00000000]",0.08700000,0.44613889,27->4
6,6,8,2,48,"(2, 4, 15, 16, 24, 26)",10,807,probe_repair,"[15, 50, 80, 85, 90, 95, 100, 120, 135, 140, 150, 185, 295, 335, 360]",0.00000000,"[0.00000000, 0.00000000, 0.00000000, 0.00000000, 0.00000000, 0.00000000]",0.26700000,0.44986111,17->16
6,6,8,2,49,"(1, 4, 6, 15, 26, 28)",1,332,probe_repair,"[40, 50, 75, 90, 100, 115, 125, 130, 135, 190, 250, 275, 325, 335, 345]",0.00000000,"[0.00000000, 0.00000000, 0.00000000, 0.00000000, 0.00000000, 0.00000000]",0.23600000,0.45657692,21->15
6,6,8,2,49,"(1, 4, 6, 15, 26, 28)",2,494,probe_repair,"[30, 40, 45, 75, 85, 90, 125, 175, 200, 235, 290, 295, 325, 345, 355]",0.00000000,"[0.00000000, 0.00000000, 0.00000000, 0.00000000, 0.00000000, 0.00000000]",0.20300000,0.44596154,17->1
6,6,8,2,49,"(1, 4, 6, 15, 26, 28)",3,512,probe_repair,"[15, 60, 65, 105, 120, 125, 145, 185, 240, 265, 295, 320, 325, 330, 335]",0.00000000,"[0.00000000, 0.00000000, 0.00000000, 0.00000000, 0.00000000, 0.00000000]",0.17200000,0.44747436,20->26
6,6,8,2,49,"(1, 4, 6, 15, 26, 28)",4,497,probe_repair,"[30, 40, 45, 75, 85, 90, 125, 175, 200, 235, 290, 295, 325, 345, 355]",0.00000000,"[0.00000000, 0.00000000, 0.00000000, 0.00000000, 0.00000000, 0.00000000]",0.18300000,0.44455128,22->26
6,6,8,2,49,"(1, 4, 6, 15, 26, 28)",5,34,probe_repair,"[30, 50, 65, 70, 80, 90, 110, 140, 145, 195, 200, 210, 220, 325, 345]",0.00000000,"[0.00000000, 0.00000000, 0.00000000, 0.00000000, 0.00000000, 0.00000000]",0.26900000,0.45762821,17->1
6,6,8,2,49,"(1, 4, 6, 15, 26, 28)",6,524,probe_repair,"[45, 55, 65, 90, 105, 135, 140, 180, 200, 205, 220, 255, 265, 345, 355]",0.00000000,"[0.00000000, 0.00000000, 0.00000000, 0.00000000, 0.00000000, 0.00000000]",0.26300000,0.45450000,16->6
6,6,8,2,49,"(1, 4, 6, 15, 26, 28)",7,35,probe_repair,"[30, 50, 65, 70, 80, 90, 110, 140, 145, 195, 200, 210, 220, 325, 345]",0.00000000,"[0.00000000, 0.00000000, 0.00000000, 0.00000000, 0.00000000, 0.00000000]",0.15100000,0.45821795,17->1
6,6,8,2,49,"(1, 4, 6, 15, 26, 28)",8,222,probe_repair,"[15, 25, 40, 50, 60, 75, 110, 125, 145, 155, 160, 185, 235, 305, 355]",0.00000000,"[0.00000000, 0.00000000, 0.00000000, 0.00000000, 0.00000000, 0.00000000]",0.19200000,0.45334615,16->28
6,6,8,2,49,"(1, 4, 6, 15, 26, 28)",9,126,probe_repair,"[25, 50, 75, 85, 110, 135, 140, 280, 285, 300, 305, 310, 335, 350, 365]",0.00000000,"[0.00000000, 0.00000000, 0.00000000, 0.00000000, 0.00000000, 0.00000000]",0.22400000,0.44926923,24->6
6,6,8,2,49,"(1, 4, 6, 15, 26, 28)",10,227,probe_repair,"[15, 25, 40, 50, 60, 75, 110, 125, 145, 155, 160, 185, 235, 305, 355]",0.00000000,"[0.00000000, 0.00000000, 0.00000000, 0.00000000, 0.00000000, 0.00000000]",0.22600000,0.45175641,16->28
6,6,8,2,50,"(4, 7, 11, 21, 25, 28)",1,813,probe_repair,"[40, 45, 85, 150, 160, 175, 240, 245, 255, 265, 280, 305, 310, 340, 360]",0.00000000,"[0.00000000, 0.00000000, 0.00000000, 0.00000000, 0.00000000, 0.00000000]",0.00000000,0.42438889,17->11
6,6,8,2,50,"(4, 7, 11, 21, 25, 28)",2,1006,probe_repair,"[60, 115, 135, 140, 165, 215, 220, 230, 240, 255, 280, 285, 290, 300, 365]",0.00000000,"[0.00000000, 0.00000000, 0.00000000, 0.00000000, 0.00000000, 0.00000000]",0.20000000,0.44197222,6->21
6,6,8,2,50,"(4, 7, 11, 21, 25, 28)",3,281,probe_repair,"[20, 25, 50, 65, 75, 160, 175, 185, 195, 240, 250, 260, 285, 310, 350]",0.00000000,"[0.00000000, 0.00000000, 0.00000000, 0.00000000, 0.00000000, 0.00000000]",0.19200000,0.45691667,24->25
6,6,8,2,50,"(4, 7, 11, 21, 25, 28)",4,148,probe_repair,"[35, 75, 80, 105, 115, 160, 185, 210, 220, 225, 245, 275, 330, 340, 365]",0.00000000,"[0.00000000, 0.00000000, 0.00000000, 0.00000000, 0.00000000, 0.00000000]",0.28400000,0.45500000,18->11
6,6,8,2,50,"(4, 7, 11, 21, 25, 28)",5,77,probe_repair,"[5, 60, 65, 80, 90, 100, 120, 135, 165, 175, 180, 195, 205, 320, 360]",0.00000000,"[0.00000000, 0.00000000, 0.00000000, 0.00000000, 0.00000000, 0.00000000]",0.13400000,0.43355556,17->21
6,6,8,2,50,"(4, 7, 11, 21, 25, 28)",6,366,probe_repair,"[10, 25, 50, 80, 95, 100, 105, 110, 145, 185, 245, 260, 270, 335, 355]",0.00000000,"[0.00000000, 0.00000000, 0.00000000, 0.00000000, 0.00000000, 0.00000000]",0.33500000,0.46436111,17->4
6,6,8,2,50,"(4, 7, 11, 21, 25, 28)",7,1018,probe_repair,"[20, 45, 100, 105, 120, 145, 150, 155, 160, 200, 215, 290, 300, 325, 365]",0.00000000,"[0.00000000, 0.00000000, 0.00000000, 0.00000000, 0.00000000, 0.00000000]",0.13200000,0.44925000,9->25
6,6,8,2,50,"(4, 7, 11, 21, 25, 28)",8,1008,probe_repair,"[60, 115, 135, 140, 165, 215, 220, 230, 240, 255, 280, 285, 290, 300, 365]",0.00000000,"[0.00000000, 0.00000000, 0.00000000, 0.00000000, 0.00000000, 0.00000000]",0.18800000,0.44669444,20->21
6,6,8,2,50,"(4, 7, 11, 21, 25, 28)",9,361,probe_repair,"[20, 45, 55, 80, 175, 195, 210, 220, 245, 250, 275, 280, 290, 305, 340]",0.00000000,"[0.00000000, 0.00000000, 0.00000000, 0.00000000, 0.00000000, 0.00000000]",0.31900000,0.45011111,27->25
6,6,8,2,50,"(4, 7, 11, 21, 25, 28)",10,151,probe_repair,"[15, 95, 100, 120, 140, 145, 190, 220, 225, 250, 295, 320, 335, 340, 360]",0.00000000,"[0.00000000, 0.00000000, 0.00000000, 0.00000000, 0.00000000, 0.00000000]",0.24900000,0.45141667,20->28
6,6,8,2,51,"(6, 7, 11, 24, 26, 28)",1,84,probe_repair,"[10, 15, 50, 65, 70, 75, 90, 95, 130, 180, 240, 260, 270, 285, 310]",0.00000000,"[0.00000000, 0.00000000, 0.00000000, 0.00000000, 0.00000000, 0.00000000]",0.25700000,0.44958333,22->28
6,6,8,2,51,"(6, 7, 11, 24, 26, 28)",2,1333,probe_repair,"[20, 35, 120, 170, 175, 195, 205, 210, 220, 240, 250, 265, 285, 325, 365]",0.00000000,"[0.00000000, 0.00000000, 0.00000000, 0.00000000, 0.00000000, 0.00000000]",0.04600000,0.43197222,16->24
6,6,8,2,51,"(6, 7, 11, 24, 26, 28)",3,104,probe_repair,"[5, 10, 15, 30, 50, 105, 110, 145, 160, 205, 210, 220, 275, 300, 315]",0.00000000,"[0.00000000, 0.00000000, 0.00000000, 0.00000000, 0.00000000, 0.00000000]",0.33100000,0.46197222,22->24
6,6,8,2,51,"(6, 7, 11, 24, 26, 28)",4,559,probe_repair,"[30, 50, 85, 115, 130, 140, 170, 190, 240, 265, 285, 305, 340, 345, 365]",0.00000000,"[0.00000000, 0.00000000, 0.00000000, 0.00000000, 0.00000000, 0.00000000]",0.16800000,0.44161111,25->28
6,6,8,2,51,"(6, 7, 11, 24, 26, 28)",5,491,probe_repair,"[45, 60, 80, 95, 125, 145, 165, 215, 220, 260, 270, 315, 340, 355, 365]",0.00000000,"[0.00000000, 0.00000000, 0.00000000, 0.00000000, 0.00000000, 0.00000000]",0.06500000,0.45277778,21->6
6,6,8,2,51,"(6, 7, 11, 24, 26, 28)",6,1493,probe_repair,"[10, 25, 45, 125, 150, 165, 185, 225, 235, 240, 255, 260, 285, 305, 355]",0.00000000,"[0.00000000, 0.00000000, 0.00000000, 0.00000000, 0.00000000, 0.00000000]",0.00000000,0.41422222,2->28
6,6,8,2,51,"(6, 7, 11, 24, 26, 28)",7,477,probe_repair,"[15, 35, 60, 100, 135, 155, 160, 185, 245, 260, 285, 305, 315, 320, 325]",0.00000000,"[0.00000000, 0.00000000, 0.00000000, 0.00000000, 0.00000000, 0.00000000]",0.00000000,0.40513889,2->28
6,6,8,2,51,"(6, 7, 11, 24, 26, 28)",8,1027,probe_repair,"[10, 20, 25, 50, 95, 180, 185, 220, 235, 245, 255, 270, 275, 315, 350]",0.00000000,"[0.00000000, 0.00000000, 0.00000000, 0.00000000, 0.00000000, 0.00000000]",0.30500000,0.46005556,21->6
6,6,8,2,51,"(6, 7, 11, 24, 26, 28)",9,83,probe_repair,"[10, 15, 50, 65, 70, 75, 90, 95, 130, 180, 240, 260, 270, 285, 310]",0.00000000,"[0.00000000, 0.00000000, 0.00000000, 0.00000000, 0.00000000, 0.00000000]",0.24900000,0.44777778,15->26
6,6,8,2,51,"(6, 7, 11, 24, 26, 28)",10,1538,probe_repair,"[10, 50, 55, 95, 150, 155, 170, 215, 225, 230, 245, 270, 275, 290, 320]",0.00000000,"[0.00000000, 0.00000000, 0.00000000, 0.00000000, 0.00000000, 0.00000000]",0.20300000,0.46013889,25->26
6,6,8,2,52,"(2, 4, 6, 7, 20, 25)",1,637,probe_repair,"[15, 40, 50, 80, 130, 140, 160, 175, 180, 205, 215, 230, 240, 300, 330]",0.00000000,"[0.00000000, 0.00000000, 0.00000000, 0.00000000, 0.00000000, 0.00000000]",0.00000000,0.41444444,9->25
6,6,8,2,52,"(2, 4, 6, 7, 20, 25)",2,669,probe_repair,"[50, 100, 120, 130, 150, 155, 185, 205, 210, 225, 235, 285, 325, 330, 345]",0.00000000,"[0.00000000, 0.00000000, 0.00000000, 0.00000000, 0.00000000, 0.00000000]",0.00000000,0.41283333,9->25
6,6,8,2,52,"(2, 4, 6, 7, 20, 25)",3,1029,probe_repair,"[10, 40, 95, 110, 120, 125, 130, 135, 160, 235, 265, 280, 315, 320, 350]",0.00000000,"[0.00000000, 0.00000000, 0.00000000, 0.00000000, 0.00000000, 0.00000000]",0.00000000,0.40947222,9->25
6,6,8,2,52,"(2, 4, 6, 7, 20, 25)",4,1065,probe_repair,"[10, 30, 45, 125, 155, 165, 190, 195, 225, 245, 265, 335, 340, 355, 365]",0.00000000,"[0.00000000, 0.00000000, 0.00000000, 0.00000000, 0.00000000, 0.00000000]",0.04300000,0.45077778,16->20
6,6,8,2,52,"(2, 4, 6, 7, 20, 25)",5,985,probe_repair,"[25, 35, 40, 55, 60, 105, 110, 130, 155, 230, 245, 305, 320, 330, 335]",0.00000000,"[0.00000000, 0.00000000, 0.00000000, 0.00000000, 0.00000000, 0.00000000]",0.16000000,0.45286111,24->2
6,6,8,2,52,"(2, 4, 6, 7, 20, 25)",6,1329,probe_repair,"[25, 35, 40, 45, 55, 75, 90, 135, 140, 230, 265, 270, 280, 335, 360]",0.00000000,"[0.00000000, 0.00000000, 0.00000000, 0.00000000, 0.00000000, 0.00000000]",0.25900000,0.45741667,26->6
6,6,8,2,52,"(2, 4, 6, 7, 20, 25)",7,1130,probe_repair,"[15, 70, 110, 120, 125, 140, 165, 170, 180, 220, 235, 265, 310, 320, 365]",0.00000000,"[0.00000000, 0.00000000, 0.00000000, 0.00000000, 0.00000000, 0.00000000]",0.14300000,0.45416667,26->25
6,6,8,2,52,"(2, 4, 6, 7, 20, 25)",8,522,probe_repair,"[30, 50, 60, 65, 70, 100, 170, 225, 230, 240, 245, 275, 315, 330, 335]",0.00000000,"[0.00000000, 0.00000000, 0.00000000, 0.00000000, 0.00000000, 0.00000000]",0.05500000,0.45808333,11->25
6,6,8,2,52,"(2, 4, 6, 7, 20, 25)",9,1031,probe_repair,"[10, 40, 95, 110, 120, 125, 130, 135, 160, 235, 265, 280, 315, 320, 350]",0.00000000,"[0.00000000, 0.00000000, 0.00000000, 0.00000000, 0.00000000, 0.00000000]",0.25400000,0.44808333,9->25
6,6,8,2,52,"(2, 4, 6, 7, 20, 25)",10,56,probe_repair,"[85, 95, 110, 115, 165, 175, 190, 245, 275, 285, 295, 320, 350, 360, 365]",0.00000000,"[0.00000000, 0.00000000, 0.00000000, 0.00000000, 0.00000000, 0.00000000]",0.15300000,0.45480556,11->25
6,6,8,2,53,"(2, 11, 15, 16, 21, 22)",1,1206,probe_repair,"[10, 55, 70, 90, 125, 150, 190, 200, 205, 220, 295, 330, 345, 350, 355]",0.00000000,"[0.00000000, 0.00000000, 0.00000000, 0.00000000, 0.00000000, 0.00000000]",0.24400000,0.45050000,26->21
6,6,8,2,53,"(2, 11, 15, 16, 21, 22)",2,145,probe_repair,"[35, 45, 90, 105, 115, 135, 170, 180, 200, 250, 260, 265, 300, 340, 350]",0.00000000,"[0.00000000, 0.00000000, 0.00000000, 0.00000000, 0.00000000, 0.00000000]",0.15400000,0.43994444,4->22
6,6,8,2,53,"(2, 11, 15, 16, 21, 22)",3,42,probe_repair,"[10, 25, 50, 60, 100, 120, 150, 170, 205, 235, 295, 305, 325, 340, 360]",0.00000000,"[0.00000000, 0.00000000, 0.00000000, 0.00000000, 0.00000000, 0.00000000]",0.25000000,0.45877778,17->2
6,6,8,2,53,"(2, 11, 15, 16, 21, 22)",4,116,probe_repair,"[15, 30, 40, 100, 130, 145, 175, 180, 225, 250, 275, 305, 340, 345, 355]",0.00000000,"[0.00000000, 0.00000000, 0.00000000, 0.00000000, 0.00000000, 0.00000000]",0.19100000,0.44580556,20->21
6,6,8,2,53,"(2, 11, 15, 16, 21, 22)",5,741,probe_repair,"[35, 65, 70, 75, 80, 105, 115, 125, 185, 215, 230, 235, 295, 315, 360]",0.00000000,"[0.00000000, 0.00000000, 0.00000000, 0.00000000, 0.00000000, 0.00000000]",0.00000000,0.41897222,28->11
6,6,8,2,53,"(2, 11, 15, 16, 21, 22)",6,40,probe_repair,"[10, 25, 50, 60, 100, 120, 150, 170, 205, 235, 295, 305, 325, 340, 360]",0.00000000,"[0.00000000, 0.00000000, 0.00000000, 0.00000000, 0.00000000, 0.00000000]",0.35600000,0.46475000,17->2
6,6,8,2,53,"(2, 11, 15, 16, 21, 22)",7,199,probe_repair,"[15, 85, 90, 155, 165, 210, 215, 255, 275, 285, 295, 305, 320, 325, 365]",0.00000000,"[0.00000000, 0.00000000, 0.00000000, 0.00000000, 0.00000000, 0.00000000]",0.21800000,0.45175000,17->21
6,6,8,2,53,"(2, 11, 15, 16, 21, 22)",8,407,probe_repair,"[10, 35, 40, 65, 75, 115, 155, 180, 220, 235, 275, 285, 305, 330, 350]",0.00000000,"[0.00000000, 0.00000000, 0.00000000, 0.00000000, 0.00000000, 0.00000000]",0.11100000,0.45380556,26->2
6,6,8,2,53,"(2, 11, 15, 16, 21, 22)",9,1441,probe_repair,"[5, 55, 95, 100, 105, 120, 160, 175, 200, 280, 290, 300, 310, 360, 365]",0.00000000,"[0.00000000, 0.00000000, 0.00000000, 0.00000000, 0.00000000, 0.00000000]",0.06600000,0.44388889,17->21
6,6,8,2,53,"(2, 11, 15, 16, 21, 22)",10,115,probe_repair,"[15, 30, 40, 100, 130, 145, 175, 180, 225, 250, 275, 305, 340, 345, 355]",0.00000000,"[0.00000000, 0.00000000, 0.00000000, 0.00000000, 0.00000000, 0.00000000]",0.22000000,0.45119444,9->15
6,6,8,2,54,"(4, 5, 7, 17, 21, 26)",1,94,probe_repair,"[20, 35, 90, 110, 120, 160, 165, 180, 190, 220, 265, 275, 315, 330, 345]",0.00000000,"[0.00000000, 0.00000000, 0.00000000, 0.00000000, 0.00000000, 0.00000000]",0.15600000,0.44748718,15->17
6,6,8,2,54,"(4, 5, 7, 17, 21, 26)",2,292,probe_repair,"[5, 35, 40, 110, 165, 170, 175, 225, 240, 250, 295, 330, 340, 345, 355]",0.00000000,"[0.00000000, 0.00000000, 0.00000000, 0.00000000, 0.00000000, 0.00000000]",0.04800000,0.44348718,15->17
6,6,8,2,54,"(4, 5, 7, 17, 21, 26)",3,200,probe_repair,"[10, 30, 60, 85, 95, 120, 130, 145, 165, 170, 190, 205, 260, 265, 290]",0.00000000,"[0.00000000, 0.00000000, 0.00000000, 0.00000000, 0.00000000, 0.00000000]",0.14300000,0.45020513,25->5
6,6,8,2,54,"(4, 5, 7, 17, 21, 26)",4,130,probe_repair,"[5, 25, 55, 140, 150, 160, 170, 180, 205, 225, 240, 265, 280, 290, 300]",0.00000000,"[0.00000000, 0.00000000, 0.00000000, 0.00000000, 0.00000000, 0.00000000]",0.19500000,0.45343590,27->4
6,6,8,2,54,"(4, 5, 7, 17, 21, 26)",5,374,probe_repair,"[40, 80, 100, 160, 170, 175, 205, 210, 255, 290, 310, 330, 345, 355, 360]",0.00000000,"[0.00000000, 0.00000000, 0.00000000, 0.00000000, 0.00000000, 0.00000000]",0.16900000,0.44441026,24->17
6,6,8,2,54,"(4, 5, 7, 17, 21, 26)",6,18,baseline,"[5, 30, 55, 80, 105, 130, 155, 180, 205, 230, 255, 280, 305, 330, 355]",0.00000000,"[0.00000000, 0.00000000, 0.00000000, 0.00000000, 0.00000000, 0.00000000]",0.10700000,0.44987179,15->5
6,6,8,2,54,"(4, 5, 7, 17, 21, 26)",7,375,probe_repair,"[40, 80, 100, 160, 170, 175, 205, 210, 255, 290, 310, 330, 345, 355, 360]",0.00000000,"[0.00000000, 0.00000000, 0.00000000, 0.00000000, 0.00000000, 0.00000000]",0.23700000,0.45100000,24->17
6,6,8,2,54,"(4, 5, 7, 17, 21, 26)",8,73,probe_repair,"[45, 50, 90, 125, 170, 190, 240, 270, 275, 285, 290, 300, 315, 325, 355]",0.00000000,"[0.00000000, 0.00000000, 0.00000000, 0.00000000, 0.00000000, 0.00000000]",0.16300000,0.45307692,28->7
6,6,8,2,54,"(4, 5, 7, 17, 21, 26)",9,109,probe_repair,"[10, 25, 55, 115, 125, 155, 185, 235, 250, 260, 265, 280, 315, 325, 355]",0.00000000,"[0.00000000, 0.00000000, 0.00000000, 0.00000000, 0.00000000, 0.00000000]",0.04700000,0.42015385,24->17
6,6,8,2,54,"(4, 5, 7, 17, 21, 26)",10,422,probe_repair,"[15, 60, 95, 110, 130, 150, 165, 170, 190, 205, 220, 245, 255, 325, 360]",0.00000000,"[0.00000000, 0.00000000, 0.00000000, 0.00000000, 0.00000000, 0.00000000]",0.21500000,0.44787179,6->4
6,6,8,2,55,"(1, 5, 6, 16, 22, 24)",1,112,probe_repair,"[15, 30, 65, 115, 130, 135, 140, 190, 200, 210, 255, 280, 285, 325, 340]",0.00000000,"[0.00000000, 0.00000000, 0.00000000, 0.00000000, 0.00000000, 0.00000000]",0.33500000,0.45723810,11->5
6,6,8,2,55,"(1, 5, 6, 16, 22, 24)",2,119,probe_repair,"[25, 35, 55, 75, 165, 205, 220, 225, 260, 280, 295, 310, 325, 345, 360]",0.00000000,"[0.00000000, 0.00000000, 0.00000000, 0.00000000, 0.00000000, 0.00000000]",0.19300000,0.45664286,11->1
6,6,8,2,55,"(1, 5, 6, 16, 22, 24)",3,193,probe_repair,"[15, 25, 50, 105, 125, 145, 150, 165, 180, 225, 230, 255, 285, 290, 300]",0.00000000,"[0.00000000, 0.00000000, 0.00000000, 0.00000000, 0.00000000, 0.00000000]",0.28000000,0.45080952,21->22
6,6,8,2,55,"(1, 5, 6, 16, 22, 24)",4,95,probe_repair,"[5, 25, 30, 55, 65, 95, 110, 210, 225, 230, 255, 275, 330, 345, 360]",0.00000000,"[0.00000000, 0.00000000, 0.00000000, 0.00000000, 0.00000000, 0.00000000]",0.00000000,0.44473810,17->5
6,6,8,2,55,"(1, 5, 6, 16, 22, 24)",5,99,probe_repair,"[5, 25, 30, 55, 65, 95, 110, 210, 225, 230, 255, 275, 330, 345, 360]",0.00000000,"[0.00000000, 0.00000000, 0.00000000, 0.00000000, 0.00000000, 0.00000000]",0.00700000,0.44302381,17->5
6,6,8,2,55,"(1, 5, 6, 16, 22, 24)",6,105,probe_repair,"[10, 30, 65, 125, 155, 160, 175, 210, 240, 245, 280, 295, 325, 335, 340]",0.00000000,"[0.00000000, 0.00000000, 0.00000000, 0.00000000, 0.00000000, 0.00000000]",0.23600000,0.45040476,25->16
6,6,8,2,55,"(1, 5, 6, 16, 22, 24)",7,187,probe_repair,"[60, 80, 85, 90, 115, 140, 170, 185, 235, 250, 280, 325, 330, 340, 355]",0.00000000,"[0.00000000, 0.00000000, 0.00000000, 0.00000000, 0.00000000, 0.00000000]",0.16300000,0.44950000,25->22
6,6,8,2,55,"(1, 5, 6, 16, 22, 24)",8,185,probe_repair,"[60, 80, 85, 90, 115, 140, 170, 185, 235, 250, 280, 325, 330, 340, 355]",0.00000000,"[0.00000000, 0.00000000, 0.00000000, 0.00000000, 0.00000000, 0.00000000]",0.10300000,0.45283333,25->22
6,6,8,2,55,"(1, 5, 6, 16, 22, 24)",9,190,probe_repair,"[15, 25, 50, 105, 125, 145, 150, 165, 180, 225, 230, 255, 285, 290, 300]",0.00000000,"[0.00000000, 0.00000000, 0.00000000, 0.00000000, 0.00000000, 0.00000000]",0.25300000,0.45126190,27->24
6,6,8,2,55,"(1, 5, 6, 16, 22, 24)",10,191,probe_repair,"[15, 25, 50, 105, 125, 145, 150, 165, 180, 225, 230, 255, 285, 290, 300]",0.00000000,"[0.00000000, 0.00000000, 0.00000000, 0.00000000, 0.00000000, 0.00000000]",0.25100000,0.45147619,27->24
6,6,8,2,56,"(1, 20, 21, 24, 26, 28)",1,296,probe_repair,"[10, 40, 90, 125, 140, 160, 180, 185, 190, 230, 245, 260, 300, 335, 340]",0.00000000,"[0.00000000, 0.00000000, 0.00000000, 0.00000000, 0.00000000, 0.00000000]",0.28600000,0.45665385,15->21
6,6,8,2,56,"(1, 20, 21, 24, 26, 28)",2,357,probe_repair,"[15, 30, 40, 50, 60, 75, 105, 110, 190, 245, 255, 295, 305, 340, 350]",0.00000000,"[0.00000000, 0.00000000, 0.00000000, 0.00000000, 0.00000000, 0.00000000]",0.00000000,0.41521795,22->21
6,6,8,2,56,"(1, 20, 21, 24, 26, 28)",3,126,probe_repair,"[5, 30, 50, 130, 150, 165, 180, 185, 205, 255, 285, 295, 305, 330, 360]",0.00000000,"[0.00000000, 0.00000000, 0.00000000, 0.00000000, 0.00000000, 0.00000000]",0.23500000,0.43985897,17->24
6,6,8,2,56,"(1, 20, 21, 24, 26, 28)",4,442,probe_repair,"[25, 35, 40, 50, 65, 70, 80, 120, 125, 170, 200, 230, 245, 330, 340]",0.00000000,"[0.00000000, 0.00000000, 0.00000000, 0.00000000, 0.00000000, 0.00000000]",0.23600000,0.44888462,18->26
6,6,8,2,56,"(1, 20, 21, 24, 26, 28)",5,425,probe_repair,"[5, 25, 30, 60, 65, 80, 85, 135, 235, 245, 255, 265, 280, 320, 355]",0.00000000,"[0.00000000, 0.00000000, 0.00000000, 0.00000000, 0.00000000, 0.00000000]",0.15100000,0.44675641,27->24
6,6,8,2,56,"(1, 20, 21, 24, 26, 28)",6,468,probe_repair,"[5, 10, 35, 50, 75, 110, 130, 185, 210, 240, 265, 275, 285, 340, 345]",0.00000000,"[0.00000000, 0.00000000, 0.00000000, 0.00000000, 0.00000000, 0.00000000]",0.04300000,0.43342308,15->28
6,6,8,2,56,"(1, 20, 21, 24, 26, 28)",7,122,probe_repair,"[25, 65, 90, 120, 130, 145, 170, 180, 205, 260, 280, 290, 325, 335, 355]",0.00000000,"[0.00000000, 0.00000000, 0.00000000, 0.00000000, 0.00000000, 0.00000000]",0.27200000,0.45265385,22->28
6,6,8,2,56,"(1, 20, 21, 24, 26, 28)",8,244,probe_repair,"[15, 25, 65, 95, 100, 105, 110, 115, 125, 170, 175, 250, 255, 275, 285]",0.00000000,"[0.00000000, 0.00000000, 0.00000000, 0.00000000, 0.00000000, 0.00000000]",0.16900000,0.44185897,18->26
6,6,8,2,56,"(1, 20, 21, 24, 26, 28)",9,467,probe_repair,"[5, 10, 35, 50, 75, 110, 130, 185, 210, 240, 265, 275, 285, 340, 345]",0.00000000,"[0.00000000, 0.00000000, 0.00000000, 0.00000000, 0.00000000, 0.00000000]",0.04000000,0.43611538,15->28
6,6,8,2,56,"(1, 20, 21, 24, 26, 28)",10,441,probe_repair,"[25, 35, 40, 50, 65, 70, 80, 120, 125, 170, 200, 230, 245, 330, 340]",0.00000000,"[0.00000000, 0.00000000, 0.00000000, 0.00000000, 0.00000000, 0.00000000]",0.30300000,0.45060256,25->26
6,6,8,2,57,"(7, 20, 22, 24, 27, 28)",1,1406,probe_repair,"[15, 30, 35, 60, 95, 135, 150, 165, 250, 260, 275, 305, 315, 320, 330]",0.00000000,"[0.00000000, 0.00000000, 0.00000000, 0.00000000, 0.00000000, 0.00000000]",0.19600000,0.45180556,6->20
6,6,8,2,57,"(7, 20, 22, 24, 27, 28)",2,103,probe_repair,"[15, 25, 50, 60, 95, 105, 160, 170, 230, 265, 280, 285, 295, 335, 340]",0.00000000,"[0.00000000, 0.00000000, 0.00000000, 0.00000000, 0.00000000, 0.00000000]",0.07500000,0.44127778,17->22
6,6,8,2,57,"(7, 20, 22, 24, 27, 28)",3,1011,probe_repair,"[30, 50, 95, 105, 145, 155, 205, 210, 235, 240, 250, 270, 280, 335, 360]",0.00000000,"[0.00000000, 0.00000000, 0.00000000, 0.00000000, 0.00000000, 0.00000000]",0.22200000,0.45352778,11->20
6,6,8,2,57,"(7, 20, 22, 24, 27, 28)",4,635,probe_repair,"[55, 70, 80, 120, 140, 185, 220, 235, 250, 260, 265, 295, 305, 340, 345]",0.00000000,"[0.00000000, 0.00000000, 0.00000000, 0.00000000, 0.00000000, 0.00000000]",0.17200000,0.43816667,9->24
6,6,8,2,57,"(7, 20, 22, 24, 27, 28)",5,879,probe_repair,"[20, 95, 110, 135, 140, 180, 215, 245, 255, 265, 305, 310, 320, 335, 365]",0.00000000,"[0.00000000, 0.00000000, 0.00000000, 0.00000000, 0.00000000, 0.00000000]",0.26300000,0.45794444,6->24
6,6,8,2,57,"(7, 20, 22, 24, 27, 28)",6,392,probe_repair,"[20, 40, 60, 80, 105, 110, 170, 180, 235, 245, 255, 290, 300, 305, 345]",0.00000000,"[0.00000000, 0.00000000, 0.00000000, 0.00000000, 0.00000000, 0.00000000]",0.27200000,0.45591667,25->24
6,6,8,2,57,"(7, 20, 22, 24, 27, 28)",7,295,probe_repair,"[35, 40, 55, 65, 70, 85, 90, 100, 105, 140, 205, 220, 290, 300, 350]",0.00000000,"[0.00000000, 0.00000000, 0.00000000, 0.00000000, 0.00000000, 0.00000000]",0.08700000,0.44563889,26->24
6,6,8,2,57,"(7, 20, 22, 24, 27, 28)",8,992,probe_repair,"[25, 30, 50, 55, 70, 135, 205, 230, 235, 270, 285, 310, 320, 340, 345]",0.00000000,"[0.00000000, 0.00000000, 0.00000000, 0.00000000, 0.00000000, 0.00000000]",0.12400000,0.44144444,11->24
6,6,8,2,57,"(7, 20, 22, 24, 27, 28)",9,421,probe_repair,"[15, 20, 45, 70, 80, 85, 115, 130, 185, 200, 225, 275, 295, 335, 350]",0.00000000,"[0.00000000, 0.00000000, 0.00000000, 0.00000000, 0.00000000, 0.00000000]",0.08900000,0.43200000,17->22
6,6,8,2,57,"(7, 20, 22, 24, 27, 28)",10,755,probe_repair,"[50, 65, 75, 160, 195, 255, 265, 280, 310, 315, 335, 345, 350, 355, 365]",0.00000000,"[0.00000000, 0.00000000, 0.00000000, 0.00000000, 0.00000000, 0.00000000]",0.05800000,0.44044444,21->28
6,6,8,2,58,"(4, 5, 17, 25, 27, 28)",1,305,probe_repair,"[5, 25, 30, 50, 60, 95, 125, 135, 140, 185, 190, 220, 235, 315, 330]",0.00000000,"[0.00000000, 0.00000000, 0.00000000, 0.00000000, 0.00000000, 0.00000000]",0.17600000,0.45717949,24->27
6,6,8,2,58,"(4, 5, 17, 25, 27, 28)",2,43,probe_repair,"[25, 40, 105, 150, 175, 205, 250, 285, 290, 305, 310, 325, 330, 335, 355]",0.00000000,"[0.00000000, 0.00000000, 0.00000000, 0.00000000, 0.00000000, 0.00000000]",0.30000000,0.45625641,24->27
6,6,8,2,58,"(4, 5, 17, 25, 27, 28)",3,112,probe_repair,"[25, 50, 80, 90, 95, 135, 145, 190, 200, 225, 250, 255, 265, 275, 330]",0.00000000,"[0.00000000, 0.00000000, 0.00000000, 0.00000000, 0.00000000, 0.00000000]",0.27300000,0.45902564,2->4
6,6,8,2,58,"(4, 5, 17, 25, 27, 28)",4,113,probe_repair,"[25, 50, 80, 90, 95, 135, 145, 190, 200, 225, 250, 255, 265, 275, 330]",0.00000000,"[0.00000000, 0.00000000, 0.00000000, 0.00000000, 0.00000000, 0.00000000]",0.23500000,0.45715385,15->4
6,6,8,2,58,"(4, 5, 17, 25, 27, 28)",5,277,probe_repair,"[25, 40, 60, 65, 75, 85, 115, 140, 190, 225, 235, 255, 300, 315, 365]",0.00000000,"[0.00000000, 0.00000000, 0.00000000, 0.00000000, 0.00000000, 0.00000000]",0.05000000,0.42164103,7->25
6,6,8,2,58,"(4, 5, 17, 25, 27, 28)",6,300,probe_repair,"[95, 115, 140, 180, 190, 210, 230, 260, 280, 285, 295, 305, 330, 355, 360]",0.00000000,"[0.00000000, 0.00000000, 0.00000000, 0.00000000, 0.00000000, 0.00000000]",0.27600000,0.45774359,11->28
6,6,8,2,58,"(4, 5, 17, 25, 27, 28)",7,439,probe_repair,"[30, 40, 55, 75, 100, 110, 120, 130, 145, 235, 250, 280, 310, 315, 355]",0.00000000,"[0.00000000, 0.00000000, 0.00000000, 0.00000000, 0.00000000, 0.00000000]",0.21100000,0.45264103,9->17
6,6,8,2,58,"(4, 5, 17, 25, 27, 28)",8,282,probe_repair,"[25, 40, 60, 65, 75, 85, 115, 140, 190, 225, 235, 255, 300, 315, 365]",0.00000000,"[0.00000000, 0.00000000, 0.00000000, 0.00000000, 0.00000000, 0.00000000]",0.18700000,0.44679487,6->28
6,6,8,2,58,"(4, 5, 17, 25, 27, 28)",9,280,probe_repair,"[25, 40, 60, 65, 75, 85, 115, 140, 190, 225, 235, 255, 300, 315, 365]",0.00000000,"[0.00000000, 0.00000000, 0.00000000, 0.00000000, 0.00000000, 0.00000000]",0.19400000,0.44451282,16->25
6,6,8,2,58,"(4, 5, 17, 25, 27, 28)",10,104,probe_repair,"[10, 30, 85, 95, 105, 110, 140, 175, 180, 185, 190, 205, 220, 300, 305]",0.00000000,"[0.00000000, 0.00000000, 0.00000000, 0.00000000, 0.00000000, 0.00000000]",0.25100000,0.45966667,6->5
6,6,8,2,59,"(6, 17, 20, 25, 27, 28)",1,244,probe_repair,"[10, 20, 25, 35, 45, 70, 80, 150, 170, 175, 205, 270, 275, 305, 325]",0.00000000,"[0.00000000, 0.00000000, 0.00000000, 0.00000000, 0.00000000, 0.00000000]",0.19600000,0.44472222,7->25
6,6,8,2,59,"(6, 17, 20, 25, 27, 28)",2,1007,probe_repair,"[5, 25, 55, 75, 105, 115, 130, 150, 210, 235, 265, 290, 315, 330, 365]",0.00000000,"[0.00000000, 0.00000000, 0.00000000, 0.00000000, 0.00000000, 0.00000000]",0.20100000,0.44283333,4->27
6,6,8,2,59,"(6, 17, 20, 25, 27, 28)",3,1156,probe_repair,"[25, 85, 100, 120, 190, 205, 220, 225, 240, 260, 270, 280, 285, 290, 315]",0.00000000,"[0.00000000, 0.00000000, 0.00000000, 0.00000000, 0.00000000, 0.00000000]",0.09800000,0.45391667,15->6
6,6,8,2,59,"(6, 17, 20, 25, 27, 28)",4,878,probe_repair,"[45, 65, 80, 110, 135, 175, 230, 240, 260, 270, 295, 300, 315, 335, 360]",0.00000000,"[0.00000000, 0.00000000, 0.00000000, 0.00000000, 0.00000000, 0.00000000]",0.24500000,0.45461111,16->6
6,6,8,2,59,"(6, 17, 20, 25, 27, 28)",5,997,probe_repair,"[105, 120, 155, 160, 215, 225, 250, 260, 265, 280, 295, 300, 315, 335, 340]",0.00000000,"[0.00000000, 0.00000000, 0.00000000, 0.00000000, 0.00000000, 0.00000000]",0.07700000,0.41152778,4->27
6,6,8,2,59,"(6, 17, 20, 25, 27, 28)",6,963,probe_repair,"[60, 70, 80, 110, 140, 145, 150, 170, 195, 295, 315, 335, 355, 360, 365]",0.00000000,"[0.00000000, 0.00000000, 0.00000000, 0.00000000, 0.00000000, 0.00000000]",0.14200000,0.44597222,22->27
6,6,8,2,59,"(6, 17, 20, 25, 27, 28)",7,674,probe_repair,"[20, 35, 45, 50, 75, 90, 135, 160, 205, 210, 280, 295, 310, 335, 360]",0.00000000,"[0.00000000, 0.00000000, 0.00000000, 0.00000000, 0.00000000, 0.00000000]",0.12100000,0.45386111,11->6
6,6,8,2,59,"(6, 17, 20, 25, 27, 28)",8,1294,probe_repair,"[15, 45, 70, 115, 155, 180, 190, 210, 275, 280, 285, 295, 300, 325, 345]",0.00000000,"[0.00000000, 0.00000000, 0.00000000, 0.00000000, 0.00000000, 0.00000000]",0.27400000,0.45658333,26->6
6,6,8,2,59,"(6, 17, 20, 25, 27, 28)",9,1202,probe_repair,"[5, 10, 25, 45, 110, 115, 130, 135, 200, 215, 310, 315, 320, 330, 340]",0.00000000,"[0.00000000, 0.00000000, 0.00000000, 0.00000000, 0.00000000, 0.00000000]",0.03400000,0.43966667,22->6
6,6,8,2,59,"(6, 17, 20, 25, 27, 28)",10,1596,probe_repair,"[50, 60, 70, 115, 150, 155, 165, 170, 180, 195, 220, 235, 245, 285, 295]",0.00000000,"[0.00000000, 0.00000000, 0.00000000, 0.00000000, 0.00000000, 0.00000000]",0.23000000,0.45738889,16->28
6,6,8,2,60,"(2, 4, 9, 15, 24, 28)",1,94,probe_repair,"[15, 75, 80, 130, 150, 155, 160, 175, 190, 245, 265, 275, 280, 305, 335]",0.00000000,"[0.00000000, 0.00000000, 0.00000000, 0.00000000, 0.00000000, 0.00000000]",0.27900000,0.45650000,18->4
6,6,8,2,60,"(2, 4, 9, 15, 24, 28)",2,1224,probe_repair,"[15, 20, 35, 55, 95, 100, 110, 130, 235, 250, 275, 345, 350, 355, 365]",0.00000000,"[0.00000000, 0.00000000, 0.00000000, 0.00000000, 0.00000000, 0.00000000]",0.06300000,0.45200000,25->9
6,6,8,2,60,"(2, 4, 9, 15, 24, 28)",3,1099,probe_repair,"[5, 10, 25, 35, 70, 75, 105, 125, 185, 235, 260, 280, 300, 340, 345]",0.00000000,"[0.00000000, 0.00000000, 0.00000000, 0.00000000, 0.00000000, 0.00000000]",0.27800000,0.45905556,26->9
6,6,8,2,60,"(2, 4, 9, 15, 24, 28)",4,1131,probe_repair,"[20, 30, 45, 130, 135, 150, 160, 170, 190, 220, 225, 245, 260, 315, 360]",0.00000000,"[0.00000000, 0.00000000, 0.00000000, 0.00000000, 0.00000000, 0.00000000]",0.19900000,0.44980556,25->2
6,6,8,2,60,"(2, 4, 9, 15, 24, 28)",5,678,probe_repair,"[10, 40, 110, 150, 185, 210, 220, 225, 230, 300, 310, 325, 355, 360, 365]",0.00000000,"[0.00000000, 0.00000000, 0.00000000, 0.00000000, 0.00000000, 0.00000000]",0.23000000,0.45536111,16->9
6,6,8,2,60,"(2, 4, 9, 15, 24, 28)",6,646,probe_repair,"[10, 15, 20, 60, 125, 175, 185, 215, 220, 225, 265, 280, 305, 315, 330]",0.00000000,"[0.00000000, 0.00000000, 0.00000000, 0.00000000, 0.00000000, 0.00000000]",0.16100000,0.45638889,22->15
6,6,8,2,60,"(2, 4, 9, 15, 24, 28)",7,1549,probe_repair,"[15, 150, 155, 165, 170, 190, 205, 215, 220, 230, 245, 250, 290, 300, 330]",0.00000000,"[0.00000000, 0.00000000, 0.00000000, 0.00000000, 0.00000000, 0.00000000]",0.17900000,0.43758333,26->2
6,6,8,2,60,"(2, 4, 9, 15, 24, 28)",8,645,probe_repair,"[10, 15, 20, 60, 125, 175, 185, 215, 220, 225, 265, 280, 305, 315, 330]",0.00000000,"[0.00000000, 0.00000000, 0.00000000, 0.00000000, 0.00000000, 0.00000000]",0.07600000,0.42111111,22->15
6,6,8,2,60,"(2, 4, 9, 15, 24, 28)",9,852,probe_repair,"[20, 45, 50, 75, 80, 85, 110, 140, 170, 180, 225, 265, 290, 315, 320]",0.00000000,"[0.00000000, 0.00000000, 0.00000000, 0.00000000, 0.00000000, 0.00000000]",0.23600000,0.44838889,17->2
6,6,8,2,60,"(2, 4, 9, 15, 24, 28)",10,873,probe_repair,"[75, 85, 115, 140, 165, 180, 190, 210, 245, 255, 260, 275, 325, 345, 355]",0.00000000,"[0.00000000, 0.00000000, 0.00000000, 0.00000000, 0.00000000, 0.00000000]",0.19900000,0.45672222,21->2
6,6,8,2,61,"(1, 6, 16, 17, 20, 25)",1,152,probe_repair,"[15, 45, 100, 150, 160, 170, 185, 190, 195, 220, 245, 265, 300, 345, 365]",0.00000000,"[0.00000000, 0.00000000, 0.00000000, 0.00000000, 0.00000000, 0.00000000]",0.24300000,0.45087179,28->20
6,6,8,2,61,"(1, 6, 16, 17, 20, 25)",2,231,probe_repair,"[10, 45, 60, 110, 170, 190, 200, 210, 260, 290, 295, 330, 335, 345, 355]",0.00000000,"[0.00000000, 0.00000000, 0.00000000, 0.00000000, 0.00000000, 0.00000000]",0.32800000,0.45043590,24->6
6,6,8,2,61,"(1, 6, 16, 17, 20, 25)",3,55,probe_repair,"[30, 50, 60, 75, 90, 100, 135, 145, 220, 275, 290, 305, 310, 330, 335]",0.00000000,"[0.00000000, 0.00000000, 0.00000000, 0.00000000, 0.00000000, 0.00000000]",0.19100000,0.45187179,9->25
6,6,8,2,61,"(1, 6, 16, 17, 20, 25)",4,497,probe_repair,"[5, 85, 110, 115, 120, 125, 180, 190, 205, 225, 285, 290, 340, 345, 355]",0.00000000,"[0.00000000, 0.00000000, 0.00000000, 0.00000000, 0.00000000, 0.00000000]",0.23400000,0.44712821,18->17
6,6,8,2,61,"(1, 6, 16, 17, 20, 25)",5,503,probe_repair,"[5, 15, 35, 95, 130, 165, 175, 205, 220, 230, 240, 265, 300, 310, 335]",0.00000000,"[0.00000000, 0.00000000, 0.00000000, 0.00000000, 0.00000000, 0.00000000]",0.12400000,0.44600000,4->25
6,6,8,2,61,"(1, 6, 16, 17, 20, 25)",6,380,probe_repair,"[15, 25, 35, 40, 115, 140, 195, 205, 210, 225, 265, 275, 290, 295, 340]",0.00000000,"[0.00000000, 0.00000000, 0.00000000, 0.00000000, 0.00000000, 0.00000000]",0.20900000,0.43646154,27->25
6,6,8,2,61,"(1, 6, 16, 17, 20, 25)",7,45,probe_repair,"[5, 35, 65, 75, 95, 170, 200, 220, 225, 240, 245, 260, 280, 295, 335]",0.00000000,"[0.00000000, 0.00000000, 0.00000000, 0.00000000, 0.00000000, 0.00000000]",0.02500000,0.41730769,21->1
6,6,8,2,61,"(1, 6, 16, 17, 20, 25)",8,154,probe_repair,"[15, 45, 100, 150, 160, 170, 185, 190, 195, 220, 245, 265, 300, 345, 365]",0.00000000,"[0.00000000, 0.00000000, 0.00000000, 0.00000000, 0.00000000, 0.00000000]",0.15400000,0.45417949,22->25
6,6,8,2,61,"(1, 6, 16, 17, 20, 25)",9,506,probe_repair,"[5, 15, 35, 95, 130, 165, 175, 205, 220, 230, 240, 265, 300, 310, 335]",0.00000000,"[0.00000000, 0.00000000, 0.00000000, 0.00000000, 0.00000000, 0.00000000]",0.18500000,0.44471795,4->25
6,6,8,2,61,"(1, 6, 16, 17, 20, 25)",10,307,probe_repair,"[25, 30, 35, 40, 70, 75, 85, 105, 145, 165, 205, 245, 260, 290, 295]",0.00000000,"[0.00000000, 0.00000000, 0.00000000, 0.00000000, 0.00000000, 0.00000000]",0.18300000,0.46020513,24->17
6,6,8,2,62,"(7, 11, 16, 18, 20, 22)",1,1342,probe_repair,"[35, 55, 65, 105, 115, 140, 195, 210, 215, 225, 230, 240, 245, 355, 360]",0.00000000,"[0.00000000, 0.00000000, 0.00000000, 0.00000000, 0.00000000, 0.00000000]",0.17800000,0.43877778,21->20
6,6,8,2,62,"(7, 11, 16, 18, 20, 22)",2,1491,probe_repair,"[15, 50, 55, 80, 90, 115, 175, 225, 230, 255, 260, 270, 330, 340, 355]",0.00000000,"[0.00000000, 0.00000000, 0.00000000, 0.00000000, 0.00000000, 0.00000000]",0.22100000,0.45136111,6->16
6,6,8,2,62,"(7, 11, 16, 18, 20, 22)",3,1514,probe_repair,"[35, 50, 55, 60, 100, 105, 110, 180, 230, 280, 310, 315, 320, 325, 350]",0.00000000,"[0.00000000, 0.00000000, 0.00000000, 0.00000000, 0.00000000, 0.00000000]",0.16000000,0.44938889,9->11
6,6,8,2,62,"(7, 11, 16, 18, 20, 22)",4,481,probe_repair,"[10, 20, 55, 85, 100, 110, 120, 125, 135, 165, 175, 210, 265, 290, 340]",0.00000000,"[0.00000000, 0.00000000, 0.00000000, 0.00000000, 0.00000000, 0.00000000]",0.22200000,0.45191667,25->16
6,6,8,2,62,"(7, 11, 16, 18, 20, 22)",5,1138,probe_repair,"[60, 75, 80, 85, 105, 125, 135, 150, 185, 190, 195, 200, 275, 280, 325]",0.00000000,"[0.00000000, 0.00000000, 0.00000000, 0.00000000, 0.00000000, 0.00000000]",0.29100000,0.45161111,26->22
6,6,8,2,62,"(7, 11, 16, 18, 20, 22)",6,1008,probe_repair,"[45, 95, 100, 180, 185, 200, 235, 245, 270, 280, 315, 330, 340, 350, 355]",0.00000000,"[0.00000000, 0.00000000, 0.00000000, 0.00000000, 0.00000000, 0.00000000]",0.25600000,0.44941667,27->7
6,6,8,2,62,"(7, 11, 16, 18, 20, 22)",7,485,probe_repair,"[5, 20, 60, 125, 140, 145, 165, 215, 220, 235, 265, 300, 335, 345, 350]",0.00000000,"[0.00000000, 0.00000000, 0.00000000, 0.00000000, 0.00000000, 0.00000000]",0.00000000,0.42547222,2->22
6,6,8,2,62,"(7, 11, 16, 18, 20, 22)",8,1361,probe_repair,"[5, 110, 135, 140, 150, 215, 225, 255, 265, 280, 285, 290, 315, 335, 365]",0.00000000,"[0.00000000, 0.00000000, 0.00000000, 0.00000000, 0.00000000, 0.00000000]",0.31000000,0.45247222,6->16
6,6,8,2,62,"(7, 11, 16, 18, 20, 22)",9,184,probe_repair,"[15, 40, 45, 55, 95, 110, 115, 135, 170, 175, 190, 250, 280, 310, 345]",0.00000000,"[0.00000000, 0.00000000, 0.00000000, 0.00000000, 0.00000000, 0.00000000]",0.23500000,0.45083333,9->7
6,6,8,2,62,"(7, 11, 16, 18, 20, 22)",10,1228,probe_repair,"[80, 90, 100, 125, 180, 220, 255, 265, 275, 280, 310, 315, 335, 340, 355]",0.00000000,"[0.00000000, 0.00000000, 0.00000000, 0.00000000, 0.00000000, 0.00000000]",0.22800000,0.44936111,21->7
6,6,8,2,63,"(6, 11, 16, 17, 20, 21)",1,865,probe_repair,"[35, 45, 50, 75, 95, 150, 160, 235, 245, 260, 280, 285, 315, 350, 360]",0.00000000,"[0.00000000, 0.00000000, 0.00000000, 0.00000000, 0.00000000, 0.00000000]",0.26600000,0.45050000,28->6
6,6,8,2,63,"(6, 11, 16, 17, 20, 21)",2,280,probe_repair,"[5, 15, 35, 75, 105, 125, 175, 200, 245, 260, 305, 335, 345, 350, 365]",0.00000000,"[0.00000000, 0.00000000, 0.00000000, 0.00000000, 0.00000000, 0.00000000]",0.12400000,0.45805556,22->20
6,6,8,2,63,"(6, 11, 16, 17, 20, 21)",3,187,probe_repair,"[35, 55, 100, 120, 125, 160, 210, 220, 225, 230, 245, 290, 300, 345, 365]",0.00000000,"[0.00000000, 0.00000000, 0.00000000, 0.00000000, 0.00000000, 0.00000000]",0.18100000,0.45227778,9->17
6,6,8,2,63,"(6, 11, 16, 17, 20, 21)",4,596,probe_repair,"[25, 35, 40, 45, 50, 95, 100, 120, 135, 175, 240, 275, 290, 335, 350]",0.00000000,"[0.00000000, 0.00000000, 0.00000000, 0.00000000, 0.00000000, 0.00000000]",0.09000000,0.45802778,4->11
6,6,8,2,63,"(6, 11, 16, 17, 20, 21)",5,298,probe_repair,"[35, 50, 75, 100, 115, 140, 150, 155, 225, 255, 270, 280, 305, 310, 365]",0.00000000,"[0.00000000, 0.00000000, 0.00000000, 0.00000000, 0.00000000, 0.00000000]",0.06900000,0.44466667,7->6
6,6,8,2,63,"(6, 11, 16, 17, 20, 21)",6,1256,probe_repair,"[15, 45, 60, 95, 105, 130, 170, 220, 235, 245, 270, 280, 305, 315, 330]",0.00000000,"[0.00000000, 0.00000000, 0.00000000, 0.00000000, 0.00000000, 0.00000000]",0.17400000,0.45380556,26->6
6,6,8,2,63,"(6, 11, 16, 17, 20, 21)",7,649,probe_repair,"[5, 80, 90, 110, 125, 160, 190, 225, 285, 310, 325, 335, 340, 345, 365]",0.00000000,"[0.00000000, 0.00000000, 0.00000000, 0.00000000, 0.00000000, 0.00000000]",0.32200000,0.46366667,26->17
6,6,8,2,63,"(6, 11, 16, 17, 20, 21)",8,648,probe_repair,"[5, 80, 90, 110, 125, 160, 190, 225, 285, 310, 325, 335, 340, 345, 365]",0.00000000,"[0.00000000, 0.00000000, 0.00000000, 0.00000000, 0.00000000, 0.00000000]",0.27800000,0.46072222,18->16
6,6,8,2,63,"(6, 11, 16, 17, 20, 21)",9,296,probe_repair,"[35, 50, 75, 100, 115, 140, 150, 155, 225, 255, 270, 280, 305, 310, 365]",0.00000000,"[0.00000000, 0.00000000, 0.00000000, 0.00000000, 0.00000000, 0.00000000]",0.15700000,0.45033333,7->6
6,6,8,2,63,"(6, 11, 16, 17, 20, 21)",10,1443,probe_repair,"[10, 15, 20, 40, 50, 55, 125, 140, 150, 180, 245, 250, 300, 340, 360]",0.00000000,"[0.00000000, 0.00000000, 0.00000000, 0.00000000, 0.00000000, 0.00000000]",0.15500000,0.45586111,9->21
6,6,8,2,64,"(7, 11, 21, 22, 24, 26)",1,1173,probe_repair,"[30, 65, 80, 95, 110, 150, 210, 215, 220, 275, 285, 305, 320, 335, 345]",0.00000000,"[0.00000000, 0.00000000, 0.00000000, 0.00000000, 0.00000000, 0.00000000]",0.09300000,0.41808333,15->11
6,6,8,2,64,"(7, 11, 21, 22, 24, 26)",2,945,probe_repair,"[5, 25, 50, 55, 65, 70, 85, 100, 110, 145, 165, 210, 245, 255, 315]",0.00000000,"[0.00000000, 0.00000000, 0.00000000, 0.00000000, 0.00000000, 0.00000000]",0.29000000,0.45366667,15->22
6,6,8,2,64,"(7, 11, 21, 22, 24, 26)",3,530,probe_repair,"[60, 90, 105, 125, 130, 150, 185, 190, 205, 235, 245, 295, 300, 305, 360]",0.00000000,"[0.00000000, 0.00000000, 0.00000000, 0.00000000, 0.00000000, 0.00000000]",0.17700000,0.44536111,6->22
6,6,8,2,64,"(7, 11, 21, 22, 24, 26)",4,711,probe_repair,"[10, 35, 65, 75, 100, 160, 175, 195, 215, 225, 230, 280, 325, 345, 365]",0.00000000,"[0.00000000, 0.00000000, 0.00000000, 0.00000000, 0.00000000, 0.00000000]",0.13100000,0.45263889,25->26
6,6,8,2,64,"(7, 11, 21, 22, 24, 26)",5,558,probe_repair,"[40, 75, 100, 125, 150, 175, 220, 230, 240, 260, 315, 330, 355, 360, 365]",0.00000000,"[0.00000000, 0.00000000, 0.00000000, 0.00000000, 0.00000000, 0.00000000]",0.06600000,0.44436111,17->26
6,6,8,2,64,"(7, 11, 21, 22, 24, 26)",6,1236,probe_repair,"[25, 50, 80, 110, 155, 160, 180, 215, 225, 245, 260, 300, 315, 330, 355]",0.00000000,"[0.00000000, 0.00000000, 0.00000000, 0.00000000, 0.00000000, 0.00000000]",0.26800000,0.45561111,27->24
6,6,8,2,64,"(7, 11, 21, 22, 24, 26)",7,95,probe_repair,"[20, 45, 50, 60, 115, 145, 150, 185, 190, 225, 235, 270, 310, 345, 365]",0.00000000,"[0.00000000, 0.00000000, 0.00000000, 0.00000000, 0.00000000, 0.00000000]",0.25000000,0.45016667,28->21
6,6,8,2,64,"(7, 11, 21, 22, 24, 26)",8,700,probe_repair,"[5, 20, 30, 45, 50, 55, 65, 80, 85, 120, 185, 255, 280, 305, 330]",0.00000000,"[0.00000000, 0.00000000, 0.00000000, 0.00000000, 0.00000000, 0.00000000]",0.25000000,0.44680556,25->21
6,6,8,2,64,"(7, 11, 21, 22, 24, 26)",9,675,probe_repair,"[5, 10, 30, 50, 60, 70, 80, 100, 120, 170, 175, 185, 210, 225, 355]",0.00000000,"[0.00000000, 0.00000000, 0.00000000, 0.00000000, 0.00000000, 0.00000000]",0.23100000,0.44100000,27->22
6,6,8,2,64,"(7, 11, 21, 22, 24, 26)",10,153,probe_repair,"[20, 30, 35, 45, 60, 120, 135, 195, 220, 225, 235, 265, 310, 335, 360]",0.00000000,"[0.00000000, 0.00000000, 0.00000000, 0.00000000, 0.00000000, 0.00000000]",0.14300000,0.45177778,25->7
6,6,8,2,65,"(11, 15, 16, 18, 27, 28)",1,536,probe_repair,"[5, 20, 75, 85, 90, 100, 125, 155, 165, 195, 210, 230, 235, 250, 260]",0.00000000,"[0.00000000, 0.00000000, 0.00000000, 0.00000000, 0.00000000, 0.00000000]",0.29900000,0.46336111,25->18
6,6,8,2,65,"(11, 15, 16, 18, 27, 28)",2,266,probe_repair,"[10, 50, 90, 95, 115, 130, 170, 190, 195, 200, 205, 215, 220, 260, 295]",0.00000000,"[0.00000000, 0.00000000, 0.00000000, 0.00000000, 0.00000000, 0.00000000]",0.25300000,0.45869444,21->15
6,6,8,2,65,"(11, 15, 16, 18, 27, 28)",3,529,probe_repair,"[25, 30, 35, 70, 95, 125, 130, 190, 220, 265, 270, 290, 315, 360, 365]",0.00000000,"[0.00000000, 0.00000000, 0.00000000, 0.00000000, 0.00000000, 0.00000000]",0.03100000,0.45341667,20->27
6,6,8,2,65,"(11, 15, 16, 18, 27, 28)",4,1398,probe_repair,"[80, 100, 135, 150, 160, 185, 215, 220, 230, 235, 245, 300, 315, 330, 340]",0.00000000,"[0.00000000, 0.00000000, 0.00000000, 0.00000000, 0.00000000, 0.00000000]",0.28600000,0.45452778,25->27
6,6,8,2,65,"(11, 15, 16, 18, 27, 28)",5,265,probe_repair,"[10, 50, 90, 95, 115, 130, 170, 190, 195, 200, 205, 215, 220, 260, 295]",0.00000000,"[0.00000000, 0.00000000, 0.00000000, 0.00000000, 0.00000000, 0.00000000]",0.23300000,0.45255556,21->15
6,6,8,2,65,"(11, 15, 16, 18, 27, 28)",6,483,probe_repair,"[10, 15, 60, 95, 105, 150, 180, 185, 220, 235, 270, 275, 290, 310, 365]",0.00000000,"[0.00000000, 0.00000000, 0.00000000, 0.00000000, 0.00000000, 0.00000000]",0.19300000,0.45183333,22->28
6,6,8,2,65,"(11, 15, 16, 18, 27, 28)",7,283,probe_repair,"[5, 45, 125, 150, 180, 210, 220, 225, 230, 240, 245, 265, 275, 305, 330]",0.00000000,"[0.00000000, 0.00000000, 0.00000000, 0.00000000, 0.00000000, 0.00000000]",0.02300000,0.43955556,21->15
6,6,8,2,65,"(11, 15, 16, 18, 27, 28)",8,360,probe_repair,"[70, 95, 135, 145, 150, 155, 165, 180, 210, 225, 240, 270, 305, 335, 350]",0.00000000,"[0.00000000, 0.00000000, 0.00000000, 0.00000000, 0.00000000, 0.00000000]",0.31400000,0.46033333,7->11
6,6,8,2,65,"(11, 15, 16, 18, 27, 28)",9,216,probe_repair,"[5, 30, 35, 90, 110, 120, 125, 155, 170, 195, 225, 230, 240, 265, 355]",0.00000000,"[0.00000000, 0.00000000, 0.00000000, 0.00000000, 0.00000000, 0.00000000]",0.30500000,0.44677778,25->18
6,6,8,2,65,"(11, 15, 16, 18, 27, 28)",10,1192,probe_repair,"[35, 45, 50, 55, 60, 65, 75, 95, 165, 200, 215, 235, 310, 320, 355]",0.00000000,"[0.00000000, 0.00000000, 0.00000000, 0.00000000, 0.00000000, 0.00000000]",0.21600000,0.44658333,22->28
6,6,8,2,66,"(1, 6, 7, 9, 20, 21)",1,133,probe_repair,"[30, 50, 55, 110, 125, 140, 195, 205, 210, 225, 230, 235, 245, 320, 335]",0.00000000,"[0.00000000, 0.00000000, 0.00000000, 0.00000000, 0.00000000, 0.00000000]",0.00000000,0.42628205,2->21
6,6,8,2,66,"(1, 6, 7, 9, 20, 21)",2,30,probe_repair,"[15, 50, 60, 75, 90, 100, 105, 125, 135, 160, 195, 200, 275, 280, 335]",0.00000000,"[0.00000000, 0.00000000, 0.00000000, 0.00000000, 0.00000000, 0.00000000]",0.17500000,0.45105128,17->9
6,6,8,2,66,"(1, 6, 7, 9, 20, 21)",3,111,probe_repair,"[15, 35, 90, 110, 135, 140, 210, 245, 265, 275, 290, 295, 320, 325, 355]",0.00000000,"[0.00000000, 0.00000000, 0.00000000, 0.00000000, 0.00000000, 0.00000000]",0.14000000,0.43735897,11->9
6,6,8,2,66,"(1, 6, 7, 9, 20, 21)",4,134,probe_repair,"[30, 50, 55, 110, 125, 140, 195, 205, 210, 225, 230, 235, 245, 320, 335]",0.00000000,"[0.00000000, 0.00000000, 0.00000000, 0.00000000, 0.00000000, 0.00000000]",0.08700000,0.44379487,15->1
6,6,8,2,66,"(1, 6, 7, 9, 20, 21)",5,555,probe_repair,"[80, 85, 140, 150, 165, 200, 210, 240, 260, 290, 300, 305, 320, 350, 355]",0.00000000,"[0.00000000, 0.00000000, 0.00000000, 0.00000000, 0.00000000, 0.00000000]",0.15900000,0.44774359,24->9
6,6,8,2,66,"(1, 6, 7, 9, 20, 21)",6,533,probe_repair,"[5, 40, 80, 105, 115, 130, 140, 155, 190, 225, 275, 290, 340, 345, 365]",0.00000000,"[0.00000000, 0.00000000, 0.00000000, 0.00000000, 0.00000000, 0.00000000]",0.00000000,0.41912821,24->6
6,6,8,2,66,"(1, 6, 7, 9, 20, 21)",7,596,probe_repair,"[40, 55, 80, 105, 115, 120, 140, 155, 230, 240, 265, 280, 335, 340, 355]",0.00000000,"[0.00000000, 0.00000000, 0.00000000, 0.00000000, 0.00000000, 0.00000000]",0.18400000,0.45548718,17->1
6,6,8,2,66,"(1, 6, 7, 9, 20, 21)",8,590,probe_repair,"[40, 55, 80, 105, 115, 120, 140, 155, 230, 240, 265, 280, 335, 340, 355]",0.00000000,"[0.00000000, 0.00000000, 0.00000000, 0.00000000, 0.00000000, 0.00000000]",0.21200000,0.45558974,17->1
6,6,8,2,66,"(1, 6, 7, 9, 20, 21)",9,48,probe_repair,"[25, 80, 95, 115, 165, 175, 195, 220, 230, 250, 285, 290, 320, 335, 365]",0.00000000,"[0.00000000, 0.00000000, 0.00000000, 0.00000000, 0.00000000, 0.00000000]",0.18600000,0.45125641,24->6
6,6,8,2,66,"(1, 6, 7, 9, 20, 21)",10,445,probe_repair,"[5, 10, 25, 35, 50, 55, 95, 100, 185, 200, 205, 225, 235, 300, 360]",0.00000000,"[0.00000000, 0.00000000, 0.00000000, 0.00000000, 0.00000000, 0.00000000]",0.13600000,0.43164103,27->7
6,6,8,2,67,"(4, 5, 11, 15, 22, 24)",1,68,probe_repair,"[10, 25, 35, 40, 55, 105, 110, 130, 135, 180, 210, 255, 285, 290, 340]",0.00000000,"[0.00000000, 0.00000000, 0.00000000, 0.00000000, 0.00000000, 0.00000000]",0.27200000,0.45269231,2->22
6,6,8,2,67,"(4, 5, 11, 15, 22, 24)",2,144,probe_repair,"[20, 30, 60, 75, 115, 120, 150, 175, 180, 190, 230, 245, 250, 275, 330]",0.00000000,"[0.00000000, 0.00000000, 0.00000000, 0.00000000, 0.00000000, 0.00000000]",0.07000000,0.45128205,7->24
6,6,8,2,67,"(4, 5, 11, 15, 22, 24)",3,403,probe_repair,"[10, 35, 40, 50, 65, 85, 95, 100, 125, 175, 180, 220, 250, 275, 305]",0.00000000,"[0.00000000, 0.00000000, 0.00000000, 0.00000000, 0.00000000, 0.00000000]",0.28500000,0.46176923,7->11
6,6,8,2,67,"(4, 5, 11, 15, 22, 24)",4,404,probe_repair,"[10, 35, 40, 50, 65, 85, 95, 100, 125, 175, 180, 220, 250, 275, 305]",0.00000000,"[0.00000000, 0.00000000, 0.00000000, 0.00000000, 0.00000000, 0.00000000]",0.22800000,0.45292308,7->11
6,6,8,2,67,"(4, 5, 11, 15, 22, 24)",5,400,probe_repair,"[10, 35, 40, 50, 65, 85, 95, 100, 125, 175, 180, 220, 250, 275, 305]",0.00000000,"[0.00000000, 0.00000000, 0.00000000, 0.00000000, 0.00000000, 0.00000000]",0.19200000,0.46251282,7->11
6,6,8,2,67,"(4, 5, 11, 15, 22, 24)",6,42,probe_repair,"[45, 75, 105, 115, 140, 150, 160, 210, 215, 285, 295, 305, 310, 345, 360]",0.00000000,"[0.00000000, 0.00000000, 0.00000000, 0.00000000, 0.00000000, 0.00000000]",0.24800000,0.45215385,2->5
6,6,8,2,67,"(4, 5, 11, 15, 22, 24)",7,346,probe_repair,"[5, 15, 100, 110, 115, 130, 140, 145, 180, 225, 245, 260, 305, 330, 355]",0.00000000,"[0.00000000, 0.00000000, 0.00000000, 0.00000000, 0.00000000, 0.00000000]",0.05800000,0.45294872,28->15
6,6,8,2,67,"(4, 5, 11, 15, 22, 24)",8,343,probe_repair,"[5, 15, 100, 110, 115, 130, 140, 145, 180, 225, 245, 260, 305, 330, 355]",0.00000000,"[0.00000000, 0.00000000, 0.00000000, 0.00000000, 0.00000000, 0.00000000]",0.16100000,0.44964103,28->15
6,6,8,2,67,"(4, 5, 11, 15, 22, 24)",9,453,probe_repair,"[20, 55, 85, 105, 110, 125, 135, 145, 170, 200, 235, 240, 280, 285, 355]",0.00000000,"[0.00000000, 0.00000000, 0.00000000, 0.00000000, 0.00000000, 0.00000000]",0.01500000,0.42605128,6->11
6,6,8,2,67,"(4, 5, 11, 15, 22, 24)",10,213,probe_repair,"[85, 95, 110, 115, 135, 140, 160, 180, 185, 210, 230, 280, 290, 315, 340]",0.00000000,"[0.00000000, 0.00000000, 0.00000000, 0.00000000, 0.00000000, 0.00000000]",0.00000000,0.41884615,6->22
6,6,8,2,68,"(1, 2, 4, 17, 18, 22)",1,266,probe_repair,"[10, 40, 105, 110, 115, 135, 145, 165, 205, 240, 260, 280, 290, 300, 330]",0.00000000,"[0.00000000, 0.00000000, 0.00000000, 0.00000000, 0.00000000, 0.00000000]",0.03700000,0.45051282,21->1
6,6,8,2,68,"(1, 2, 4, 17, 18, 22)",2,450,probe_repair,"[35, 45, 55, 65, 120, 150, 165, 240, 250, 255, 260, 300, 305, 320, 325]",0.00000000,"[0.00000000, 0.00000000, 0.00000000, 0.00000000, 0.00000000, 0.00000000]",0.14700000,0.44925641,25->4
6,6,8,2,68,"(1, 2, 4, 17, 18, 22)",3,128,probe_repair,"[5, 15, 55, 85, 90, 145, 180, 230, 245, 250, 260, 300, 320, 350, 355]",0.00000000,"[0.00000000, 0.00000000, 0.00000000, 0.00000000, 0.00000000, 0.00000000]",0.19100000,0.44948718,21->1
6,6,8,2,68,"(1, 2, 4, 17, 18, 22)",4,534,probe_repair,"[45, 70, 80, 95, 110, 190, 200, 210, 230, 260, 265, 275, 290, 305, 320]",0.00000000,"[0.00000000, 0.00000000, 0.00000000, 0.00000000, 0.00000000, 0.00000000]",0.07300000,0.43105128,6->22
6,6,8,2,68,"(1, 2, 4, 17, 18, 22)",5,131,probe_repair,"[5, 15, 55, 85, 90, 145, 180, 230, 245, 250, 260, 300, 320, 350, 355]",0.00000000,"[0.00000000, 0.00000000, 0.00000000, 0.00000000, 0.00000000, 0.00000000]",0.16800000,0.44784615,21->1
6,6,8,2,68,"(1, 2, 4, 17, 18, 22)",6,347,probe_repair,"[15, 40, 45, 50, 80, 95, 115, 145, 150, 155, 195, 250, 330, 340, 365]",0.00000000,"[0.00000000, 0.00000000, 0.00000000, 0.00000000, 0.00000000, 0.00000000]",0.04500000,0.45141026,26->18
6,6,8,2,68,"(1, 2, 4, 17, 18, 22)",7,526,probe_repair,"[5, 10, 55, 90, 95, 105, 155, 180, 275, 290, 300, 310, 320, 325, 350]",0.00000000,"[0.00000000, 0.00000000, 0.00000000, 0.00000000, 0.00000000, 0.00000000]",0.18200000,0.43902564,25->17
6,6,8,2,68,"(1, 2, 4, 17, 18, 22)",8,536,probe_repair,"[45, 70, 80, 95, 110, 190, 200, 210, 230, 260, 265, 275, 290, 305, 320]",0.00000000,"[0.00000000, 0.00000000, 0.00000000, 0.00000000, 0.00000000, 0.00000000]",0.07200000,0.43710256,6->22
6,6,8,2,68,"(1, 2, 4, 17, 18, 22)",9,404,probe_repair,"[15, 40, 70, 100, 105, 140, 145, 170, 180, 225, 245, 280, 305, 340, 360]",0.00000000,"[0.00000000, 0.00000000, 0.00000000, 0.00000000, 0.00000000, 0.00000000]",0.15400000,0.45725641,15->22
6,6,8,2,68,"(1, 2, 4, 17, 18, 22)",10,129,probe_repair,"[5, 15, 55, 85, 90, 145, 180, 230, 245, 250, 260, 300, 320, 350, 355]",0.00000000,"[0.00000000, 0.00000000, 0.00000000, 0.00000000, 0.00000000, 0.00000000]",0.23000000,0.44805128,25->4
6,6,8,2,69,"(1, 4, 5, 17, 20, 24)",1,36,probe_repair,"[25, 30, 50, 80, 100, 120, 140, 175, 200, 205, 260, 275, 290, 295, 360]",0.00000000,"[0.00000000, 0.00000000, 0.00000000, 0.00000000, 0.00000000, 0.00000000]",0.26300000,0.44966667,18->5
6,6,8,2,69,"(1, 4, 5, 17, 20, 24)",2,253,probe_repair,"[10, 15, 55, 60, 85, 95, 175, 185, 205, 290, 295, 340, 355, 360, 365]",0.00000000,"[0.00000000, 0.00000000, 0.00000000, 0.00000000, 0.00000000, 0.00000000]",0.08800000,0.42964286,26->17
6,6,8,2,69,"(1, 4, 5, 17, 20, 24)",3,136,probe_repair,"[40, 85, 110, 125, 135, 160, 175, 190, 245, 265, 275, 280, 285, 295, 330]",0.00000000,"[0.00000000, 0.00000000, 0.00000000, 0.00000000, 0.00000000, 0.00000000]",0.16700000,0.44802381,28->24
6,6,8,2,69,"(1, 4, 5, 17, 20, 24)",4,218,probe_repair,"[5, 10, 40, 50, 80, 95, 180, 245, 260, 280, 295, 305, 345, 355, 365]",0.00000000,"[0.00000000, 0.00000000, 0.00000000, 0.00000000, 0.00000000, 0.00000000]",0.08400000,0.44747619,25->24
6,6,8,2,69,"(1, 4, 5, 17, 20, 24)",5,3,baseline,"[5, 30, 55, 80, 105, 130, 155, 180, 205, 230, 255, 280, 305, 330, 355]",0.00000000,"[0.00000000, 0.00000000, 0.00000000, 0.00000000, 0.00000000, 0.00000000]",0.17400000,0.44530952,2->24
6,6,8,2,69,"(1, 4, 5, 17, 20, 24)",6,139,probe_repair,"[40, 85, 110, 125, 135, 160, 175, 190, 245, 265, 275, 280, 285, 295, 330]",0.00000000,"[0.00000000, 0.00000000, 0.00000000, 0.00000000, 0.00000000, 0.00000000]",0.12500000,0.45030952,28->24
6,6,8,2,69,"(1, 4, 5, 17, 20, 24)",7,258,probe_repair,"[10, 15, 55, 60, 85, 95, 175, 185, 205, 290, 295, 340, 355, 360, 365]",0.00000000,"[0.00000000, 0.00000000, 0.00000000, 0.00000000, 0.00000000, 0.00000000]",0.27000000,0.45314286,26->17
6,6,8,2,69,"(1, 4, 5, 17, 20, 24)",8,259,probe_repair,"[10, 15, 55, 60, 85, 95, 175, 185, 205, 290, 295, 340, 355, 360, 365]",0.00000000,"[0.00000000, 0.00000000, 0.00000000, 0.00000000, 0.00000000, 0.00000000]",0.26900000,0.45595238,26->17
6,6,8,2,69,"(1, 4, 5, 17, 20, 24)",9,6,baseline,"[5, 30, 55, 80, 105, 130, 155, 180, 205, 230, 255, 280, 305, 330, 355]",0.00000000,"[0.00000000, 0.00000000, 0.00000000, 0.00000000, 0.00000000, 0.00000000]",0.14000000,0.44414286,15->5
6,6,8,2,69,"(1, 4, 5, 17, 20, 24)",10,176,probe_repair,"[15, 35, 65, 125, 130, 135, 165, 170, 200, 225, 245, 265, 275, 325, 355]",0.00000000,"[0.00000000, 0.00000000, 0.00000000, 0.00000000, 0.00000000, 0.00000000]",0.25100000,0.45178571,2->4
6,6,8,2,70,"(9, 17, 22, 24, 26, 28)",1,350,probe_repair,"[50, 85, 90, 105, 130, 135, 145, 195, 205, 215, 220, 225, 280, 285, 335]",0.00000000,"[0.00000000, 0.00000000, 0.00000000, 0.00000000, 0.00000000, 0.00000000]",0.28300000,0.45180556,27->24
6,6,8,2,70,"(9, 17, 22, 24, 26, 28)",2,721,probe_repair,"[20, 30, 50, 75, 85, 95, 110, 135, 195, 230, 240, 290, 295, 315, 350]",0.00000000,"[0.00000000, 0.00000000, 0.00000000, 0.00000000, 0.00000000, 0.00000000]",0.23000000,0.45347222,11->9
6,6,8,2,70,"(9, 17, 22, 24, 26, 28)",3,540,probe_repair,"[5, 10, 25, 35, 55, 100, 155, 165, 170, 195, 215, 255, 260, 275, 345]",0.00000000,"[0.00000000, 0.00000000, 0.00000000, 0.00000000, 0.00000000, 0.00000000]",0.13600000,0.44641667,25->17
6,6,8,2,70,"(9, 17, 22, 24, 26, 28)",4,302,probe_repair,"[5, 25, 75, 85, 115, 145, 160, 185, 195, 200, 220, 240, 280, 285, 355]",0.00000000,"[0.00000000, 0.00000000, 0.00000000, 0.00000000, 0.00000000, 0.00000000]",0.14600000,0.45019444,11->17
6,6,8,2,70,"(9, 17, 22, 24, 26, 28)",5,1267,probe_repair,"[90, 140, 175, 180, 190, 230, 245, 300, 305, 320, 335, 340, 345, 350, 365]",0.00000000,"[0.00000000, 0.00000000, 0.00000000, 0.00000000, 0.00000000, 0.00000000]",0.24700000,0.45366667,2->28
6,6,8,2,70,"(9, 17, 22, 24, 26, 28)",6,1607,probe_repair,"[5, 25, 30, 60, 65, 80, 105, 165, 170, 240, 260, 265, 310, 320, 345]",0.00000000,"[0.00000000, 0.00000000, 0.00000000, 0.00000000, 0.00000000, 0.00000000]",0.32700000,0.45750000,15->22
6,6,8,2,70,"(9, 17, 22, 24, 26, 28)",7,47,probe_repair,"[40, 65, 85, 105, 125, 185, 195, 225, 280, 295, 320, 330, 345, 355, 365]",0.00000000,"[0.00000000, 0.00000000, 0.00000000, 0.00000000, 0.00000000, 0.00000000]",0.19800000,0.44438889,16->24
6,6,8,2,70,"(9, 17, 22, 24, 26, 28)",8,1310,probe_repair,"[5, 60, 85, 95, 110, 125, 195, 200, 215, 220, 245, 255, 260, 310, 320]",0.00000000,"[0.00000000, 0.00000000, 0.00000000, 0.00000000, 0.00000000, 0.00000000]",0.29500000,0.45286111,16->22
6,6,8,2,70,"(9, 17, 22, 24, 26, 28)",9,747,probe_repair,"[50, 70, 100, 105, 125, 155, 190, 205, 210, 290, 295, 310, 330, 340, 360]",0.00000000,"[0.00000000, 0.00000000, 0.00000000, 0.00000000, 0.00000000, 0.00000000]",0.31300000,0.45336111,7->28
6,6,8,2,70,"(9, 17, 22, 24, 26, 28)",10,1359,probe_repair,"[45, 50, 60, 65, 75, 95, 130, 185, 230, 240, 265, 275, 310, 355, 360]",0.00000000,"[0.00000000, 0.00000000, 0.00000000, 0.00000000, 0.00000000, 0.00000000]",0.18400000,0.45083333,25->17
6,6,8,2,71,"(5, 6, 11, 18, 24, 26)",1,164,probe_repair,"[15, 85, 120, 185, 210, 225, 230, 255, 265, 275, 285, 300, 305, 310, 360]",0.00000000,"[0.00000000, 0.00000000, 0.00000000, 0.00000000, 0.00000000, 0.00000000]",0.04300000,0.45058974,15->26
6,6,8,2,71,"(5, 6, 11, 18, 24, 26)",2,280,probe_repair,"[5, 20, 95, 110, 170, 175, 180, 215, 230, 235, 240, 255, 295, 355, 360]",0.00000000,"[0.00000000, 0.00000000, 0.00000000, 0.00000000, 0.00000000, 0.00000000]",0.06800000,0.44648718,9->6
6,6,8,2,71,"(5, 6, 11, 18, 24, 26)",3,169,probe_repair,"[15, 45, 95, 105, 110, 190, 205, 210, 215, 260, 300, 305, 310, 330, 345]",0.00000000,"[0.00000000, 0.00000000, 0.00000000, 0.00000000, 0.00000000, 0.00000000]",0.21600000,0.44856410,15->11
6,6,8,2,71,"(5, 6, 11, 18, 24, 26)",4,225,probe_repair,"[10, 15, 25, 35, 60, 65, 80, 140, 175, 220, 225, 235, 300, 330, 360]",0.00000000,"[0.00000000, 0.00000000, 0.00000000, 0.00000000, 0.00000000, 0.00000000]",0.15900000,0.44574359,16->11
6,6,8,2,71,"(5, 6, 11, 18, 24, 26)",5,227,probe_repair,"[10, 15, 25, 35, 60, 65, 80, 140, 175, 220, 225, 235, 300, 330, 360]",0.00000000,"[0.00000000, 0.00000000, 0.00000000, 0.00000000, 0.00000000, 0.00000000]",0.11500000,0.44874359,2->6
6,6,8,2,71,"(5, 6, 11, 18, 24, 26)",6,226,probe_repair,"[10, 15, 25, 35, 60, 65, 80, 140, 175, 220, 225, 235, 300, 330, 360]",0.00000000,"[0.00000000, 0.00000000, 0.00000000, 0.00000000, 0.00000000, 0.00000000]",0.14200000,0.44625641,2->6
6,6,8,2,71,"(5, 6, 11, 18, 24, 26)",7,309,probe_repair,"[20, 30, 35, 40, 60, 85, 145, 210, 235, 255, 285, 310, 330, 360, 365]",0.00000000,"[0.00000000, 0.00000000, 0.00000000, 0.00000000, 0.00000000, 0.00000000]",0.06100000,0.41543590,9->24
6,6,8,2,71,"(5, 6, 11, 18, 24, 26)",8,459,probe_repair,"[50, 65, 105, 120, 155, 165, 185, 205, 210, 235, 255, 265, 300, 325, 340]",0.00000000,"[0.00000000, 0.00000000, 0.00000000, 0.00000000, 0.00000000, 0.00000000]",0.27800000,0.45279487,20->24
6,6,8,2,71,"(5, 6, 11, 18, 24, 26)",9,24,probe_repair,"[15, 20, 40, 85, 105, 175, 210, 220, 240, 265, 285, 315, 330, 360, 365]",0.00000000,"[0.00000000, 0.00000000, 0.00000000, 0.00000000, 0.00000000, 0.00000000]",0.22000000,0.45228205,15->11
6,6,8,2,71,"(5, 6, 11, 18, 24, 26)",10,585,probe_repair,"[5, 35, 45, 50, 75, 80, 110, 185, 240, 245, 265, 275, 280, 305, 365]",0.00000000,"[0.00000000, 0.00000000, 0.00000000, 0.00000000, 0.00000000, 0.00000000]",0.04800000,0.44515385,15->5
6,6,8,2,72,"(4, 9, 11, 17, 26, 28)",1,917,probe_repair,"[10, 20, 50, 55, 75, 90, 110, 115, 170, 190, 215, 240, 280, 330, 345]",0.00000000,"[0.00000000, 0.00000000, 0.00000000, 0.00000000, 0.00000000, 0.00000000]",0.15400000,0.42894444,7->17
6,6,8,2,72,"(4, 9, 11, 17, 26, 28)",2,184,probe_repair,"[5, 30, 35, 40, 60, 70, 100, 130, 140, 220, 250, 270, 280, 305, 350]",0.00000000,"[0.00000000, 0.00000000, 0.00000000, 0.00000000, 0.00000000, 0.00000000]",0.12600000,0.45686111,22->11
6,6,8,2,72,"(4, 9, 11, 17, 26, 28)",3,336,probe_repair,"[30, 70, 80, 90, 115, 125, 195, 240, 245, 250, 265, 280, 315, 335, 360]",0.00000000,"[0.00000000, 0.00000000, 0.00000000, 0.00000000, 0.00000000, 0.00000000]",0.31300000,0.45277778,7->28
6,6,8,2,72,"(4, 9, 11, 17, 26, 28)",4,900,probe_repair,"[10, 25, 50, 105, 110, 165, 215, 220, 245, 250, 270, 285, 310, 345, 355]",0.00000000,"[0.00000000, 0.00000000, 0.00000000, 0.00000000, 0.00000000, 0.00000000]",0.26800000,0.44975000,25->4
6,6,8,2,72,"(4, 9, 11, 17, 26, 28)",5,803,probe_repair,"[15, 45, 80, 120, 130, 145, 150, 155, 185, 210, 220, 265, 290, 330, 345]",0.00000000,"[0.00000000, 0.00000000, 0.00000000, 0.00000000, 0.00000000, 0.00000000]",0.32300000,0.45780556,25->9
6,6,8,2,72,"(4, 9, 11, 17, 26, 28)",6,1414,probe_repair,"[10, 25, 45, 60, 80, 100, 125, 140, 170, 190, 210, 215, 225, 325, 365]",0.00000000,"[0.00000000, 0.00000000, 0.00000000, 0.00000000, 0.00000000, 0.00000000]",0.29500000,0.45641667,24->26
6,6,8,2,72,"(4, 9, 11, 17, 26, 28)",7,239,probe_repair,"[50, 65, 75, 100, 105, 125, 130, 180, 190, 195, 210, 220, 250, 340, 355]",0.00000000,"[0.00000000, 0.00000000, 0.00000000, 0.00000000, 0.00000000, 0.00000000]",0.05300000,0.45147222,2->28
6,6,8,2,72,"(4, 9, 11, 17, 26, 28)",8,788,probe_repair,"[10, 45, 115, 150, 160, 195, 220, 245, 275, 305, 310, 325, 335, 355, 360]",0.00000000,"[0.00000000, 0.00000000, 0.00000000, 0.00000000, 0.00000000, 0.00000000]",0.33100000,0.45236111,20->26
6,6,8,2,72,"(4, 9, 11, 17, 26, 28)",9,1521,probe_repair,"[15, 100, 110, 130, 140, 150, 165, 190, 230, 240, 250, 295, 305, 310, 355]",0.00000000,"[0.00000000, 0.00000000, 0.00000000, 0.00000000, 0.00000000, 0.00000000]",0.16000000,0.45627778,20->11
6,6,8,2,72,"(4, 9, 11, 17, 26, 28)",10,951,probe_repair,"[15, 25, 55, 65, 140, 145, 185, 205, 220, 240, 295, 300, 305, 315, 325]",0.00000000,"[0.00000000, 0.00000000, 0.00000000, 0.00000000, 0.00000000, 0.00000000]",0.06400000,0.45066667,2->28
6,6,8,2,73,"(2, 6, 15, 16, 21, 27)",1,332,probe_repair,"[30, 85, 115, 145, 195, 205, 210, 265, 275, 280, 285, 295, 300, 315, 365]",0.00000000,"[0.00000000, 0.00000000, 0.00000000, 0.00000000, 0.00000000, 0.00000000]",0.16900000,0.45297222,24->16
6,6,8,2,73,"(2, 6, 15, 16, 21, 27)",2,1034,probe_repair,"[30, 45, 110, 140, 180, 185, 200, 215, 235, 240, 265, 295, 310, 335, 345]",0.00000000,"[0.00000000, 0.00000000, 0.00000000, 0.00000000, 0.00000000, 0.00000000]",0.14900000,0.44344444,9->16
6,6,8,2,73,"(2, 6, 15, 16, 21, 27)",3,1462,probe_repair,"[45, 55, 70, 100, 110, 135, 185, 195, 200, 215, 235, 290, 330, 340, 360]",0.00000000,"[0.00000000, 0.00000000, 0.00000000, 0.00000000, 0.00000000, 0.00000000]",0.31300000,0.45347222,11->27
6,6,8,2,73,"(2, 6, 15, 16, 21, 27)",4,1579,probe_repair,"[5, 40, 45, 60, 95, 115, 140, 150, 165, 195, 225, 250, 260, 290, 300]",0.00000000,"[0.00000000, 0.00000000, 0.00000000, 0.00000000, 0.00000000, 0.00000000]",0.24900000,0.45113889,4->27
6,6,8,2,73,"(2, 6, 15, 16, 21, 27)",5,1577,probe_repair,"[5, 40, 45, 60, 95, 115, 140, 150, 165, 195, 225, 250, 260, 290, 300]",0.00000000,"[0.00000000, 0.00000000, 0.00000000, 0.00000000, 0.00000000, 0.00000000]",0.24900000,0.44808333,4->27
6,6,8,2,73,"(2, 6, 15, 16, 21, 27)",6,601,probe_repair,"[20, 30, 55, 75, 90, 110, 125, 165, 220, 240, 270, 290, 350, 355, 360]",0.00000000,"[0.00000000, 0.00000000, 0.00000000, 0.00000000, 0.00000000, 0.00000000]",0.12000000,0.44327778,17->16
6,6,8,2,73,"(2, 6, 15, 16, 21, 27)",7,795,probe_repair,"[30, 35, 40, 65, 70, 75, 100, 115, 155, 165, 170, 185, 200, 220, 280]",0.00000000,"[0.00000000, 0.00000000, 0.00000000, 0.00000000, 0.00000000, 0.00000000]",0.26700000,0.44955556,11->21
6,6,8,2,73,"(2, 6, 15, 16, 21, 27)",8,1546,probe_repair,"[15, 50, 60, 65, 85, 95, 125, 155, 165, 230, 240, 250, 270, 315, 355]",0.00000000,"[0.00000000, 0.00000000, 0.00000000, 0.00000000, 0.00000000, 0.00000000]",0.13100000,0.44444444,20->15
6,6,8,2,73,"(2, 6, 15, 16, 21, 27)",9,791,probe_repair,"[30, 35, 40, 65, 70, 75, 100, 115, 155, 165, 170, 185, 200, 220, 280]",0.00000000,"[0.00000000, 0.00000000, 0.00000000, 0.00000000, 0.00000000, 0.00000000]",0.29600000,0.45355556,11->21
6,6,8,2,73,"(2, 6, 15, 16, 21, 27)",10,497,probe_repair,"[10, 50, 100, 115, 130, 145, 180, 205, 225, 245, 275, 285, 320, 330, 350]",0.00000000,"[0.00000000, 0.00000000, 0.00000000, 0.00000000, 0.00000000, 0.00000000]",0.20900000,0.45477778,24->27
