k,real_k,effective_k,virtual_stream_count,sample_index,position_combination,selection_rank,candidate_id,source,probes,authorized_max_ber,authorized_position_bers,candidate_min_route_min_ber,candidate_avg_route_min_ber,worst_route
3,3,8,5,1,"(2, 5, 26)",1,30,probe_repair,"[5, 15, 35, 50, 115, 120, 135, 140, 175, 200, 245, 280, 290, 300, 365]",0.00000000,"[0.00000000, 0.00000000, 0.00000000]",0.20800000,0.43454167,7->5
3,3,8,5,1,"(2, 5, 26)",2,31,probe_repair,"[5, 15, 35, 50, 115, 120, 135, 140, 175, 200, 245, 280, 290, 300, 365]",0.00000000,"[0.00000000, 0.00000000, 0.00000000]",0.26100000,0.42889583,20->5
3,3,8,5,1,"(2, 5, 26)",3,33,probe_repair,"[5, 15, 35, 50, 115, 120, 135, 140, 175, 200, 245, 280, 290, 300, 365]",0.00000000,"[0.00000000, 0.00000000, 0.00000000]",0.24100000,0.43350000,20->5
3,3,8,5,1,"(2, 5, 26)",4,24,probe_repair,"[10, 35, 40, 90, 115, 120, 130, 140, 160, 180, 225, 250, 275, 280, 310]",0.00000000,"[0.00000000, 0.00000000, 0.00000000]",0.00700000,0.41616667,11->26
3,3,8,5,1,"(2, 5, 26)",5,35,probe_repair,"[5, 15, 35, 50, 115, 120, 135, 140, 175, 200, 245, 280, 290, 300, 365]",0.00000000,"[0.00000000, 0.00000000, 0.00000000]",0.22300000,0.42979167,7->5
3,3,8,5,1,"(2, 5, 26)",6,25,probe_repair,"[10, 35, 40, 90, 115, 120, 130, 140, 160, 180, 225, 250, 275, 280, 310]",0.00000000,"[0.00000000, 0.00000000, 0.00000000]",0.01200000,0.40639583,11->26
3,3,8,5,1,"(2, 5, 26)",7,32,probe_repair,"[5, 15, 35, 50, 115, 120, 135, 140, 175, 200, 245, 280, 290, 300, 365]",0.00000000,"[0.00000000, 0.00000000, 0.00000000]",0.25100000,0.42408333,7->5
3,3,8,5,1,"(2, 5, 26)",8,28,probe_repair,"[10, 35, 40, 90, 115, 120, 130, 140, 160, 180, 225, 250, 275, 280, 310]",0.00000000,"[0.00000000, 0.00000000, 0.00000000]",0.00800000,0.41041667,11->26
3,3,8,5,1,"(2, 5, 26)",9,26,probe_repair,"[10, 35, 40, 90, 115, 120, 130, 140, 160, 180, 225, 250, 275, 280, 310]",0.00000000,"[0.00000000, 0.00000000, 0.00000000]",0.06200000,0.42060417,11->26
3,3,8,5,1,"(2, 5, 26)",10,27,probe_repair,"[10, 35, 40, 90, 115, 120, 130, 140, 160, 180, 225, 250, 275, 280, 310]",0.00000000,"[0.00000000, 0.00000000, 0.00000000]",0.02600000,0.41956250,11->26
3,3,8,5,2,"(4, 16, 18)",1,36,probe_repair,"[30, 35, 100, 165, 180, 220, 225, 240, 245, 255, 260, 295, 300, 325, 350]",0.00000000,"[0.00000000, 0.00000000, 0.00000000]",0.12300000,0.44108889,15->4
3,3,8,5,2,"(4, 16, 18)",2,16,baseline,"[5, 30, 55, 80, 105, 130, 155, 180, 205, 230, 255, 280, 305, 330, 355]",0.00000000,"[0.00000000, 0.00000000, 0.00000000]",0.09000000,0.42775556,22->4
3,3,8,5,2,"(4, 16, 18)",3,32,probe_repair,"[30, 35, 100, 165, 180, 220, 225, 240, 245, 255, 260, 295, 300, 325, 350]",0.00000000,"[0.00000000, 0.00000000, 0.00000000]",0.13700000,0.43780000,15->4
3,3,8,5,2,"(4, 16, 18)",4,10,baseline,"[5, 30, 55, 80, 105, 130, 155, 180, 205, 230, 255, 280, 305, 330, 355]",0.00000000,"[0.00000000, 0.00000000, 0.00000000]",0.10500000,0.42815556,22->4
3,3,8,5,2,"(4, 16, 18)",5,9,baseline,"[5, 30, 55, 80, 105, 130, 155, 180, 205, 230, 255, 280, 305, 330, 355]",0.00000000,"[0.00000000, 0.00000000, 0.00000000]",0.15800000,0.42400000,22->4
3,3,8,5,2,"(4, 16, 18)",6,143,probe_repair,"[5, 20, 60, 70, 105, 130, 150, 185, 235, 255, 270, 275, 280, 310, 365]",0.00000000,"[0.00000000, 0.00000000, 0.00000000]",0.09000000,0.43704444,21->16
3,3,8,5,2,"(4, 16, 18)",7,3,baseline,"[5, 30, 55, 80, 105, 130, 155, 180, 205, 230, 255, 280, 305, 330, 355]",0.00000000,"[0.00000000, 0.00000000, 0.00000000]",0.13700000,0.42628889,22->4
3,3,8,5,2,"(4, 16, 18)",8,34,probe_repair,"[30, 35, 100, 165, 180, 220, 225, 240, 245, 255, 260, 295, 300, 325, 350]",0.00000000,"[0.00000000, 0.00000000, 0.00000000]",0.15400000,0.44164444,15->4
3,3,8,5,2,"(4, 16, 18)",9,4,baseline,"[5, 30, 55, 80, 105, 130, 155, 180, 205, 230, 255, 280, 305, 330, 355]",0.00000000,"[0.00000000, 0.00000000, 0.00000000]",0.10500000,0.42922222,22->4
3,3,8,5,2,"(4, 16, 18)",10,175,probe_repair,"[15, 20, 45, 70, 75, 80, 100, 130, 160, 180, 195, 320, 325, 340, 360]",0.00000000,"[0.00000000, 0.00000000, 0.00000000]",0.19000000,0.41904444,24->18
3,3,8,5,3,"(21, 22, 27)",1,27,probe_repair,"[20, 35, 60, 65, 75, 100, 145, 195, 200, 205, 260, 310, 335, 345, 365]",0.00000000,"[0.00000000, 0.00000000, 0.00000000]",0.25300000,0.42677778,18->27
3,3,8,5,3,"(21, 22, 27)",2,49,probe_repair,"[20, 35, 60, 65, 85, 105, 155, 180, 200, 230, 250, 260, 335, 340, 365]",0.00000000,"[0.00000000, 0.00000000, 0.00000000]",0.19900000,0.44571111,18->22
3,3,8,5,3,"(21, 22, 27)",3,24,probe_repair,"[20, 35, 60, 65, 75, 100, 145, 195, 200, 205, 260, 310, 335, 345, 365]",0.00000000,"[0.00000000, 0.00000000, 0.00000000]",0.25900000,0.42797778,18->27
3,3,8,5,3,"(21, 22, 27)",4,25,probe_repair,"[20, 35, 60, 65, 75, 100, 145, 195, 200, 205, 260, 310, 335, 345, 365]",0.00000000,"[0.00000000, 0.00000000, 0.00000000]",0.24100000,0.42391111,7->27
3,3,8,5,3,"(21, 22, 27)",5,132,probe_repair,"[5, 10, 20, 35, 40, 55, 85, 150, 165, 195, 240, 255, 335, 345, 355]",0.00000000,"[0.00000000, 0.00000000, 0.00000000]",0.00000000,0.43155556,16->22
3,3,8,5,3,"(21, 22, 27)",6,52,probe_repair,"[20, 35, 60, 65, 85, 105, 155, 180, 200, 230, 250, 260, 335, 340, 365]",0.00000000,"[0.00000000, 0.00000000, 0.00000000]",0.19700000,0.44268889,17->22
3,3,8,5,3,"(21, 22, 27)",7,232,probe_repair,"[5, 15, 50, 65, 90, 95, 150, 155, 170, 200, 225, 235, 300, 350, 360]",0.00000000,"[0.00000000, 0.00000000, 0.00000000]",0.26800000,0.43526667,26->22
3,3,8,5,3,"(21, 22, 27)",8,282,probe_repair,"[5, 30, 45, 80, 95, 120, 125, 145, 155, 190, 200, 245, 260, 265, 300]",0.00000000,"[0.00000000, 0.00000000, 0.00000000]",0.19900000,0.42973333,17->27
3,3,8,5,3,"(21, 22, 27)",9,47,probe_repair,"[20, 35, 60, 65, 85, 105, 155, 180, 200, 230, 250, 260, 335, 340, 365]",0.00000000,"[0.00000000, 0.00000000, 0.00000000]",0.18600000,0.43908889,17->22
3,3,8,5,3,"(21, 22, 27)",10,212,probe_repair,"[10, 15, 25, 70, 115, 140, 190, 235, 250, 290, 310, 325, 345, 360, 365]",0.00000000,"[0.00000000, 0.00000000, 0.00000000]",0.14300000,0.43313333,18->22
3,3,8,5,4,"(4, 21, 28)",1,242,probe_repair,"[10, 55, 60, 65, 105, 170, 175, 180, 220, 255, 260, 295, 305, 320, 340]",0.00000000,"[0.00000000, 0.00000000, 0.00000000]",0.05000000,0.42091111,22->21
3,3,8,5,4,"(4, 21, 28)",2,163,probe_repair,"[70, 85, 90, 105, 145, 150, 185, 195, 210, 240, 255, 265, 275, 315, 365]",0.00000000,"[0.00000000, 0.00000000, 0.00000000]",0.19800000,0.44837778,17->21
3,3,8,5,4,"(4, 21, 28)",3,283,probe_repair,"[5, 25, 30, 35, 40, 45, 55, 70, 85, 150, 195, 210, 215, 275, 335]",0.00000000,"[0.00000000, 0.00000000, 0.00000000]",0.11800000,0.44068889,6->21
3,3,8,5,4,"(4, 21, 28)",4,32,probe_repair,"[20, 35, 105, 110, 140, 160, 185, 205, 210, 215, 220, 300, 320, 330, 365]",0.00000000,"[0.00000000, 0.00000000, 0.00000000]",0.06000000,0.44466667,16->21
3,3,8,5,4,"(4, 21, 28)",5,35,probe_repair,"[20, 35, 105, 110, 140, 160, 185, 205, 210, 215, 220, 300, 320, 330, 365]",0.00000000,"[0.00000000, 0.00000000, 0.00000000]",0.04600000,0.44246667,16->21
3,3,8,5,4,"(4, 21, 28)",6,70,probe_repair,"[20, 30, 55, 105, 120, 135, 180, 235, 260, 265, 315, 325, 335, 350, 360]",0.00000000,"[0.00000000, 0.00000000, 0.00000000]",0.11800000,0.43380000,20->4
3,3,8,5,4,"(4, 21, 28)",7,36,probe_repair,"[20, 35, 105, 110, 140, 160, 185, 205, 210, 215, 220, 300, 320, 330, 365]",0.00000000,"[0.00000000, 0.00000000, 0.00000000]",0.09200000,0.44284444,16->21
3,3,8,5,4,"(4, 21, 28)",8,8,baseline,"[5, 30, 55, 80, 105, 130, 155, 180, 205, 230, 255, 280, 305, 330, 355]",0.00000000,"[0.00000000, 0.00000000, 0.00000000]",0.19100000,0.44035556,22->4
3,3,8,5,4,"(4, 21, 28)",9,282,probe_repair,"[5, 25, 30, 35, 40, 45, 55, 70, 85, 150, 195, 210, 215, 275, 335]",0.00000000,"[0.00000000, 0.00000000, 0.00000000]",0.14000000,0.44413333,6->21
3,3,8,5,4,"(4, 21, 28)",10,278,probe_repair,"[5, 25, 30, 35, 40, 45, 55, 70, 85, 150, 195, 210, 215, 275, 335]",0.00000000,"[0.00000000, 0.00000000, 0.00000000]",0.16900000,0.44655556,6->21
3,3,8,5,5,"(20, 21, 28)",1,141,probe_repair,"[10, 15, 30, 40, 55, 105, 125, 145, 170, 225, 235, 305, 345, 350, 365]",0.00000000,"[0.00000000, 0.00000000, 0.00000000]",0.00000000,0.39668889,11->21
3,3,8,5,5,"(20, 21, 28)",2,248,probe_repair,"[15, 45, 55, 65, 90, 165, 170, 185, 195, 255, 265, 290, 310, 325, 340]",0.00000000,"[0.00000000, 0.00000000, 0.00000000]",0.09500000,0.41722222,6->21
3,3,8,5,5,"(20, 21, 28)",3,30,probe_repair,"[15, 20, 30, 35, 70, 75, 85, 100, 130, 150, 215, 255, 300, 330, 355]",0.00000000,"[0.00000000, 0.00000000, 0.00000000]",0.10900000,0.42722222,15->21
3,3,8,5,5,"(20, 21, 28)",4,62,probe_repair,"[20, 25, 50, 55, 65, 140, 155, 185, 190, 215, 250, 260, 270, 275, 360]",0.00000000,"[0.00000000, 0.00000000, 0.00000000]",0.19400000,0.45033333,16->20
3,3,8,5,5,"(20, 21, 28)",5,250,probe_repair,"[15, 45, 55, 65, 90, 165, 170, 185, 195, 255, 265, 290, 310, 325, 340]",0.00000000,"[0.00000000, 0.00000000, 0.00000000]",0.07200000,0.42497778,6->21
3,3,8,5,5,"(20, 21, 28)",6,324,probe_repair,"[10, 15, 45, 50, 80, 100, 105, 115, 125, 140, 145, 230, 245, 285, 295]",0.00000000,"[0.00000000, 0.00000000, 0.00000000]",0.20600000,0.43664444,17->20
3,3,8,5,5,"(20, 21, 28)",7,34,probe_repair,"[15, 20, 30, 35, 70, 75, 85, 100, 130, 150, 215, 255, 300, 330, 355]",0.00000000,"[0.00000000, 0.00000000, 0.00000000]",0.06100000,0.42628889,15->21
3,3,8,5,5,"(20, 21, 28)",8,322,probe_repair,"[10, 15, 45, 50, 80, 100, 105, 115, 125, 140, 145, 230, 245, 285, 295]",0.00000000,"[0.00000000, 0.00000000, 0.00000000]",0.22700000,0.43984444,9->20
3,3,8,5,5,"(20, 21, 28)",9,246,probe_repair,"[15, 45, 55, 65, 90, 165, 170, 185, 195, 255, 265, 290, 310, 325, 340]",0.00000000,"[0.00000000, 0.00000000, 0.00000000]",0.10300000,0.42524444,6->21
3,3,8,5,5,"(20, 21, 28)",10,323,probe_repair,"[10, 15, 45, 50, 80, 100, 105, 115, 125, 140, 145, 230, 245, 285, 295]",0.00000000,"[0.00000000, 0.00000000, 0.00000000]",0.21100000,0.42771111,17->20
3,3,8,5,6,"(2, 20, 22)",1,52,probe_repair,"[40, 70, 75, 85, 95, 105, 170, 180, 185, 305, 315, 325, 335, 360, 365]",0.00000000,"[0.00000000, 0.00000000, 0.00000000]",0.16300000,0.42915556,11->20
3,3,8,5,6,"(2, 20, 22)",2,131,probe_repair,"[5, 20, 45, 70, 75, 80, 90, 120, 145, 205, 220, 230, 290, 305, 365]",0.00000000,"[0.00000000, 0.00000000, 0.00000000]",0.18500000,0.42608889,17->22
3,3,8,5,6,"(2, 20, 22)",3,248,probe_repair,"[15, 70, 90, 95, 105, 125, 150, 180, 190, 195, 205, 275, 305, 335, 365]",0.00000000,"[0.00000000, 0.00000000, 0.00000000]",0.22800000,0.44495556,6->22
3,3,8,5,6,"(2, 20, 22)",4,36,probe_repair,"[25, 45, 50, 105, 115, 125, 165, 185, 235, 240, 265, 285, 310, 320, 340]",0.00000000,"[0.00000000, 0.00000000, 0.00000000]",0.21100000,0.42953333,4->20
3,3,8,5,6,"(2, 20, 22)",5,55,probe_repair,"[30, 40, 50, 70, 120, 125, 145, 180, 190, 210, 255, 265, 270, 295, 300]",0.00000000,"[0.00000000, 0.00000000, 0.00000000]",0.23600000,0.44106667,27->20
3,3,8,5,6,"(2, 20, 22)",6,63,probe_repair,"[35, 40, 85, 135, 165, 195, 205, 210, 250, 280, 295, 305, 320, 340, 355]",0.00000000,"[0.00000000, 0.00000000, 0.00000000]",0.08700000,0.43191111,18->20
3,3,8,5,6,"(2, 20, 22)",7,47,probe_repair,"[40, 70, 75, 85, 95, 105, 170, 180, 185, 305, 315, 325, 335, 360, 365]",0.00000000,"[0.00000000, 0.00000000, 0.00000000]",0.20600000,0.43531111,11->20
3,3,8,5,6,"(2, 20, 22)",8,249,probe_repair,"[15, 70, 90, 95, 105, 125, 150, 180, 190, 195, 205, 275, 305, 335, 365]",0.00000000,"[0.00000000, 0.00000000, 0.00000000]",0.25500000,0.44300000,6->22
3,3,8,5,6,"(2, 20, 22)",9,30,probe_repair,"[25, 45, 50, 105, 115, 125, 165, 185, 235, 240, 265, 285, 310, 320, 340]",0.00000000,"[0.00000000, 0.00000000, 0.00000000]",0.14500000,0.42771111,4->20
3,3,8,5,6,"(2, 20, 22)",10,151,probe_repair,"[5, 80, 105, 180, 230, 270, 275, 280, 285, 290, 300, 330, 345, 360, 365]",0.00000000,"[0.00000000, 0.00000000, 0.00000000]",0.28300000,0.44226667,4->22
3,3,8,5,7,"(9, 15, 16)",1,185,probe_repair,"[65, 85, 125, 130, 140, 160, 175, 200, 205, 240, 305, 325, 330, 340, 345]",0.00000000,"[0.00000000, 0.00000000, 0.00000000]",0.12500000,0.43344444,28->9
3,3,8,5,7,"(9, 15, 16)",2,184,probe_repair,"[65, 85, 125, 130, 140, 160, 175, 200, 205, 240, 305, 325, 330, 340, 345]",0.00000000,"[0.00000000, 0.00000000, 0.00000000]",0.12900000,0.42815556,22->15
3,3,8,5,7,"(9, 15, 16)",3,187,probe_repair,"[65, 85, 125, 130, 140, 160, 175, 200, 205, 240, 305, 325, 330, 340, 345]",0.00000000,"[0.00000000, 0.00000000, 0.00000000]",0.15500000,0.42435556,22->15
3,3,8,5,7,"(9, 15, 16)",4,183,probe_repair,"[65, 85, 125, 130, 140, 160, 175, 200, 205, 240, 305, 325, 330, 340, 345]",0.00000000,"[0.00000000, 0.00000000, 0.00000000]",0.12900000,0.42288889,22->15
3,3,8,5,7,"(9, 15, 16)",5,186,probe_repair,"[65, 85, 125, 130, 140, 160, 175, 200, 205, 240, 305, 325, 330, 340, 345]",0.00000000,"[0.00000000, 0.00000000, 0.00000000]",0.05200000,0.42502222,22->15
3,3,8,5,7,"(9, 15, 16)",6,153,probe_repair,"[20, 30, 55, 60, 65, 105, 115, 120, 170, 180, 215, 245, 315, 335, 340]",0.00000000,"[0.00000000, 0.00000000, 0.00000000]",0.25000000,0.43680000,18->9
3,3,8,5,7,"(9, 15, 16)",7,182,probe_repair,"[65, 85, 125, 130, 140, 160, 175, 200, 205, 240, 305, 325, 330, 340, 345]",0.00000000,"[0.00000000, 0.00000000, 0.00000000]",0.13100000,0.43075556,22->15
3,3,8,5,7,"(9, 15, 16)",8,88,probe_repair,"[10, 20, 65, 140, 145, 150, 195, 215, 235, 285, 290, 305, 320, 325, 350]",0.00000000,"[0.00000000, 0.00000000, 0.00000000]",0.03600000,0.43511111,4->16
3,3,8,5,7,"(9, 15, 16)",9,65,probe_repair,"[30, 35, 45, 50, 75, 80, 90, 105, 135, 160, 210, 255, 295, 335, 340]",0.00000000,"[0.00000000, 0.00000000, 0.00000000]",0.22400000,0.44262222,22->9
3,3,8,5,7,"(9, 15, 16)",10,326,probe_repair,"[15, 70, 90, 115, 140, 145, 175, 185, 210, 220, 250, 255, 280, 300, 330]",0.00000000,"[0.00000000, 0.00000000, 0.00000000]",0.22400000,0.43004444,26->15
3,3,8,5,8,"(9, 17, 20)",1,206,probe_repair,"[5, 10, 25, 40, 60, 65, 75, 100, 120, 175, 200, 225, 245, 305, 360]",0.00000000,"[0.00000000, 0.00000000, 0.00000000]",0.13100000,0.42700000,7->17
3,3,8,5,8,"(9, 17, 20)",2,201,probe_repair,"[30, 45, 70, 90, 120, 135, 175, 210, 215, 255, 285, 290, 340, 345, 355]",0.00000000,"[0.00000000, 0.00000000, 0.00000000]",0.16000000,0.42977778,2->20
3,3,8,5,8,"(9, 17, 20)",3,140,probe_repair,"[15, 55, 70, 85, 140, 145, 180, 205, 265, 270, 290, 315, 335, 345, 355]",0.00000000,"[0.00000000, 0.00000000, 0.00000000]",0.09300000,0.42120000,15->20
3,3,8,5,8,"(9, 17, 20)",4,30,probe_repair,"[10, 20, 55, 80, 95, 125, 130, 160, 200, 205, 210, 285, 300, 345, 360]",0.00000000,"[0.00000000, 0.00000000, 0.00000000]",0.20000000,0.43466667,2->17
3,3,8,5,8,"(9, 17, 20)",5,198,probe_repair,"[30, 45, 70, 90, 120, 135, 175, 210, 215, 255, 285, 290, 340, 345, 355]",0.00000000,"[0.00000000, 0.00000000, 0.00000000]",0.22600000,0.42917778,2->20
3,3,8,5,8,"(9, 17, 20)",6,187,probe_repair,"[15, 20, 40, 90, 130, 155, 180, 190, 235, 240, 255, 270, 340, 345, 355]",0.00000000,"[0.00000000, 0.00000000, 0.00000000]",0.19700000,0.43588889,28->9
3,3,8,5,8,"(9, 17, 20)",7,33,probe_repair,"[10, 20, 55, 80, 95, 125, 130, 160, 200, 205, 210, 285, 300, 345, 360]",0.00000000,"[0.00000000, 0.00000000, 0.00000000]",0.15200000,0.42622222,2->17
3,3,8,5,8,"(9, 17, 20)",8,103,probe_repair,"[5, 35, 45, 50, 100, 110, 145, 165, 205, 210, 230, 265, 270, 315, 325]",0.00000000,"[0.00000000, 0.00000000, 0.00000000]",0.16500000,0.41333333,22->17
3,3,8,5,8,"(9, 17, 20)",9,275,probe_repair,"[10, 35, 45, 50, 75, 110, 120, 125, 145, 185, 220, 225, 280, 300, 310]",0.00000000,"[0.00000000, 0.00000000, 0.00000000]",0.21400000,0.44348889,7->17
3,3,8,5,8,"(9, 17, 20)",10,138,probe_repair,"[15, 55, 70, 85, 140, 145, 180, 205, 265, 270, 290, 315, 335, 345, 355]",0.00000000,"[0.00000000, 0.00000000, 0.00000000]",0.13400000,0.43422222,15->20
3,3,8,5,9,"(1, 26, 28)",1,76,probe_repair,"[40, 60, 75, 95, 105, 125, 130, 140, 165, 240, 245, 275, 330, 335, 355]",0.00000000,"[0.00000000, 0.00000000, 0.00000000]",0.18800000,0.44200000,22->1
3,3,8,5,9,"(1, 26, 28)",2,22,probe_repair,"[35, 55, 70, 75, 100, 110, 135, 140, 150, 155, 260, 275, 295, 320, 335]",0.00000000,"[0.00000000, 0.00000000, 0.00000000]",0.12600000,0.43970833,15->26
3,3,8,5,9,"(1, 26, 28)",3,27,probe_repair,"[35, 55, 70, 75, 100, 110, 135, 140, 150, 155, 260, 275, 295, 320, 335]",0.00000000,"[0.00000000, 0.00000000, 0.00000000]",0.15800000,0.43879167,15->26
3,3,8,5,9,"(1, 26, 28)",4,74,probe_repair,"[40, 60, 75, 95, 105, 125, 130, 140, 165, 240, 245, 275, 330, 335, 355]",0.00000000,"[0.00000000, 0.00000000, 0.00000000]",0.21900000,0.43260417,22->1
3,3,8,5,9,"(1, 26, 28)",5,28,probe_repair,"[35, 55, 70, 75, 100, 110, 135, 140, 150, 155, 260, 275, 295, 320, 335]",0.00000000,"[0.00000000, 0.00000000, 0.00000000]",0.17900000,0.43172917,22->28
3,3,8,5,9,"(1, 26, 28)",6,23,probe_repair,"[35, 55, 70, 75, 100, 110, 135, 140, 150, 155, 260, 275, 295, 320, 335]",0.00000000,"[0.00000000, 0.00000000, 0.00000000]",0.15700000,0.43825000,22->28
3,3,8,5,9,"(1, 26, 28)",7,25,probe_repair,"[35, 55, 70, 75, 100, 110, 135, 140, 150, 155, 260, 275, 295, 320, 335]",0.00000000,"[0.00000000, 0.00000000, 0.00000000]",0.15400000,0.43660417,9->26
3,3,8,5,9,"(1, 26, 28)",8,73,probe_repair,"[40, 60, 75, 95, 105, 125, 130, 140, 165, 240, 245, 275, 330, 335, 355]",0.00000000,"[0.00000000, 0.00000000, 0.00000000]",0.19100000,0.44050000,22->1
3,3,8,5,9,"(1, 26, 28)",9,26,probe_repair,"[35, 55, 70, 75, 100, 110, 135, 140, 150, 155, 260, 275, 295, 320, 335]",0.00000000,"[0.00000000, 0.00000000, 0.00000000]",0.16100000,0.43377083,22->28
3,3,8,5,9,"(1, 26, 28)",10,75,probe_repair,"[40, 60, 75, 95, 105, 125, 130, 140, 165, 240, 245, 275, 330, 335, 355]",0.00000000,"[0.00000000, 0.00000000, 0.00000000]",0.16200000,0.43206250,22->1
3,3,8,5,10,"(2, 5, 15)",1,93,probe_repair,"[45, 60, 75, 90, 95, 120, 155, 165, 210, 215, 230, 235, 250, 280, 285]",0.00000000,"[0.00000000, 0.00000000, 0.00000000]",0.00000000,0.35335417,6->2
3,3,8,5,10,"(2, 5, 15)",2,148,probe_repair,"[15, 35, 50, 145, 160, 185, 190, 205, 245, 260, 275, 280, 285, 290, 360]",0.00000000,"[0.00000000, 0.00000000, 0.00000000]",0.03500000,0.41416667,6->5
3,3,8,5,10,"(2, 5, 15)",3,143,probe_repair,"[15, 35, 50, 145, 160, 185, 190, 205, 245, 260, 275, 280, 285, 290, 360]",0.00000000,"[0.00000000, 0.00000000, 0.00000000]",0.00400000,0.41460417,20->5
3,3,8,5,10,"(2, 5, 15)",4,146,probe_repair,"[15, 35, 50, 145, 160, 185, 190, 205, 245, 260, 275, 280, 285, 290, 360]",0.00000000,"[0.00000000, 0.00000000, 0.00000000]",0.02600000,0.40689583,20->5
3,3,8,5,10,"(2, 5, 15)",5,33,probe_repair,"[15, 40, 50, 80, 140, 180, 215, 220, 250, 265, 275, 280, 295, 315, 365]",0.00000000,"[0.00000000, 0.00000000, 0.00000000]",0.11900000,0.42068750,6->2
3,3,8,5,10,"(2, 5, 15)",6,62,probe_repair,"[25, 30, 85, 95, 120, 140, 180, 205, 240, 245, 270, 305, 310, 330, 360]",0.00000000,"[0.00000000, 0.00000000, 0.00000000]",0.24300000,0.43339583,26->2
3,3,8,5,10,"(2, 5, 15)",7,31,probe_repair,"[15, 40, 50, 80, 140, 180, 215, 220, 250, 265, 275, 280, 295, 315, 365]",0.00000000,"[0.00000000, 0.00000000, 0.00000000]",0.10100000,0.42293750,20->15
3,3,8,5,10,"(2, 5, 15)",8,116,probe_repair,"[10, 15, 80, 90, 100, 145, 150, 155, 265, 275, 285, 300, 325, 360, 365]",0.00000000,"[0.00000000, 0.00000000, 0.00000000]",0.18400000,0.41843750,16->5
3,3,8,5,10,"(2, 5, 15)",9,145,probe_repair,"[15, 35, 50, 145, 160, 185, 190, 205, 245, 260, 275, 280, 285, 290, 360]",0.00000000,"[0.00000000, 0.00000000, 0.00000000]",0.03500000,0.40785417,6->5
3,3,8,5,10,"(2, 5, 15)",10,127,probe_repair,"[45, 90, 95, 120, 135, 140, 150, 155, 210, 215, 225, 240, 260, 335, 355]",0.00000000,"[0.00000000, 0.00000000, 0.00000000]",0.12000000,0.44025000,4->5
3,3,8,5,11,"(2, 11, 21)",1,7,baseline,"[5, 30, 55, 80, 105, 130, 155, 180, 205, 230, 255, 280, 305, 330, 355]",0.00000000,"[0.00000000, 0.00000000, 0.00000000]",0.07100000,0.42826667,24->2
3,3,8,5,11,"(2, 11, 21)",2,49,probe_repair,"[55, 65, 70, 80, 85, 90, 105, 150, 160, 185, 225, 240, 245, 260, 275]",0.00000000,"[0.00000000, 0.00000000, 0.00000000]",0.19200000,0.42673333,15->21
3,3,8,5,11,"(2, 11, 21)",3,38,probe_repair,"[5, 30, 60, 70, 100, 125, 185, 190, 240, 245, 275, 295, 300, 325, 360]",0.00000000,"[0.00000000, 0.00000000, 0.00000000]",0.15500000,0.43066667,15->21
3,3,8,5,11,"(2, 11, 21)",4,288,probe_repair,"[10, 50, 70, 140, 150, 175, 200, 210, 225, 250, 285, 300, 315, 345, 365]",0.00000000,"[0.00000000, 0.00000000, 0.00000000]",0.06600000,0.44535556,25->11
3,3,8,5,11,"(2, 11, 21)",5,127,probe_repair,"[25, 35, 40, 45, 75, 125, 130, 145, 155, 210, 220, 230, 235, 260, 310]",0.00000000,"[0.00000000, 0.00000000, 0.00000000]",0.27400000,0.44742222,7->21
3,3,8,5,11,"(2, 11, 21)",6,64,probe_repair,"[20, 50, 95, 110, 120, 140, 150, 155, 175, 215, 230, 235, 255, 335, 350]",0.00000000,"[0.00000000, 0.00000000, 0.00000000]",0.11900000,0.43844444,26->2
3,3,8,5,11,"(2, 11, 21)",7,278,probe_repair,"[10, 25, 45, 50, 55, 85, 90, 115, 135, 200, 215, 320, 325, 360, 365]",0.00000000,"[0.00000000, 0.00000000, 0.00000000]",0.28600000,0.44131111,7->21
3,3,8,5,11,"(2, 11, 21)",8,10,baseline,"[5, 30, 55, 80, 105, 130, 155, 180, 205, 230, 255, 280, 305, 330, 355]",0.00000000,"[0.00000000, 0.00000000, 0.00000000]",0.16500000,0.42611111,26->2
3,3,8,5,11,"(2, 11, 21)",9,156,probe_repair,"[15, 75, 115, 120, 125, 135, 175, 195, 260, 265, 270, 285, 300, 305, 315]",0.00000000,"[0.00000000, 0.00000000, 0.00000000]",0.06000000,0.41422222,26->2
3,3,8,5,11,"(2, 11, 21)",10,3,baseline,"[5, 30, 55, 80, 105, 130, 155, 180, 205, 230, 255, 280, 305, 330, 355]",0.00000000,"[0.00000000, 0.00000000, 0.00000000]",0.14100000,0.43055556,24->2
3,3,8,5,12,"(5, 20, 26)",1,44,probe_repair,"[30, 45, 65, 75, 85, 115, 150, 165, 180, 185, 210, 255, 290, 295, 365]",0.00000000,"[0.00000000, 0.00000000, 0.00000000]",0.15100000,0.43804167,18->20
3,3,8,5,12,"(5, 20, 26)",2,8,baseline,"[5, 30, 55, 80, 105, 130, 155, 180, 205, 230, 255, 280, 305, 330, 355]",0.00000000,"[0.00000000, 0.00000000, 0.00000000]",0.06100000,0.43177083,15->5
3,3,8,5,12,"(5, 20, 26)",3,16,baseline,"[5, 30, 55, 80, 105, 130, 155, 180, 205, 230, 255, 280, 305, 330, 355]",0.00000000,"[0.00000000, 0.00000000, 0.00000000]",0.04600000,0.43625000,15->5
3,3,8,5,12,"(5, 20, 26)",4,17,baseline,"[5, 30, 55, 80, 105, 130, 155, 180, 205, 230, 255, 280, 305, 330, 355]",0.00000000,"[0.00000000, 0.00000000, 0.00000000]",0.07100000,0.43125000,24->26
3,3,8,5,12,"(5, 20, 26)",5,11,baseline,"[5, 30, 55, 80, 105, 130, 155, 180, 205, 230, 255, 280, 305, 330, 355]",0.00000000,"[0.00000000, 0.00000000, 0.00000000]",0.03200000,0.43479167,15->5
3,3,8,5,12,"(5, 20, 26)",6,10,baseline,"[5, 30, 55, 80, 105, 130, 155, 180, 205, 230, 255, 280, 305, 330, 355]",0.00000000,"[0.00000000, 0.00000000, 0.00000000]",0.04700000,0.42489583,15->5
3,3,8,5,12,"(5, 20, 26)",7,12,baseline,"[5, 30, 55, 80, 105, 130, 155, 180, 205, 230, 255, 280, 305, 330, 355]",0.00000000,"[0.00000000, 0.00000000, 0.00000000]",0.01700000,0.42689583,15->5
3,3,8,5,12,"(5, 20, 26)",8,4,baseline,"[5, 30, 55, 80, 105, 130, 155, 180, 205, 230, 255, 280, 305, 330, 355]",0.00000000,"[0.00000000, 0.00000000, 0.00000000]",0.04700000,0.42635417,15->5
3,3,8,5,12,"(5, 20, 26)",9,13,baseline,"[5, 30, 55, 80, 105, 130, 155, 180, 205, 230, 255, 280, 305, 330, 355]",0.00000000,"[0.00000000, 0.00000000, 0.00000000]",0.03600000,0.42745833,15->5
3,3,8,5,12,"(5, 20, 26)",10,18,baseline,"[5, 30, 55, 80, 105, 130, 155, 180, 205, 230, 255, 280, 305, 330, 355]",0.00000000,"[0.00000000, 0.00000000, 0.00000000]",0.04500000,0.43345833,15->5
3,3,8,5,13,"(7, 24, 25)",1,692,probe_repair,"[5, 15, 40, 45, 85, 125, 180, 195, 230, 260, 285, 295, 305, 320, 350]",0.00000000,"[0.00000000, 0.00000000, 0.00000000]",0.00000000,0.43226667,22->25
3,3,8,5,13,"(7, 24, 25)",2,1284,probe_repair,"[15, 30, 60, 65, 75, 80, 90, 100, 160, 210, 225, 230, 295, 320, 345]",0.00000000,"[0.00000000, 0.00000000, 0.00000000]",0.17500000,0.42773333,16->24
3,3,8,5,13,"(7, 24, 25)",3,1162,probe_repair,"[40, 65, 95, 100, 105, 110, 145, 165, 175, 255, 265, 275, 280, 330, 355]",0.00000000,"[0.00000000, 0.00000000, 0.00000000]",0.22900000,0.45393333,20->24
3,3,8,5,13,"(7, 24, 25)",4,504,probe_repair,"[50, 85, 90, 105, 110, 125, 150, 175, 195, 235, 270, 275, 300, 335, 360]",0.00000000,"[0.00000000, 0.00000000, 0.00000000]",0.21200000,0.43464444,26->7
3,3,8,5,13,"(7, 24, 25)",5,677,probe_repair,"[10, 15, 80, 100, 115, 125, 130, 135, 155, 195, 255, 295, 310, 325, 365]",0.00000000,"[0.00000000, 0.00000000, 0.00000000]",0.11200000,0.38373333,16->24
3,3,8,5,13,"(7, 24, 25)",6,216,probe_repair,"[5, 30, 35, 120, 145, 170, 180, 215, 265, 275, 285, 310, 335, 350, 365]",0.00000000,"[0.00000000, 0.00000000, 0.00000000]",0.07500000,0.43880000,16->24
3,3,8,5,13,"(7, 24, 25)",7,157,probe_repair,"[30, 35, 65, 85, 90, 215, 230, 235, 275, 280, 295, 300, 305, 320, 335]",0.00000000,"[0.00000000, 0.00000000, 0.00000000]",0.00000000,0.35131111,11->25
3,3,8,5,13,"(7, 24, 25)",8,1565,probe_repair,"[50, 60, 85, 120, 130, 155, 160, 225, 240, 270, 290, 310, 320, 350, 365]",0.00000000,"[0.00000000, 0.00000000, 0.00000000]",0.00000000,0.34697778,4->25
3,3,8,5,13,"(7, 24, 25)",9,508,probe_repair,"[50, 85, 90, 105, 110, 125, 150, 175, 195, 235, 270, 275, 300, 335, 360]",0.00000000,"[0.00000000, 0.00000000, 0.00000000]",0.24500000,0.44235556,15->24
3,3,8,5,13,"(7, 24, 25)",10,521,probe_repair,"[15, 30, 45, 65, 75, 80, 85, 95, 110, 120, 180, 210, 230, 260, 330]",0.00000000,"[0.00000000, 0.00000000, 0.00000000]",0.22200000,0.42493333,11->25
3,3,8,5,14,"(16, 21, 25)",1,1557,probe_repair,"[5, 15, 50, 95, 100, 110, 115, 135, 145, 185, 210, 220, 240, 270, 280]",0.00000000,"[0.00000000, 0.00000000, 0.00000000]",0.00000000,0.38368889,4->25
3,3,8,5,14,"(16, 21, 25)",2,181,probe_repair,"[5, 25, 35, 55, 65, 75, 185, 215, 225, 250, 270, 300, 305, 320, 325]",0.00000000,"[0.00000000, 0.00000000, 0.00000000]",0.00000000,0.37548889,9->16
3,3,8,5,14,"(16, 21, 25)",3,685,probe_repair,"[45, 85, 100, 105, 165, 175, 200, 210, 245, 270, 275, 285, 300, 310, 365]",0.00000000,"[0.00000000, 0.00000000, 0.00000000]",0.00000000,0.36493333,4->25
3,3,8,5,14,"(16, 21, 25)",4,661,probe_repair,"[5, 25, 30, 35, 45, 70, 130, 180, 195, 210, 225, 250, 255, 265, 340]",0.00000000,"[0.00000000, 0.00000000, 0.00000000]",0.00000000,0.36162222,7->21
3,3,8,5,14,"(16, 21, 25)",5,125,probe_repair,"[30, 50, 65, 90, 110, 150, 155, 180, 200, 220, 230, 255, 265, 285, 360]",0.00000000,"[0.00000000, 0.00000000, 0.00000000]",0.00000000,0.34855556,4->25
3,3,8,5,14,"(16, 21, 25)",6,1421,probe_repair,"[20, 25, 45, 55, 70, 130, 135, 145, 235, 255, 300, 330, 335, 345, 360]",0.00000000,"[0.00000000, 0.00000000, 0.00000000]",0.00000000,0.34680000,4->25
3,3,8,5,14,"(16, 21, 25)",7,1333,probe_repair,"[10, 15, 25, 35, 50, 70, 120, 145, 195, 235, 240, 275, 295, 310, 330]",0.00000000,"[0.00000000, 0.00000000, 0.00000000]",0.00000000,0.37466667,20->16
3,3,8,5,14,"(16, 21, 25)",8,613,probe_repair,"[15, 35, 50, 55, 60, 65, 135, 150, 190, 220, 230, 245, 280, 345, 360]",0.00000000,"[0.00000000, 0.00000000, 0.00000000]",0.00000000,0.37817778,7->21
3,3,8,5,14,"(16, 21, 25)",9,1274,probe_repair,"[25, 65, 125, 135, 140, 155, 170, 200, 230, 260, 295, 300, 310, 325, 350]",0.00000000,"[0.00000000, 0.00000000, 0.00000000]",0.25100000,0.45411111,28->21
3,3,8,5,14,"(16, 21, 25)",10,639,probe_repair,"[35, 45, 50, 110, 135, 145, 190, 240, 255, 265, 270, 295, 310, 325, 350]",0.00000000,"[0.00000000, 0.00000000, 0.00000000]",0.19500000,0.43951111,18->21
3,3,8,5,15,"(16, 17, 27)",1,825,probe_repair,"[35, 55, 70, 95, 140, 170, 190, 210, 215, 225, 245, 285, 325, 340, 355]",0.00000000,"[0.00000000, 0.00000000, 0.00000000]",0.21100000,0.43766667,9->16
3,3,8,5,15,"(16, 17, 27)",2,852,probe_repair,"[20, 40, 80, 90, 110, 115, 125, 145, 200, 210, 215, 225, 295, 345, 365]",0.00000000,"[0.00000000, 0.00000000, 0.00000000]",0.06800000,0.43100000,7->17
3,3,8,5,15,"(16, 17, 27)",3,830,probe_repair,"[15, 30, 35, 40, 65, 140, 150, 155, 190, 230, 240, 255, 295, 315, 335]",0.00000000,"[0.00000000, 0.00000000, 0.00000000]",0.20200000,0.43346667,22->17
3,3,8,5,15,"(16, 17, 27)",4,1052,probe_repair,"[30, 65, 105, 115, 120, 125, 190, 210, 230, 240, 270, 290, 305, 325, 335]",0.00000000,"[0.00000000, 0.00000000, 0.00000000]",0.15600000,0.43673333,18->16
3,3,8,5,15,"(16, 17, 27)",5,1381,probe_repair,"[25, 30, 65, 75, 80, 110, 130, 145, 185, 195, 215, 250, 270, 330, 335]",0.00000000,"[0.00000000, 0.00000000, 0.00000000]",0.00000000,0.38651111,6->27
3,3,8,5,15,"(16, 17, 27)",6,893,probe_repair,"[25, 30, 45, 50, 85, 120, 145, 150, 165, 220, 270, 285, 340, 345, 355]",0.00000000,"[0.00000000, 0.00000000, 0.00000000]",0.00000000,0.36066667,4->27
3,3,8,5,15,"(16, 17, 27)",7,403,probe_repair,"[10, 25, 35, 40, 45, 75, 80, 90, 125, 205, 230, 270, 325, 330, 365]",0.00000000,"[0.00000000, 0.00000000, 0.00000000]",0.22300000,0.43200000,28->16
3,3,8,5,15,"(16, 17, 27)",8,492,probe_repair,"[30, 50, 85, 90, 95, 110, 120, 130, 150, 170, 190, 210, 260, 335, 340]",0.00000000,"[0.00000000, 0.00000000, 0.00000000]",0.16800000,0.43533333,20->17
3,3,8,5,15,"(16, 17, 27)",9,133,probe_repair,"[20, 40, 65, 105, 140, 145, 175, 190, 195, 215, 260, 285, 310, 320, 350]",0.00000000,"[0.00000000, 0.00000000, 0.00000000]",0.10000000,0.35068889,26->27
3,3,8,5,15,"(16, 17, 27)",10,469,probe_repair,"[5, 100, 105, 130, 155, 180, 185, 190, 205, 210, 255, 260, 270, 325, 350]",0.00000000,"[0.00000000, 0.00000000, 0.00000000]",0.00000000,0.39117778,4->27
3,3,8,5,16,"(15, 22, 28)",1,1261,probe_repair,"[20, 25, 60, 85, 90, 105, 110, 115, 135, 155, 210, 215, 270, 305, 360]",0.00000000,"[0.00000000, 0.00000000, 0.00000000]",0.00000000,0.36897778,6->15
3,3,8,5,16,"(15, 22, 28)",2,1288,probe_repair,"[35, 50, 65, 95, 105, 115, 125, 130, 205, 220, 260, 280, 330, 345, 365]",0.00000000,"[0.00000000, 0.00000000, 0.00000000]",0.06900000,0.42397778,21->22
3,3,8,5,16,"(15, 22, 28)",3,225,probe_repair,"[10, 60, 65, 70, 95, 110, 130, 140, 150, 220, 250, 260, 270, 275, 325]",0.00000000,"[0.00000000, 0.00000000, 0.00000000]",0.14300000,0.43033333,27->22
3,3,8,5,16,"(15, 22, 28)",4,1446,probe_repair,"[15, 50, 60, 105, 110, 120, 130, 150, 175, 190, 195, 210, 260, 325, 340]",0.00000000,"[0.00000000, 0.00000000, 0.00000000]",0.24300000,0.42757778,25->15
3,3,8,5,16,"(15, 22, 28)",5,1349,probe_repair,"[15, 50, 85, 110, 155, 175, 235, 240, 275, 295, 300, 335, 345, 350, 360]",0.00000000,"[0.00000000, 0.00000000, 0.00000000]",0.00000000,0.39973333,16->22
3,3,8,5,16,"(15, 22, 28)",6,1445,probe_repair,"[15, 50, 60, 105, 110, 120, 130, 150, 175, 190, 195, 210, 260, 325, 340]",0.00000000,"[0.00000000, 0.00000000, 0.00000000]",0.00000000,0.38373333,7->22
3,3,8,5,16,"(15, 22, 28)",7,509,probe_repair,"[20, 30, 45, 85, 90, 100, 115, 145, 185, 205, 210, 230, 320, 340, 350]",0.00000000,"[0.00000000, 0.00000000, 0.00000000]",0.00000000,0.37591111,11->15
3,3,8,5,16,"(15, 22, 28)",8,1293,probe_repair,"[20, 45, 50, 55, 80, 120, 140, 155, 190, 200, 230, 235, 250, 340, 365]",0.00000000,"[0.00000000, 0.00000000, 0.00000000]",0.00000000,0.36246667,6->22
3,3,8,5,16,"(15, 22, 28)",9,1173,probe_repair,"[25, 35, 60, 115, 125, 135, 140, 220, 240, 260, 270, 290, 320, 330, 350]",0.00000000,"[0.00000000, 0.00000000, 0.00000000]",0.00000000,0.35048889,7->28
3,3,8,5,16,"(15, 22, 28)",10,639,probe_repair,"[25, 30, 40, 65, 90, 105, 120, 150, 195, 230, 265, 305, 320, 340, 345]",0.00000000,"[0.00000000, 0.00000000, 0.00000000]",0.14700000,0.44015556,6->22
3,3,8,5,17,"(1, 5, 9)",1,77,probe_repair,"[25, 65, 95, 100, 105, 115, 155, 170, 175, 185, 205, 255, 290, 335, 355]",0.00000000,"[0.00000000, 0.00000000, 0.00000000]",0.00000000,0.35592157,4->1
3,3,8,5,17,"(1, 5, 9)",2,197,probe_repair,"[35, 60, 80, 110, 150, 155, 170, 180, 205, 290, 300, 325, 330, 335, 360]",0.00000000,"[0.00000000, 0.00000000, 0.00000000]",0.00000000,0.37147059,6->9
3,3,8,5,17,"(1, 5, 9)",3,54,probe_repair,"[100, 160, 180, 200, 225, 235, 250, 260, 275, 295, 300, 310, 335, 340, 355]",0.00000000,"[0.00000000, 0.00000000, 0.00000000]",0.13400000,0.44778431,16->5
3,3,8,5,17,"(1, 5, 9)",4,60,probe_repair,"[100, 160, 180, 200, 225, 235, 250, 260, 275, 295, 300, 310, 335, 340, 355]",0.00000000,"[0.00000000, 0.00000000, 0.00000000]",0.15100000,0.44878431,16->5
3,3,8,5,17,"(1, 5, 9)",5,8,baseline,"[5, 30, 55, 80, 105, 130, 155, 180, 205, 230, 255, 280, 305, 330, 355]",0.00000000,"[0.00000000, 0.00000000, 0.00000000]",0.01500000,0.42909804,27->1
3,3,8,5,17,"(1, 5, 9)",6,119,probe_repair,"[75, 105, 110, 125, 135, 165, 220, 225, 230, 240, 265, 330, 335, 345, 360]",0.00000000,"[0.00000000, 0.00000000, 0.00000000]",0.18100000,0.42819608,20->1
3,3,8,5,17,"(1, 5, 9)",7,216,probe_repair,"[5, 15, 45, 75, 125, 140, 150, 165, 185, 200, 210, 220, 265, 290, 305]",0.00000000,"[0.00000000, 0.00000000, 0.00000000]",0.23600000,0.43809804,2->1
3,3,8,5,17,"(1, 5, 9)",8,58,probe_repair,"[100, 160, 180, 200, 225, 235, 250, 260, 275, 295, 300, 310, 335, 340, 355]",0.00000000,"[0.00000000, 0.00000000, 0.00000000]",0.10200000,0.44215686,16->5
3,3,8,5,17,"(1, 5, 9)",9,91,probe_repair,"[25, 35, 55, 75, 90, 150, 170, 175, 210, 250, 255, 275, 280, 285, 295]",0.00000000,"[0.00000000, 0.00000000, 0.00000000]",0.15000000,0.42850980,17->5
3,3,8,5,17,"(1, 5, 9)",10,2,baseline,"[5, 30, 55, 80, 105, 130, 155, 180, 205, 230, 255, 280, 305, 330, 355]",0.00000000,"[0.00000000, 0.00000000, 0.00000000]",0.02000000,0.42109804,27->1
3,3,8,5,18,"(2, 7, 26)",1,487,probe_repair,"[45, 55, 105, 115, 120, 145, 195, 200, 210, 225, 245, 260, 270, 280, 300]",0.00000000,"[0.00000000, 0.00000000, 0.00000000]",0.06000000,0.43364444,22->2
3,3,8,5,18,"(2, 7, 26)",2,562,probe_repair,"[45, 90, 105, 110, 115, 130, 145, 160, 165, 200, 220, 240, 280, 300, 330]",0.00000000,"[0.00000000, 0.00000000, 0.00000000]",0.09200000,0.42668889,20->26
3,3,8,5,18,"(2, 7, 26)",3,23,probe_repair,"[20, 30, 40, 60, 80, 85, 105, 130, 205, 215, 270, 280, 285, 290, 340]",0.00000000,"[0.00000000, 0.00000000, 0.00000000]",0.26000000,0.45108889,15->26
3,3,8,5,18,"(2, 7, 26)",4,1073,probe_repair,"[90, 115, 135, 140, 150, 165, 180, 195, 230, 235, 250, 255, 320, 335, 350]",0.00000000,"[0.00000000, 0.00000000, 0.00000000]",0.21000000,0.44102222,22->26
3,3,8,5,18,"(2, 7, 26)",5,342,probe_repair,"[20, 80, 85, 165, 175, 195, 200, 210, 215, 230, 245, 270, 295, 320, 340]",0.00000000,"[0.00000000, 0.00000000, 0.00000000]",0.09100000,0.41675556,24->26
3,3,8,5,18,"(2, 7, 26)",6,563,probe_repair,"[45, 90, 105, 110, 115, 130, 145, 160, 165, 200, 220, 240, 280, 300, 330]",0.00000000,"[0.00000000, 0.00000000, 0.00000000]",0.09300000,0.42213333,20->26
3,3,8,5,18,"(2, 7, 26)",7,93,probe_repair,"[35, 75, 80, 125, 140, 150, 155, 170, 175, 200, 240, 275, 295, 310, 330]",0.00000000,"[0.00000000, 0.00000000, 0.00000000]",0.00000000,0.38288889,6->26
3,3,8,5,18,"(2, 7, 26)",8,141,probe_repair,"[15, 20, 30, 40, 140, 145, 160, 195, 200, 220, 250, 265, 350, 355, 360]",0.00000000,"[0.00000000, 0.00000000, 0.00000000]",0.00000000,0.37622222,15->7
3,3,8,5,18,"(2, 7, 26)",9,1093,probe_repair,"[20, 35, 75, 85, 105, 135, 195, 200, 220, 230, 250, 265, 275, 310, 355]",0.00000000,"[0.00000000, 0.00000000, 0.00000000]",0.00000000,0.36566667,11->26
3,3,8,5,18,"(2, 7, 26)",10,865,probe_repair,"[25, 30, 65, 95, 115, 120, 135, 170, 205, 220, 230, 245, 305, 315, 320]",0.00000000,"[0.00000000, 0.00000000, 0.00000000]",0.20800000,0.43971111,27->7
3,3,8,5,19,"(17, 27, 28)",1,317,probe_repair,"[10, 25, 40, 50, 75, 115, 125, 130, 150, 155, 180, 210, 280, 290, 330]",0.00000000,"[0.00000000, 0.00000000, 0.00000000]",0.00000000,0.34091111,4->28
3,3,8,5,19,"(17, 27, 28)",2,1530,probe_repair,"[45, 60, 85, 145, 180, 190, 210, 220, 230, 250, 255, 295, 310, 315, 355]",0.00000000,"[0.00000000, 0.00000000, 0.00000000]",0.12600000,0.43131111,18->28
3,3,8,5,19,"(17, 27, 28)",3,259,probe_repair,"[5, 25, 40, 55, 135, 170, 175, 205, 240, 270, 300, 310, 320, 355, 365]",0.00000000,"[0.00000000, 0.00000000, 0.00000000]",0.23200000,0.44233333,6->27
3,3,8,5,19,"(17, 27, 28)",4,717,probe_repair,"[50, 75, 80, 110, 120, 140, 155, 180, 205, 210, 230, 270, 275, 305, 360]",0.00000000,"[0.00000000, 0.00000000, 0.00000000]",0.00000000,0.36642222,6->28
3,3,8,5,19,"(17, 27, 28)",5,1180,probe_repair,"[40, 90, 110, 115, 125, 170, 205, 225, 245, 285, 290, 295, 300, 315, 325]",0.00000000,"[0.00000000, 0.00000000, 0.00000000]",0.17800000,0.42942222,11->27
3,3,8,5,19,"(17, 27, 28)",6,333,probe_repair,"[40, 50, 80, 100, 145, 150, 190, 195, 210, 235, 240, 305, 315, 330, 340]",0.00000000,"[0.00000000, 0.00000000, 0.00000000]",0.00000000,0.40900000,7->27
3,3,8,5,19,"(17, 27, 28)",7,1517,probe_repair,"[5, 30, 40, 110, 125, 135, 140, 170, 175, 185, 210, 245, 265, 345, 365]",0.00000000,"[0.00000000, 0.00000000, 0.00000000]",0.00000000,0.40244444,11->28
3,3,8,5,19,"(17, 27, 28)",8,365,probe_repair,"[40, 75, 105, 120, 130, 150, 175, 200, 230, 265, 275, 295, 315, 335, 345]",0.00000000,"[0.00000000, 0.00000000, 0.00000000]",0.00000000,0.39273333,15->28
3,3,8,5,19,"(17, 27, 28)",9,205,probe_repair,"[25, 55, 60, 70, 75, 85, 90, 100, 105, 120, 200, 250, 265, 300, 330]",0.00000000,"[0.00000000, 0.00000000, 0.00000000]",0.00000000,0.37951111,9->17
3,3,8,5,19,"(17, 27, 28)",10,237,probe_repair,"[20, 45, 65, 70, 80, 85, 100, 165, 170, 180, 190, 200, 240, 255, 325]",0.00000000,"[0.00000000, 0.00000000, 0.00000000]",0.00000000,0.37651111,11->28
3,3,8,5,20,"(2, 5, 11)",1,84,probe_repair,"[5, 45, 155, 160, 165, 180, 185, 260, 270, 280, 310, 330, 340, 345, 355]",0.00000000,"[0.00000000, 0.00000000, 0.00000000]",0.24900000,0.43950000,15->5
3,3,8,5,20,"(2, 5, 11)",2,82,probe_repair,"[5, 45, 155, 160, 165, 180, 185, 260, 270, 280, 310, 330, 340, 345, 355]",0.00000000,"[0.00000000, 0.00000000, 0.00000000]",0.27900000,0.44054167,9->11
3,3,8,5,20,"(2, 5, 11)",3,172,probe_repair,"[15, 30, 45, 80, 110, 120, 140, 155, 255, 260, 265, 270, 275, 285, 290]",0.00000000,"[0.00000000, 0.00000000, 0.00000000]",0.18300000,0.43195833,7->2
3,3,8,5,20,"(2, 5, 11)",4,192,probe_repair,"[25, 35, 55, 110, 150, 185, 200, 205, 250, 265, 270, 310, 325, 335, 360]",0.00000000,"[0.00000000, 0.00000000, 0.00000000]",0.19100000,0.44472917,17->2
3,3,8,5,20,"(2, 5, 11)",5,170,probe_repair,"[15, 30, 45, 80, 110, 120, 140, 155, 255, 260, 265, 270, 275, 285, 290]",0.00000000,"[0.00000000, 0.00000000, 0.00000000]",0.21800000,0.43639583,25->2
3,3,8,5,20,"(2, 5, 11)",6,505,probe_repair,"[35, 45, 50, 60, 95, 110, 120, 160, 200, 215, 260, 265, 275, 290, 360]",0.00000000,"[0.00000000, 0.00000000, 0.00000000]",0.00000000,0.43464583,24->5
3,3,8,5,20,"(2, 5, 11)",7,83,probe_repair,"[5, 45, 155, 160, 165, 180, 185, 260, 270, 280, 310, 330, 340, 345, 355]",0.00000000,"[0.00000000, 0.00000000, 0.00000000]",0.25500000,0.43875000,9->11
3,3,8,5,20,"(2, 5, 11)",8,79,probe_repair,"[5, 45, 155, 160, 165, 180, 185, 260, 270, 280, 310, 330, 340, 345, 355]",0.00000000,"[0.00000000, 0.00000000, 0.00000000]",0.21200000,0.44322917,26->2
3,3,8,5,20,"(2, 5, 11)",9,252,probe_repair,"[45, 50, 60, 65, 85, 115, 140, 160, 170, 250, 260, 270, 285, 330, 365]",0.00000000,"[0.00000000, 0.00000000, 0.00000000]",0.20100000,0.44675000,25->2
3,3,8,5,20,"(2, 5, 11)",10,216,probe_repair,"[25, 50, 65, 145, 155, 165, 255, 275, 285, 290, 300, 325, 330, 355, 365]",0.00000000,"[0.00000000, 0.00000000, 0.00000000]",0.16600000,0.44270833,6->2
3,3,8,5,21,"(1, 18, 27)",1,554,probe_repair,"[25, 40, 55, 65, 85, 100, 120, 170, 185, 190, 200, 210, 245, 260, 345]",0.00000000,"[0.00000000, 0.00000000, 0.00000000]",0.23500000,0.44883333,17->1
3,3,8,5,21,"(1, 18, 27)",2,549,probe_repair,"[25, 40, 55, 65, 85, 100, 120, 170, 185, 190, 200, 210, 245, 260, 345]",0.00000000,"[0.00000000, 0.00000000, 0.00000000]",0.00000000,0.35664583,7->18
3,3,8,5,21,"(1, 18, 27)",3,102,probe_repair,"[25, 45, 55, 80, 105, 115, 135, 180, 190, 205, 210, 250, 285, 325, 335]",0.00000000,"[0.00000000, 0.00000000, 0.00000000]",0.20300000,0.43995833,20->1
3,3,8,5,21,"(1, 18, 27)",4,628,probe_repair,"[5, 35, 75, 95, 110, 115, 150, 180, 190, 220, 240, 245, 250, 300, 320]",0.00000000,"[0.00000000, 0.00000000, 0.00000000]",0.00000000,0.43239583,4->27
3,3,8,5,21,"(1, 18, 27)",5,623,probe_repair,"[5, 35, 75, 95, 110, 115, 150, 180, 190, 220, 240, 245, 250, 300, 320]",0.00000000,"[0.00000000, 0.00000000, 0.00000000]",0.00000000,0.42610417,4->27
3,3,8,5,21,"(1, 18, 27)",6,357,probe_repair,"[15, 25, 50, 105, 115, 140, 145, 200, 220, 240, 255, 290, 295, 310, 360]",0.00000000,"[0.00000000, 0.00000000, 0.00000000]",0.00000000,0.37745833,4->27
3,3,8,5,21,"(1, 18, 27)",7,173,probe_repair,"[10, 25, 30, 35, 65, 80, 185, 190, 195, 255, 260, 300, 320, 345, 350]",0.00000000,"[0.00000000, 0.00000000, 0.00000000]",0.00000000,0.36766667,4->27
3,3,8,5,21,"(1, 18, 27)",8,317,probe_repair,"[25, 40, 60, 80, 110, 115, 120, 175, 180, 225, 230, 275, 335, 340, 365]",0.00000000,"[0.00000000, 0.00000000, 0.00000000]",0.00000000,0.38752083,9->27
3,3,8,5,21,"(1, 18, 27)",9,583,probe_repair,"[5, 10, 30, 70, 75, 120, 170, 175, 195, 230, 235, 245, 250, 305, 310]",0.00000000,"[0.00000000, 0.00000000, 0.00000000]",0.22100000,0.43362500,21->1
3,3,8,5,21,"(1, 18, 27)",10,624,probe_repair,"[5, 35, 75, 95, 110, 115, 150, 180, 190, 220, 240, 245, 250, 300, 320]",0.00000000,"[0.00000000, 0.00000000, 0.00000000]",0.00000000,0.43279167,4->27
3,3,8,5,22,"(4, 18, 25)",1,53,probe_repair,"[20, 35, 70, 90, 120, 140, 200, 215, 220, 225, 275, 325, 330, 335, 340]",0.00000000,"[0.00000000, 0.00000000, 0.00000000]",0.00000000,0.39495556,11->4
3,3,8,5,22,"(4, 18, 25)",2,581,probe_repair,"[35, 50, 60, 95, 100, 115, 125, 175, 185, 195, 220, 245, 285, 305, 320]",0.00000000,"[0.00000000, 0.00000000, 0.00000000]",0.00000000,0.38546667,9->18
3,3,8,5,22,"(4, 18, 25)",3,1141,probe_repair,"[55, 65, 140, 150, 170, 200, 210, 215, 265, 280, 285, 310, 315, 325, 340]",0.00000000,"[0.00000000, 0.00000000, 0.00000000]",0.00000000,0.41455556,11->4
3,3,8,5,22,"(4, 18, 25)",4,1389,probe_repair,"[15, 60, 90, 95, 100, 130, 135, 140, 180, 200, 285, 315, 320, 350, 355]",0.00000000,"[0.00000000, 0.00000000, 0.00000000]",0.00000000,0.37877778,16->4
3,3,8,5,22,"(4, 18, 25)",5,1221,probe_repair,"[20, 25, 30, 80, 90, 95, 100, 120, 135, 140, 280, 325, 335, 340, 345]",0.00000000,"[0.00000000, 0.00000000, 0.00000000]",0.00000000,0.35213333,6->25
3,3,8,5,22,"(4, 18, 25)",6,1117,probe_repair,"[20, 60, 105, 120, 130, 160, 195, 210, 240, 245, 275, 280, 300, 330, 360]",0.00000000,"[0.00000000, 0.00000000, 0.00000000]",0.00000000,0.33731111,6->25
3,3,8,5,22,"(4, 18, 25)",7,269,probe_repair,"[10, 20, 35, 85, 105, 185, 220, 240, 245, 275, 280, 290, 320, 325, 345]",0.00000000,"[0.00000000, 0.00000000, 0.00000000]",0.00000000,0.36413333,6->25
3,3,8,5,22,"(4, 18, 25)",8,129,probe_repair,"[5, 20, 45, 55, 95, 135, 165, 170, 265, 310, 315, 335, 340, 345, 365]",0.00000000,"[0.00000000, 0.00000000, 0.00000000]",0.16600000,0.42428889,9->18
3,3,8,5,22,"(4, 18, 25)",9,1050,probe_repair,"[35, 90, 105, 110, 155, 175, 180, 185, 270, 280, 295, 310, 315, 320, 330]",0.00000000,"[0.00000000, 0.00000000, 0.00000000]",0.05300000,0.41755556,17->4
3,3,8,5,22,"(4, 18, 25)",10,374,probe_repair,"[5, 10, 25, 35, 55, 60, 95, 120, 165, 215, 250, 260, 275, 310, 320]",0.00000000,"[0.00000000, 0.00000000, 0.00000000]",0.15100000,0.43300000,21->4
3,3,8,5,23,"(5, 15, 25)",1,237,probe_repair,"[10, 35, 120, 135, 160, 225, 240, 250, 260, 290, 310, 315, 335, 355, 365]",0.00000000,"[0.00000000, 0.00000000, 0.00000000]",0.00000000,0.37554167,7->5
3,3,8,5,23,"(5, 15, 25)",2,405,probe_repair,"[25, 30, 45, 80, 120, 125, 140, 145, 150, 165, 190, 260, 280, 285, 345]",0.00000000,"[0.00000000, 0.00000000, 0.00000000]",0.00000000,0.35335417,4->25
3,3,8,5,23,"(5, 15, 25)",3,238,probe_repair,"[10, 35, 120, 135, 160, 225, 240, 250, 260, 290, 310, 315, 335, 355, 365]",0.00000000,"[0.00000000, 0.00000000, 0.00000000]",0.04000000,0.42612500,7->5
3,3,8,5,23,"(5, 15, 25)",4,151,probe_repair,"[5, 30, 65, 85, 90, 140, 160, 170, 190, 225, 240, 265, 275, 290, 335]",0.00000000,"[0.00000000, 0.00000000, 0.00000000]",0.09100000,0.42770833,17->15
3,3,8,5,23,"(5, 15, 25)",5,82,probe_repair,"[50, 55, 105, 125, 130, 180, 205, 210, 245, 250, 255, 265, 305, 310, 335]",0.00000000,"[0.00000000, 0.00000000, 0.00000000]",0.22800000,0.45345833,16->5
3,3,8,5,23,"(5, 15, 25)",6,528,probe_repair,"[50, 100, 135, 155, 165, 200, 265, 275, 280, 285, 295, 305, 325, 330, 365]",0.00000000,"[0.00000000, 0.00000000, 0.00000000]",0.05000000,0.44143750,20->5
3,3,8,5,23,"(5, 15, 25)",7,244,probe_repair,"[10, 35, 120, 135, 160, 225, 240, 250, 260, 290, 310, 315, 335, 355, 365]",0.00000000,"[0.00000000, 0.00000000, 0.00000000]",0.06000000,0.42593750,7->5
3,3,8,5,23,"(5, 15, 25)",8,392,probe_repair,"[15, 35, 95, 100, 115, 160, 175, 185, 190, 215, 235, 240, 270, 290, 365]",0.00000000,"[0.00000000, 0.00000000, 0.00000000]",0.12800000,0.43360417,21->5
3,3,8,5,23,"(5, 15, 25)",9,241,probe_repair,"[10, 35, 120, 135, 160, 225, 240, 250, 260, 290, 310, 315, 335, 355, 365]",0.00000000,"[0.00000000, 0.00000000, 0.00000000]",0.02900000,0.43268750,7->5
3,3,8,5,23,"(5, 15, 25)",10,416,probe_repair,"[15, 90, 95, 130, 150, 170, 185, 190, 200, 220, 275, 300, 305, 335, 360]",0.00000000,"[0.00000000, 0.00000000, 0.00000000]",0.19800000,0.44662500,20->5
3,3,8,5,24,"(1, 7, 17)",1,453,probe_repair,"[5, 10, 55, 85, 105, 110, 150, 165, 175, 225, 240, 275, 280, 295, 320]",0.00000000,"[0.00000000, 0.00000000, 0.00000000]",0.00000000,0.35483333,9->17
3,3,8,5,24,"(1, 7, 17)",2,461,probe_repair,"[10, 35, 50, 55, 75, 90, 115, 155, 160, 205, 240, 285, 300, 310, 320]",0.00000000,"[0.00000000, 0.00000000, 0.00000000]",0.00000000,0.37931250,11->1
3,3,8,5,24,"(1, 7, 17)",3,305,probe_repair,"[25, 50, 100, 120, 150, 160, 170, 180, 220, 225, 245, 295, 300, 320, 365]",0.00000000,"[0.00000000, 0.00000000, 0.00000000]",0.15000000,0.42839583,27->17
3,3,8,5,24,"(1, 7, 17)",4,165,probe_repair,"[15, 40, 50, 110, 155, 160, 185, 205, 235, 245, 250, 255, 275, 285, 330]",0.00000000,"[0.00000000, 0.00000000, 0.00000000]",0.00000000,0.37597917,9->17
3,3,8,5,24,"(1, 7, 17)",5,589,probe_repair,"[10, 15, 40, 45, 90, 110, 135, 225, 260, 265, 275, 325, 340, 345, 350]",0.00000000,"[0.00000000, 0.00000000, 0.00000000]",0.00000000,0.37343750,9->7
3,3,8,5,24,"(1, 7, 17)",6,215,probe_repair,"[65, 115, 120, 130, 155, 160, 195, 220, 225, 235, 255, 300, 345, 350, 355]",0.00000000,"[0.00000000, 0.00000000, 0.00000000]",0.13800000,0.43487500,24->7
3,3,8,5,24,"(1, 7, 17)",7,61,probe_repair,"[40, 45, 90, 140, 170, 180, 185, 200, 225, 240, 250, 325, 330, 340, 355]",0.00000000,"[0.00000000, 0.00000000, 0.00000000]",0.00000000,0.37741667,4->17
3,3,8,5,24,"(1, 7, 17)",8,213,probe_repair,"[65, 115, 120, 130, 155, 160, 195, 220, 225, 235, 255, 300, 345, 350, 355]",0.00000000,"[0.00000000, 0.00000000, 0.00000000]",0.00000000,0.37737500,16->17
3,3,8,5,24,"(1, 7, 17)",9,357,probe_repair,"[45, 65, 70, 100, 140, 235, 245, 250, 255, 300, 305, 310, 320, 325, 330]",0.00000000,"[0.00000000, 0.00000000, 0.00000000]",0.00000000,0.36085417,4->17
3,3,8,5,24,"(1, 7, 17)",10,408,probe_repair,"[35, 55, 75, 90, 100, 110, 125, 130, 140, 165, 190, 220, 225, 320, 345]",0.00000000,"[0.00000000, 0.00000000, 0.00000000]",0.22600000,0.43908333,22->1
3,3,8,5,25,"(2, 9, 16)",1,461,probe_repair,"[5, 50, 70, 95, 105, 130, 140, 175, 180, 220, 280, 285, 300, 350, 360]",0.00000000,"[0.00000000, 0.00000000, 0.00000000]",0.00000000,0.39631111,26->16
3,3,8,5,25,"(2, 9, 16)",2,759,probe_repair,"[10, 20, 60, 85, 105, 110, 120, 130, 140, 170, 175, 215, 230, 295, 340]",0.00000000,"[0.00000000, 0.00000000, 0.00000000]",0.18500000,0.44393333,20->16
3,3,8,5,25,"(2, 9, 16)",3,731,probe_repair,"[20, 40, 80, 90, 110, 120, 155, 175, 185, 215, 235, 255, 265, 315, 345]",0.00000000,"[0.00000000, 0.00000000, 0.00000000]",0.12600000,0.43708889,22->16
3,3,8,5,25,"(2, 9, 16)",4,481,probe_repair,"[40, 45, 100, 125, 130, 200, 215, 235, 255, 265, 290, 305, 315, 325, 350]",0.00000000,"[0.00000000, 0.00000000, 0.00000000]",0.11600000,0.44275556,7->2
3,3,8,5,25,"(2, 9, 16)",5,188,probe_repair,"[30, 75, 90, 95, 130, 135, 150, 200, 215, 235, 240, 260, 280, 290, 320]",0.00000000,"[0.00000000, 0.00000000, 0.00000000]",0.12100000,0.43475556,15->16
3,3,8,5,25,"(2, 9, 16)",6,18,baseline,"[5, 30, 55, 80, 105, 130, 155, 180, 205, 230, 255, 280, 305, 330, 355]",0.00000000,"[0.00000000, 0.00000000, 0.00000000]",0.06500000,0.40815556,24->2
3,3,8,5,25,"(2, 9, 16)",7,726,probe_repair,"[20, 40, 80, 90, 110, 120, 155, 175, 185, 215, 235, 255, 265, 315, 345]",0.00000000,"[0.00000000, 0.00000000, 0.00000000]",0.17200000,0.43897778,22->16
3,3,8,5,25,"(2, 9, 16)",8,1378,probe_repair,"[70, 95, 105, 110, 135, 155, 165, 175, 235, 255, 265, 275, 285, 340, 360]",0.00000000,"[0.00000000, 0.00000000, 0.00000000]",0.16200000,0.45586667,17->16
3,3,8,5,25,"(2, 9, 16)",9,1248,probe_repair,"[20, 30, 70, 100, 125, 130, 135, 165, 185, 240, 250, 255, 275, 340, 350]",0.00000000,"[0.00000000, 0.00000000, 0.00000000]",0.11600000,0.44375556,17->16
3,3,8,5,25,"(2, 9, 16)",10,64,probe_repair,"[20, 45, 130, 135, 165, 195, 210, 225, 270, 285, 290, 295, 300, 310, 365]",0.00000000,"[0.00000000, 0.00000000, 0.00000000]",0.14500000,0.43506667,7->16
3,3,8,5,26,"(1, 24, 25)",1,183,probe_repair,"[10, 25, 30, 40, 60, 85, 90, 100, 130, 185, 235, 255, 285, 345, 355]",0.00000000,"[0.00000000, 0.00000000, 0.00000000]",0.13500000,0.44533333,7->24
3,3,8,5,26,"(1, 24, 25)",2,37,probe_repair,"[60, 75, 80, 90, 110, 130, 145, 160, 165, 175, 190, 285, 300, 310, 350]",0.00000000,"[0.00000000, 0.00000000, 0.00000000]",0.00000000,0.40750000,4->25
3,3,8,5,26,"(1, 24, 25)",3,77,probe_repair,"[15, 70, 95, 110, 120, 135, 155, 165, 225, 245, 260, 305, 310, 345, 350]",0.00000000,"[0.00000000, 0.00000000, 0.00000000]",0.00000000,0.35893750,4->25
3,3,8,5,26,"(1, 24, 25)",4,81,probe_repair,"[15, 70, 95, 110, 120, 135, 155, 165, 225, 245, 260, 305, 310, 345, 350]",0.00000000,"[0.00000000, 0.00000000, 0.00000000]",0.07100000,0.42677083,16->24
3,3,8,5,26,"(1, 24, 25)",5,188,probe_repair,"[10, 25, 30, 40, 60, 85, 90, 100, 130, 185, 235, 255, 285, 345, 355]",0.00000000,"[0.00000000, 0.00000000, 0.00000000]",0.09600000,0.45000000,7->24
3,3,8,5,26,"(1, 24, 25)",6,648,probe_repair,"[35, 40, 75, 110, 130, 185, 200, 210, 230, 235, 295, 305, 320, 335, 355]",0.00000000,"[0.00000000, 0.00000000, 0.00000000]",0.24000000,0.43718750,28->1
3,3,8,5,26,"(1, 24, 25)",7,40,probe_repair,"[60, 75, 80, 90, 110, 130, 145, 160, 165, 175, 190, 285, 300, 310, 350]",0.00000000,"[0.00000000, 0.00000000, 0.00000000]",0.02600000,0.44341667,7->24
3,3,8,5,26,"(1, 24, 25)",8,403,probe_repair,"[65, 115, 120, 145, 190, 195, 225, 235, 245, 255, 275, 290, 300, 330, 340]",0.00000000,"[0.00000000, 0.00000000, 0.00000000]",0.13600000,0.43320833,17->1
3,3,8,5,26,"(1, 24, 25)",9,654,probe_repair,"[15, 25, 30, 50, 60, 85, 100, 120, 140, 175, 225, 230, 265, 320, 345]",0.00000000,"[0.00000000, 0.00000000, 0.00000000]",0.11100000,0.43004167,28->25
3,3,8,5,26,"(1, 24, 25)",10,187,probe_repair,"[10, 25, 30, 40, 60, 85, 90, 100, 130, 185, 235, 255, 285, 345, 355]",0.00000000,"[0.00000000, 0.00000000, 0.00000000]",0.08700000,0.44922917,7->24
3,3,8,5,27,"(1, 6, 15)",1,270,probe_repair,"[5, 105, 140, 160, 175, 190, 230, 250, 255, 285, 290, 300, 320, 330, 335]",0.00000000,"[0.00000000, 0.00000000, 0.00000000]",0.07500000,0.42710417,7->15
3,3,8,5,27,"(1, 6, 15)",2,42,probe_repair,"[50, 55, 75, 95, 100, 145, 160, 195, 205, 225, 240, 255, 285, 355, 365]",0.00000000,"[0.00000000, 0.00000000, 0.00000000]",0.23700000,0.43133333,21->15
3,3,8,5,27,"(1, 6, 15)",3,173,probe_repair,"[5, 15, 25, 35, 40, 50, 60, 65, 75, 135, 170, 190, 235, 260, 340]",0.00000000,"[0.00000000, 0.00000000, 0.00000000]",0.00000000,0.36035417,7->1
3,3,8,5,27,"(1, 6, 15)",4,696,probe_repair,"[35, 45, 60, 65, 90, 110, 140, 145, 190, 250, 300, 305, 320, 355, 365]",0.00000000,"[0.00000000, 0.00000000, 0.00000000]",0.01300000,0.43520833,7->1
3,3,8,5,27,"(1, 6, 15)",5,464,probe_repair,"[30, 50, 105, 120, 140, 170, 175, 190, 205, 210, 220, 225, 245, 260, 325]",0.00000000,"[0.00000000, 0.00000000, 0.00000000]",0.18900000,0.44741667,26->15
3,3,8,5,27,"(1, 6, 15)",6,462,probe_repair,"[30, 50, 105, 120, 140, 170, 175, 190, 205, 210, 220, 225, 245, 260, 325]",0.00000000,"[0.00000000, 0.00000000, 0.00000000]",0.28500000,0.44185417,26->15
3,3,8,5,27,"(1, 6, 15)",7,442,probe_repair,"[30, 50, 60, 80, 95, 135, 140, 155, 185, 230, 240, 245, 325, 330, 355]",0.00000000,"[0.00000000, 0.00000000, 0.00000000]",0.04900000,0.43977083,26->6
3,3,8,5,27,"(1, 6, 15)",8,466,probe_repair,"[30, 50, 105, 120, 140, 170, 175, 190, 205, 210, 220, 225, 245, 260, 325]",0.00000000,"[0.00000000, 0.00000000, 0.00000000]",0.23000000,0.43839583,20->6
3,3,8,5,27,"(1, 6, 15)",9,571,probe_repair,"[15, 30, 40, 70, 80, 110, 130, 135, 190, 205, 225, 250, 275, 355, 360]",0.00000000,"[0.00000000, 0.00000000, 0.00000000]",0.15800000,0.42485417,25->15
3,3,8,5,27,"(1, 6, 15)",10,697,probe_repair,"[35, 45, 60, 65, 90, 110, 140, 145, 190, 250, 300, 305, 320, 355, 365]",0.00000000,"[0.00000000, 0.00000000, 0.00000000]",0.02900000,0.42610417,7->1
3,3,8,5,28,"(1, 22, 26)",1,290,probe_repair,"[85, 90, 100, 125, 140, 180, 205, 240, 250, 260, 265, 280, 295, 320, 330]",0.00000000,"[0.00000000, 0.00000000, 0.00000000]",0.07500000,0.43587500,21->1
3,3,8,5,28,"(1, 22, 26)",2,123,probe_repair,"[55, 80, 95, 110, 130, 165, 175, 190, 195, 200, 225, 250, 290, 295, 355]",0.00000000,"[0.00000000, 0.00000000, 0.00000000]",0.16000000,0.42845833,9->26
3,3,8,5,28,"(1, 22, 26)",3,451,probe_repair,"[5, 25, 45, 55, 75, 80, 120, 130, 190, 220, 280, 295, 300, 310, 365]",0.00000000,"[0.00000000, 0.00000000, 0.00000000]",0.13900000,0.42985417,28->22
3,3,8,5,28,"(1, 22, 26)",4,502,probe_repair,"[65, 85, 120, 125, 145, 180, 185, 220, 225, 235, 280, 295, 305, 320, 340]",0.00000000,"[0.00000000, 0.00000000, 0.00000000]",0.16900000,0.43295833,27->22
3,3,8,5,28,"(1, 22, 26)",5,122,probe_repair,"[55, 80, 95, 110, 130, 165, 175, 190, 195, 200, 225, 250, 290, 295, 355]",0.00000000,"[0.00000000, 0.00000000, 0.00000000]",0.15200000,0.42197917,4->1
3,3,8,5,28,"(1, 22, 26)",6,23,probe_repair,"[10, 40, 55, 60, 65, 110, 120, 135, 140, 145, 190, 220, 295, 305, 355]",0.00000000,"[0.00000000, 0.00000000, 0.00000000]",0.22900000,0.44481250,18->22
3,3,8,5,28,"(1, 22, 26)",7,119,probe_repair,"[55, 80, 95, 110, 130, 165, 175, 190, 195, 200, 225, 250, 290, 295, 355]",0.00000000,"[0.00000000, 0.00000000, 0.00000000]",0.14100000,0.42625000,4->1
3,3,8,5,28,"(1, 22, 26)",8,399,probe_repair,"[25, 40, 50, 85, 90, 180, 190, 195, 220, 255, 285, 300, 310, 325, 360]",0.00000000,"[0.00000000, 0.00000000, 0.00000000]",0.04000000,0.42127083,4->26
3,3,8,5,28,"(1, 22, 26)",9,448,probe_repair,"[5, 25, 45, 55, 75, 80, 120, 130, 190, 220, 280, 295, 300, 310, 365]",0.00000000,"[0.00000000, 0.00000000, 0.00000000]",0.21100000,0.44187500,28->22
3,3,8,5,28,"(1, 22, 26)",10,207,probe_repair,"[25, 30, 70, 80, 85, 140, 165, 170, 220, 225, 240, 290, 295, 300, 345]",0.00000000,"[0.00000000, 0.00000000, 0.00000000]",0.16000000,0.42795833,17->1
3,3,8,5,29,"(7, 18, 21)",1,1349,probe_repair,"[5, 10, 15, 35, 45, 115, 160, 165, 205, 235, 240, 295, 335, 355, 365]",0.00000000,"[0.00000000, 0.00000000, 0.00000000]",0.00000000,0.41173333,11->21
3,3,8,5,29,"(7, 18, 21)",2,285,probe_repair,"[10, 15, 45, 105, 185, 220, 225, 260, 270, 285, 315, 335, 350, 355, 360]",0.00000000,"[0.00000000, 0.00000000, 0.00000000]",0.00000000,0.38746667,16->18
3,3,8,5,29,"(7, 18, 21)",3,1573,probe_repair,"[60, 75, 85, 105, 115, 165, 185, 240, 250, 260, 280, 340, 345, 355, 360]",0.00000000,"[0.00000000, 0.00000000, 0.00000000]",0.00000000,0.37084444,6->21
3,3,8,5,29,"(7, 18, 21)",4,1579,probe_repair,"[60, 75, 85, 105, 115, 165, 185, 240, 250, 260, 280, 340, 345, 355, 360]",0.00000000,"[0.00000000, 0.00000000, 0.00000000]",0.03600000,0.42404444,22->21
3,3,8,5,29,"(7, 18, 21)",5,1509,probe_repair,"[30, 50, 60, 100, 115, 185, 195, 205, 215, 220, 265, 275, 315, 335, 350]",0.00000000,"[0.00000000, 0.00000000, 0.00000000]",0.00000000,0.39566667,4->21
3,3,8,5,29,"(7, 18, 21)",6,277,probe_repair,"[25, 45, 50, 60, 140, 155, 205, 280, 285, 300, 305, 325, 330, 345, 355]",0.00000000,"[0.00000000, 0.00000000, 0.00000000]",0.00000000,0.36675556,9->18
3,3,8,5,29,"(7, 18, 21)",7,1109,probe_repair,"[5, 30, 40, 45, 70, 125, 130, 165, 180, 190, 255, 275, 305, 360, 365]",0.00000000,"[0.00000000, 0.00000000, 0.00000000]",0.00000000,0.35564444,16->18
3,3,8,5,29,"(7, 18, 21)",8,669,probe_repair,"[20, 35, 40, 110, 125, 180, 215, 260, 280, 295, 300, 305, 310, 350, 365]",0.00000000,"[0.00000000, 0.00000000, 0.00000000]",0.00000000,0.35520000,4->21
3,3,8,5,29,"(7, 18, 21)",9,325,probe_repair,"[5, 15, 55, 90, 110, 115, 135, 175, 270, 275, 280, 305, 310, 330, 360]",0.00000000,"[0.00000000, 0.00000000, 0.00000000]",0.00000000,0.35111111,4->21
3,3,8,5,29,"(7, 18, 21)",10,709,probe_repair,"[5, 50, 100, 105, 130, 140, 150, 160, 210, 220, 225, 235, 240, 265, 280]",0.00000000,"[0.00000000, 0.00000000, 0.00000000]",0.00000000,0.33964444,11->18
3,3,8,5,30,"(5, 15, 27)",1,541,probe_repair,"[75, 95, 115, 130, 165, 180, 185, 190, 215, 245, 255, 275, 290, 345, 365]",0.00000000,"[0.00000000, 0.00000000, 0.00000000]",0.00000000,0.37577083,6->5
3,3,8,5,30,"(5, 15, 27)",2,327,probe_repair,"[10, 35, 40, 55, 60, 110, 125, 155, 170, 220, 225, 340, 355, 360, 365]",0.00000000,"[0.00000000, 0.00000000, 0.00000000]",0.03400000,0.42589583,17->27
3,3,8,5,30,"(5, 15, 27)",3,37,probe_repair,"[15, 20, 30, 95, 100, 115, 190, 215, 220, 225, 270, 285, 315, 340, 345]",0.00000000,"[0.00000000, 0.00000000, 0.00000000]",0.00000000,0.37875000,11->5
3,3,8,5,30,"(5, 15, 27)",4,171,probe_repair,"[10, 30, 45, 55, 95, 105, 115, 155, 200, 275, 300, 305, 315, 355, 360]",0.00000000,"[0.00000000, 0.00000000, 0.00000000]",0.13400000,0.42966667,26->15
3,3,8,5,30,"(5, 15, 27)",5,533,probe_repair,"[10, 40, 45, 55, 65, 95, 105, 135, 220, 225, 230, 235, 280, 300, 340]",0.00000000,"[0.00000000, 0.00000000, 0.00000000]",0.00000000,0.36537500,6->15
3,3,8,5,30,"(5, 15, 27)",6,330,probe_repair,"[10, 35, 40, 55, 60, 110, 125, 155, 170, 220, 225, 340, 355, 360, 365]",0.00000000,"[0.00000000, 0.00000000, 0.00000000]",0.10700000,0.42972917,17->27
3,3,8,5,30,"(5, 15, 27)",7,113,probe_repair,"[20, 45, 60, 65, 95, 105, 145, 170, 180, 205, 240, 245, 255, 310, 335]",0.00000000,"[0.00000000, 0.00000000, 0.00000000]",0.12300000,0.44210417,9->15
3,3,8,5,30,"(5, 15, 27)",8,654,probe_repair,"[25, 35, 60, 80, 100, 160, 180, 185, 205, 240, 255, 280, 300, 330, 355]",0.00000000,"[0.00000000, 0.00000000, 0.00000000]",0.06900000,0.41977083,6->27
3,3,8,5,30,"(5, 15, 27)",9,558,probe_repair,"[5, 10, 30, 65, 80, 95, 120, 160, 165, 170, 190, 200, 255, 295, 310]",0.00000000,"[0.00000000, 0.00000000, 0.00000000]",0.18100000,0.43504167,17->27
3,3,8,5,30,"(5, 15, 27)",10,172,probe_repair,"[10, 30, 45, 55, 95, 105, 115, 155, 200, 275, 300, 305, 315, 355, 360]",0.00000000,"[0.00000000, 0.00000000, 0.00000000]",0.07400000,0.43137500,26->15
3,3,8,5,31,"(16, 24, 26)",1,431,probe_repair,"[35, 40, 60, 90, 170, 185, 195, 250, 255, 280, 295, 310, 330, 335, 355]",0.00000000,"[0.00000000, 0.00000000, 0.00000000]",0.10900000,0.43237778,22->16
3,3,8,5,31,"(16, 24, 26)",2,435,probe_repair,"[35, 40, 60, 90, 170, 185, 195, 250, 255, 280, 295, 310, 330, 335, 355]",0.00000000,"[0.00000000, 0.00000000, 0.00000000]",0.04200000,0.43237778,22->16
3,3,8,5,31,"(16, 24, 26)",3,484,probe_repair,"[55, 60, 100, 105, 160, 165, 185, 200, 220, 250, 255, 325, 330, 335, 350]",0.00000000,"[0.00000000, 0.00000000, 0.00000000]",0.05300000,0.44220000,7->16
3,3,8,5,31,"(16, 24, 26)",4,886,probe_repair,"[35, 50, 120, 125, 135, 145, 190, 205, 235, 260, 275, 290, 310, 315, 345]",0.00000000,"[0.00000000, 0.00000000, 0.00000000]",0.23400000,0.44524444,20->26
3,3,8,5,31,"(16, 24, 26)",5,190,probe_repair,"[5, 10, 25, 35, 40, 90, 130, 135, 190, 205, 210, 250, 310, 330, 365]",0.00000000,"[0.00000000, 0.00000000, 0.00000000]",0.17700000,0.43473333,17->16
3,3,8,5,31,"(16, 24, 26)",6,211,probe_repair,"[95, 100, 105, 120, 145, 170, 185, 190, 200, 285, 290, 320, 335, 350, 365]",0.00000000,"[0.00000000, 0.00000000, 0.00000000]",0.15100000,0.42477778,18->24
3,3,8,5,31,"(16, 24, 26)",7,1566,probe_repair,"[10, 20, 120, 135, 145, 150, 155, 175, 240, 255, 305, 330, 340, 345, 350]",0.00000000,"[0.00000000, 0.00000000, 0.00000000]",0.14500000,0.44137778,11->24
3,3,8,5,31,"(16, 24, 26)",8,199,probe_repair,"[5, 20, 65, 90, 115, 120, 125, 145, 165, 205, 220, 225, 240, 310, 365]",0.00000000,"[0.00000000, 0.00000000, 0.00000000]",0.14700000,0.42862222,4->26
3,3,8,5,31,"(16, 24, 26)",9,1569,probe_repair,"[10, 20, 120, 135, 145, 150, 155, 175, 240, 255, 305, 330, 340, 345, 350]",0.00000000,"[0.00000000, 0.00000000, 0.00000000]",0.17300000,0.44006667,20->24
3,3,8,5,31,"(16, 24, 26)",10,193,probe_repair,"[5, 10, 25, 35, 40, 90, 130, 135, 190, 205, 210, 250, 310, 330, 365]",0.00000000,"[0.00000000, 0.00000000, 0.00000000]",0.14000000,0.43508889,17->16
3,3,8,5,32,"(2, 7, 27)",1,357,probe_repair,"[10, 40, 55, 70, 95, 120, 125, 145, 255, 270, 295, 320, 330, 350, 365]",0.00000000,"[0.00000000, 0.00000000, 0.00000000]",0.00000000,0.38044444,6->27
3,3,8,5,32,"(2, 7, 27)",2,97,probe_repair,"[10, 15, 35, 50, 80, 130, 220, 255, 265, 275, 300, 305, 310, 345, 365]",0.00000000,"[0.00000000, 0.00000000, 0.00000000]",0.02600000,0.42251111,6->27
3,3,8,5,32,"(2, 7, 27)",3,1365,probe_repair,"[25, 40, 105, 130, 140, 175, 215, 220, 240, 245, 250, 255, 275, 305, 365]",0.00000000,"[0.00000000, 0.00000000, 0.00000000]",0.00000000,0.37640000,17->2
3,3,8,5,32,"(2, 7, 27)",4,93,probe_repair,"[10, 15, 35, 50, 80, 130, 220, 255, 265, 275, 300, 305, 310, 345, 365]",0.00000000,"[0.00000000, 0.00000000, 0.00000000]",0.00000000,0.37055556,6->27
3,3,8,5,32,"(2, 7, 27)",5,1333,probe_repair,"[5, 30, 35, 115, 145, 150, 160, 185, 215, 220, 270, 305, 325, 330, 360]",0.00000000,"[0.00000000, 0.00000000, 0.00000000]",0.00000000,0.36871111,6->27
3,3,8,5,32,"(2, 7, 27)",6,925,probe_repair,"[15, 20, 25, 35, 55, 85, 110, 115, 150, 200, 210, 235, 255, 280, 300]",0.00000000,"[0.00000000, 0.00000000, 0.00000000]",0.00000000,0.36715556,18->27
3,3,8,5,32,"(2, 7, 27)",7,1533,probe_repair,"[35, 40, 115, 140, 155, 160, 190, 215, 220, 235, 240, 245, 310, 345, 365]",0.00000000,"[0.00000000, 0.00000000, 0.00000000]",0.00000000,0.34893333,6->27
3,3,8,5,32,"(2, 7, 27)",8,1302,probe_repair,"[25, 45, 55, 75, 105, 115, 140, 190, 200, 215, 225, 250, 285, 315, 360]",0.00000000,"[0.00000000, 0.00000000, 0.00000000]",0.24400000,0.44135556,9->7
3,3,8,5,32,"(2, 7, 27)",9,1345,probe_repair,"[35, 40, 45, 60, 90, 130, 145, 170, 180, 215, 220, 250, 265, 305, 340]",0.00000000,"[0.00000000, 0.00000000, 0.00000000]",0.17200000,0.44493333,20->2
3,3,8,5,32,"(2, 7, 27)",10,1386,probe_repair,"[65, 70, 80, 85, 95, 100, 110, 165, 190, 200, 220, 275, 305, 325, 355]",0.00000000,"[0.00000000, 0.00000000, 0.00000000]",0.18400000,0.45320000,11->7
3,3,8,5,33,"(1, 9, 15)",1,149,probe_repair,"[45, 65, 170, 180, 190, 205, 235, 245, 255, 275, 280, 305, 320, 335, 355]",0.00000000,"[0.00000000, 0.00000000, 0.00000000]",0.00000000,0.35860417,6->1
3,3,8,5,33,"(1, 9, 15)",2,665,probe_repair,"[25, 40, 80, 90, 115, 130, 145, 160, 170, 190, 255, 280, 285, 290, 345]",0.00000000,"[0.00000000, 0.00000000, 0.00000000]",0.24800000,0.44220833,22->15
3,3,8,5,33,"(1, 9, 15)",3,500,probe_repair,"[15, 50, 65, 70, 100, 110, 130, 155, 175, 205, 220, 235, 255, 285, 295]",0.00000000,"[0.00000000, 0.00000000, 0.00000000]",0.17200000,0.42920833,26->1
3,3,8,5,33,"(1, 9, 15)",4,499,probe_repair,"[15, 50, 65, 70, 100, 110, 130, 155, 175, 205, 220, 235, 255, 285, 295]",0.00000000,"[0.00000000, 0.00000000, 0.00000000]",0.16900000,0.43439583,26->1
3,3,8,5,33,"(1, 9, 15)",5,496,probe_repair,"[15, 50, 65, 70, 100, 110, 130, 155, 175, 205, 220, 235, 255, 285, 295]",0.00000000,"[0.00000000, 0.00000000, 0.00000000]",0.14700000,0.41787500,21->15
3,3,8,5,33,"(1, 9, 15)",6,666,probe_repair,"[25, 40, 80, 90, 115, 130, 145, 160, 170, 190, 255, 280, 285, 290, 345]",0.00000000,"[0.00000000, 0.00000000, 0.00000000]",0.23800000,0.43608333,16->9
3,3,8,5,33,"(1, 9, 15)",7,524,probe_repair,"[25, 45, 70, 75, 90, 105, 190, 200, 205, 210, 235, 335, 350, 360, 365]",0.00000000,"[0.00000000, 0.00000000, 0.00000000]",0.16000000,0.42470833,28->9
3,3,8,5,33,"(1, 9, 15)",8,49,probe_repair,"[30, 35, 85, 130, 135, 145, 150, 155, 165, 205, 220, 255, 260, 275, 290]",0.00000000,"[0.00000000, 0.00000000, 0.00000000]",0.11400000,0.41852083,24->15
3,3,8,5,33,"(1, 9, 15)",9,283,probe_repair,"[5, 40, 45, 50, 65, 80, 105, 120, 125, 160, 165, 225, 275, 310, 360]",0.00000000,"[0.00000000, 0.00000000, 0.00000000]",0.17100000,0.44091667,7->1
3,3,8,5,33,"(1, 9, 15)",10,495,probe_repair,"[15, 50, 65, 70, 100, 110, 130, 155, 175, 205, 220, 235, 255, 285, 295]",0.00000000,"[0.00000000, 0.00000000, 0.00000000]",0.18400000,0.43237500,21->15
3,3,8,5,34,"(6, 9, 24)",1,1174,probe_repair,"[10, 15, 50, 120, 125, 130, 170, 175, 230, 240, 245, 290, 305, 315, 360]",0.00000000,"[0.00000000, 0.00000000, 0.00000000]",0.00500000,0.43726667,18->9
3,3,8,5,34,"(6, 9, 24)",2,1109,probe_repair,"[25, 55, 65, 80, 105, 110, 120, 170, 185, 215, 220, 300, 305, 345, 350]",0.00000000,"[0.00000000, 0.00000000, 0.00000000]",0.00000000,0.41477778,7->6
3,3,8,5,34,"(6, 9, 24)",3,453,probe_repair,"[40, 65, 90, 100, 105, 110, 135, 145, 175, 200, 250, 255, 335, 345, 350]",0.00000000,"[0.00000000, 0.00000000, 0.00000000]",0.00000000,0.40751111,22->24
3,3,8,5,34,"(6, 9, 24)",4,189,probe_repair,"[25, 35, 90, 110, 125, 150, 220, 230, 250, 265, 270, 275, 280, 315, 355]",0.00000000,"[0.00000000, 0.00000000, 0.00000000]",0.00000000,0.36991111,15->24
3,3,8,5,34,"(6, 9, 24)",5,1317,probe_repair,"[35, 55, 75, 90, 145, 165, 170, 190, 210, 270, 310, 325, 340, 350, 355]",0.00000000,"[0.00000000, 0.00000000, 0.00000000]",0.00000000,0.36331111,4->24
3,3,8,5,34,"(6, 9, 24)",6,1536,probe_repair,"[10, 35, 70, 75, 100, 105, 160, 165, 170, 215, 260, 310, 345, 355, 365]",0.00000000,"[0.00000000, 0.00000000, 0.00000000]",0.10000000,0.44417778,15->9
3,3,8,5,34,"(6, 9, 24)",7,1125,probe_repair,"[5, 20, 40, 50, 65, 75, 155, 175, 195, 210, 215, 275, 285, 325, 355]",0.00000000,"[0.00000000, 0.00000000, 0.00000000]",0.00000000,0.40108889,11->6
3,3,8,5,34,"(6, 9, 24)",8,461,probe_repair,"[30, 50, 60, 75, 80, 95, 135, 155, 160, 185, 270, 290, 325, 340, 350]",0.00000000,"[0.00000000, 0.00000000, 0.00000000]",0.00000000,0.38782222,7->24
3,3,8,5,34,"(6, 9, 24)",9,909,probe_repair,"[100, 110, 125, 155, 160, 165, 180, 200, 225, 230, 250, 280, 285, 295, 365]",0.00000000,"[0.00000000, 0.00000000, 0.00000000]",0.00000000,0.37715556,7->9
3,3,8,5,34,"(6, 9, 24)",10,333,probe_repair,"[15, 20, 25, 60, 100, 110, 115, 120, 130, 150, 195, 230, 260, 270, 360]",0.00000000,"[0.00000000, 0.00000000, 0.00000000]",0.00000000,0.37713333,7->6
3,3,8,5,35,"(11, 18, 28)",1,981,probe_repair,"[20, 60, 70, 75, 90, 105, 140, 180, 210, 225, 230, 250, 275, 325, 340]",0.00000000,"[0.00000000, 0.00000000, 0.00000000]",0.00000000,0.39553333,20->11
3,3,8,5,35,"(11, 18, 28)",2,1413,probe_repair,"[90, 100, 115, 125, 135, 165, 210, 215, 270, 275, 305, 310, 320, 325, 340]",0.00000000,"[0.00000000, 0.00000000, 0.00000000]",0.00000000,0.38077778,6->28
3,3,8,5,35,"(11, 18, 28)",3,245,probe_repair,"[20, 65, 100, 135, 140, 195, 205, 215, 220, 255, 310, 325, 350, 355, 360]",0.00000000,"[0.00000000, 0.00000000, 0.00000000]",0.00000000,0.37473333,4->28
3,3,8,5,35,"(11, 18, 28)",4,1309,probe_repair,"[20, 30, 65, 70, 135, 145, 200, 210, 220, 250, 260, 285, 300, 320, 325]",0.00000000,"[0.00000000, 0.00000000, 0.00000000]",0.00000000,0.35268889,4->28
3,3,8,5,35,"(11, 18, 28)",5,659,probe_repair,"[5, 25, 30, 40, 70, 90, 145, 220, 235, 240, 270, 285, 300, 310, 325]",0.00000000,"[0.00000000, 0.00000000, 0.00000000]",0.18500000,0.43451111,17->28
3,3,8,5,35,"(11, 18, 28)",6,477,probe_repair,"[50, 55, 95, 135, 140, 160, 190, 230, 270, 285, 305, 310, 330, 340, 355]",0.00000000,"[0.00000000, 0.00000000, 0.00000000]",0.00000000,0.35431111,6->11
3,3,8,5,35,"(11, 18, 28)",7,402,probe_repair,"[10, 95, 100, 105, 150, 165, 205, 225, 240, 245, 265, 310, 345, 350, 365]",0.00000000,"[0.00000000, 0.00000000, 0.00000000]",0.18400000,0.43031111,22->11
3,3,8,5,35,"(11, 18, 28)",8,331,probe_repair,"[40, 55, 80, 115, 145, 155, 175, 190, 205, 215, 245, 250, 315, 325, 345]",0.00000000,"[0.00000000, 0.00000000, 0.00000000]",0.16300000,0.44480000,15->28
3,3,8,5,35,"(11, 18, 28)",9,483,probe_repair,"[50, 55, 95, 135, 140, 160, 190, 230, 270, 285, 305, 310, 330, 340, 355]",0.00000000,"[0.00000000, 0.00000000, 0.00000000]",0.18500000,0.43800000,16->28
3,3,8,5,35,"(11, 18, 28)",10,1447,probe_repair,"[5, 40, 45, 60, 75, 80, 85, 155, 205, 210, 220, 285, 345, 350, 355]",0.00000000,"[0.00000000, 0.00000000, 0.00000000]",0.08800000,0.43671111,17->11
3,3,8,5,36,"(16, 21, 26)",1,653,probe_repair,"[10, 40, 55, 60, 110, 160, 175, 180, 190, 245, 285, 295, 320, 325, 345]",0.00000000,"[0.00000000, 0.00000000, 0.00000000]",0.00000000,0.37188889,4->26
3,3,8,5,36,"(16, 21, 26)",2,765,probe_repair,"[45, 55, 60, 115, 145, 160, 185, 230, 255, 275, 300, 325, 330, 350, 360]",0.00000000,"[0.00000000, 0.00000000, 0.00000000]",0.00000000,0.35064444,4->26
3,3,8,5,36,"(16, 21, 26)",3,852,probe_repair,"[30, 40, 45, 65, 80, 95, 115, 125, 200, 205, 255, 300, 335, 345, 350]",0.00000000,"[0.00000000, 0.00000000, 0.00000000]",0.18300000,0.44486667,25->26
3,3,8,5,36,"(16, 21, 26)",4,655,probe_repair,"[10, 40, 55, 60, 110, 160, 175, 180, 190, 245, 285, 295, 320, 325, 345]",0.00000000,"[0.00000000, 0.00000000, 0.00000000]",0.08900000,0.43513333,15->21
3,3,8,5,36,"(16, 21, 26)",5,663,probe_repair,"[15, 20, 25, 95, 140, 150, 155, 170, 205, 225, 290, 315, 325, 335, 350]",0.00000000,"[0.00000000, 0.00000000, 0.00000000]",0.11700000,0.43413333,15->26
3,3,8,5,36,"(16, 21, 26)",6,802,probe_repair,"[10, 60, 100, 105, 140, 165, 170, 180, 200, 240, 250, 305, 315, 320, 345]",0.00000000,"[0.00000000, 0.00000000, 0.00000000]",0.31300000,0.44857778,22->21
3,3,8,5,36,"(16, 21, 26)",7,640,probe_repair,"[40, 75, 95, 115, 130, 140, 150, 165, 205, 220, 250, 275, 285, 315, 325]",0.00000000,"[0.00000000, 0.00000000, 0.00000000]",0.11900000,0.43711111,22->26
3,3,8,5,36,"(16, 21, 26)",8,154,probe_repair,"[30, 40, 50, 80, 100, 135, 155, 180, 230, 270, 290, 305, 325, 345, 355]",0.00000000,"[0.00000000, 0.00000000, 0.00000000]",0.01400000,0.41448889,7->26
3,3,8,5,36,"(16, 21, 26)",9,839,probe_repair,"[10, 35, 70, 110, 145, 150, 155, 185, 195, 200, 255, 260, 275, 330, 355]",0.00000000,"[0.00000000, 0.00000000, 0.00000000]",0.00000000,0.43333333,18->26
3,3,8,5,36,"(16, 21, 26)",10,768,probe_repair,"[45, 55, 60, 115, 145, 160, 185, 230, 255, 275, 300, 325, 330, 350, 360]",0.00000000,"[0.00000000, 0.00000000, 0.00000000]",0.09000000,0.42333333,9->26
3,3,8,5,37,"(7, 9, 25)",1,639,probe_repair,"[10, 30, 80, 100, 115, 120, 150, 160, 170, 175, 235, 240, 245, 255, 265]",0.00000000,"[0.00000000, 0.00000000, 0.00000000]",0.13100000,0.43200000,24->7
3,3,8,5,37,"(7, 9, 25)",2,1276,probe_repair,"[30, 45, 75, 100, 150, 170, 245, 255, 270, 275, 285, 295, 300, 340, 360]",0.00000000,"[0.00000000, 0.00000000, 0.00000000]",0.15200000,0.44193333,24->9
3,3,8,5,37,"(7, 9, 25)",3,541,probe_repair,"[30, 35, 100, 110, 120, 175, 190, 200, 205, 210, 245, 250, 275, 305, 315]",0.00000000,"[0.00000000, 0.00000000, 0.00000000]",0.00000000,0.36868889,11->9
3,3,8,5,37,"(7, 9, 25)",4,1261,probe_repair,"[10, 50, 55, 65, 110, 120, 135, 145, 165, 225, 255, 290, 305, 345, 355]",0.00000000,"[0.00000000, 0.00000000, 0.00000000]",0.00000000,0.36066667,4->25
3,3,8,5,37,"(7, 9, 25)",5,107,probe_repair,"[5, 15, 30, 50, 55, 60, 115, 155, 160, 180, 240, 265, 280, 300, 325]",0.00000000,"[0.00000000, 0.00000000, 0.00000000]",0.22000000,0.43200000,11->9
3,3,8,5,37,"(7, 9, 25)",6,1264,probe_repair,"[10, 50, 55, 65, 110, 120, 135, 145, 165, 225, 255, 290, 305, 345, 355]",0.00000000,"[0.00000000, 0.00000000, 0.00000000]",0.08800000,0.41897778,24->25
3,3,8,5,37,"(7, 9, 25)",7,60,probe_repair,"[15, 45, 60, 75, 115, 120, 140, 160, 200, 210, 250, 260, 275, 340, 360]",0.00000000,"[0.00000000, 0.00000000, 0.00000000]",0.22300000,0.41822222,18->25
3,3,8,5,37,"(7, 9, 25)",8,1485,probe_repair,"[10, 25, 30, 75, 85, 105, 115, 120, 170, 190, 220, 260, 295, 315, 360]",0.00000000,"[0.00000000, 0.00000000, 0.00000000]",0.11200000,0.39900000,6->25
3,3,8,5,37,"(7, 9, 25)",9,1389,probe_repair,"[30, 40, 45, 55, 65, 135, 180, 190, 210, 220, 250, 270, 280, 295, 360]",0.00000000,"[0.00000000, 0.00000000, 0.00000000]",0.00000000,0.39277778,6->7
3,3,8,5,37,"(7, 9, 25)",10,1445,probe_repair,"[65, 85, 100, 105, 130, 135, 165, 205, 225, 245, 250, 270, 280, 315, 335]",0.00000000,"[0.00000000, 0.00000000, 0.00000000]",0.00000000,0.39208889,4->25
3,3,8,5,38,"(7, 17, 27)",1,1203,probe_repair,"[20, 50, 95, 105, 110, 150, 195, 205, 210, 245, 250, 310, 320, 360, 365]",0.00000000,"[0.00000000, 0.00000000, 0.00000000]",0.20700000,0.42426667,21->17
3,3,8,5,38,"(7, 17, 27)",2,45,probe_repair,"[100, 110, 120, 140, 175, 185, 190, 200, 210, 235, 240, 270, 295, 320, 365]",0.00000000,"[0.00000000, 0.00000000, 0.00000000]",0.00000000,0.39526667,9->27
3,3,8,5,38,"(7, 17, 27)",3,453,probe_repair,"[5, 15, 25, 30, 50, 80, 90, 125, 150, 170, 190, 195, 230, 330, 360]",0.00000000,"[0.00000000, 0.00000000, 0.00000000]",0.00000000,0.36197778,11->17
3,3,8,5,38,"(7, 17, 27)",4,845,probe_repair,"[15, 25, 35, 75, 95, 105, 115, 120, 160, 165, 170, 225, 275, 280, 330]",0.00000000,"[0.00000000, 0.00000000, 0.00000000]",0.00000000,0.38266667,4->27
3,3,8,5,38,"(7, 17, 27)",5,229,probe_repair,"[25, 35, 40, 60, 80, 115, 120, 155, 175, 205, 215, 225, 245, 295, 340]",0.00000000,"[0.00000000, 0.00000000, 0.00000000]",0.00000000,0.38180000,4->27
3,3,8,5,38,"(7, 17, 27)",6,1325,probe_repair,"[15, 35, 55, 60, 115, 120, 130, 140, 175, 190, 240, 275, 310, 330, 340]",0.00000000,"[0.00000000, 0.00000000, 0.00000000]",0.00000000,0.36991111,4->27
3,3,8,5,38,"(7, 17, 27)",7,621,probe_repair,"[5, 15, 20, 65, 95, 110, 155, 160, 165, 185, 195, 250, 305, 320, 330]",0.00000000,"[0.00000000, 0.00000000, 0.00000000]",0.00000000,0.36555556,4->27
3,3,8,5,38,"(7, 17, 27)",8,277,probe_repair,"[10, 65, 85, 150, 155, 175, 190, 225, 230, 265, 275, 300, 315, 325, 355]",0.00000000,"[0.00000000, 0.00000000, 0.00000000]",0.00000000,0.33784444,4->27
3,3,8,5,38,"(7, 17, 27)",9,999,probe_repair,"[85, 90, 105, 110, 115, 155, 165, 180, 195, 220, 225, 240, 265, 290, 360]",0.00000000,"[0.00000000, 0.00000000, 0.00000000]",0.09800000,0.40782222,9->17
3,3,8,5,38,"(7, 17, 27)",10,932,probe_repair,"[15, 35, 45, 60, 105, 160, 175, 190, 230, 240, 275, 295, 325, 345, 355]",0.00000000,"[0.00000000, 0.00000000, 0.00000000]",0.18300000,0.43095556,28->27
3,3,8,5,39,"(1, 18, 26)",1,350,probe_repair,"[25, 40, 80, 105, 120, 130, 140, 160, 230, 245, 265, 275, 290, 340, 355]",0.00000000,"[0.00000000, 0.00000000, 0.00000000]",0.06100000,0.43429167,17->26
3,3,8,5,39,"(1, 18, 26)",2,351,probe_repair,"[25, 40, 80, 105, 120, 130, 140, 160, 230, 245, 265, 275, 290, 340, 355]",0.00000000,"[0.00000000, 0.00000000, 0.00000000]",0.03900000,0.43114583,17->26
3,3,8,5,39,"(1, 18, 26)",3,268,probe_repair,"[5, 15, 70, 75, 80, 105, 155, 170, 220, 235, 250, 285, 295, 330, 355]",0.00000000,"[0.00000000, 0.00000000, 0.00000000]",0.30700000,0.43200000,4->26
3,3,8,5,39,"(1, 18, 26)",4,263,probe_repair,"[5, 15, 70, 75, 80, 105, 155, 170, 220, 235, 250, 285, 295, 330, 355]",0.00000000,"[0.00000000, 0.00000000, 0.00000000]",0.25900000,0.43327083,15->1
3,3,8,5,39,"(1, 18, 26)",5,430,probe_repair,"[5, 45, 50, 70, 75, 110, 135, 150, 170, 185, 255, 260, 275, 320, 345]",0.00000000,"[0.00000000, 0.00000000, 0.00000000]",0.16200000,0.42841667,22->1
3,3,8,5,39,"(1, 18, 26)",6,352,probe_repair,"[25, 40, 80, 105, 120, 130, 140, 160, 230, 245, 265, 275, 290, 340, 355]",0.00000000,"[0.00000000, 0.00000000, 0.00000000]",0.07300000,0.42431250,17->26
3,3,8,5,39,"(1, 18, 26)",7,225,probe_repair,"[30, 35, 40, 100, 105, 125, 150, 205, 220, 230, 250, 255, 320, 345, 355]",0.00000000,"[0.00000000, 0.00000000, 0.00000000]",0.06100000,0.43018750,11->1
3,3,8,5,39,"(1, 18, 26)",8,79,probe_repair,"[15, 60, 70, 80, 95, 100, 110, 150, 175, 205, 210, 245, 265, 310, 355]",0.00000000,"[0.00000000, 0.00000000, 0.00000000]",0.24100000,0.43972917,15->1
3,3,8,5,39,"(1, 18, 26)",9,465,probe_repair,"[10, 15, 25, 45, 95, 125, 130, 160, 205, 230, 260, 275, 300, 340, 345]",0.00000000,"[0.00000000, 0.00000000, 0.00000000]",0.13100000,0.43200000,6->1
3,3,8,5,39,"(1, 18, 26)",10,353,probe_repair,"[25, 40, 80, 105, 120, 130, 140, 160, 230, 245, 265, 275, 290, 340, 355]",0.00000000,"[0.00000000, 0.00000000, 0.00000000]",0.06000000,0.42583333,17->26
3,3,8,5,40,"(1, 9, 25)",1,137,probe_repair,"[10, 55, 100, 105, 115, 135, 170, 210, 225, 260, 265, 285, 340, 345, 355]",0.00000000,"[0.00000000, 0.00000000, 0.00000000]",0.01600000,0.42202083,16->25
3,3,8,5,40,"(1, 9, 25)",2,134,probe_repair,"[10, 55, 100, 105, 115, 135, 170, 210, 225, 260, 265, 285, 340, 345, 355]",0.00000000,"[0.00000000, 0.00000000, 0.00000000]",0.00800000,0.41760417,16->25
3,3,8,5,40,"(1, 9, 25)",3,598,probe_repair,"[5, 70, 90, 100, 115, 130, 155, 190, 195, 205, 230, 265, 280, 325, 355]",0.00000000,"[0.00000000, 0.00000000, 0.00000000]",0.12200000,0.42864583,15->9
3,3,8,5,40,"(1, 9, 25)",4,478,probe_repair,"[10, 25, 55, 60, 145, 150, 165, 195, 220, 225, 230, 260, 290, 345, 360]",0.00000000,"[0.00000000, 0.00000000, 0.00000000]",0.08900000,0.42972917,4->25
3,3,8,5,40,"(1, 9, 25)",5,381,probe_repair,"[40, 75, 90, 100, 105, 165, 175, 190, 220, 230, 235, 305, 310, 330, 340]",0.00000000,"[0.00000000, 0.00000000, 0.00000000]",0.00000000,0.36362500,6->9
3,3,8,5,40,"(1, 9, 25)",6,240,probe_repair,"[60, 65, 70, 95, 100, 105, 125, 145, 150, 190, 210, 265, 280, 325, 350]",0.00000000,"[0.00000000, 0.00000000, 0.00000000]",0.07100000,0.42977083,21->9
3,3,8,5,40,"(1, 9, 25)",7,599,probe_repair,"[5, 70, 90, 100, 115, 130, 155, 190, 195, 205, 230, 265, 280, 325, 355]",0.00000000,"[0.00000000, 0.00000000, 0.00000000]",0.20500000,0.43391667,15->9
3,3,8,5,40,"(1, 9, 25)",8,244,probe_repair,"[60, 65, 70, 95, 100, 105, 125, 145, 150, 190, 210, 265, 280, 325, 350]",0.00000000,"[0.00000000, 0.00000000, 0.00000000]",0.03500000,0.43129167,21->9
3,3,8,5,40,"(1, 9, 25)",9,484,probe_repair,"[10, 25, 55, 60, 145, 150, 165, 195, 220, 225, 230, 260, 290, 345, 360]",0.00000000,"[0.00000000, 0.00000000, 0.00000000]",0.07600000,0.43925000,4->25
3,3,8,5,40,"(1, 9, 25)",10,369,probe_repair,"[105, 150, 185, 195, 205, 210, 225, 235, 240, 245, 255, 285, 300, 345, 360]",0.00000000,"[0.00000000, 0.00000000, 0.00000000]",0.11000000,0.42937500,21->1
3,3,8,5,41,"(16, 17, 22)",1,1204,probe_repair,"[20, 40, 60, 65, 90, 95, 170, 220, 225, 240, 260, 280, 290, 305, 320]",0.00000000,"[0.00000000, 0.00000000, 0.00000000]",0.11500000,0.43915556,26->16
3,3,8,5,41,"(16, 17, 22)",2,938,probe_repair,"[15, 30, 45, 65, 115, 200, 220, 255, 285, 300, 305, 320, 325, 330, 360]",0.00000000,"[0.00000000, 0.00000000, 0.00000000]",0.08600000,0.43235556,9->16
3,3,8,5,41,"(16, 17, 22)",3,1205,probe_repair,"[35, 40, 55, 85, 110, 140, 185, 215, 240, 245, 260, 265, 325, 340, 345]",0.00000000,"[0.00000000, 0.00000000, 0.00000000]",0.00000000,0.38653333,9->16
3,3,8,5,41,"(16, 17, 22)",4,61,probe_repair,"[5, 20, 80, 100, 110, 115, 125, 145, 175, 210, 270, 280, 305, 325, 355]",0.00000000,"[0.00000000, 0.00000000, 0.00000000]",0.00000000,0.37713333,11->22
3,3,8,5,41,"(16, 17, 22)",5,813,probe_repair,"[15, 30, 115, 120, 130, 160, 175, 240, 255, 270, 275, 285, 305, 320, 335]",0.00000000,"[0.00000000, 0.00000000, 0.00000000]",0.00000000,0.36957778,15->17
3,3,8,5,41,"(16, 17, 22)",6,549,probe_repair,"[20, 30, 35, 55, 85, 110, 190, 210, 230, 250, 275, 335, 340, 350, 365]",0.00000000,"[0.00000000, 0.00000000, 0.00000000]",0.00000000,0.36480000,9->17
3,3,8,5,41,"(16, 17, 22)",7,1261,probe_repair,"[10, 30, 35, 55, 85, 105, 125, 180, 205, 210, 235, 245, 250, 265, 330]",0.00000000,"[0.00000000, 0.00000000, 0.00000000]",0.00000000,0.35691111,18->22
3,3,8,5,41,"(16, 17, 22)",8,1437,probe_repair,"[20, 50, 65, 75, 80, 85, 105, 115, 180, 195, 245, 280, 315, 330, 355]",0.00000000,"[0.00000000, 0.00000000, 0.00000000]",0.00000000,0.35371111,26->16
3,3,8,5,41,"(16, 17, 22)",9,885,probe_repair,"[5, 10, 40, 85, 110, 115, 130, 185, 230, 265, 295, 325, 330, 345, 360]",0.00000000,"[0.00000000, 0.00000000, 0.00000000]",0.00000000,0.35275556,4->22
3,3,8,5,41,"(16, 17, 22)",10,997,probe_repair,"[90, 105, 120, 160, 185, 220, 225, 230, 235, 280, 305, 315, 325, 330, 355]",0.00000000,"[0.00000000, 0.00000000, 0.00000000]",0.00000000,0.34051111,4->22
3,3,8,5,42,"(2, 11, 16)",1,341,probe_repair,"[5, 10, 30, 60, 85, 130, 150, 190, 205, 215, 265, 320, 325, 335, 340]",0.00000000,"[0.00000000, 0.00000000, 0.00000000]",0.00000000,0.34722222,20->16
3,3,8,5,42,"(2, 11, 16)",2,757,probe_repair,"[35, 60, 70, 80, 90, 100, 110, 130, 135, 145, 185, 195, 235, 350, 360]",0.00000000,"[0.00000000, 0.00000000, 0.00000000]",0.00000000,0.39324444,15->11
3,3,8,5,42,"(2, 11, 16)",3,533,probe_repair,"[35, 50, 65, 100, 105, 125, 225, 280, 285, 295, 305, 330, 335, 345, 355]",0.00000000,"[0.00000000, 0.00000000, 0.00000000]",0.00000000,0.39166667,20->2
3,3,8,5,42,"(2, 11, 16)",4,1133,probe_repair,"[25, 70, 95, 110, 130, 150, 180, 230, 275, 280, 285, 300, 305, 335, 345]",0.00000000,"[0.00000000, 0.00000000, 0.00000000]",0.00000000,0.38760000,25->11
3,3,8,5,42,"(2, 11, 16)",5,597,probe_repair,"[10, 65, 75, 95, 120, 135, 180, 235, 245, 260, 275, 295, 340, 345, 360]",0.00000000,"[0.00000000, 0.00000000, 0.00000000]",0.00000000,0.36515556,21->11
3,3,8,5,42,"(2, 11, 16)",6,165,probe_repair,"[50, 70, 95, 105, 120, 125, 160, 205, 230, 240, 250, 285, 330, 345, 360]",0.00000000,"[0.00000000, 0.00000000, 0.00000000]",0.00000000,0.37682222,7->16
3,3,8,5,42,"(2, 11, 16)",7,933,probe_repair,"[15, 30, 40, 45, 60, 95, 120, 145, 195, 200, 255, 260, 265, 295, 310]",0.00000000,"[0.00000000, 0.00000000, 0.00000000]",0.00000000,0.36333333,7->16
3,3,8,5,42,"(2, 11, 16)",8,490,probe_repair,"[5, 30, 45, 140, 150, 175, 190, 200, 205, 215, 245, 275, 295, 310, 365]",0.00000000,"[0.00000000, 0.00000000, 0.00000000]",0.19700000,0.42664444,22->2
3,3,8,5,42,"(2, 11, 16)",9,589,probe_repair,"[15, 20, 70, 105, 130, 140, 160, 240, 245, 265, 280, 320, 340, 345, 350]",0.00000000,"[0.00000000, 0.00000000, 0.00000000]",0.00000000,0.37182222,6->16
3,3,8,5,42,"(2, 11, 16)",10,461,probe_repair,"[10, 25, 30, 65, 80, 90, 100, 140, 150, 180, 215, 225, 250, 325, 350]",0.00000000,"[0.00000000, 0.00000000, 0.00000000]",0.00000000,0.35486667,6->16
3,3,8,5,43,"(5, 20, 22)",1,70,probe_repair,"[15, 35, 55, 60, 90, 100, 105, 125, 130, 140, 175, 250, 295, 335, 340]",0.00000000,"[0.00000000, 0.00000000, 0.00000000]",0.03400000,0.42862500,28->5
3,3,8,5,43,"(5, 20, 22)",2,477,probe_repair,"[10, 60, 90, 100, 120, 125, 170, 175, 190, 205, 240, 245, 275, 300, 365]",0.00000000,"[0.00000000, 0.00000000, 0.00000000]",0.00000000,0.35720833,11->20
3,3,8,5,43,"(5, 20, 22)",3,304,probe_repair,"[15, 40, 75, 95, 130, 145, 155, 165, 190, 225, 275, 280, 285, 300, 315]",0.00000000,"[0.00000000, 0.00000000, 0.00000000]",0.11000000,0.40918750,15->5
3,3,8,5,43,"(5, 20, 22)",4,576,probe_repair,"[10, 25, 65, 75, 85, 110, 140, 220, 235, 250, 275, 290, 295, 340, 355]",0.00000000,"[0.00000000, 0.00000000, 0.00000000]",0.10200000,0.43008333,18->20
3,3,8,5,43,"(5, 20, 22)",5,14,baseline,"[5, 30, 55, 80, 105, 130, 155, 180, 205, 230, 255, 280, 305, 330, 355]",0.00000000,"[0.00000000, 0.00000000, 0.00000000]",0.10600000,0.43070833,4->22
3,3,8,5,43,"(5, 20, 22)",6,237,probe_repair,"[80, 85, 90, 120, 175, 190, 205, 220, 250, 270, 280, 300, 305, 325, 355]",0.00000000,"[0.00000000, 0.00000000, 0.00000000]",0.00000000,0.36166667,18->5
3,3,8,5,43,"(5, 20, 22)",7,432,probe_repair,"[25, 45, 50, 130, 180, 205, 245, 250, 255, 285, 300, 305, 315, 340, 365]",0.00000000,"[0.00000000, 0.00000000, 0.00000000]",0.11500000,0.42260417,28->20
3,3,8,5,43,"(5, 20, 22)",8,434,probe_repair,"[25, 45, 50, 130, 180, 205, 245, 250, 255, 285, 300, 305, 315, 340, 365]",0.00000000,"[0.00000000, 0.00000000, 0.00000000]",0.07100000,0.42402083,28->20
3,3,8,5,43,"(5, 20, 22)",9,71,probe_repair,"[15, 35, 55, 60, 90, 100, 105, 125, 130, 140, 175, 250, 295, 335, 340]",0.00000000,"[0.00000000, 0.00000000, 0.00000000]",0.03900000,0.42910417,28->5
3,3,8,5,43,"(5, 20, 22)",10,546,probe_repair,"[15, 25, 35, 80, 95, 105, 130, 140, 180, 190, 215, 240, 335, 360, 365]",0.00000000,"[0.00000000, 0.00000000, 0.00000000]",0.09200000,0.43191667,24->20
3,3,8,5,44,"(1, 6, 21)",1,456,probe_repair,"[10, 15, 30, 125, 130, 145, 150, 170, 175, 205, 265, 300, 330, 335, 350]",0.00000000,"[0.00000000, 0.00000000, 0.00000000]",0.21800000,0.44662500,20->21
3,3,8,5,44,"(1, 6, 21)",2,526,probe_repair,"[25, 35, 75, 85, 105, 175, 185, 190, 205, 220, 230, 240, 255, 260, 275]",0.00000000,"[0.00000000, 0.00000000, 0.00000000]",0.15600000,0.42827083,24->6
3,3,8,5,44,"(1, 6, 21)",3,292,probe_repair,"[65, 85, 95, 125, 135, 150, 165, 180, 200, 210, 265, 310, 345, 350, 360]",0.00000000,"[0.00000000, 0.00000000, 0.00000000]",0.28100000,0.44339583,28->6
3,3,8,5,44,"(1, 6, 21)",4,71,probe_repair,"[25, 70, 80, 110, 115, 140, 160, 165, 185, 225, 275, 305, 340, 350, 355]",0.00000000,"[0.00000000, 0.00000000, 0.00000000]",0.08900000,0.41102083,4->21
3,3,8,5,44,"(1, 6, 21)",5,433,probe_repair,"[25, 60, 110, 115, 155, 165, 185, 195, 200, 230, 250, 255, 260, 295, 325]",0.00000000,"[0.00000000, 0.00000000, 0.00000000]",0.08500000,0.42647917,26->6
3,3,8,5,44,"(1, 6, 21)",6,288,probe_repair,"[65, 85, 95, 125, 135, 150, 165, 180, 200, 210, 265, 310, 345, 350, 360]",0.00000000,"[0.00000000, 0.00000000, 0.00000000]",0.27200000,0.43889583,25->21
3,3,8,5,44,"(1, 6, 21)",7,393,probe_repair,"[25, 35, 70, 90, 105, 125, 190, 200, 205, 240, 275, 285, 330, 335, 355]",0.00000000,"[0.00000000, 0.00000000, 0.00000000]",0.18000000,0.42887500,27->1
3,3,8,5,44,"(1, 6, 21)",8,503,probe_repair,"[55, 60, 150, 160, 175, 195, 210, 220, 230, 265, 280, 300, 310, 345, 350]",0.00000000,"[0.00000000, 0.00000000, 0.00000000]",0.08500000,0.42845833,9->6
3,3,8,5,44,"(1, 6, 21)",9,544,probe_repair,"[25, 100, 155, 185, 190, 195, 200, 210, 225, 240, 245, 260, 275, 320, 355]",0.00000000,"[0.00000000, 0.00000000, 0.00000000]",0.09800000,0.42914583,16->6
3,3,8,5,44,"(1, 6, 21)",10,287,probe_repair,"[65, 85, 95, 125, 135, 150, 165, 180, 200, 210, 265, 310, 345, 350, 360]",0.00000000,"[0.00000000, 0.00000000, 0.00000000]",0.23800000,0.44804167,28->6
3,3,8,5,45,"(2, 5, 6)",1,392,probe_repair,"[20, 80, 90, 105, 115, 130, 170, 185, 205, 235, 285, 300, 305, 335, 355]",0.00000000,"[0.00000000, 0.00000000, 0.00000000]",0.14900000,0.42347917,11->5
3,3,8,5,45,"(2, 5, 6)",2,349,probe_repair,"[30, 55, 125, 130, 135, 180, 205, 240, 245, 255, 275, 330, 345, 355, 365]",0.00000000,"[0.00000000, 0.00000000, 0.00000000]",0.00000000,0.36302083,11->5
3,3,8,5,45,"(2, 5, 6)",3,125,probe_repair,"[60, 85, 120, 125, 130, 140, 160, 185, 250, 260, 275, 290, 335, 340, 365]",0.00000000,"[0.00000000, 0.00000000, 0.00000000]",0.00000000,0.39064583,18->5
3,3,8,5,45,"(2, 5, 6)",4,389,probe_repair,"[20, 80, 90, 105, 115, 130, 170, 185, 205, 235, 285, 300, 305, 335, 355]",0.00000000,"[0.00000000, 0.00000000, 0.00000000]",0.00000000,0.36077083,11->5
3,3,8,5,45,"(2, 5, 6)",5,59,probe_repair,"[10, 25, 75, 80, 115, 155, 180, 200, 220, 265, 280, 285, 290, 305, 345]",0.00000000,"[0.00000000, 0.00000000, 0.00000000]",0.28900000,0.44747917,24->5
3,3,8,5,45,"(2, 5, 6)",6,223,probe_repair,"[15, 30, 85, 100, 155, 160, 225, 230, 265, 270, 285, 310, 325, 335, 355]",0.00000000,"[0.00000000, 0.00000000, 0.00000000]",0.11800000,0.43922917,26->5
3,3,8,5,45,"(2, 5, 6)",7,188,probe_repair,"[95, 110, 115, 130, 140, 160, 200, 215, 220, 230, 240, 270, 285, 335, 345]",0.00000000,"[0.00000000, 0.00000000, 0.00000000]",0.00000000,0.42793750,28->5
3,3,8,5,45,"(2, 5, 6)",8,395,probe_repair,"[20, 80, 90, 105, 115, 130, 170, 185, 205, 235, 285, 300, 305, 335, 355]",0.00000000,"[0.00000000, 0.00000000, 0.00000000]",0.13300000,0.42991667,11->5
3,3,8,5,45,"(2, 5, 6)",9,390,probe_repair,"[20, 80, 90, 105, 115, 130, 170, 185, 205, 235, 285, 300, 305, 335, 355]",0.00000000,"[0.00000000, 0.00000000, 0.00000000]",0.15000000,0.41908333,11->5
3,3,8,5,45,"(2, 5, 6)",10,351,probe_repair,"[30, 55, 125, 130, 135, 180, 205, 240, 245, 255, 275, 330, 345, 355, 365]",0.00000000,"[0.00000000, 0.00000000, 0.00000000]",0.06900000,0.41158333,15->6
3,3,8,5,46,"(15, 20, 24)",1,893,probe_repair,"[40, 75, 85, 115, 125, 145, 180, 185, 245, 255, 270, 290, 300, 305, 335]",0.00000000,"[0.00000000, 0.00000000, 0.00000000]",0.00000000,0.37782222,6->20
3,3,8,5,46,"(15, 20, 24)",2,541,probe_repair,"[10, 25, 35, 40, 90, 95, 155, 170, 180, 200, 235, 260, 275, 325, 335]",0.00000000,"[0.00000000, 0.00000000, 0.00000000]",0.00000000,0.36826667,4->24
3,3,8,5,46,"(15, 20, 24)",3,1173,probe_repair,"[40, 80, 110, 130, 170, 180, 190, 205, 240, 260, 265, 315, 320, 335, 365]",0.00000000,"[0.00000000, 0.00000000, 0.00000000]",0.00000000,0.38202222,16->15
3,3,8,5,46,"(15, 20, 24)",4,357,probe_repair,"[20, 50, 60, 70, 85, 90, 155, 200, 245, 250, 260, 275, 280, 290, 340]",0.00000000,"[0.00000000, 0.00000000, 0.00000000]",0.00000000,0.37508889,22->15
3,3,8,5,46,"(15, 20, 24)",5,1333,probe_repair,"[5, 40, 50, 55, 70, 80, 95, 130, 145, 240, 250, 270, 280, 285, 320]",0.00000000,"[0.00000000, 0.00000000, 0.00000000]",0.00000000,0.35377778,6->15
3,3,8,5,46,"(15, 20, 24)",6,341,probe_repair,"[25, 30, 50, 65, 110, 155, 180, 190, 220, 275, 295, 300, 320, 325, 360]",0.00000000,"[0.00000000, 0.00000000, 0.00000000]",0.00000000,0.33615556,6->24
3,3,8,5,46,"(15, 20, 24)",7,911,probe_repair,"[65, 90, 120, 130, 145, 195, 230, 245, 270, 275, 315, 335, 345, 350, 360]",0.00000000,"[0.00000000, 0.00000000, 0.00000000]",0.14700000,0.42626667,27->20
3,3,8,5,46,"(15, 20, 24)",8,1219,probe_repair,"[55, 60, 80, 95, 170, 175, 190, 200, 220, 240, 255, 270, 285, 290, 315]",0.00000000,"[0.00000000, 0.00000000, 0.00000000]",0.00800000,0.40984444,4->24
3,3,8,5,46,"(15, 20, 24)",9,1449,probe_repair,"[20, 40, 65, 125, 130, 190, 205, 215, 220, 230, 295, 315, 320, 345, 365]",0.00000000,"[0.00000000, 0.00000000, 0.00000000]",0.08900000,0.43697778,11->15
3,3,8,5,46,"(15, 20, 24)",10,915,probe_repair,"[65, 90, 120, 130, 145, 195, 230, 245, 270, 275, 315, 335, 345, 350, 360]",0.00000000,"[0.00000000, 0.00000000, 0.00000000]",0.09300000,0.43288889,27->20
3,3,8,5,47,"(5, 15, 18)",1,342,probe_repair,"[5, 15, 40, 55, 60, 95, 125, 135, 215, 250, 260, 265, 270, 300, 340]",0.00000000,"[0.00000000, 0.00000000, 0.00000000]",0.03100000,0.41560417,20->18
3,3,8,5,47,"(5, 15, 18)",2,487,probe_repair,"[25, 45, 110, 130, 185, 190, 200, 210, 235, 265, 290, 300, 315, 330, 365]",0.00000000,"[0.00000000, 0.00000000, 0.00000000]",0.07500000,0.43079167,28->15
3,3,8,5,47,"(5, 15, 18)",3,275,probe_repair,"[10, 15, 25, 50, 60, 80, 90, 170, 190, 245, 260, 265, 290, 300, 305]",0.00000000,"[0.00000000, 0.00000000, 0.00000000]",0.08900000,0.44633333,16->15
3,3,8,5,47,"(5, 15, 18)",4,72,probe_repair,"[40, 55, 100, 130, 150, 160, 180, 215, 225, 240, 250, 260, 300, 330, 340]",0.00000000,"[0.00000000, 0.00000000, 0.00000000]",0.14900000,0.42747917,16->5
3,3,8,5,47,"(5, 15, 18)",5,119,probe_repair,"[5, 30, 55, 80, 115, 165, 190, 205, 225, 235, 240, 285, 335, 345, 360]",0.00000000,"[0.00000000, 0.00000000, 0.00000000]",0.27800000,0.44677083,11->5
3,3,8,5,47,"(5, 15, 18)",6,552,probe_repair,"[15, 50, 55, 110, 115, 135, 160, 180, 220, 235, 280, 300, 305, 325, 365]",0.00000000,"[0.00000000, 0.00000000, 0.00000000]",0.17100000,0.43529167,22->18
3,3,8,5,47,"(5, 15, 18)",7,269,probe_repair,"[10, 15, 25, 50, 60, 80, 90, 170, 190, 245, 260, 265, 290, 300, 305]",0.00000000,"[0.00000000, 0.00000000, 0.00000000]",0.00000000,0.35510417,11->15
3,3,8,5,47,"(5, 15, 18)",8,518,probe_repair,"[5, 30, 50, 65, 90, 100, 115, 135, 215, 220, 225, 230, 300, 310, 330]",0.00000000,"[0.00000000, 0.00000000, 0.00000000]",0.29800000,0.44914583,9->18
3,3,8,5,47,"(5, 15, 18)",9,272,probe_repair,"[10, 15, 25, 50, 60, 80, 90, 170, 190, 245, 260, 265, 290, 300, 305]",0.00000000,"[0.00000000, 0.00000000, 0.00000000]",0.07000000,0.43243750,16->15
3,3,8,5,47,"(5, 15, 18)",10,114,probe_repair,"[15, 75, 125, 155, 160, 200, 220, 235, 240, 250, 260, 275, 290, 295, 360]",0.00000000,"[0.00000000, 0.00000000, 0.00000000]",0.13800000,0.41983333,22->5
3,3,8,5,48,"(1, 2, 18)",1,181,probe_repair,"[5, 15, 25, 80, 145, 150, 160, 165, 195, 200, 230, 280, 305, 335, 345]",0.00000000,"[0.00000000, 0.00000000, 0.00000000]",0.00000000,0.34131250,4->1
3,3,8,5,48,"(1, 2, 18)",2,112,probe_repair,"[60, 95, 120, 185, 195, 200, 205, 235, 250, 255, 265, 285, 300, 330, 350]",0.00000000,"[0.00000000, 0.00000000, 0.00000000]",0.00400000,0.42504167,9->2
3,3,8,5,48,"(1, 2, 18)",3,128,probe_repair,"[15, 35, 80, 120, 150, 160, 165, 205, 235, 265, 285, 290, 300, 340, 345]",0.00000000,"[0.00000000, 0.00000000, 0.00000000]",0.19000000,0.43218750,7->2
3,3,8,5,48,"(1, 2, 18)",4,113,probe_repair,"[60, 95, 120, 185, 195, 200, 205, 235, 250, 255, 265, 285, 300, 330, 350]",0.00000000,"[0.00000000, 0.00000000, 0.00000000]",0.01500000,0.42764583,9->2
3,3,8,5,48,"(1, 2, 18)",5,216,probe_repair,"[5, 25, 45, 90, 95, 125, 150, 165, 190, 195, 210, 220, 250, 330, 340]",0.00000000,"[0.00000000, 0.00000000, 0.00000000]",0.09100000,0.42902083,26->2
3,3,8,5,48,"(1, 2, 18)",6,111,probe_repair,"[60, 95, 120, 185, 195, 200, 205, 235, 250, 255, 265, 285, 300, 330, 350]",0.00000000,"[0.00000000, 0.00000000, 0.00000000]",0.02700000,0.42781250,9->2
3,3,8,5,48,"(1, 2, 18)",7,297,probe_repair,"[50, 80, 85, 95, 120, 140, 155, 160, 185, 195, 200, 225, 260, 280, 310]",0.00000000,"[0.00000000, 0.00000000, 0.00000000]",0.02000000,0.43266667,25->18
3,3,8,5,48,"(1, 2, 18)",8,185,probe_repair,"[5, 15, 25, 80, 145, 150, 160, 165, 195, 200, 230, 280, 305, 335, 345]",0.00000000,"[0.00000000, 0.00000000, 0.00000000]",0.15100000,0.43289583,20->18
3,3,8,5,48,"(1, 2, 18)",9,521,probe_repair,"[40, 45, 60, 130, 140, 165, 175, 190, 195, 230, 260, 265, 275, 280, 290]",0.00000000,"[0.00000000, 0.00000000, 0.00000000]",0.04500000,0.44487500,7->2
3,3,8,5,48,"(1, 2, 18)",10,217,probe_repair,"[5, 25, 45, 90, 95, 125, 150, 165, 190, 195, 210, 220, 250, 330, 340]",0.00000000,"[0.00000000, 0.00000000, 0.00000000]",0.03100000,0.43414583,26->2
3,3,8,5,49,"(15, 26, 27)",1,1477,probe_repair,"[25, 80, 85, 90, 125, 130, 195, 200, 210, 215, 240, 245, 260, 270, 315]",0.00000000,"[0.00000000, 0.00000000, 0.00000000]",0.00000000,0.38828889,17->27
3,3,8,5,49,"(15, 26, 27)",2,80,probe_repair,"[35, 55, 75, 100, 120, 130, 145, 155, 190, 195, 215, 275, 315, 325, 350]",0.00000000,"[0.00000000, 0.00000000, 0.00000000]",0.04700000,0.43220000,17->27
3,3,8,5,49,"(15, 26, 27)",3,885,probe_repair,"[60, 90, 105, 130, 145, 155, 160, 180, 205, 220, 230, 255, 270, 310, 365]",0.00000000,"[0.00000000, 0.00000000, 0.00000000]",0.00000000,0.41217778,9->15
3,3,8,5,49,"(15, 26, 27)",4,141,probe_repair,"[15, 85, 120, 135, 165, 180, 185, 230, 270, 285, 300, 310, 315, 325, 355]",0.00000000,"[0.00000000, 0.00000000, 0.00000000]",0.00000000,0.39335556,22->15
3,3,8,5,49,"(15, 26, 27)",5,1045,probe_repair,"[25, 60, 85, 125, 140, 180, 210, 220, 230, 290, 300, 320, 335, 345, 350]",0.00000000,"[0.00000000, 0.00000000, 0.00000000]",0.00000000,0.36575556,7->15
3,3,8,5,49,"(15, 26, 27)",6,933,probe_repair,"[15, 20, 55, 60, 65, 105, 125, 225, 245, 260, 300, 340, 345, 350, 365]",0.00000000,"[0.00000000, 0.00000000, 0.00000000]",0.00000000,0.36340000,7->26
3,3,8,5,49,"(15, 26, 27)",7,1157,probe_repair,"[20, 70, 100, 115, 190, 240, 245, 255, 260, 280, 300, 305, 315, 330, 355]",0.00000000,"[0.00000000, 0.00000000, 0.00000000]",0.00000000,0.35273333,7->27
3,3,8,5,49,"(15, 26, 27)",8,1398,probe_repair,"[20, 25, 60, 135, 140, 180, 225, 230, 235, 270, 275, 290, 315, 355, 365]",0.00000000,"[0.00000000, 0.00000000, 0.00000000]",0.25800000,0.44253333,7->26
3,3,8,5,49,"(15, 26, 27)",9,1478,probe_repair,"[25, 80, 85, 90, 125, 130, 195, 200, 210, 215, 240, 245, 260, 270, 315]",0.00000000,"[0.00000000, 0.00000000, 0.00000000]",0.25300000,0.44633333,28->27
3,3,8,5,49,"(15, 26, 27)",10,1097,probe_repair,"[20, 55, 75, 110, 130, 135, 170, 175, 180, 230, 235, 240, 295, 305, 355]",0.00000000,"[0.00000000, 0.00000000, 0.00000000]",0.14700000,0.41166667,24->15
3,3,8,5,50,"(4, 5, 20)",1,50,probe_repair,"[10, 45, 55, 90, 100, 155, 185, 220, 225, 245, 275, 290, 330, 360, 365]",0.00000000,"[0.00000000, 0.00000000, 0.00000000]",0.17700000,0.42620833,7->5
3,3,8,5,50,"(4, 5, 20)",2,51,probe_repair,"[10, 45, 55, 90, 100, 155, 185, 220, 225, 245, 275, 290, 330, 360, 365]",0.00000000,"[0.00000000, 0.00000000, 0.00000000]",0.13000000,0.42793750,7->5
3,3,8,5,50,"(4, 5, 20)",3,340,probe_repair,"[25, 85, 100, 105, 130, 170, 205, 215, 230, 235, 240, 275, 280, 300, 345]",0.00000000,"[0.00000000, 0.00000000, 0.00000000]",0.04800000,0.43975000,18->20
3,3,8,5,50,"(4, 5, 20)",4,149,probe_repair,"[20, 35, 50, 75, 85, 105, 140, 190, 240, 245, 305, 325, 340, 345, 365]",0.00000000,"[0.00000000, 0.00000000, 0.00000000]",0.00000000,0.37904167,7->20
3,3,8,5,50,"(4, 5, 20)",5,339,probe_repair,"[25, 85, 100, 105, 130, 170, 205, 215, 230, 235, 240, 275, 280, 300, 345]",0.00000000,"[0.00000000, 0.00000000, 0.00000000]",0.05400000,0.43862500,18->20
3,3,8,5,50,"(4, 5, 20)",6,630,probe_repair,"[10, 45, 75, 85, 95, 110, 120, 130, 175, 190, 230, 285, 335, 355, 365]",0.00000000,"[0.00000000, 0.00000000, 0.00000000]",0.16100000,0.43222917,18->4
3,3,8,5,50,"(4, 5, 20)",7,97,probe_repair,"[35, 65, 85, 110, 160, 170, 185, 200, 210, 215, 240, 250, 265, 325, 345]",0.00000000,"[0.00000000, 0.00000000, 0.00000000]",0.12400000,0.43447917,15->4
3,3,8,5,50,"(4, 5, 20)",8,125,probe_repair,"[10, 25, 55, 60, 80, 90, 115, 140, 235, 250, 270, 285, 310, 335, 365]",0.00000000,"[0.00000000, 0.00000000, 0.00000000]",0.00000000,0.39895833,11->4
3,3,8,5,50,"(4, 5, 20)",9,94,probe_repair,"[35, 65, 85, 110, 160, 170, 185, 200, 210, 215, 240, 250, 265, 325, 345]",0.00000000,"[0.00000000, 0.00000000, 0.00000000]",0.10400000,0.42729167,26->20
3,3,8,5,50,"(4, 5, 20)",10,48,probe_repair,"[10, 45, 55, 90, 100, 155, 185, 220, 225, 245, 275, 290, 330, 360, 365]",0.00000000,"[0.00000000, 0.00000000, 0.00000000]",0.09600000,0.43000000,7->5
3,3,8,5,51,"(1, 2, 27)",1,597,probe_repair,"[30, 65, 80, 140, 145, 160, 180, 190, 260, 275, 280, 285, 305, 325, 335]",0.00000000,"[0.00000000, 0.00000000, 0.00000000]",0.00000000,0.37808333,7->27
3,3,8,5,51,"(1, 2, 27)",2,437,probe_repair,"[5, 10, 70, 90, 95, 130, 140, 150, 185, 210, 230, 340, 345, 350, 360]",0.00000000,"[0.00000000, 0.00000000, 0.00000000]",0.00000000,0.36197917,7->1
3,3,8,5,51,"(1, 2, 27)",3,104,probe_repair,"[25, 55, 125, 155, 165, 180, 190, 195, 230, 235, 240, 250, 320, 350, 365]",0.00000000,"[0.00000000, 0.00000000, 0.00000000]",0.16700000,0.44354167,11->2
3,3,8,5,51,"(1, 2, 27)",4,103,probe_repair,"[25, 55, 125, 155, 165, 180, 190, 195, 230, 235, 240, 250, 320, 350, 365]",0.00000000,"[0.00000000, 0.00000000, 0.00000000]",0.21700000,0.43379167,15->1
3,3,8,5,51,"(1, 2, 27)",5,253,probe_repair,"[5, 10, 45, 115, 130, 145, 150, 155, 185, 225, 245, 255, 275, 280, 320]",0.00000000,"[0.00000000, 0.00000000, 0.00000000]",0.00000000,0.37662500,20->1
3,3,8,5,51,"(1, 2, 27)",6,67,probe_repair,"[60, 65, 70, 95, 110, 130, 140, 170, 230, 240, 245, 305, 320, 325, 330]",0.00000000,"[0.00000000, 0.00000000, 0.00000000]",0.12200000,0.44233333,7->27
3,3,8,5,51,"(1, 2, 27)",7,618,probe_repair,"[25, 90, 100, 165, 170, 180, 185, 200, 220, 225, 250, 260, 295, 305, 310]",0.00000000,"[0.00000000, 0.00000000, 0.00000000]",0.05900000,0.44293750,20->27
3,3,8,5,51,"(1, 2, 27)",8,228,probe_repair,"[5, 35, 55, 65, 120, 130, 135, 145, 160, 165, 225, 245, 290, 325, 350]",0.00000000,"[0.00000000, 0.00000000, 0.00000000]",0.16200000,0.44370833,16->27
3,3,8,5,51,"(1, 2, 27)",9,320,probe_repair,"[5, 70, 80, 100, 105, 115, 140, 195, 205, 210, 245, 320, 325, 330, 335]",0.00000000,"[0.00000000, 0.00000000, 0.00000000]",0.08200000,0.42208333,25->2
3,3,8,5,51,"(1, 2, 27)",10,106,probe_repair,"[25, 55, 125, 155, 165, 180, 190, 195, 230, 235, 240, 250, 320, 350, 365]",0.00000000,"[0.00000000, 0.00000000, 0.00000000]",0.15200000,0.43295833,15->1
3,3,8,5,52,"(2, 15, 25)",1,1590,probe_repair,"[45, 70, 85, 110, 125, 135, 150, 165, 190, 210, 225, 260, 295, 305, 350]",0.00000000,"[0.00000000, 0.00000000, 0.00000000]",0.10300000,0.41013333,21->25
3,3,8,5,52,"(2, 15, 25)",2,712,probe_repair,"[25, 60, 80, 100, 105, 115, 120, 125, 150, 180, 195, 230, 240, 330, 335]",0.00000000,"[0.00000000, 0.00000000, 0.00000000]",0.29100000,0.44231111,18->25
3,3,8,5,52,"(2, 15, 25)",3,869,probe_repair,"[25, 30, 40, 50, 70, 80, 170, 180, 185, 210, 215, 265, 270, 315, 340]",0.00000000,"[0.00000000, 0.00000000, 0.00000000]",0.00000000,0.40175556,9->25
3,3,8,5,52,"(2, 15, 25)",4,365,probe_repair,"[70, 100, 105, 125, 155, 185, 200, 220, 245, 260, 280, 315, 340, 360, 365]",0.00000000,"[0.00000000, 0.00000000, 0.00000000]",0.00000000,0.38673333,7->25
3,3,8,5,52,"(2, 15, 25)",5,757,probe_repair,"[10, 25, 50, 75, 85, 90, 165, 200, 210, 220, 230, 240, 260, 295, 350]",0.00000000,"[0.00000000, 0.00000000, 0.00000000]",0.00000000,0.35411111,6->25
3,3,8,5,52,"(2, 15, 25)",6,1215,probe_repair,"[10, 20, 60, 65, 105, 165, 185, 235, 245, 265, 290, 300, 315, 335, 360]",0.00000000,"[0.00000000, 0.00000000, 0.00000000]",0.29500000,0.42820000,6->25
3,3,8,5,52,"(2, 15, 25)",7,716,probe_repair,"[25, 60, 80, 100, 105, 115, 120, 125, 150, 180, 195, 230, 240, 330, 335]",0.00000000,"[0.00000000, 0.00000000, 0.00000000]",0.30300000,0.44464444,18->25
3,3,8,5,52,"(2, 15, 25)",8,710,probe_repair,"[25, 60, 80, 100, 105, 115, 120, 125, 150, 180, 195, 230, 240, 330, 335]",0.00000000,"[0.00000000, 0.00000000, 0.00000000]",0.26700000,0.44766667,18->25
3,3,8,5,52,"(2, 15, 25)",9,1263,probe_repair,"[30, 35, 80, 140, 145, 175, 200, 225, 275, 305, 335, 340, 355, 360, 365]",0.00000000,"[0.00000000, 0.00000000, 0.00000000]",0.19500000,0.42386667,16->2
3,3,8,5,52,"(2, 15, 25)",10,1194,probe_repair,"[20, 35, 40, 115, 120, 145, 165, 175, 205, 215, 225, 235, 295, 310, 350]",0.00000000,"[0.00000000, 0.00000000, 0.00000000]",0.07800000,0.42668889,9->25
3,3,8,5,53,"(2, 20, 26)",1,1092,probe_repair,"[15, 20, 30, 50, 60, 80, 85, 145, 175, 180, 210, 225, 325, 345, 350]",0.00000000,"[0.00000000, 0.00000000, 0.00000000]",0.17900000,0.43202222,18->20
3,3,8,5,53,"(2, 20, 26)",2,1215,probe_repair,"[10, 25, 30, 40, 45, 70, 100, 155, 230, 255, 260, 290, 295, 300, 345]",0.00000000,"[0.00000000, 0.00000000, 0.00000000]",0.00600000,0.42084444,28->26
3,3,8,5,53,"(2, 20, 26)",3,473,probe_repair,"[30, 35, 40, 95, 110, 130, 150, 175, 195, 210, 220, 235, 325, 340, 355]",0.00000000,"[0.00000000, 0.00000000, 0.00000000]",0.15200000,0.43684444,22->2
3,3,8,5,53,"(2, 20, 26)",4,517,probe_repair,"[5, 40, 70, 90, 125, 140, 145, 150, 170, 180, 200, 205, 275, 310, 320]",0.00000000,"[0.00000000, 0.00000000, 0.00000000]",0.00000000,0.39844444,6->26
3,3,8,5,53,"(2, 20, 26)",5,1492,probe_repair,"[5, 15, 30, 35, 50, 85, 180, 195, 200, 210, 235, 255, 335, 340, 345]",0.00000000,"[0.00000000, 0.00000000, 0.00000000]",0.21500000,0.43393333,17->26
3,3,8,5,53,"(2, 20, 26)",6,1381,probe_repair,"[5, 85, 125, 200, 220, 230, 235, 240, 250, 295, 310, 320, 325, 345, 355]",0.00000000,"[0.00000000, 0.00000000, 0.00000000]",0.00000000,0.39506667,9->2
3,3,8,5,53,"(2, 20, 26)",7,1373,probe_repair,"[10, 25, 40, 75, 100, 130, 200, 215, 250, 260, 270, 280, 315, 335, 365]",0.00000000,"[0.00000000, 0.00000000, 0.00000000]",0.00000000,0.39160000,15->26
3,3,8,5,53,"(2, 20, 26)",8,717,probe_repair,"[20, 50, 60, 65, 105, 120, 125, 180, 250, 255, 265, 285, 305, 330, 340]",0.00000000,"[0.00000000, 0.00000000, 0.00000000]",0.00000000,0.38777778,7->26
3,3,8,5,53,"(2, 20, 26)",9,733,probe_repair,"[5, 60, 65, 100, 125, 130, 190, 195, 210, 215, 250, 270, 275, 285, 355]",0.00000000,"[0.00000000, 0.00000000, 0.00000000]",0.00000000,0.38128889,6->26
3,3,8,5,53,"(2, 20, 26)",10,413,probe_repair,"[30, 55, 75, 90, 140, 150, 165, 190, 205, 215, 220, 225, 265, 330, 350]",0.00000000,"[0.00000000, 0.00000000, 0.00000000]",0.00000000,0.37364444,6->26
3,3,8,5,54,"(1, 6, 7)",1,53,probe_repair,"[5, 50, 60, 70, 160, 185, 190, 220, 225, 240, 260, 300, 305, 335, 345]",0.00000000,"[0.00000000, 0.00000000, 0.00000000]",0.00000000,0.37356250,15->6
3,3,8,5,54,"(1, 6, 7)",2,544,probe_repair,"[35, 65, 70, 90, 175, 180, 200, 225, 230, 240, 275, 295, 325, 345, 355]",0.00000000,"[0.00000000, 0.00000000, 0.00000000]",0.11500000,0.44339583,26->7
3,3,8,5,54,"(1, 6, 7)",3,203,probe_repair,"[10, 50, 85, 140, 145, 170, 200, 210, 255, 265, 295, 300, 305, 350, 360]",0.00000000,"[0.00000000, 0.00000000, 0.00000000]",0.22900000,0.43383333,21->1
3,3,8,5,54,"(1, 6, 7)",4,231,probe_repair,"[30, 65, 75, 140, 175, 185, 195, 200, 205, 230, 245, 255, 265, 295, 310]",0.00000000,"[0.00000000, 0.00000000, 0.00000000]",0.16900000,0.44231250,16->6
3,3,8,5,54,"(1, 6, 7)",5,294,probe_repair,"[5, 15, 50, 65, 70, 130, 135, 145, 160, 170, 185, 195, 245, 305, 340]",0.00000000,"[0.00000000, 0.00000000, 0.00000000]",0.16400000,0.40964583,21->6
3,3,8,5,54,"(1, 6, 7)",6,234,probe_repair,"[30, 65, 75, 140, 175, 185, 195, 200, 205, 230, 245, 255, 265, 295, 310]",0.00000000,"[0.00000000, 0.00000000, 0.00000000]",0.10200000,0.43502083,16->6
3,3,8,5,54,"(1, 6, 7)",7,542,probe_repair,"[35, 65, 70, 90, 175, 180, 200, 225, 230, 240, 275, 295, 325, 345, 355]",0.00000000,"[0.00000000, 0.00000000, 0.00000000]",0.09100000,0.44162500,18->7
3,3,8,5,54,"(1, 6, 7)",8,235,probe_repair,"[30, 65, 75, 140, 175, 185, 195, 200, 205, 230, 245, 255, 265, 295, 310]",0.00000000,"[0.00000000, 0.00000000, 0.00000000]",0.06400000,0.44333333,16->6
3,3,8,5,54,"(1, 6, 7)",9,543,probe_repair,"[35, 65, 70, 90, 175, 180, 200, 225, 230, 240, 275, 295, 325, 345, 355]",0.00000000,"[0.00000000, 0.00000000, 0.00000000]",0.11000000,0.43945833,26->7
3,3,8,5,54,"(1, 6, 7)",10,545,probe_repair,"[35, 65, 70, 90, 175, 180, 200, 225, 230, 240, 275, 295, 325, 345, 355]",0.00000000,"[0.00000000, 0.00000000, 0.00000000]",0.06300000,0.43891667,18->7
3,3,8,5,55,"(2, 16, 24)",1,557,probe_repair,"[15, 85, 90, 100, 110, 170, 190, 195, 245, 275, 295, 325, 335, 340, 350]",0.00000000,"[0.00000000, 0.00000000, 0.00000000]",0.00000000,0.37571111,21->24
3,3,8,5,55,"(2, 16, 24)",2,1,baseline,"[5, 30, 55, 80, 105, 130, 155, 180, 205, 230, 255, 280, 305, 330, 355]",0.00000000,"[0.00000000, 0.00000000, 0.00000000]",0.00000000,0.34866667,18->2
3,3,8,5,55,"(2, 16, 24)",3,301,probe_repair,"[25, 50, 60, 80, 145, 215, 245, 270, 290, 300, 320, 325, 345, 350, 365]",0.00000000,"[0.00000000, 0.00000000, 0.00000000]",0.00000000,0.37302222,15->16
3,3,8,5,55,"(2, 16, 24)",4,1381,probe_repair,"[5, 45, 70, 85, 90, 105, 155, 165, 175, 210, 215, 250, 260, 290, 300]",0.00000000,"[0.00000000, 0.00000000, 0.00000000]",0.00000000,0.33488889,9->16
3,3,8,5,55,"(2, 16, 24)",5,1345,probe_repair,"[50, 55, 65, 75, 85, 120, 150, 155, 195, 200, 205, 210, 235, 250, 305]",0.00000000,"[0.00000000, 0.00000000, 0.00000000]",0.16600000,0.43402222,22->24
3,3,8,5,55,"(2, 16, 24)",6,325,probe_repair,"[55, 65, 105, 130, 150, 160, 205, 225, 235, 260, 305, 335, 340, 350, 360]",0.00000000,"[0.00000000, 0.00000000, 0.00000000]",0.00000000,0.41604444,20->16
3,3,8,5,55,"(2, 16, 24)",7,677,probe_repair,"[40, 65, 80, 85, 120, 135, 150, 155, 170, 190, 235, 280, 285, 345, 360]",0.00000000,"[0.00000000, 0.00000000, 0.00000000]",0.00000000,0.41120000,6->24
3,3,8,5,55,"(2, 16, 24)",8,421,probe_repair,"[25, 35, 85, 90, 125, 130, 150, 165, 195, 240, 285, 290, 320, 340, 365]",0.00000000,"[0.00000000, 0.00000000, 0.00000000]",0.00000000,0.38031111,18->24
3,3,8,5,55,"(2, 16, 24)",9,1165,probe_repair,"[40, 85, 90, 110, 140, 150, 175, 185, 190, 205, 245, 280, 305, 345, 350]",0.00000000,"[0.00000000, 0.00000000, 0.00000000]",0.00000000,0.37771111,6->24
3,3,8,5,55,"(2, 16, 24)",10,69,probe_repair,"[5, 15, 65, 140, 145, 175, 205, 220, 225, 240, 260, 270, 300, 315, 330]",0.00000000,"[0.00000000, 0.00000000, 0.00000000]",0.00000000,0.36700000,6->24
3,3,8,5,56,"(7, 15, 18)",1,1246,probe_repair,"[5, 20, 50, 100, 105, 190, 200, 205, 215, 265, 270, 290, 305, 345, 350]",0.00000000,"[0.00000000, 0.00000000, 0.00000000]",0.08000000,0.43957778,28->18
3,3,8,5,56,"(7, 15, 18)",2,1085,probe_repair,"[60, 155, 160, 175, 185, 190, 215, 230, 250, 270, 275, 280, 290, 320, 360]",0.00000000,"[0.00000000, 0.00000000, 0.00000000]",0.00000000,0.37644444,6->18
3,3,8,5,56,"(7, 15, 18)",3,749,probe_repair,"[40, 60, 90, 115, 120, 125, 130, 135, 150, 155, 170, 195, 210, 235, 325]",0.00000000,"[0.00000000, 0.00000000, 0.00000000]",0.00000000,0.37551111,6->7
3,3,8,5,56,"(7, 15, 18)",4,101,probe_repair,"[25, 45, 55, 60, 70, 135, 215, 220, 230, 235, 260, 270, 285, 320, 345]",0.00000000,"[0.00000000, 0.00000000, 0.00000000]",0.00000000,0.36922222,11->15
3,3,8,5,56,"(7, 15, 18)",5,949,probe_repair,"[10, 25, 35, 45, 90, 170, 185, 200, 245, 285, 315, 325, 340, 350, 360]",0.00000000,"[0.00000000, 0.00000000, 0.00000000]",0.00000000,0.36566667,4->18
3,3,8,5,56,"(7, 15, 18)",6,1581,probe_repair,"[5, 15, 85, 145, 195, 205, 235, 240, 245, 275, 300, 310, 330, 335, 350]",0.00000000,"[0.00000000, 0.00000000, 0.00000000]",0.00000000,0.36468889,4->18
3,3,8,5,56,"(7, 15, 18)",7,1453,probe_repair,"[30, 40, 100, 110, 115, 120, 175, 180, 185, 200, 250, 280, 290, 330, 355]",0.00000000,"[0.00000000, 0.00000000, 0.00000000]",0.00000000,0.35884444,24->18
3,3,8,5,56,"(7, 15, 18)",8,901,probe_repair,"[5, 25, 90, 130, 150, 175, 185, 200, 225, 230, 240, 245, 285, 355, 360]",0.00000000,"[0.00000000, 0.00000000, 0.00000000]",0.00000000,0.35008889,9->15
3,3,8,5,56,"(7, 15, 18)",9,525,probe_repair,"[10, 15, 45, 50, 60, 105, 135, 150, 170, 215, 230, 295, 315, 325, 350]",0.00000000,"[0.00000000, 0.00000000, 0.00000000]",0.00000000,0.34984444,11->15
3,3,8,5,56,"(7, 15, 18)",10,1533,probe_repair,"[35, 45, 75, 85, 105, 120, 125, 135, 165, 190, 210, 255, 290, 300, 365]",0.00000000,"[0.00000000, 0.00000000, 0.00000000]",0.00000000,0.34831111,4->18
3,3,8,5,57,"(4, 16, 17)",1,433,probe_repair,"[10, 45, 55, 95, 100, 140, 160, 230, 255, 265, 290, 300, 305, 330, 340]",0.00000000,"[0.00000000, 0.00000000, 0.00000000]",0.17100000,0.42626667,26->17
3,3,8,5,57,"(4, 16, 17)",2,1276,probe_repair,"[5, 40, 90, 110, 165, 235, 240, 250, 275, 285, 290, 325, 330, 335, 365]",0.00000000,"[0.00000000, 0.00000000, 0.00000000]",0.19100000,0.43553333,11->4
3,3,8,5,57,"(4, 16, 17)",3,838,probe_repair,"[50, 85, 90, 105, 145, 155, 160, 165, 215, 230, 235, 250, 280, 305, 330]",0.00000000,"[0.00000000, 0.00000000, 0.00000000]",0.20300000,0.43488889,20->17
3,3,8,5,57,"(4, 16, 17)",4,464,probe_repair,"[5, 40, 45, 70, 80, 85, 150, 155, 160, 175, 220, 255, 290, 295, 360]",0.00000000,"[0.00000000, 0.00000000, 0.00000000]",0.05500000,0.41426667,20->4
3,3,8,5,57,"(4, 16, 17)",5,1585,probe_repair,"[40, 55, 75, 85, 110, 145, 170, 185, 230, 235, 245, 260, 265, 310, 345]",0.00000000,"[0.00000000, 0.00000000, 0.00000000]",0.21300000,0.43442222,9->16
3,3,8,5,57,"(4, 16, 17)",6,855,probe_repair,"[25, 60, 70, 80, 85, 90, 120, 155, 190, 195, 220, 230, 260, 285, 340]",0.00000000,"[0.00000000, 0.00000000, 0.00000000]",0.14400000,0.43308889,24->4
3,3,8,5,57,"(4, 16, 17)",7,1561,probe_repair,"[20, 30, 75, 120, 135, 170, 180, 200, 220, 225, 265, 300, 310, 315, 365]",0.00000000,"[0.00000000, 0.00000000, 0.00000000]",0.19800000,0.45633333,28->17
3,3,8,5,57,"(4, 16, 17)",8,927,probe_repair,"[5, 35, 75, 85, 95, 110, 125, 130, 140, 160, 200, 285, 290, 320, 350]",0.00000000,"[0.00000000, 0.00000000, 0.00000000]",0.18500000,0.42686667,28->4
3,3,8,5,57,"(4, 16, 17)",9,225,probe_repair,"[30, 50, 55, 60, 65, 80, 90, 175, 185, 200, 230, 245, 255, 270, 325]",0.00000000,"[0.00000000, 0.00000000, 0.00000000]",0.15500000,0.43064444,26->16
3,3,8,5,57,"(4, 16, 17)",10,926,probe_repair,"[5, 35, 75, 85, 95, 110, 125, 130, 140, 160, 200, 285, 290, 320, 350]",0.00000000,"[0.00000000, 0.00000000, 0.00000000]",0.12800000,0.42206667,28->4
3,3,8,5,58,"(4, 5, 27)",1,495,probe_repair,"[30, 35, 45, 50, 75, 115, 130, 135, 165, 215, 230, 235, 270, 285, 340]",0.00000000,"[0.00000000, 0.00000000, 0.00000000]",0.09500000,0.40685417,20->5
3,3,8,5,58,"(4, 5, 27)",2,586,probe_repair,"[60, 80, 85, 90, 100, 120, 140, 180, 205, 215, 235, 325, 345, 355, 360]",0.00000000,"[0.00000000, 0.00000000, 0.00000000]",0.25500000,0.44650000,22->4
3,3,8,5,58,"(4, 5, 27)",3,21,probe_repair,"[95, 130, 140, 145, 150, 155, 175, 180, 210, 220, 275, 290, 305, 355, 360]",0.00000000,"[0.00000000, 0.00000000, 0.00000000]",0.00000000,0.38052083,6->27
3,3,8,5,58,"(4, 5, 27)",4,517,probe_repair,"[5, 40, 45, 115, 120, 170, 185, 210, 260, 265, 315, 335, 340, 355, 365]",0.00000000,"[0.00000000, 0.00000000, 0.00000000]",0.00000000,0.37910417,11->5
3,3,8,5,58,"(4, 5, 27)",5,373,probe_repair,"[5, 40, 65, 75, 90, 130, 205, 230, 240, 245, 250, 255, 275, 300, 305]",0.00000000,"[0.00000000, 0.00000000, 0.00000000]",0.00000000,0.34595833,6->27
3,3,8,5,58,"(4, 5, 27)",6,493,probe_repair,"[30, 35, 45, 50, 75, 115, 130, 135, 165, 215, 230, 235, 270, 285, 340]",0.00000000,"[0.00000000, 0.00000000, 0.00000000]",0.00000000,0.33479167,7->4
3,3,8,5,58,"(4, 5, 27)",7,533,probe_repair,"[40, 50, 95, 125, 150, 155, 180, 225, 250, 260, 265, 270, 280, 300, 355]",0.00000000,"[0.00000000, 0.00000000, 0.00000000]",0.00000000,0.32929167,6->27
3,3,8,5,58,"(4, 5, 27)",8,80,probe_repair,"[50, 60, 85, 110, 130, 140, 150, 155, 175, 200, 270, 280, 285, 330, 355]",0.00000000,"[0.00000000, 0.00000000, 0.00000000]",0.16500000,0.40737500,17->5
3,3,8,5,58,"(4, 5, 27)",9,178,probe_repair,"[55, 65, 115, 120, 125, 130, 140, 210, 215, 220, 225, 270, 355, 360, 365]",0.00000000,"[0.00000000, 0.00000000, 0.00000000]",0.12800000,0.42983333,22->27
3,3,8,5,58,"(4, 5, 27)",10,385,probe_repair,"[5, 10, 25, 30, 95, 140, 145, 175, 180, 185, 215, 250, 260, 295, 340]",0.00000000,"[0.00000000, 0.00000000, 0.00000000]",0.20800000,0.44527083,18->27
3,3,8,5,59,"(15, 25, 28)",1,1349,probe_repair,"[35, 60, 75, 125, 135, 150, 160, 180, 190, 215, 225, 280, 325, 330, 350]",0.00000000,"[0.00000000, 0.00000000, 0.00000000]",0.00000000,0.39175556,6->28
3,3,8,5,59,"(15, 25, 28)",2,1293,probe_repair,"[10, 15, 65, 100, 200, 205, 245, 255, 280, 305, 320, 330, 335, 340, 345]",0.00000000,"[0.00000000, 0.00000000, 0.00000000]",0.00000000,0.35653333,16->28
3,3,8,5,59,"(15, 25, 28)",3,398,probe_repair,"[5, 10, 30, 75, 100, 105, 110, 180, 190, 280, 310, 335, 345, 360, 365]",0.00000000,"[0.00000000, 0.00000000, 0.00000000]",0.25300000,0.44111111,22->25
3,3,8,5,59,"(15, 25, 28)",4,1564,probe_repair,"[5, 10, 115, 150, 155, 165, 185, 200, 205, 225, 245, 255, 260, 270, 285]",0.00000000,"[0.00000000, 0.00000000, 0.00000000]",0.26900000,0.45180000,6->15
3,3,8,5,59,"(15, 25, 28)",5,1149,probe_repair,"[35, 50, 80, 145, 155, 170, 190, 195, 260, 270, 290, 330, 345, 360, 365]",0.00000000,"[0.00000000, 0.00000000, 0.00000000]",0.00000000,0.37777778,4->28
3,3,8,5,59,"(15, 25, 28)",6,1226,probe_repair,"[10, 25, 45, 70, 120, 135, 200, 205, 210, 230, 235, 260, 300, 335, 350]",0.00000000,"[0.00000000, 0.00000000, 0.00000000]",0.24900000,0.42937778,27->28
3,3,8,5,59,"(15, 25, 28)",7,1227,probe_repair,"[10, 25, 45, 70, 120, 135, 200, 205, 210, 230, 235, 260, 300, 335, 350]",0.00000000,"[0.00000000, 0.00000000, 0.00000000]",0.21500000,0.43697778,27->28
3,3,8,5,59,"(15, 25, 28)",8,657,probe_repair,"[35, 40, 90, 100, 105, 135, 165, 190, 225, 235, 265, 295, 320, 325, 335]",0.00000000,"[0.00000000, 0.00000000, 0.00000000]",0.03700000,0.43933333,22->28
3,3,8,5,59,"(15, 25, 28)",9,791,probe_repair,"[20, 80, 115, 125, 130, 135, 145, 190, 255, 275, 285, 295, 310, 330, 355]",0.00000000,"[0.00000000, 0.00000000, 0.00000000]",0.16400000,0.43786667,9->28
3,3,8,5,59,"(15, 25, 28)",10,795,probe_repair,"[20, 80, 115, 125, 130, 135, 145, 190, 255, 275, 285, 295, 310, 330, 355]",0.00000000,"[0.00000000, 0.00000000, 0.00000000]",0.23200000,0.44344444,17->25
