k,real_k,effective_k,virtual_stream_count,sample_index,position_combination,selection_rank,candidate_id,source,probes,authorized_max_ber,authorized_position_bers,candidate_min_route_min_ber,candidate_avg_route_min_ber,worst_route
7,7,8,1,1,"(2, 5, 9, 11, 18, 21, 24)",1,87,probe_repair,"[30, 40, 115, 130, 205, 220, 230, 240, 245, 255, 260, 265, 280, 330, 360]",0.00000000,"[0.00000000, 0.00000000, 0.00000000, 0.00000000, 0.00000000, 0.00000000, 0.00000000]",0.04900000,0.44997619,15->5
7,7,8,1,1,"(2, 5, 9, 11, 18, 21, 24)",2,86,probe_repair,"[30, 40, 115, 130, 205, 220, 230, 240, 245, 255, 260, 265, 280, 330, 360]",0.00000000,"[0.00000000, 0.00000000, 0.00000000, 0.00000000, 0.00000000, 0.00000000, 0.00000000]",0.08000000,0.44963095,15->5
7,7,8,1,1,"(2, 5, 9, 11, 18, 21, 24)",3,90,probe_repair,"[30, 40, 115, 130, 205, 220, 230, 240, 245, 255, 260, 265, 280, 330, 360]",0.00000000,"[0.00000000, 0.00000000, 0.00000000, 0.00000000, 0.00000000, 0.00000000, 0.00000000]",0.04200000,0.45302381,15->5
7,7,8,1,1,"(2, 5, 9, 11, 18, 21, 24)",4,53,probe_repair,"[5, 120, 135, 145, 155, 185, 205, 220, 240, 245, 275, 305, 315, 330, 355]",0.00000000,"[0.00000000, 0.00000000, 0.00000000, 0.00000000, 0.00000000, 0.00000000, 0.00000000]",0.04500000,0.42829762,20->18
7,7,8,1,1,"(2, 5, 9, 11, 18, 21, 24)",5,34,probe_repair,"[5, 50, 80, 100, 115, 125, 135, 175, 180, 245, 250, 275, 295, 315, 355]",0.00000000,"[0.00000000, 0.00000000, 0.00000000, 0.00000000, 0.00000000, 0.00000000, 0.00000000]",0.23400000,0.44979762,7->21
7,7,8,1,1,"(2, 5, 9, 11, 18, 21, 24)",6,54,probe_repair,"[5, 120, 135, 145, 155, 185, 205, 220, 240, 245, 275, 305, 315, 330, 355]",0.00000000,"[0.00000000, 0.00000000, 0.00000000, 0.00000000, 0.00000000, 0.00000000, 0.00000000]",0.12700000,0.45522619,20->18
7,7,8,1,1,"(2, 5, 9, 11, 18, 21, 24)",7,35,probe_repair,"[5, 50, 80, 100, 115, 125, 135, 175, 180, 245, 250, 275, 295, 315, 355]",0.00000000,"[0.00000000, 0.00000000, 0.00000000, 0.00000000, 0.00000000, 0.00000000, 0.00000000]",0.25300000,0.45938095,15->18
7,7,8,1,1,"(2, 5, 9, 11, 18, 21, 24)",8,85,probe_repair,"[30, 40, 115, 130, 205, 220, 230, 240, 245, 255, 260, 265, 280, 330, 360]",0.00000000,"[0.00000000, 0.00000000, 0.00000000, 0.00000000, 0.00000000, 0.00000000, 0.00000000]",0.00700000,0.44015476,15->5
7,7,8,1,1,"(2, 5, 9, 11, 18, 21, 24)",9,89,probe_repair,"[30, 40, 115, 130, 205, 220, 230, 240, 245, 255, 260, 265, 280, 330, 360]",0.00000000,"[0.00000000, 0.00000000, 0.00000000, 0.00000000, 0.00000000, 0.00000000, 0.00000000]",0.13200000,0.45445238,15->5
7,7,8,1,1,"(2, 5, 9, 11, 18, 21, 24)",10,91,probe_repair,"[30, 40, 115, 130, 205, 220, 230, 240, 245, 255, 260, 265, 280, 330, 360]",0.00000000,"[0.00000000, 0.00000000, 0.00000000, 0.00000000, 0.00000000, 0.00000000, 0.00000000]",0.03900000,0.44763095,15->5
7,7,8,1,2,"(4, 11, 15, 16, 21, 22, 24)",1,199,probe_repair,"[5, 30, 50, 125, 135, 145, 150, 155, 185, 265, 270, 290, 295, 330, 335]",0.00000000,"[0.00000000, 0.00000000, 0.00000000, 0.00000000, 0.00000000, 0.00000000, 0.00000000]",0.08600000,0.44748052,7->24
7,7,8,1,2,"(4, 11, 15, 16, 21, 22, 24)",2,34,probe_repair,"[5, 20, 75, 105, 130, 145, 155, 225, 240, 250, 260, 305, 310, 335, 340]",0.00000000,"[0.00000000, 0.00000000, 0.00000000, 0.00000000, 0.00000000, 0.00000000, 0.00000000]",0.33000000,0.45362338,20->16
7,7,8,1,2,"(4, 11, 15, 16, 21, 22, 24)",3,117,probe_repair,"[20, 40, 50, 65, 105, 135, 145, 155, 230, 270, 310, 325, 340, 345, 350]",0.00000000,"[0.00000000, 0.00000000, 0.00000000, 0.00000000, 0.00000000, 0.00000000, 0.00000000]",0.02600000,0.43989610,20->16
7,7,8,1,2,"(4, 11, 15, 16, 21, 22, 24)",4,201,probe_repair,"[5, 30, 50, 125, 135, 145, 150, 155, 185, 265, 270, 290, 295, 330, 335]",0.00000000,"[0.00000000, 0.00000000, 0.00000000, 0.00000000, 0.00000000, 0.00000000, 0.00000000]",0.10700000,0.45133766,7->24
7,7,8,1,2,"(4, 11, 15, 16, 21, 22, 24)",5,123,probe_repair,"[20, 40, 50, 65, 105, 135, 145, 155, 230, 270, 310, 325, 340, 345, 350]",0.00000000,"[0.00000000, 0.00000000, 0.00000000, 0.00000000, 0.00000000, 0.00000000, 0.00000000]",0.16100000,0.45138961,20->16
7,7,8,1,2,"(4, 11, 15, 16, 21, 22, 24)",6,175,probe_repair,"[15, 60, 85, 130, 135, 190, 195, 215, 235, 245, 250, 280, 285, 295, 340]",0.00000000,"[0.00000000, 0.00000000, 0.00000000, 0.00000000, 0.00000000, 0.00000000, 0.00000000]",0.22400000,0.44968831,27->11
7,7,8,1,2,"(4, 11, 15, 16, 21, 22, 24)",7,120,probe_repair,"[20, 40, 50, 65, 105, 135, 145, 155, 230, 270, 310, 325, 340, 345, 350]",0.00000000,"[0.00000000, 0.00000000, 0.00000000, 0.00000000, 0.00000000, 0.00000000, 0.00000000]",0.17100000,0.45450649,20->16
7,7,8,1,2,"(4, 11, 15, 16, 21, 22, 24)",8,197,probe_repair,"[5, 30, 50, 125, 135, 145, 150, 155, 185, 265, 270, 290, 295, 330, 335]",0.00000000,"[0.00000000, 0.00000000, 0.00000000, 0.00000000, 0.00000000, 0.00000000, 0.00000000]",0.01100000,0.43936364,7->24
7,7,8,1,2,"(4, 11, 15, 16, 21, 22, 24)",9,170,probe_repair,"[10, 15, 25, 65, 120, 180, 190, 195, 215, 220, 250, 260, 280, 305, 345]",0.00000000,"[0.00000000, 0.00000000, 0.00000000, 0.00000000, 0.00000000, 0.00000000, 0.00000000]",0.24500000,0.46363636,18->4
7,7,8,1,2,"(4, 11, 15, 16, 21, 22, 24)",10,240,probe_repair,"[10, 30, 50, 85, 165, 190, 195, 205, 215, 230, 255, 330, 340, 350, 360]",0.00000000,"[0.00000000, 0.00000000, 0.00000000, 0.00000000, 0.00000000, 0.00000000, 0.00000000]",0.26300000,0.45111688,7->22
7,7,8,1,3,"(2, 4, 5, 7, 16, 22, 24)",1,70,probe_repair,"[50, 90, 100, 135, 175, 185, 205, 210, 225, 240, 255, 260, 310, 315, 335]",0.00000000,"[0.00000000, 0.00000000, 0.00000000, 0.00000000, 0.00000000, 0.00000000, 0.00000000]",0.27800000,0.46072619,18->16
7,7,8,1,3,"(2, 4, 5, 7, 16, 22, 24)",2,105,probe_repair,"[15, 20, 40, 50, 120, 135, 150, 155, 165, 185, 210, 220, 275, 280, 330]",0.00000000,"[0.00000000, 0.00000000, 0.00000000, 0.00000000, 0.00000000, 0.00000000, 0.00000000]",0.25100000,0.45226190,25->7
7,7,8,1,3,"(2, 4, 5, 7, 16, 22, 24)",3,109,probe_repair,"[15, 35, 45, 65, 75, 120, 130, 140, 185, 190, 230, 250, 280, 300, 305]",0.00000000,"[0.00000000, 0.00000000, 0.00000000, 0.00000000, 0.00000000, 0.00000000, 0.00000000]",0.07500000,0.43347619,25->16
7,7,8,1,3,"(2, 4, 5, 7, 16, 22, 24)",4,45,probe_repair,"[15, 40, 55, 110, 115, 180, 185, 190, 200, 220, 280, 285, 290, 300, 310]",0.00000000,"[0.00000000, 0.00000000, 0.00000000, 0.00000000, 0.00000000, 0.00000000, 0.00000000]",0.00700000,0.42959524,6->7
7,7,8,1,3,"(2, 4, 5, 7, 16, 22, 24)",5,32,probe_repair,"[10, 25, 55, 80, 115, 165, 170, 185, 210, 215, 240, 245, 295, 340, 360]",0.00000000,"[0.00000000, 0.00000000, 0.00000000, 0.00000000, 0.00000000, 0.00000000, 0.00000000]",0.25500000,0.45071429,20->5
7,7,8,1,3,"(2, 4, 5, 7, 16, 22, 24)",6,92,probe_repair,"[5, 15, 30, 35, 50, 75, 125, 210, 235, 245, 250, 290, 295, 310, 365]",0.00000000,"[0.00000000, 0.00000000, 0.00000000, 0.00000000, 0.00000000, 0.00000000, 0.00000000]",0.28000000,0.45820238,27->24
7,7,8,1,3,"(2, 4, 5, 7, 16, 22, 24)",7,86,probe_repair,"[5, 15, 30, 35, 50, 75, 125, 210, 235, 245, 250, 290, 295, 310, 365]",0.00000000,"[0.00000000, 0.00000000, 0.00000000, 0.00000000, 0.00000000, 0.00000000, 0.00000000]",0.19800000,0.45604762,27->24
7,7,8,1,3,"(2, 4, 5, 7, 16, 22, 24)",8,85,probe_repair,"[5, 15, 30, 35, 50, 75, 125, 210, 235, 245, 250, 290, 295, 310, 365]",0.00000000,"[0.00000000, 0.00000000, 0.00000000, 0.00000000, 0.00000000, 0.00000000, 0.00000000]",0.10600000,0.43136905,27->24
7,7,8,1,3,"(2, 4, 5, 7, 16, 22, 24)",9,116,probe_repair,"[15, 35, 45, 65, 75, 120, 130, 140, 185, 190, 230, 250, 280, 300, 305]",0.00000000,"[0.00000000, 0.00000000, 0.00000000, 0.00000000, 0.00000000, 0.00000000, 0.00000000]",0.21200000,0.45298810,11->22
7,7,8,1,3,"(2, 4, 5, 7, 16, 22, 24)",10,69,probe_repair,"[50, 90, 100, 135, 175, 185, 205, 210, 225, 240, 255, 260, 310, 315, 335]",0.00000000,"[0.00000000, 0.00000000, 0.00000000, 0.00000000, 0.00000000, 0.00000000, 0.00000000]",0.26300000,0.44019048,27->7
7,7,8,1,4,"(4, 5, 6, 7, 15, 22, 27)",1,91,probe_repair,"[55, 95, 105, 135, 150, 165, 170, 235, 250, 255, 285, 295, 315, 330, 340]",0.00000000,"[0.00000000, 0.00000000, 0.00000000, 0.00000000, 0.00000000, 0.00000000, 0.00000000]",0.12400000,0.45279762,26->6
7,7,8,1,4,"(4, 5, 6, 7, 15, 22, 27)",2,81,probe_repair,"[30, 85, 110, 125, 135, 170, 180, 185, 250, 275, 285, 290, 305, 310, 325]",0.00000000,"[0.00000000, 0.00000000, 0.00000000, 0.00000000, 0.00000000, 0.00000000, 0.00000000]",0.15600000,0.45230952,20->6
7,7,8,1,4,"(4, 5, 6, 7, 15, 22, 27)",3,103,probe_repair,"[5, 15, 25, 30, 90, 95, 135, 190, 215, 230, 260, 275, 290, 340, 360]",0.00000000,"[0.00000000, 0.00000000, 0.00000000, 0.00000000, 0.00000000, 0.00000000, 0.00000000]",0.24500000,0.45198810,20->22
7,7,8,1,4,"(4, 5, 6, 7, 15, 22, 27)",4,101,probe_repair,"[5, 15, 25, 30, 90, 95, 135, 190, 215, 230, 260, 275, 290, 340, 360]",0.00000000,"[0.00000000, 0.00000000, 0.00000000, 0.00000000, 0.00000000, 0.00000000, 0.00000000]",0.07400000,0.42111905,21->4
7,7,8,1,4,"(4, 5, 6, 7, 15, 22, 27)",5,104,probe_repair,"[5, 15, 25, 30, 90, 95, 135, 190, 215, 230, 260, 275, 290, 340, 360]",0.00000000,"[0.00000000, 0.00000000, 0.00000000, 0.00000000, 0.00000000, 0.00000000, 0.00000000]",0.28300000,0.44814286,21->4
7,7,8,1,4,"(4, 5, 6, 7, 15, 22, 27)",6,21,probe_repair,"[60, 80, 105, 110, 135, 170, 175, 180, 235, 255, 260, 280, 290, 310, 355]",0.00000000,"[0.00000000, 0.00000000, 0.00000000, 0.00000000, 0.00000000, 0.00000000, 0.00000000]",0.07600000,0.42670238,2->15
7,7,8,1,4,"(4, 5, 6, 7, 15, 22, 27)",7,37,probe_repair,"[30, 35, 45, 60, 65, 105, 110, 135, 145, 235, 255, 280, 315, 340, 365]",0.00000000,"[0.00000000, 0.00000000, 0.00000000, 0.00000000, 0.00000000, 0.00000000, 0.00000000]",0.00000000,0.43604762,2->5
7,7,8,1,4,"(4, 5, 6, 7, 15, 22, 27)",8,135,probe_repair,"[45, 75, 105, 130, 165, 175, 185, 190, 200, 210, 220, 280, 310, 325, 365]",0.00000000,"[0.00000000, 0.00000000, 0.00000000, 0.00000000, 0.00000000, 0.00000000, 0.00000000]",0.28800000,0.45611905,24->27
7,7,8,1,4,"(4, 5, 6, 7, 15, 22, 27)",9,82,probe_repair,"[30, 85, 110, 125, 135, 170, 180, 185, 250, 275, 285, 290, 305, 310, 325]",0.00000000,"[0.00000000, 0.00000000, 0.00000000, 0.00000000, 0.00000000, 0.00000000, 0.00000000]",0.18500000,0.44985714,16->6
7,7,8,1,4,"(4, 5, 6, 7, 15, 22, 27)",10,92,probe_repair,"[55, 95, 105, 135, 150, 165, 170, 235, 250, 255, 285, 295, 315, 330, 340]",0.00000000,"[0.00000000, 0.00000000, 0.00000000, 0.00000000, 0.00000000, 0.00000000, 0.00000000]",0.22000000,0.44822619,26->6
7,7,8,1,5,"(2, 5, 7, 22, 26, 27, 28)",1,39,probe_repair,"[5, 30, 35, 45, 125, 135, 145, 160, 215, 225, 230, 300, 325, 345, 365]",0.00000000,"[0.00000000, 0.00000000, 0.00000000, 0.00000000, 0.00000000, 0.00000000, 0.00000000]",0.14000000,0.44627381,11->5
7,7,8,1,5,"(2, 5, 7, 22, 26, 27, 28)",2,61,probe_repair,"[15, 25, 85, 130, 135, 175, 205, 215, 220, 235, 255, 270, 305, 310, 340]",0.00000000,"[0.00000000, 0.00000000, 0.00000000, 0.00000000, 0.00000000, 0.00000000, 0.00000000]",0.02600000,0.42853571,16->5
7,7,8,1,5,"(2, 5, 7, 22, 26, 27, 28)",3,68,probe_repair,"[15, 25, 85, 130, 135, 175, 205, 215, 220, 235, 255, 270, 305, 310, 340]",0.00000000,"[0.00000000, 0.00000000, 0.00000000, 0.00000000, 0.00000000, 0.00000000, 0.00000000]",0.17700000,0.45461905,16->5
7,7,8,1,5,"(2, 5, 7, 22, 26, 27, 28)",4,130,probe_repair,"[5, 35, 45, 85, 100, 120, 135, 170, 180, 185, 210, 275, 280, 325, 355]",0.00000000,"[0.00000000, 0.00000000, 0.00000000, 0.00000000, 0.00000000, 0.00000000, 0.00000000]",0.17600000,0.45114286,21->22
7,7,8,1,5,"(2, 5, 7, 22, 26, 27, 28)",5,36,probe_repair,"[20, 30, 50, 55, 60, 140, 165, 175, 185, 250, 285, 295, 335, 340, 360]",0.00000000,"[0.00000000, 0.00000000, 0.00000000, 0.00000000, 0.00000000, 0.00000000, 0.00000000]",0.12700000,0.45179762,24->7
7,7,8,1,5,"(2, 5, 7, 22, 26, 27, 28)",6,40,probe_repair,"[5, 30, 35, 45, 125, 135, 145, 160, 215, 225, 230, 300, 325, 345, 365]",0.00000000,"[0.00000000, 0.00000000, 0.00000000, 0.00000000, 0.00000000, 0.00000000, 0.00000000]",0.08500000,0.45140476,11->5
7,7,8,1,5,"(2, 5, 7, 22, 26, 27, 28)",7,64,probe_repair,"[15, 25, 85, 130, 135, 175, 205, 215, 220, 235, 255, 270, 305, 310, 340]",0.00000000,"[0.00000000, 0.00000000, 0.00000000, 0.00000000, 0.00000000, 0.00000000, 0.00000000]",0.13800000,0.44767857,16->5
7,7,8,1,5,"(2, 5, 7, 22, 26, 27, 28)",8,129,probe_repair,"[5, 35, 45, 85, 100, 120, 135, 170, 180, 185, 210, 275, 280, 325, 355]",0.00000000,"[0.00000000, 0.00000000, 0.00000000, 0.00000000, 0.00000000, 0.00000000, 0.00000000]",0.28000000,0.45425000,21->22
7,7,8,1,5,"(2, 5, 7, 22, 26, 27, 28)",9,30,probe_repair,"[20, 30, 50, 55, 60, 140, 165, 175, 185, 250, 285, 295, 335, 340, 360]",0.00000000,"[0.00000000, 0.00000000, 0.00000000, 0.00000000, 0.00000000, 0.00000000, 0.00000000]",0.15000000,0.45547619,24->7
7,7,8,1,5,"(2, 5, 7, 22, 26, 27, 28)",10,9,baseline,"[5, 30, 55, 80, 105, 130, 155, 180, 205, 230, 255, 280, 305, 330, 355]",0.00000000,"[0.00000000, 0.00000000, 0.00000000, 0.00000000, 0.00000000, 0.00000000, 0.00000000]",0.18500000,0.44139286,15->5
7,7,8,1,6,"(1, 2, 7, 16, 17, 20, 24)",1,62,probe_repair,"[10, 15, 40, 45, 125, 135, 140, 145, 150, 225, 230, 290, 295, 305, 325]",0.00000000,"[0.00000000, 0.00000000, 0.00000000, 0.00000000, 0.00000000, 0.00000000, 0.00000000]",0.12000000,0.45355952,25->24
7,7,8,1,6,"(1, 2, 7, 16, 17, 20, 24)",2,17,baseline,"[5, 30, 55, 80, 105, 130, 155, 180, 205, 230, 255, 280, 305, 330, 355]",0.00000000,"[0.00000000, 0.00000000, 0.00000000, 0.00000000, 0.00000000, 0.00000000, 0.00000000]",0.17700000,0.44825000,26->17
7,7,8,1,6,"(1, 2, 7, 16, 17, 20, 24)",3,9,baseline,"[5, 30, 55, 80, 105, 130, 155, 180, 205, 230, 255, 280, 305, 330, 355]",0.00000000,"[0.00000000, 0.00000000, 0.00000000, 0.00000000, 0.00000000, 0.00000000, 0.00000000]",0.21000000,0.44573810,26->17
7,7,8,1,6,"(1, 2, 7, 16, 17, 20, 24)",4,61,probe_repair,"[10, 15, 40, 45, 125, 135, 140, 145, 150, 225, 230, 290, 295, 305, 325]",0.00000000,"[0.00000000, 0.00000000, 0.00000000, 0.00000000, 0.00000000, 0.00000000, 0.00000000]",0.02300000,0.42547619,26->7
7,7,8,1,6,"(1, 2, 7, 16, 17, 20, 24)",5,1,baseline,"[5, 30, 55, 80, 105, 130, 155, 180, 205, 230, 255, 280, 305, 330, 355]",0.00000000,"[0.00000000, 0.00000000, 0.00000000, 0.00000000, 0.00000000, 0.00000000, 0.00000000]",0.15700000,0.43102381,27->1
7,7,8,1,6,"(1, 2, 7, 16, 17, 20, 24)",6,78,probe_repair,"[5, 50, 55, 90, 125, 155, 170, 175, 230, 235, 245, 250, 280, 360, 365]",0.00000000,"[0.00000000, 0.00000000, 0.00000000, 0.00000000, 0.00000000, 0.00000000, 0.00000000]",0.21600000,0.44933333,25->1
7,7,8,1,6,"(1, 2, 7, 16, 17, 20, 24)",7,12,baseline,"[5, 30, 55, 80, 105, 130, 155, 180, 205, 230, 255, 280, 305, 330, 355]",0.00000000,"[0.00000000, 0.00000000, 0.00000000, 0.00000000, 0.00000000, 0.00000000, 0.00000000]",0.25300000,0.44961905,26->17
7,7,8,1,6,"(1, 2, 7, 16, 17, 20, 24)",8,2,baseline,"[5, 30, 55, 80, 105, 130, 155, 180, 205, 230, 255, 280, 305, 330, 355]",0.00000000,"[0.00000000, 0.00000000, 0.00000000, 0.00000000, 0.00000000, 0.00000000, 0.00000000]",0.14100000,0.44763095,26->17
7,7,8,1,6,"(1, 2, 7, 16, 17, 20, 24)",9,14,baseline,"[5, 30, 55, 80, 105, 130, 155, 180, 205, 230, 255, 280, 305, 330, 355]",0.00000000,"[0.00000000, 0.00000000, 0.00000000, 0.00000000, 0.00000000, 0.00000000, 0.00000000]",0.20400000,0.44809524,26->17
7,7,8,1,6,"(1, 2, 7, 16, 17, 20, 24)",10,69,probe_repair,"[75, 120, 155, 160, 170, 195, 205, 220, 225, 230, 245, 260, 305, 360, 365]",0.00000000,"[0.00000000, 0.00000000, 0.00000000, 0.00000000, 0.00000000, 0.00000000, 0.00000000]",0.06500000,0.42776190,11->17
7,7,8,1,7,"(1, 7, 9, 18, 21, 25, 26)",1,116,probe_repair,"[5, 15, 30, 50, 70, 100, 105, 110, 115, 140, 175, 235, 280, 325, 345]",0.00000000,"[0.00000000, 0.00000000, 0.00000000, 0.00000000, 0.00000000, 0.00000000, 0.00000000]",0.26900000,0.45496429,11->25
7,7,8,1,7,"(1, 7, 9, 18, 21, 25, 26)",2,49,probe_repair,"[35, 40, 85, 145, 195, 205, 235, 245, 255, 265, 280, 285, 295, 345, 350]",0.00000000,"[0.00000000, 0.00000000, 0.00000000, 0.00000000, 0.00000000, 0.00000000, 0.00000000]",0.15700000,0.44938095,4->18
7,7,8,1,7,"(1, 7, 9, 18, 21, 25, 26)",3,46,probe_repair,"[35, 40, 85, 145, 195, 205, 235, 245, 255, 265, 280, 285, 295, 345, 350]",0.00000000,"[0.00000000, 0.00000000, 0.00000000, 0.00000000, 0.00000000, 0.00000000, 0.00000000]",0.18900000,0.45105952,4->18
7,7,8,1,7,"(1, 7, 9, 18, 21, 25, 26)",4,22,probe_repair,"[10, 35, 75, 105, 110, 125, 160, 180, 200, 205, 260, 285, 290, 320, 350]",0.00000000,"[0.00000000, 0.00000000, 0.00000000, 0.00000000, 0.00000000, 0.00000000, 0.00000000]",0.24200000,0.45317857,11->25
7,7,8,1,7,"(1, 7, 9, 18, 21, 25, 26)",5,117,probe_repair,"[10, 25, 60, 65, 70, 130, 140, 145, 170, 185, 205, 265, 290, 345, 360]",0.00000000,"[0.00000000, 0.00000000, 0.00000000, 0.00000000, 0.00000000, 0.00000000, 0.00000000]",0.04900000,0.43223810,24->7
7,7,8,1,7,"(1, 7, 9, 18, 21, 25, 26)",6,76,probe_repair,"[10, 15, 65, 80, 90, 100, 160, 165, 200, 210, 220, 245, 250, 325, 335]",0.00000000,"[0.00000000, 0.00000000, 0.00000000, 0.00000000, 0.00000000, 0.00000000, 0.00000000]",0.32000000,0.46008333,27->9
7,7,8,1,7,"(1, 7, 9, 18, 21, 25, 26)",7,109,probe_repair,"[5, 15, 30, 50, 70, 100, 105, 110, 115, 140, 175, 235, 280, 325, 345]",0.00000000,"[0.00000000, 0.00000000, 0.00000000, 0.00000000, 0.00000000, 0.00000000, 0.00000000]",0.21700000,0.43194048,11->25
7,7,8,1,7,"(1, 7, 9, 18, 21, 25, 26)",8,130,probe_repair,"[5, 35, 55, 85, 110, 115, 120, 130, 150, 165, 185, 220, 250, 320, 330]",0.00000000,"[0.00000000, 0.00000000, 0.00000000, 0.00000000, 0.00000000, 0.00000000, 0.00000000]",0.20000000,0.45128571,24->7
7,7,8,1,7,"(1, 7, 9, 18, 21, 25, 26)",9,132,probe_repair,"[5, 35, 55, 85, 110, 115, 120, 130, 150, 165, 185, 220, 250, 320, 330]",0.00000000,"[0.00000000, 0.00000000, 0.00000000, 0.00000000, 0.00000000, 0.00000000, 0.00000000]",0.25200000,0.45071429,20->1
7,7,8,1,7,"(1, 7, 9, 18, 21, 25, 26)",10,45,probe_repair,"[35, 40, 85, 145, 195, 205, 235, 245, 255, 265, 280, 285, 295, 345, 350]",0.00000000,"[0.00000000, 0.00000000, 0.00000000, 0.00000000, 0.00000000, 0.00000000, 0.00000000]",0.05500000,0.43571429,4->18
7,7,8,1,8,"(2, 4, 6, 16, 18, 24, 25)",1,159,probe_repair,"[15, 25, 50, 75, 100, 110, 145, 195, 205, 210, 235, 275, 300, 340, 360]",0.00000000,"[0.00000000, 0.00000000, 0.00000000, 0.00000000, 0.00000000, 0.00000000, 0.00000000]",0.23600000,0.45371429,21->25
7,7,8,1,8,"(2, 4, 6, 16, 18, 24, 25)",2,99,probe_repair,"[30, 40, 50, 65, 75, 85, 210, 225, 235, 260, 275, 290, 300, 305, 325]",0.00000000,"[0.00000000, 0.00000000, 0.00000000, 0.00000000, 0.00000000, 0.00000000, 0.00000000]",0.22000000,0.45175325,20->16
7,7,8,1,8,"(2, 4, 6, 16, 18, 24, 25)",3,104,probe_repair,"[10, 15, 30, 80, 90, 125, 145, 180, 240, 245, 250, 270, 280, 285, 330]",0.00000000,"[0.00000000, 0.00000000, 0.00000000, 0.00000000, 0.00000000, 0.00000000, 0.00000000]",0.19400000,0.45219481,9->6
7,7,8,1,8,"(2, 4, 6, 16, 18, 24, 25)",4,197,probe_repair,"[40, 55, 60, 130, 145, 165, 190, 215, 235, 260, 280, 300, 320, 340, 360]",0.00000000,"[0.00000000, 0.00000000, 0.00000000, 0.00000000, 0.00000000, 0.00000000, 0.00000000]",0.06900000,0.43101299,7->2
7,7,8,1,8,"(2, 4, 6, 16, 18, 24, 25)",5,102,probe_repair,"[10, 15, 30, 80, 90, 125, 145, 180, 240, 245, 250, 270, 280, 285, 330]",0.00000000,"[0.00000000, 0.00000000, 0.00000000, 0.00000000, 0.00000000, 0.00000000, 0.00000000]",0.26300000,0.45161039,9->6
7,7,8,1,8,"(2, 4, 6, 16, 18, 24, 25)",6,107,probe_repair,"[10, 15, 30, 80, 90, 125, 145, 180, 240, 245, 250, 270, 280, 285, 330]",0.00000000,"[0.00000000, 0.00000000, 0.00000000, 0.00000000, 0.00000000, 0.00000000, 0.00000000]",0.21600000,0.44740260,17->6
7,7,8,1,8,"(2, 4, 6, 16, 18, 24, 25)",7,77,probe_repair,"[45, 60, 65, 70, 100, 120, 165, 185, 220, 295, 300, 325, 335, 360, 365]",0.00000000,"[0.00000000, 0.00000000, 0.00000000, 0.00000000, 0.00000000, 0.00000000, 0.00000000]",0.03000000,0.43919481,7->2
7,7,8,1,8,"(2, 4, 6, 16, 18, 24, 25)",8,100,probe_repair,"[30, 40, 50, 65, 75, 85, 210, 225, 235, 260, 275, 290, 300, 305, 325]",0.00000000,"[0.00000000, 0.00000000, 0.00000000, 0.00000000, 0.00000000, 0.00000000, 0.00000000]",0.17300000,0.44796104,20->16
7,7,8,1,8,"(2, 4, 6, 16, 18, 24, 25)",9,97,probe_repair,"[30, 40, 50, 65, 75, 85, 210, 225, 235, 260, 275, 290, 300, 305, 325]",0.00000000,"[0.00000000, 0.00000000, 0.00000000, 0.00000000, 0.00000000, 0.00000000, 0.00000000]",0.21800000,0.45510390,20->16
7,7,8,1,8,"(2, 4, 6, 16, 18, 24, 25)",10,43,probe_repair,"[15, 35, 50, 110, 120, 155, 185, 200, 230, 260, 270, 295, 315, 320, 335]",0.00000000,"[0.00000000, 0.00000000, 0.00000000, 0.00000000, 0.00000000, 0.00000000, 0.00000000]",0.13100000,0.45053247,26->16
7,7,8,1,9,"(4, 6, 16, 17, 22, 25, 27)",1,127,probe_repair,"[15, 30, 50, 65, 100, 105, 115, 155, 170, 215, 235, 240, 270, 295, 360]",0.00000000,"[0.00000000, 0.00000000, 0.00000000, 0.00000000, 0.00000000, 0.00000000, 0.00000000]",0.12300000,0.44785714,7->6
7,7,8,1,9,"(4, 6, 16, 17, 22, 25, 27)",2,237,probe_repair,"[25, 85, 90, 100, 115, 155, 160, 165, 170, 180, 235, 245, 270, 290, 350]",0.00000000,"[0.00000000, 0.00000000, 0.00000000, 0.00000000, 0.00000000, 0.00000000, 0.00000000]",0.09400000,0.43076623,26->6
7,7,8,1,9,"(4, 6, 16, 17, 22, 25, 27)",3,34,probe_repair,"[5, 20, 50, 75, 115, 120, 130, 135, 180, 205, 255, 310, 315, 325, 350]",0.00000000,"[0.00000000, 0.00000000, 0.00000000, 0.00000000, 0.00000000, 0.00000000, 0.00000000]",0.15900000,0.44633766,28->17
7,7,8,1,9,"(4, 6, 16, 17, 22, 25, 27)",4,33,probe_repair,"[5, 20, 50, 75, 115, 120, 130, 135, 180, 205, 255, 310, 315, 325, 350]",0.00000000,"[0.00000000, 0.00000000, 0.00000000, 0.00000000, 0.00000000, 0.00000000, 0.00000000]",0.28200000,0.44809091,7->22
7,7,8,1,9,"(4, 6, 16, 17, 22, 25, 27)",5,209,probe_repair,"[10, 50, 65, 70, 100, 105, 120, 135, 215, 225, 285, 305, 315, 320, 360]",0.00000000,"[0.00000000, 0.00000000, 0.00000000, 0.00000000, 0.00000000, 0.00000000, 0.00000000]",0.11900000,0.45411688,11->4
7,7,8,1,9,"(4, 6, 16, 17, 22, 25, 27)",6,247,probe_repair,"[10, 35, 45, 55, 80, 100, 105, 110, 125, 185, 190, 240, 305, 330, 335]",0.00000000,"[0.00000000, 0.00000000, 0.00000000, 0.00000000, 0.00000000, 0.00000000, 0.00000000]",0.31300000,0.46327273,2->27
7,7,8,1,9,"(4, 6, 16, 17, 22, 25, 27)",7,107,probe_repair,"[10, 15, 20, 30, 40, 85, 130, 170, 200, 215, 235, 250, 255, 290, 335]",0.00000000,"[0.00000000, 0.00000000, 0.00000000, 0.00000000, 0.00000000, 0.00000000, 0.00000000]",0.25600000,0.45723377,18->6
7,7,8,1,9,"(4, 6, 16, 17, 22, 25, 27)",8,131,probe_repair,"[15, 30, 50, 65, 100, 105, 115, 155, 170, 215, 235, 240, 270, 295, 360]",0.00000000,"[0.00000000, 0.00000000, 0.00000000, 0.00000000, 0.00000000, 0.00000000, 0.00000000]",0.11800000,0.44525974,7->6
7,7,8,1,9,"(4, 6, 16, 17, 22, 25, 27)",9,64,probe_repair,"[75, 80, 95, 115, 125, 150, 180, 190, 195, 200, 210, 215, 220, 260, 305]",0.00000000,"[0.00000000, 0.00000000, 0.00000000, 0.00000000, 0.00000000, 0.00000000, 0.00000000]",0.12000000,0.44053247,9->16
7,7,8,1,9,"(4, 6, 16, 17, 22, 25, 27)",10,106,probe_repair,"[10, 15, 20, 30, 40, 85, 130, 170, 200, 215, 235, 250, 255, 290, 335]",0.00000000,"[0.00000000, 0.00000000, 0.00000000, 0.00000000, 0.00000000, 0.00000000, 0.00000000]",0.31000000,0.45477922,15->17
7,7,8,1,10,"(1, 2, 5, 6, 9, 17, 18)",1,13,baseline,"[5, 30, 55, 80, 105, 130, 155, 180, 205, 230, 255, 280, 305, 330, 355]",0.00000000,"[0.00000000, 0.00000000, 0.00000000, 0.00000000, 0.00000000, 0.00000000, 0.00000000]",0.08500000,0.44767033,15->5
7,7,8,1,10,"(1, 2, 5, 6, 9, 17, 18)",2,19,baseline,"[5, 30, 55, 80, 105, 130, 155, 180, 205, 230, 255, 280, 305, 330, 355]",0.00000000,"[0.00000000, 0.00000000, 0.00000000, 0.00000000, 0.00000000, 0.00000000, 0.00000000]",0.07300000,0.44915385,15->5
7,7,8,1,10,"(1, 2, 5, 6, 9, 17, 18)",3,7,baseline,"[5, 30, 55, 80, 105, 130, 155, 180, 205, 230, 255, 280, 305, 330, 355]",0.00000000,"[0.00000000, 0.00000000, 0.00000000, 0.00000000, 0.00000000, 0.00000000, 0.00000000]",0.06700000,0.45001099,15->5
7,7,8,1,10,"(1, 2, 5, 6, 9, 17, 18)",4,51,probe_repair,"[10, 60, 65, 85, 120, 150, 185, 225, 245, 250, 260, 275, 310, 325, 330]",0.00000000,"[0.00000000, 0.00000000, 0.00000000, 0.00000000, 0.00000000, 0.00000000, 0.00000000]",0.34300000,0.46125275,26->1
7,7,8,1,10,"(1, 2, 5, 6, 9, 17, 18)",5,68,probe_repair,"[30, 40, 50, 55, 115, 120, 140, 150, 155, 175, 250, 280, 330, 335, 365]",0.00000000,"[0.00000000, 0.00000000, 0.00000000, 0.00000000, 0.00000000, 0.00000000, 0.00000000]",0.16900000,0.44559341,4->2
7,7,8,1,10,"(1, 2, 5, 6, 9, 17, 18)",6,115,probe_repair,"[30, 40, 45, 85, 95, 120, 140, 180, 185, 190, 240, 295, 325, 340, 360]",0.00000000,"[0.00000000, 0.00000000, 0.00000000, 0.00000000, 0.00000000, 0.00000000, 0.00000000]",0.12400000,0.45786813,22->9
7,7,8,1,10,"(1, 2, 5, 6, 9, 17, 18)",7,14,baseline,"[5, 30, 55, 80, 105, 130, 155, 180, 205, 230, 255, 280, 305, 330, 355]",0.00000000,"[0.00000000, 0.00000000, 0.00000000, 0.00000000, 0.00000000, 0.00000000, 0.00000000]",0.03000000,0.44789011,15->5
7,7,8,1,10,"(1, 2, 5, 6, 9, 17, 18)",8,47,probe_repair,"[10, 60, 65, 85, 120, 150, 185, 225, 245, 250, 260, 275, 310, 325, 330]",0.00000000,"[0.00000000, 0.00000000, 0.00000000, 0.00000000, 0.00000000, 0.00000000, 0.00000000]",0.34600000,0.45763736,4->18
7,7,8,1,10,"(1, 2, 5, 6, 9, 17, 18)",9,82,probe_repair,"[25, 60, 90, 100, 135, 150, 170, 180, 185, 220, 240, 275, 285, 300, 340]",0.00000000,"[0.00000000, 0.00000000, 0.00000000, 0.00000000, 0.00000000, 0.00000000, 0.00000000]",0.10400000,0.45372527,15->9
7,7,8,1,10,"(1, 2, 5, 6, 9, 17, 18)",10,11,baseline,"[5, 30, 55, 80, 105, 130, 155, 180, 205, 230, 255, 280, 305, 330, 355]",0.00000000,"[0.00000000, 0.00000000, 0.00000000, 0.00000000, 0.00000000, 0.00000000, 0.00000000]",0.08700000,0.44868132,15->5
7,7,8,1,11,"(2, 5, 7, 16, 18, 21, 27)",1,129,probe_repair,"[15, 25, 30, 45, 55, 95, 115, 130, 145, 185, 265, 285, 295, 340, 360]",0.00000000,"[0.00000000, 0.00000000, 0.00000000, 0.00000000, 0.00000000, 0.00000000, 0.00000000]",0.25400000,0.45436905,24->7
7,7,8,1,11,"(2, 5, 7, 16, 18, 21, 27)",2,70,probe_repair,"[25, 30, 40, 65, 75, 135, 150, 165, 185, 205, 210, 255, 275, 295, 335]",0.00000000,"[0.00000000, 0.00000000, 0.00000000, 0.00000000, 0.00000000, 0.00000000, 0.00000000]",0.06800000,0.45182143,20->7
7,7,8,1,11,"(2, 5, 7, 16, 18, 21, 27)",3,73,probe_repair,"[25, 30, 40, 65, 75, 135, 150, 165, 185, 205, 210, 255, 275, 295, 335]",0.00000000,"[0.00000000, 0.00000000, 0.00000000, 0.00000000, 0.00000000, 0.00000000, 0.00000000]",0.17900000,0.45671429,20->7
7,7,8,1,11,"(2, 5, 7, 16, 18, 21, 27)",4,110,probe_repair,"[40, 85, 140, 145, 175, 200, 205, 240, 290, 295, 315, 330, 335, 340, 365]",0.00000000,"[0.00000000, 0.00000000, 0.00000000, 0.00000000, 0.00000000, 0.00000000, 0.00000000]",0.23900000,0.45210714,9->16
7,7,8,1,11,"(2, 5, 7, 16, 18, 21, 27)",5,72,probe_repair,"[25, 30, 40, 65, 75, 135, 150, 165, 185, 205, 210, 255, 275, 295, 335]",0.00000000,"[0.00000000, 0.00000000, 0.00000000, 0.00000000, 0.00000000, 0.00000000, 0.00000000]",0.15400000,0.45076190,20->7
7,7,8,1,11,"(2, 5, 7, 16, 18, 21, 27)",6,130,probe_repair,"[15, 25, 30, 45, 55, 95, 115, 130, 145, 185, 265, 285, 295, 340, 360]",0.00000000,"[0.00000000, 0.00000000, 0.00000000, 0.00000000, 0.00000000, 0.00000000, 0.00000000]",0.27900000,0.45573810,26->21
7,7,8,1,11,"(2, 5, 7, 16, 18, 21, 27)",7,68,probe_repair,"[10, 20, 30, 65, 80, 130, 145, 175, 225, 235, 255, 300, 325, 330, 335]",0.00000000,"[0.00000000, 0.00000000, 0.00000000, 0.00000000, 0.00000000, 0.00000000, 0.00000000]",0.05100000,0.44648810,24->7
7,7,8,1,11,"(2, 5, 7, 16, 18, 21, 27)",8,24,probe_repair,"[25, 60, 75, 115, 125, 130, 145, 150, 175, 190, 210, 235, 245, 325, 365]",0.00000000,"[0.00000000, 0.00000000, 0.00000000, 0.00000000, 0.00000000, 0.00000000, 0.00000000]",0.31300000,0.45386905,4->27
7,7,8,1,11,"(2, 5, 7, 16, 18, 21, 27)",9,125,probe_repair,"[15, 25, 30, 45, 55, 95, 115, 130, 145, 185, 265, 285, 295, 340, 360]",0.00000000,"[0.00000000, 0.00000000, 0.00000000, 0.00000000, 0.00000000, 0.00000000, 0.00000000]",0.07500000,0.43304762,24->7
7,7,8,1,11,"(2, 5, 7, 16, 18, 21, 27)",10,132,probe_repair,"[15, 25, 30, 45, 55, 95, 115, 130, 145, 185, 265, 285, 295, 340, 360]",0.00000000,"[0.00000000, 0.00000000, 0.00000000, 0.00000000, 0.00000000, 0.00000000, 0.00000000]",0.25000000,0.45566667,24->7
7,7,8,1,12,"(4, 5, 7, 18, 20, 27, 28)",1,175,probe_repair,"[5, 10, 35, 50, 60, 85, 105, 115, 130, 135, 145, 215, 290, 340, 365]",0.00000000,"[0.00000000, 0.00000000, 0.00000000, 0.00000000, 0.00000000, 0.00000000, 0.00000000]",0.13000000,0.45110714,22->7
7,7,8,1,12,"(4, 5, 7, 18, 20, 27, 28)",2,68,probe_repair,"[10, 15, 35, 65, 75, 120, 150, 170, 210, 215, 265, 280, 285, 325, 340]",0.00000000,"[0.00000000, 0.00000000, 0.00000000, 0.00000000, 0.00000000, 0.00000000, 0.00000000]",0.11500000,0.46026190,15->5
7,7,8,1,12,"(4, 5, 7, 18, 20, 27, 28)",3,27,probe_repair,"[5, 80, 90, 100, 115, 185, 220, 225, 230, 245, 260, 285, 300, 310, 330]",0.00000000,"[0.00000000, 0.00000000, 0.00000000, 0.00000000, 0.00000000, 0.00000000, 0.00000000]",0.22200000,0.45925000,2->27
7,7,8,1,12,"(4, 5, 7, 18, 20, 27, 28)",4,65,probe_repair,"[10, 15, 35, 65, 75, 120, 150, 170, 210, 215, 265, 280, 285, 325, 340]",0.00000000,"[0.00000000, 0.00000000, 0.00000000, 0.00000000, 0.00000000, 0.00000000, 0.00000000]",0.10700000,0.46232143,15->5
7,7,8,1,12,"(4, 5, 7, 18, 20, 27, 28)",5,19,baseline,"[5, 30, 55, 80, 105, 130, 155, 180, 205, 230, 255, 280, 305, 330, 355]",0.00000000,"[0.00000000, 0.00000000, 0.00000000, 0.00000000, 0.00000000, 0.00000000, 0.00000000]",0.09900000,0.44669048,15->5
7,7,8,1,12,"(4, 5, 7, 18, 20, 27, 28)",6,116,probe_repair,"[25, 35, 60, 110, 140, 145, 165, 210, 215, 250, 255, 275, 330, 335, 345]",0.00000000,"[0.00000000, 0.00000000, 0.00000000, 0.00000000, 0.00000000, 0.00000000, 0.00000000]",0.25100000,0.44694048,25->28
7,7,8,1,12,"(4, 5, 7, 18, 20, 27, 28)",7,93,probe_repair,"[75, 90, 105, 115, 130, 135, 150, 175, 180, 235, 250, 255, 295, 310, 365]",0.00000000,"[0.00000000, 0.00000000, 0.00000000, 0.00000000, 0.00000000, 0.00000000, 0.00000000]",0.01900000,0.42666667,9->20
7,7,8,1,12,"(4, 5, 7, 18, 20, 27, 28)",8,25,probe_repair,"[5, 80, 90, 100, 115, 185, 220, 225, 230, 245, 260, 285, 300, 310, 330]",0.00000000,"[0.00000000, 0.00000000, 0.00000000, 0.00000000, 0.00000000, 0.00000000, 0.00000000]",0.23900000,0.45557143,11->27
7,7,8,1,12,"(4, 5, 7, 18, 20, 27, 28)",9,66,probe_repair,"[10, 15, 35, 65, 75, 120, 150, 170, 210, 215, 265, 280, 285, 325, 340]",0.00000000,"[0.00000000, 0.00000000, 0.00000000, 0.00000000, 0.00000000, 0.00000000, 0.00000000]",0.18900000,0.45619048,15->5
7,7,8,1,12,"(4, 5, 7, 18, 20, 27, 28)",10,157,probe_repair,"[55, 75, 105, 125, 160, 165, 205, 225, 235, 275, 285, 325, 335, 345, 360]",0.00000000,"[0.00000000, 0.00000000, 0.00000000, 0.00000000, 0.00000000, 0.00000000, 0.00000000]",0.15500000,0.44364286,24->18
7,7,8,1,13,"(1, 16, 17, 18, 20, 24, 26)",1,128,probe_repair,"[25, 105, 110, 140, 155, 170, 235, 240, 250, 260, 305, 310, 330, 340, 365]",0.00000000,"[0.00000000, 0.00000000, 0.00000000, 0.00000000, 0.00000000, 0.00000000, 0.00000000]",0.24700000,0.45888095,6->20
7,7,8,1,13,"(1, 16, 17, 18, 20, 24, 26)",2,126,probe_repair,"[25, 105, 110, 140, 155, 170, 235, 240, 250, 260, 305, 310, 330, 340, 365]",0.00000000,"[0.00000000, 0.00000000, 0.00000000, 0.00000000, 0.00000000, 0.00000000, 0.00000000]",0.26900000,0.46172619,15->26
7,7,8,1,13,"(1, 16, 17, 18, 20, 24, 26)",3,22,probe_repair,"[10, 40, 75, 105, 140, 155, 180, 195, 245, 265, 280, 320, 340, 355, 360]",0.00000000,"[0.00000000, 0.00000000, 0.00000000, 0.00000000, 0.00000000, 0.00000000, 0.00000000]",0.32100000,0.45602381,21->16
7,7,8,1,13,"(1, 16, 17, 18, 20, 24, 26)",4,41,probe_repair,"[10, 70, 90, 165, 170, 180, 185, 230, 235, 240, 285, 300, 310, 335, 360]",0.00000000,"[0.00000000, 0.00000000, 0.00000000, 0.00000000, 0.00000000, 0.00000000, 0.00000000]",0.25900000,0.45935714,11->20
7,7,8,1,13,"(1, 16, 17, 18, 20, 24, 26)",5,115,probe_repair,"[60, 115, 145, 150, 160, 190, 195, 210, 225, 265, 280, 300, 305, 340, 355]",0.00000000,"[0.00000000, 0.00000000, 0.00000000, 0.00000000, 0.00000000, 0.00000000, 0.00000000]",0.25600000,0.45353571,22->17
7,7,8,1,13,"(1, 16, 17, 18, 20, 24, 26)",6,56,probe_repair,"[35, 70, 100, 120, 125, 140, 185, 205, 225, 230, 250, 255, 260, 300, 350]",0.00000000,"[0.00000000, 0.00000000, 0.00000000, 0.00000000, 0.00000000, 0.00000000, 0.00000000]",0.06900000,0.44652381,9->1
7,7,8,1,13,"(1, 16, 17, 18, 20, 24, 26)",7,113,probe_repair,"[60, 115, 145, 150, 160, 190, 195, 210, 225, 265, 280, 300, 305, 340, 355]",0.00000000,"[0.00000000, 0.00000000, 0.00000000, 0.00000000, 0.00000000, 0.00000000, 0.00000000]",0.26400000,0.45769048,21->1
7,7,8,1,13,"(1, 16, 17, 18, 20, 24, 26)",8,60,probe_repair,"[35, 70, 100, 120, 125, 140, 185, 205, 225, 230, 250, 255, 260, 300, 350]",0.00000000,"[0.00000000, 0.00000000, 0.00000000, 0.00000000, 0.00000000, 0.00000000, 0.00000000]",0.04400000,0.44760714,9->1
7,7,8,1,13,"(1, 16, 17, 18, 20, 24, 26)",9,117,probe_repair,"[35, 65, 70, 110, 165, 170, 230, 250, 255, 275, 290, 310, 320, 340, 365]",0.00000000,"[0.00000000, 0.00000000, 0.00000000, 0.00000000, 0.00000000, 0.00000000, 0.00000000]",0.04200000,0.43523810,9->26
7,7,8,1,13,"(1, 16, 17, 18, 20, 24, 26)",10,37,probe_repair,"[10, 70, 90, 165, 170, 180, 185, 230, 235, 240, 285, 300, 310, 335, 360]",0.00000000,"[0.00000000, 0.00000000, 0.00000000, 0.00000000, 0.00000000, 0.00000000, 0.00000000]",0.13900000,0.43564286,9->17
7,7,8,1,14,"(4, 7, 9, 11, 24, 25, 28)",1,213,probe_repair,"[25, 90, 110, 130, 155, 170, 185, 230, 250, 275, 285, 295, 315, 320, 365]",0.00000000,"[0.00000000, 0.00000000, 0.00000000, 0.00000000, 0.00000000, 0.00000000, 0.00000000]",0.14700000,0.43719481,16->28
7,7,8,1,14,"(4, 7, 9, 11, 24, 25, 28)",2,306,probe_repair,"[10, 50, 65, 70, 115, 125, 190, 205, 220, 225, 230, 300, 320, 325, 360]",0.00000000,"[0.00000000, 0.00000000, 0.00000000, 0.00000000, 0.00000000, 0.00000000, 0.00000000]",0.04900000,0.44787013,18->24
7,7,8,1,14,"(4, 7, 9, 11, 24, 25, 28)",3,219,probe_repair,"[25, 90, 110, 130, 155, 170, 185, 230, 250, 275, 285, 295, 315, 320, 365]",0.00000000,"[0.00000000, 0.00000000, 0.00000000, 0.00000000, 0.00000000, 0.00000000, 0.00000000]",0.28200000,0.45875325,26->9
7,7,8,1,14,"(4, 7, 9, 11, 24, 25, 28)",4,56,probe_repair,"[10, 15, 25, 55, 75, 110, 120, 145, 170, 190, 195, 250, 265, 295, 340]",0.00000000,"[0.00000000, 0.00000000, 0.00000000, 0.00000000, 0.00000000, 0.00000000, 0.00000000]",0.31200000,0.45587013,6->7
7,7,8,1,14,"(4, 7, 9, 11, 24, 25, 28)",5,140,probe_repair,"[15, 75, 85, 120, 125, 130, 160, 180, 220, 250, 270, 295, 305, 310, 345]",0.00000000,"[0.00000000, 0.00000000, 0.00000000, 0.00000000, 0.00000000, 0.00000000, 0.00000000]",0.28600000,0.45372727,17->28
7,7,8,1,14,"(4, 7, 9, 11, 24, 25, 28)",6,272,probe_repair,"[10, 15, 20, 25, 45, 110, 115, 180, 205, 220, 270, 295, 320, 325, 330]",0.00000000,"[0.00000000, 0.00000000, 0.00000000, 0.00000000, 0.00000000, 0.00000000, 0.00000000]",0.30400000,0.46337662,21->25
7,7,8,1,14,"(4, 7, 9, 11, 24, 25, 28)",7,216,probe_repair,"[25, 90, 110, 130, 155, 170, 185, 230, 250, 275, 285, 295, 315, 320, 365]",0.00000000,"[0.00000000, 0.00000000, 0.00000000, 0.00000000, 0.00000000, 0.00000000, 0.00000000]",0.17200000,0.45061039,26->9
7,7,8,1,14,"(4, 7, 9, 11, 24, 25, 28)",8,304,probe_repair,"[10, 50, 65, 70, 115, 125, 190, 205, 220, 225, 230, 300, 320, 325, 360]",0.00000000,"[0.00000000, 0.00000000, 0.00000000, 0.00000000, 0.00000000, 0.00000000, 0.00000000]",0.11400000,0.45361039,18->24
7,7,8,1,14,"(4, 7, 9, 11, 24, 25, 28)",9,118,probe_repair,"[15, 45, 50, 70, 100, 130, 170, 195, 205, 250, 260, 305, 330, 345, 350]",0.00000000,"[0.00000000, 0.00000000, 0.00000000, 0.00000000, 0.00000000, 0.00000000, 0.00000000]",0.25700000,0.45097403,2->25
7,7,8,1,14,"(4, 7, 9, 11, 24, 25, 28)",10,289,probe_repair,"[15, 20, 80, 95, 120, 130, 140, 220, 265, 300, 325, 330, 340, 345, 350]",0.00000000,"[0.00000000, 0.00000000, 0.00000000, 0.00000000, 0.00000000, 0.00000000, 0.00000000]",0.24900000,0.44512987,17->28
7,7,8,1,15,"(1, 2, 7, 17, 22, 27, 28)",1,73,probe_repair,"[10, 30, 55, 70, 115, 165, 180, 210, 235, 250, 255, 285, 290, 300, 360]",0.00000000,"[0.00000000, 0.00000000, 0.00000000, 0.00000000, 0.00000000, 0.00000000, 0.00000000]",0.12700000,0.45420238,26->28
7,7,8,1,15,"(1, 2, 7, 17, 22, 27, 28)",2,106,probe_repair,"[15, 45, 55, 65, 110, 115, 160, 175, 180, 200, 255, 275, 330, 335, 345]",0.00000000,"[0.00000000, 0.00000000, 0.00000000, 0.00000000, 0.00000000, 0.00000000, 0.00000000]",0.07200000,0.45640476,21->7
7,7,8,1,15,"(1, 2, 7, 17, 22, 27, 28)",3,72,probe_repair,"[10, 30, 55, 70, 115, 165, 180, 210, 235, 250, 255, 285, 290, 300, 360]",0.00000000,"[0.00000000, 0.00000000, 0.00000000, 0.00000000, 0.00000000, 0.00000000, 0.00000000]",0.17000000,0.44871429,11->7
7,7,8,1,15,"(1, 2, 7, 17, 22, 27, 28)",4,86,probe_repair,"[35, 55, 70, 80, 185, 200, 225, 235, 245, 265, 295, 310, 325, 345, 355]",0.00000000,"[0.00000000, 0.00000000, 0.00000000, 0.00000000, 0.00000000, 0.00000000, 0.00000000]",0.28600000,0.45600000,9->2
7,7,8,1,15,"(1, 2, 7, 17, 22, 27, 28)",5,83,probe_repair,"[15, 35, 60, 85, 100, 105, 125, 145, 170, 200, 220, 295, 305, 335, 350]",0.00000000,"[0.00000000, 0.00000000, 0.00000000, 0.00000000, 0.00000000, 0.00000000, 0.00000000]",0.10300000,0.44488095,16->7
7,7,8,1,15,"(1, 2, 7, 17, 22, 27, 28)",6,75,probe_repair,"[10, 30, 55, 70, 115, 165, 180, 210, 235, 250, 255, 285, 290, 300, 360]",0.00000000,"[0.00000000, 0.00000000, 0.00000000, 0.00000000, 0.00000000, 0.00000000, 0.00000000]",0.16100000,0.45233333,26->28
7,7,8,1,15,"(1, 2, 7, 17, 22, 27, 28)",7,37,probe_repair,"[5, 25, 70, 75, 95, 100, 105, 115, 135, 140, 160, 180, 230, 240, 360]",0.00000000,"[0.00000000, 0.00000000, 0.00000000, 0.00000000, 0.00000000, 0.00000000, 0.00000000]",0.15800000,0.43510714,21->7
7,7,8,1,15,"(1, 2, 7, 17, 22, 27, 28)",8,109,probe_repair,"[10, 15, 35, 50, 85, 95, 120, 195, 205, 230, 250, 260, 275, 285, 295]",0.00000000,"[0.00000000, 0.00000000, 0.00000000, 0.00000000, 0.00000000, 0.00000000, 0.00000000]",0.20700000,0.43577381,4->22
7,7,8,1,15,"(1, 2, 7, 17, 22, 27, 28)",9,61,probe_repair,"[10, 30, 40, 60, 100, 115, 120, 135, 145, 155, 160, 180, 280, 285, 295]",0.00000000,"[0.00000000, 0.00000000, 0.00000000, 0.00000000, 0.00000000, 0.00000000, 0.00000000]",0.02800000,0.43153571,25->7
7,7,8,1,15,"(1, 2, 7, 17, 22, 27, 28)",10,70,probe_repair,"[10, 30, 55, 70, 115, 165, 180, 210, 235, 250, 255, 285, 290, 300, 360]",0.00000000,"[0.00000000, 0.00000000, 0.00000000, 0.00000000, 0.00000000, 0.00000000, 0.00000000]",0.21200000,0.45109524,26->28
7,7,8,1,16,"(4, 5, 6, 7, 11, 17, 27)",1,49,probe_repair,"[20, 25, 30, 35, 65, 115, 130, 210, 250, 265, 270, 315, 325, 335, 365]",0.00000000,"[0.00000000, 0.00000000, 0.00000000, 0.00000000, 0.00000000, 0.00000000, 0.00000000]",0.25500000,0.45440476,18->17
7,7,8,1,16,"(4, 5, 6, 7, 11, 17, 27)",2,43,probe_repair,"[20, 30, 45, 75, 85, 125, 140, 150, 155, 215, 260, 275, 280, 335, 365]",0.00000000,"[0.00000000, 0.00000000, 0.00000000, 0.00000000, 0.00000000, 0.00000000, 0.00000000]",0.16200000,0.45746429,15->17
7,7,8,1,16,"(4, 5, 6, 7, 11, 17, 27)",3,29,probe_repair,"[55, 60, 80, 90, 95, 105, 170, 190, 205, 230, 265, 270, 310, 325, 365]",0.00000000,"[0.00000000, 0.00000000, 0.00000000, 0.00000000, 0.00000000, 0.00000000, 0.00000000]",0.03000000,0.44211905,16->5
7,7,8,1,16,"(4, 5, 6, 7, 11, 17, 27)",4,134,probe_repair,"[5, 10, 30, 80, 130, 145, 155, 160, 170, 215, 230, 235, 270, 330, 340]",0.00000000,"[0.00000000, 0.00000000, 0.00000000, 0.00000000, 0.00000000, 0.00000000, 0.00000000]",0.26100000,0.45275000,24->7
7,7,8,1,16,"(4, 5, 6, 7, 11, 17, 27)",5,35,probe_repair,"[55, 60, 80, 90, 95, 105, 170, 190, 205, 230, 265, 270, 310, 325, 365]",0.00000000,"[0.00000000, 0.00000000, 0.00000000, 0.00000000, 0.00000000, 0.00000000, 0.00000000]",0.16600000,0.45691667,21->6
7,7,8,1,16,"(4, 5, 6, 7, 11, 17, 27)",6,137,probe_repair,"[5, 10, 30, 80, 130, 145, 155, 160, 170, 215, 230, 235, 270, 330, 340]",0.00000000,"[0.00000000, 0.00000000, 0.00000000, 0.00000000, 0.00000000, 0.00000000, 0.00000000]",0.18100000,0.45513095,24->7
7,7,8,1,16,"(4, 5, 6, 7, 11, 17, 27)",7,46,probe_repair,"[20, 25, 30, 35, 65, 115, 130, 210, 250, 265, 270, 315, 325, 335, 365]",0.00000000,"[0.00000000, 0.00000000, 0.00000000, 0.00000000, 0.00000000, 0.00000000, 0.00000000]",0.22200000,0.45296429,25->17
7,7,8,1,16,"(4, 5, 6, 7, 11, 17, 27)",8,71,probe_repair,"[10, 35, 50, 65, 75, 80, 120, 170, 175, 200, 215, 260, 290, 305, 360]",0.00000000,"[0.00000000, 0.00000000, 0.00000000, 0.00000000, 0.00000000, 0.00000000, 0.00000000]",0.03100000,0.44840476,20->5
7,7,8,1,16,"(4, 5, 6, 7, 11, 17, 27)",9,1,baseline,"[5, 30, 55, 80, 105, 130, 155, 180, 205, 230, 255, 280, 305, 330, 355]",0.00000000,"[0.00000000, 0.00000000, 0.00000000, 0.00000000, 0.00000000, 0.00000000, 0.00000000]",0.05500000,0.42605952,15->5
7,7,8,1,16,"(4, 5, 6, 7, 11, 17, 27)",10,81,probe_repair,"[15, 85, 105, 125, 130, 185, 200, 205, 240, 250, 285, 290, 300, 305, 335]",0.00000000,"[0.00000000, 0.00000000, 0.00000000, 0.00000000, 0.00000000, 0.00000000, 0.00000000]",0.15600000,0.45591667,18->11
7,7,8,1,17,"(9, 11, 15, 18, 21, 27, 28)",1,20,baseline,"[5, 30, 55, 80, 105, 130, 155, 180, 205, 230, 255, 280, 305, 330, 355]",0.00000000,"[0.00000000, 0.00000000, 0.00000000, 0.00000000, 0.00000000, 0.00000000, 0.00000000]",0.26000000,0.45440260,25->27
7,7,8,1,17,"(9, 11, 15, 18, 21, 27, 28)",2,157,probe_repair,"[20, 55, 75, 105, 175, 190, 200, 240, 245, 275, 310, 320, 325, 340, 360]",0.00000000,"[0.00000000, 0.00000000, 0.00000000, 0.00000000, 0.00000000, 0.00000000, 0.00000000]",0.02300000,0.43870130,16->27
7,7,8,1,17,"(9, 11, 15, 18, 21, 27, 28)",3,9,baseline,"[5, 30, 55, 80, 105, 130, 155, 180, 205, 230, 255, 280, 305, 330, 355]",0.00000000,"[0.00000000, 0.00000000, 0.00000000, 0.00000000, 0.00000000, 0.00000000, 0.00000000]",0.20100000,0.45150649,7->15
7,7,8,1,17,"(9, 11, 15, 18, 21, 27, 28)",4,15,baseline,"[5, 30, 55, 80, 105, 130, 155, 180, 205, 230, 255, 280, 305, 330, 355]",0.00000000,"[0.00000000, 0.00000000, 0.00000000, 0.00000000, 0.00000000, 0.00000000, 0.00000000]",0.25200000,0.45063636,7->15
7,7,8,1,17,"(9, 11, 15, 18, 21, 27, 28)",5,115,probe_repair,"[15, 60, 65, 125, 150, 170, 190, 200, 255, 280, 285, 305, 325, 340, 355]",0.00000000,"[0.00000000, 0.00000000, 0.00000000, 0.00000000, 0.00000000, 0.00000000, 0.00000000]",0.27700000,0.45085714,6->11
7,7,8,1,17,"(9, 11, 15, 18, 21, 27, 28)",6,38,probe_repair,"[20, 25, 90, 105, 115, 135, 140, 170, 220, 275, 280, 285, 300, 310, 335]",0.00000000,"[0.00000000, 0.00000000, 0.00000000, 0.00000000, 0.00000000, 0.00000000, 0.00000000]",0.18500000,0.45515584,25->28
7,7,8,1,17,"(9, 11, 15, 18, 21, 27, 28)",7,21,probe_repair,"[5, 35, 50, 105, 140, 150, 170, 210, 220, 285, 305, 325, 355, 360, 365]",0.00000000,"[0.00000000, 0.00000000, 0.00000000, 0.00000000, 0.00000000, 0.00000000, 0.00000000]",0.01500000,0.42264935,4->27
7,7,8,1,17,"(9, 11, 15, 18, 21, 27, 28)",8,244,probe_repair,"[45, 70, 80, 85, 145, 155, 165, 170, 180, 205, 235, 245, 260, 305, 325]",0.00000000,"[0.00000000, 0.00000000, 0.00000000, 0.00000000, 0.00000000, 0.00000000, 0.00000000]",0.32100000,0.45774026,7->15
7,7,8,1,17,"(9, 11, 15, 18, 21, 27, 28)",9,241,probe_repair,"[45, 70, 80, 85, 145, 155, 165, 170, 180, 205, 235, 245, 260, 305, 325]",0.00000000,"[0.00000000, 0.00000000, 0.00000000, 0.00000000, 0.00000000, 0.00000000, 0.00000000]",0.26000000,0.45857143,7->15
7,7,8,1,17,"(9, 11, 15, 18, 21, 27, 28)",10,5,baseline,"[5, 30, 55, 80, 105, 130, 155, 180, 205, 230, 255, 280, 305, 330, 355]",0.00000000,"[0.00000000, 0.00000000, 0.00000000, 0.00000000, 0.00000000, 0.00000000, 0.00000000]",0.25100000,0.45436364,7->15
7,7,8,1,18,"(1, 2, 4, 7, 21, 25, 27)",1,523,probe_repair,"[40, 55, 75, 110, 150, 170, 195, 230, 235, 245, 275, 300, 330, 345, 360]",0.00000000,"[0.00000000, 0.00000000, 0.00000000, 0.00000000, 0.00000000, 0.00000000, 0.00000000]",0.17800000,0.44808333,9->2
7,7,8,1,18,"(1, 2, 4, 7, 21, 25, 27)",2,354,probe_repair,"[95, 130, 150, 155, 180, 200, 230, 285, 305, 320, 335, 345, 350, 355, 360]",0.00000000,"[0.00000000, 0.00000000, 0.00000000, 0.00000000, 0.00000000, 0.00000000, 0.00000000]",0.28700000,0.45464286,9->21
7,7,8,1,18,"(1, 2, 4, 7, 21, 25, 27)",3,202,probe_repair,"[30, 60, 105, 140, 150, 155, 210, 250, 265, 275, 285, 290, 310, 320, 365]",0.00000000,"[0.00000000, 0.00000000, 0.00000000, 0.00000000, 0.00000000, 0.00000000, 0.00000000]",0.07200000,0.44161905,20->1
7,7,8,1,18,"(1, 2, 4, 7, 21, 25, 27)",4,519,probe_repair,"[40, 55, 75, 110, 150, 170, 195, 230, 235, 245, 275, 300, 330, 345, 360]",0.00000000,"[0.00000000, 0.00000000, 0.00000000, 0.00000000, 0.00000000, 0.00000000, 0.00000000]",0.17100000,0.45309524,9->2
7,7,8,1,18,"(1, 2, 4, 7, 21, 25, 27)",5,246,probe_repair,"[15, 55, 65, 80, 110, 155, 175, 195, 220, 260, 280, 305, 310, 320, 330]",0.00000000,"[0.00000000, 0.00000000, 0.00000000, 0.00000000, 0.00000000, 0.00000000, 0.00000000]",0.21600000,0.45098810,11->1
7,7,8,1,18,"(1, 2, 4, 7, 21, 25, 27)",6,100,probe_repair,"[5, 15, 60, 65, 90, 120, 130, 140, 165, 200, 245, 250, 255, 280, 305]",0.00000000,"[0.00000000, 0.00000000, 0.00000000, 0.00000000, 0.00000000, 0.00000000, 0.00000000]",0.22500000,0.45680952,16->25
7,7,8,1,18,"(1, 2, 4, 7, 21, 25, 27)",7,337,probe_repair,"[25, 35, 40, 110, 180, 210, 220, 230, 245, 265, 285, 290, 300, 330, 360]",0.00000000,"[0.00000000, 0.00000000, 0.00000000, 0.00000000, 0.00000000, 0.00000000, 0.00000000]",0.20700000,0.46154762,26->27
7,7,8,1,18,"(1, 2, 4, 7, 21, 25, 27)",8,445,probe_repair,"[5, 15, 30, 85, 105, 125, 140, 165, 175, 190, 335, 350, 355, 360, 365]",0.00000000,"[0.00000000, 0.00000000, 0.00000000, 0.00000000, 0.00000000, 0.00000000, 0.00000000]",0.17700000,0.43208333,16->4
7,7,8,1,18,"(1, 2, 4, 7, 21, 25, 27)",9,344,probe_repair,"[15, 50, 70, 85, 90, 120, 135, 180, 230, 245, 255, 290, 330, 355, 365]",0.00000000,"[0.00000000, 0.00000000, 0.00000000, 0.00000000, 0.00000000, 0.00000000, 0.00000000]",0.22200000,0.44883333,24->25
7,7,8,1,18,"(1, 2, 4, 7, 21, 25, 27)",10,350,probe_repair,"[95, 130, 150, 155, 180, 200, 230, 285, 305, 320, 335, 345, 350, 355, 360]",0.00000000,"[0.00000000, 0.00000000, 0.00000000, 0.00000000, 0.00000000, 0.00000000, 0.00000000]",0.16400000,0.45188095,9->21
7,7,8,1,19,"(1, 16, 17, 18, 21, 25, 26)",1,402,probe_repair,"[5, 100, 135, 140, 145, 155, 160, 195, 235, 250, 260, 265, 290, 320, 360]",0.00000000,"[0.00000000, 0.00000000, 0.00000000, 0.00000000, 0.00000000, 0.00000000, 0.00000000]",0.10200000,0.45304762,15->18
7,7,8,1,19,"(1, 16, 17, 18, 21, 25, 26)",2,403,probe_repair,"[5, 100, 135, 140, 145, 155, 160, 195, 235, 250, 260, 265, 290, 320, 360]",0.00000000,"[0.00000000, 0.00000000, 0.00000000, 0.00000000, 0.00000000, 0.00000000, 0.00000000]",0.14100000,0.44994048,15->18
7,7,8,1,19,"(1, 16, 17, 18, 21, 25, 26)",3,533,probe_repair,"[10, 30, 45, 90, 95, 115, 135, 140, 170, 195, 225, 280, 310, 330, 355]",0.00000000,"[0.00000000, 0.00000000, 0.00000000, 0.00000000, 0.00000000, 0.00000000, 0.00000000]",0.04000000,0.42736905,20->16
7,7,8,1,19,"(1, 16, 17, 18, 21, 25, 26)",4,274,probe_repair,"[65, 75, 85, 125, 130, 165, 170, 180, 220, 230, 260, 275, 320, 330, 365]",0.00000000,"[0.00000000, 0.00000000, 0.00000000, 0.00000000, 0.00000000, 0.00000000, 0.00000000]",0.12900000,0.45353571,2->25
7,7,8,1,19,"(1, 16, 17, 18, 21, 25, 26)",5,206,probe_repair,"[10, 35, 50, 70, 115, 145, 250, 290, 300, 305, 310, 325, 330, 345, 350]",0.00000000,"[0.00000000, 0.00000000, 0.00000000, 0.00000000, 0.00000000, 0.00000000, 0.00000000]",0.22600000,0.45605952,2->16
7,7,8,1,19,"(1, 16, 17, 18, 21, 25, 26)",6,396,probe_repair,"[5, 50, 60, 75, 85, 105, 125, 130, 165, 190, 265, 275, 285, 295, 335]",0.00000000,"[0.00000000, 0.00000000, 0.00000000, 0.00000000, 0.00000000, 0.00000000, 0.00000000]",0.19800000,0.44763095,7->21
7,7,8,1,19,"(1, 16, 17, 18, 21, 25, 26)",7,472,probe_repair,"[10, 35, 90, 95, 135, 155, 165, 200, 260, 265, 275, 330, 345, 350, 365]",0.00000000,"[0.00000000, 0.00000000, 0.00000000, 0.00000000, 0.00000000, 0.00000000, 0.00000000]",0.18000000,0.45475000,7->17
7,7,8,1,19,"(1, 16, 17, 18, 21, 25, 26)",8,334,probe_repair,"[25, 50, 75, 100, 105, 120, 145, 165, 195, 220, 290, 295, 320, 330, 350]",0.00000000,"[0.00000000, 0.00000000, 0.00000000, 0.00000000, 0.00000000, 0.00000000, 0.00000000]",0.15100000,0.44805952,2->17
7,7,8,1,19,"(1, 16, 17, 18, 21, 25, 26)",9,714,probe_repair,"[5, 25, 55, 80, 90, 105, 115, 130, 135, 150, 170, 180, 185, 325, 365]",0.00000000,"[0.00000000, 0.00000000, 0.00000000, 0.00000000, 0.00000000, 0.00000000, 0.00000000]",0.29200000,0.45613095,9->21
7,7,8,1,19,"(1, 16, 17, 18, 21, 25, 26)",10,52,probe_repair,"[5, 25, 75, 85, 110, 115, 170, 205, 220, 235, 240, 305, 310, 320, 330]",0.00000000,"[0.00000000, 0.00000000, 0.00000000, 0.00000000, 0.00000000, 0.00000000, 0.00000000]",0.15700000,0.45288095,11->18
7,7,8,1,20,"(15, 20, 22, 24, 25, 26, 27)",1,1139,probe_repair,"[65, 75, 145, 160, 180, 185, 195, 250, 260, 275, 290, 325, 345, 360, 365]",0.00000000,"[0.00000000, 0.00000000, 0.00000000, 0.00000000, 0.00000000, 0.00000000, 0.00000000]",0.10800000,0.45457143,2->26
7,7,8,1,20,"(15, 20, 22, 24, 25, 26, 27)",2,437,probe_repair,"[10, 35, 55, 60, 65, 75, 95, 130, 140, 205, 210, 240, 250, 260, 325]",0.00000000,"[0.00000000, 0.00000000, 0.00000000, 0.00000000, 0.00000000, 0.00000000, 0.00000000]",0.18200000,0.42927273,21->27
7,7,8,1,20,"(15, 20, 22, 24, 25, 26, 27)",3,1275,probe_repair,"[20, 45, 50, 155, 165, 170, 195, 205, 220, 250, 265, 290, 295, 310, 335]",0.00000000,"[0.00000000, 0.00000000, 0.00000000, 0.00000000, 0.00000000, 0.00000000, 0.00000000]",0.17200000,0.44741558,6->22
7,7,8,1,20,"(15, 20, 22, 24, 25, 26, 27)",4,1370,probe_repair,"[5, 25, 45, 55, 70, 80, 105, 120, 130, 145, 220, 225, 260, 270, 350]",0.00000000,"[0.00000000, 0.00000000, 0.00000000, 0.00000000, 0.00000000, 0.00000000, 0.00000000]",0.10600000,0.45683117,16->20
7,7,8,1,20,"(15, 20, 22, 24, 25, 26, 27)",5,943,probe_repair,"[25, 45, 80, 110, 120, 150, 155, 160, 215, 220, 225, 230, 305, 310, 355]",0.00000000,"[0.00000000, 0.00000000, 0.00000000, 0.00000000, 0.00000000, 0.00000000, 0.00000000]",0.13400000,0.44937662,21->24
7,7,8,1,20,"(15, 20, 22, 24, 25, 26, 27)",6,1137,probe_repair,"[65, 75, 145, 160, 180, 185, 195, 250, 260, 275, 290, 325, 345, 360, 365]",0.00000000,"[0.00000000, 0.00000000, 0.00000000, 0.00000000, 0.00000000, 0.00000000, 0.00000000]",0.13400000,0.45476623,7->27
7,7,8,1,20,"(15, 20, 22, 24, 25, 26, 27)",7,909,probe_repair,"[15, 40, 55, 70, 110, 155, 180, 185, 220, 240, 260, 265, 280, 305, 310]",0.00000000,"[0.00000000, 0.00000000, 0.00000000, 0.00000000, 0.00000000, 0.00000000, 0.00000000]",0.03900000,0.43338961,2->26
7,7,8,1,20,"(15, 20, 22, 24, 25, 26, 27)",8,1250,probe_repair,"[5, 80, 95, 120, 130, 140, 150, 190, 195, 260, 280, 295, 325, 330, 350]",0.00000000,"[0.00000000, 0.00000000, 0.00000000, 0.00000000, 0.00000000, 0.00000000, 0.00000000]",0.21900000,0.44854545,11->15
7,7,8,1,20,"(15, 20, 22, 24, 25, 26, 27)",9,309,probe_repair,"[10, 15, 30, 40, 90, 150, 160, 195, 215, 230, 235, 275, 300, 320, 325]",0.00000000,"[0.00000000, 0.00000000, 0.00000000, 0.00000000, 0.00000000, 0.00000000, 0.00000000]",0.11000000,0.44105195,18->25
7,7,8,1,20,"(15, 20, 22, 24, 25, 26, 27)",10,854,probe_repair,"[10, 40, 45, 110, 115, 150, 160, 165, 215, 255, 295, 310, 330, 345, 350]",0.00000000,"[0.00000000, 0.00000000, 0.00000000, 0.00000000, 0.00000000, 0.00000000, 0.00000000]",0.25400000,0.44779221,16->22
7,7,8,1,21,"(1, 5, 7, 9, 17, 22, 25)",1,186,probe_repair,"[15, 55, 80, 100, 155, 250, 260, 275, 280, 285, 295, 310, 330, 335, 340]",0.00000000,"[0.00000000, 0.00000000, 0.00000000, 0.00000000, 0.00000000, 0.00000000, 0.00000000]",0.22700000,0.45410989,4->9
7,7,8,1,21,"(1, 5, 7, 9, 17, 22, 25)",2,200,probe_repair,"[90, 110, 120, 130, 135, 175, 180, 220, 230, 240, 255, 305, 310, 325, 335]",0.00000000,"[0.00000000, 0.00000000, 0.00000000, 0.00000000, 0.00000000, 0.00000000, 0.00000000]",0.10700000,0.45700000,24->25
7,7,8,1,21,"(1, 5, 7, 9, 17, 22, 25)",3,187,probe_repair,"[15, 55, 80, 100, 155, 250, 260, 275, 280, 285, 295, 310, 330, 335, 340]",0.00000000,"[0.00000000, 0.00000000, 0.00000000, 0.00000000, 0.00000000, 0.00000000, 0.00000000]",0.18000000,0.45017582,2->7
7,7,8,1,21,"(1, 5, 7, 9, 17, 22, 25)",4,103,probe_repair,"[80, 85, 95, 125, 140, 150, 180, 190, 210, 235, 265, 285, 325, 345, 365]",0.00000000,"[0.00000000, 0.00000000, 0.00000000, 0.00000000, 0.00000000, 0.00000000, 0.00000000]",0.22100000,0.45782418,4->25
7,7,8,1,21,"(1, 5, 7, 9, 17, 22, 25)",5,201,probe_repair,"[90, 110, 120, 130, 135, 175, 180, 220, 230, 240, 255, 305, 310, 325, 335]",0.00000000,"[0.00000000, 0.00000000, 0.00000000, 0.00000000, 0.00000000, 0.00000000, 0.00000000]",0.17400000,0.45517582,24->25
7,7,8,1,21,"(1, 5, 7, 9, 17, 22, 25)",6,132,probe_repair,"[30, 50, 65, 90, 135, 175, 190, 225, 230, 235, 240, 330, 340, 345, 355]",0.00000000,"[0.00000000, 0.00000000, 0.00000000, 0.00000000, 0.00000000, 0.00000000, 0.00000000]",0.21700000,0.45140659,11->25
7,7,8,1,21,"(1, 5, 7, 9, 17, 22, 25)",7,219,probe_repair,"[25, 75, 110, 175, 200, 220, 230, 235, 255, 265, 280, 295, 305, 310, 330]",0.00000000,"[0.00000000, 0.00000000, 0.00000000, 0.00000000, 0.00000000, 0.00000000, 0.00000000]",0.25200000,0.44481319,16->7
7,7,8,1,21,"(1, 5, 7, 9, 17, 22, 25)",8,244,probe_repair,"[5, 10, 25, 30, 40, 115, 125, 135, 155, 205, 240, 255, 300, 310, 340]",0.00000000,"[0.00000000, 0.00000000, 0.00000000, 0.00000000, 0.00000000, 0.00000000, 0.00000000]",0.23000000,0.45583516,6->1
7,7,8,1,21,"(1, 5, 7, 9, 17, 22, 25)",9,108,probe_repair,"[80, 85, 95, 125, 140, 150, 180, 190, 210, 235, 265, 285, 325, 345, 365]",0.00000000,"[0.00000000, 0.00000000, 0.00000000, 0.00000000, 0.00000000, 0.00000000, 0.00000000]",0.24300000,0.46176923,4->25
7,7,8,1,21,"(1, 5, 7, 9, 17, 22, 25)",10,233,probe_repair,"[5, 40, 105, 150, 160, 165, 185, 190, 210, 220, 245, 275, 325, 335, 360]",0.00000000,"[0.00000000, 0.00000000, 0.00000000, 0.00000000, 0.00000000, 0.00000000, 0.00000000]",0.04000000,0.44535165,26->7
7,7,8,1,22,"(1, 15, 18, 21, 26, 27, 28)",1,322,probe_repair,"[10, 15, 25, 40, 45, 160, 175, 190, 205, 220, 255, 280, 295, 310, 365]",0.00000000,"[0.00000000, 0.00000000, 0.00000000, 0.00000000, 0.00000000, 0.00000000, 0.00000000]",0.15200000,0.45126190,4->26
7,7,8,1,22,"(1, 15, 18, 21, 26, 27, 28)",2,324,probe_repair,"[10, 15, 25, 40, 45, 160, 175, 190, 205, 220, 255, 280, 295, 310, 365]",0.00000000,"[0.00000000, 0.00000000, 0.00000000, 0.00000000, 0.00000000, 0.00000000, 0.00000000]",0.22300000,0.45394048,6->27
7,7,8,1,22,"(1, 15, 18, 21, 26, 27, 28)",3,68,probe_repair,"[5, 15, 30, 70, 90, 150, 160, 165, 235, 240, 245, 255, 290, 355, 365]",0.00000000,"[0.00000000, 0.00000000, 0.00000000, 0.00000000, 0.00000000, 0.00000000, 0.00000000]",0.24000000,0.45213095,4->27
7,7,8,1,22,"(1, 15, 18, 21, 26, 27, 28)",4,23,probe_repair,"[5, 70, 75, 95, 125, 140, 145, 165, 210, 245, 290, 330, 335, 345, 360]",0.00000000,"[0.00000000, 0.00000000, 0.00000000, 0.00000000, 0.00000000, 0.00000000, 0.00000000]",0.31900000,0.45528571,6->26
7,7,8,1,22,"(1, 15, 18, 21, 26, 27, 28)",5,122,probe_repair,"[10, 40, 45, 55, 65, 175, 220, 240, 255, 265, 280, 290, 295, 310, 360]",0.00000000,"[0.00000000, 0.00000000, 0.00000000, 0.00000000, 0.00000000, 0.00000000, 0.00000000]",0.11900000,0.45410714,17->27
7,7,8,1,22,"(1, 15, 18, 21, 26, 27, 28)",6,129,probe_repair,"[60, 75, 80, 90, 110, 165, 185, 210, 225, 240, 280, 305, 345, 350, 360]",0.00000000,"[0.00000000, 0.00000000, 0.00000000, 0.00000000, 0.00000000, 0.00000000, 0.00000000]",0.20300000,0.45515476,6->26
7,7,8,1,22,"(1, 15, 18, 21, 26, 27, 28)",7,91,probe_repair,"[30, 65, 70, 85, 100, 105, 120, 150, 160, 170, 180, 220, 240, 265, 355]",0.00000000,"[0.00000000, 0.00000000, 0.00000000, 0.00000000, 0.00000000, 0.00000000, 0.00000000]",0.15300000,0.45605952,17->21
7,7,8,1,22,"(1, 15, 18, 21, 26, 27, 28)",8,655,probe_repair,"[60, 65, 80, 115, 175, 180, 190, 200, 205, 220, 225, 250, 265, 275, 345]",0.00000000,"[0.00000000, 0.00000000, 0.00000000, 0.00000000, 0.00000000, 0.00000000, 0.00000000]",0.29300000,0.45895238,7->26
7,7,8,1,22,"(1, 15, 18, 21, 26, 27, 28)",9,513,probe_repair,"[50, 60, 80, 95, 130, 155, 160, 175, 185, 230, 255, 280, 290, 320, 360]",0.00000000,"[0.00000000, 0.00000000, 0.00000000, 0.00000000, 0.00000000, 0.00000000, 0.00000000]",0.26000000,0.44882143,4->15
7,7,8,1,22,"(1, 15, 18, 21, 26, 27, 28)",10,437,probe_repair,"[15, 40, 75, 80, 85, 110, 115, 145, 150, 165, 170, 230, 235, 335, 340]",0.00000000,"[0.00000000, 0.00000000, 0.00000000, 0.00000000, 0.00000000, 0.00000000, 0.00000000]",0.06000000,0.43015476,9->28
7,7,8,1,23,"(1, 11, 15, 18, 20, 24, 28)",1,372,probe_repair,"[5, 25, 40, 65, 90, 130, 145, 165, 170, 185, 255, 275, 285, 295, 340]",0.00000000,"[0.00000000, 0.00000000, 0.00000000, 0.00000000, 0.00000000, 0.00000000, 0.00000000]",0.25100000,0.44932143,2->20
7,7,8,1,23,"(1, 11, 15, 18, 20, 24, 28)",2,479,probe_repair,"[25, 30, 55, 60, 65, 75, 105, 120, 145, 170, 180, 240, 345, 355, 365]",0.00000000,"[0.00000000, 0.00000000, 0.00000000, 0.00000000, 0.00000000, 0.00000000, 0.00000000]",0.22400000,0.44777381,7->28
7,7,8,1,23,"(1, 11, 15, 18, 20, 24, 28)",3,454,probe_repair,"[15, 55, 105, 115, 120, 155, 195, 225, 230, 245, 260, 265, 295, 340, 345]",0.00000000,"[0.00000000, 0.00000000, 0.00000000, 0.00000000, 0.00000000, 0.00000000, 0.00000000]",0.20600000,0.44884524,17->15
7,7,8,1,23,"(1, 11, 15, 18, 20, 24, 28)",4,608,probe_repair,"[50, 65, 95, 135, 155, 195, 230, 280, 295, 310, 335, 340, 345, 350, 355]",0.00000000,"[0.00000000, 0.00000000, 0.00000000, 0.00000000, 0.00000000, 0.00000000, 0.00000000]",0.08400000,0.44613095,17->1
7,7,8,1,23,"(1, 11, 15, 18, 20, 24, 28)",5,348,probe_repair,"[55, 90, 110, 130, 150, 170, 175, 185, 230, 235, 260, 275, 350, 360, 365]",0.00000000,"[0.00000000, 0.00000000, 0.00000000, 0.00000000, 0.00000000, 0.00000000, 0.00000000]",0.29400000,0.45627381,22->1
7,7,8,1,23,"(1, 11, 15, 18, 20, 24, 28)",6,142,probe_repair,"[15, 30, 40, 45, 120, 130, 140, 155, 195, 220, 240, 250, 265, 310, 360]",0.00000000,"[0.00000000, 0.00000000, 0.00000000, 0.00000000, 0.00000000, 0.00000000, 0.00000000]",0.29100000,0.45960714,16->24
7,7,8,1,23,"(1, 11, 15, 18, 20, 24, 28)",7,293,probe_repair,"[40, 55, 60, 80, 95, 135, 200, 210, 225, 265, 285, 290, 335, 345, 365]",0.00000000,"[0.00000000, 0.00000000, 0.00000000, 0.00000000, 0.00000000, 0.00000000, 0.00000000]",0.12800000,0.42658333,9->18
7,7,8,1,23,"(1, 11, 15, 18, 20, 24, 28)",8,617,probe_repair,"[15, 35, 90, 150, 175, 185, 195, 225, 230, 265, 300, 320, 325, 355, 360]",0.00000000,"[0.00000000, 0.00000000, 0.00000000, 0.00000000, 0.00000000, 0.00000000, 0.00000000]",0.26900000,0.45573810,2->1
7,7,8,1,23,"(1, 11, 15, 18, 20, 24, 28)",9,23,probe_repair,"[5, 10, 35, 60, 80, 100, 110, 150, 180, 205, 230, 285, 300, 355, 360]",0.00000000,"[0.00000000, 0.00000000, 0.00000000, 0.00000000, 0.00000000, 0.00000000, 0.00000000]",0.29900000,0.45560714,2->28
7,7,8,1,23,"(1, 11, 15, 18, 20, 24, 28)",10,264,probe_repair,"[35, 55, 120, 125, 165, 180, 190, 225, 230, 240, 245, 265, 290, 295, 310]",0.00000000,"[0.00000000, 0.00000000, 0.00000000, 0.00000000, 0.00000000, 0.00000000, 0.00000000]",0.12400000,0.45396429,26->15
7,7,8,1,24,"(2, 7, 11, 16, 20, 24, 26)",1,156,probe_repair,"[10, 75, 80, 100, 115, 165, 170, 195, 200, 235, 285, 305, 315, 355, 360]",0.00000000,"[0.00000000, 0.00000000, 0.00000000, 0.00000000, 0.00000000, 0.00000000, 0.00000000]",0.15800000,0.45601299,6->7
7,7,8,1,24,"(2, 7, 11, 16, 20, 24, 26)",2,658,probe_repair,"[5, 50, 55, 70, 125, 130, 145, 185, 200, 205, 235, 310, 355, 360, 365]",0.00000000,"[0.00000000, 0.00000000, 0.00000000, 0.00000000, 0.00000000, 0.00000000, 0.00000000]",0.19300000,0.45451948,4->24
7,7,8,1,24,"(2, 7, 11, 16, 20, 24, 26)",3,672,probe_repair,"[20, 35, 75, 85, 110, 130, 145, 170, 175, 225, 235, 255, 290, 295, 310]",0.00000000,"[0.00000000, 0.00000000, 0.00000000, 0.00000000, 0.00000000, 0.00000000, 0.00000000]",0.27100000,0.45696104,25->24
7,7,8,1,24,"(2, 7, 11, 16, 20, 24, 26)",4,124,probe_repair,"[5, 10, 50, 55, 80, 185, 220, 240, 290, 295, 305, 310, 335, 360, 365]",0.00000000,"[0.00000000, 0.00000000, 0.00000000, 0.00000000, 0.00000000, 0.00000000, 0.00000000]",0.23800000,0.45193506,6->26
7,7,8,1,24,"(2, 7, 11, 16, 20, 24, 26)",5,654,probe_repair,"[5, 50, 55, 70, 125, 130, 145, 185, 200, 205, 235, 310, 355, 360, 365]",0.00000000,"[0.00000000, 0.00000000, 0.00000000, 0.00000000, 0.00000000, 0.00000000, 0.00000000]",0.17800000,0.44983117,21->11
7,7,8,1,24,"(2, 7, 11, 16, 20, 24, 26)",6,1544,probe_repair,"[5, 65, 90, 105, 115, 125, 130, 150, 165, 195, 205, 210, 235, 285, 360]",0.00000000,"[0.00000000, 0.00000000, 0.00000000, 0.00000000, 0.00000000, 0.00000000, 0.00000000]",0.27700000,0.45690909,6->7
7,7,8,1,24,"(2, 7, 11, 16, 20, 24, 26)",7,233,probe_repair,"[5, 45, 60, 90, 110, 125, 135, 160, 175, 185, 195, 250, 280, 310, 350]",0.00000000,"[0.00000000, 0.00000000, 0.00000000, 0.00000000, 0.00000000, 0.00000000, 0.00000000]",0.18800000,0.46085714,6->11
7,7,8,1,24,"(2, 7, 11, 16, 20, 24, 26)",8,56,probe_repair,"[10, 20, 45, 80, 85, 100, 140, 160, 180, 240, 265, 290, 300, 330, 360]",0.00000000,"[0.00000000, 0.00000000, 0.00000000, 0.00000000, 0.00000000, 0.00000000, 0.00000000]",0.24600000,0.45174026,28->26
7,7,8,1,24,"(2, 7, 11, 16, 20, 24, 26)",9,1511,probe_repair,"[10, 30, 40, 70, 115, 120, 170, 185, 210, 215, 260, 265, 285, 315, 355]",0.00000000,"[0.00000000, 0.00000000, 0.00000000, 0.00000000, 0.00000000, 0.00000000, 0.00000000]",0.27300000,0.45438961,22->26
7,7,8,1,24,"(2, 7, 11, 16, 20, 24, 26)",10,154,probe_repair,"[10, 75, 80, 100, 115, 165, 170, 195, 200, 235, 285, 305, 315, 355, 360]",0.00000000,"[0.00000000, 0.00000000, 0.00000000, 0.00000000, 0.00000000, 0.00000000, 0.00000000]",0.17100000,0.45532468,15->16
7,7,8,1,25,"(1, 4, 6, 7, 17, 27, 28)",1,123,probe_repair,"[30, 50, 105, 110, 145, 150, 165, 185, 230, 255, 320, 325, 335, 350, 365]",0.00000000,"[0.00000000, 0.00000000, 0.00000000, 0.00000000, 0.00000000, 0.00000000, 0.00000000]",0.20000000,0.45686905,20->7
7,7,8,1,25,"(1, 4, 6, 7, 17, 27, 28)",2,597,probe_repair,"[40, 90, 115, 120, 135, 165, 170, 180, 185, 190, 220, 275, 295, 335, 345]",0.00000000,"[0.00000000, 0.00000000, 0.00000000, 0.00000000, 0.00000000, 0.00000000, 0.00000000]",0.02700000,0.43390476,25->17
7,7,8,1,25,"(1, 4, 6, 7, 17, 27, 28)",3,504,probe_repair,"[30, 40, 50, 80, 115, 155, 165, 185, 210, 225, 230, 235, 255, 280, 300]",0.00000000,"[0.00000000, 0.00000000, 0.00000000, 0.00000000, 0.00000000, 0.00000000, 0.00000000]",0.22900000,0.45623810,22->17
7,7,8,1,25,"(1, 4, 6, 7, 17, 27, 28)",4,318,probe_repair,"[10, 15, 60, 65, 70, 120, 175, 225, 260, 300, 310, 325, 340, 355, 365]",0.00000000,"[0.00000000, 0.00000000, 0.00000000, 0.00000000, 0.00000000, 0.00000000, 0.00000000]",0.26100000,0.45866667,20->28
7,7,8,1,25,"(1, 4, 6, 7, 17, 27, 28)",5,511,probe_repair,"[15, 40, 60, 75, 80, 95, 125, 160, 185, 195, 210, 220, 235, 265, 330]",0.00000000,"[0.00000000, 0.00000000, 0.00000000, 0.00000000, 0.00000000, 0.00000000, 0.00000000]",0.28400000,0.44529762,11->6
7,7,8,1,25,"(1, 4, 6, 7, 17, 27, 28)",6,616,probe_repair,"[5, 30, 40, 55, 85, 100, 105, 140, 170, 180, 240, 275, 310, 330, 350]",0.00000000,"[0.00000000, 0.00000000, 0.00000000, 0.00000000, 0.00000000, 0.00000000, 0.00000000]",0.24600000,0.45001190,22->27
7,7,8,1,25,"(1, 4, 6, 7, 17, 27, 28)",7,89,probe_repair,"[5, 35, 40, 65, 85, 90, 125, 130, 145, 150, 240, 250, 280, 305, 335]",0.00000000,"[0.00000000, 0.00000000, 0.00000000, 0.00000000, 0.00000000, 0.00000000, 0.00000000]",0.17000000,0.46084524,21->1
7,7,8,1,25,"(1, 4, 6, 7, 17, 27, 28)",8,601,probe_repair,"[40, 90, 115, 120, 135, 165, 170, 180, 185, 190, 220, 275, 295, 335, 345]",0.00000000,"[0.00000000, 0.00000000, 0.00000000, 0.00000000, 0.00000000, 0.00000000, 0.00000000]",0.14800000,0.46017857,25->17
7,7,8,1,25,"(1, 4, 6, 7, 17, 27, 28)",9,598,probe_repair,"[40, 90, 115, 120, 135, 165, 170, 180, 185, 190, 220, 275, 295, 335, 345]",0.00000000,"[0.00000000, 0.00000000, 0.00000000, 0.00000000, 0.00000000, 0.00000000, 0.00000000]",0.14400000,0.45780952,25->17
7,7,8,1,25,"(1, 4, 6, 7, 17, 27, 28)",10,228,probe_repair,"[10, 15, 35, 40, 95, 100, 160, 165, 170, 240, 250, 275, 280, 285, 355]",0.00000000,"[0.00000000, 0.00000000, 0.00000000, 0.00000000, 0.00000000, 0.00000000, 0.00000000]",0.24400000,0.45580952,22->1
7,7,8,1,26,"(1, 4, 7, 11, 17, 18, 26)",1,472,probe_repair,"[35, 75, 90, 150, 175, 195, 210, 235, 240, 250, 265, 275, 285, 320, 330]",0.00000000,"[0.00000000, 0.00000000, 0.00000000, 0.00000000, 0.00000000, 0.00000000, 0.00000000]",0.22200000,0.46266667,27->11
7,7,8,1,26,"(1, 4, 7, 11, 17, 18, 26)",2,438,probe_repair,"[30, 40, 95, 105, 115, 120, 125, 130, 140, 150, 180, 265, 285, 295, 310]",0.00000000,"[0.00000000, 0.00000000, 0.00000000, 0.00000000, 0.00000000, 0.00000000, 0.00000000]",0.08300000,0.45202381,27->4
7,7,8,1,26,"(1, 4, 7, 11, 17, 18, 26)",3,500,probe_repair,"[5, 15, 25, 35, 65, 90, 100, 105, 175, 195, 245, 260, 290, 310, 345]",0.00000000,"[0.00000000, 0.00000000, 0.00000000, 0.00000000, 0.00000000, 0.00000000, 0.00000000]",0.12900000,0.44627381,27->4
7,7,8,1,26,"(1, 4, 7, 11, 17, 18, 26)",4,58,probe_repair,"[70, 75, 90, 135, 200, 235, 245, 250, 260, 290, 300, 320, 325, 335, 360]",0.00000000,"[0.00000000, 0.00000000, 0.00000000, 0.00000000, 0.00000000, 0.00000000, 0.00000000]",0.13700000,0.45010714,15->18
7,7,8,1,26,"(1, 4, 7, 11, 17, 18, 26)",5,497,probe_repair,"[5, 15, 25, 35, 65, 90, 100, 105, 175, 195, 245, 260, 290, 310, 345]",0.00000000,"[0.00000000, 0.00000000, 0.00000000, 0.00000000, 0.00000000, 0.00000000, 0.00000000]",0.09900000,0.45254762,27->4
7,7,8,1,26,"(1, 4, 7, 11, 17, 18, 26)",6,196,probe_repair,"[90, 95, 125, 190, 230, 245, 255, 265, 280, 310, 320, 325, 340, 360, 365]",0.00000000,"[0.00000000, 0.00000000, 0.00000000, 0.00000000, 0.00000000, 0.00000000, 0.00000000]",0.33300000,0.46136905,21->18
7,7,8,1,26,"(1, 4, 7, 11, 17, 18, 26)",7,470,probe_repair,"[35, 75, 90, 150, 175, 195, 210, 235, 240, 250, 265, 275, 285, 320, 330]",0.00000000,"[0.00000000, 0.00000000, 0.00000000, 0.00000000, 0.00000000, 0.00000000, 0.00000000]",0.32000000,0.46721429,27->11
7,7,8,1,26,"(1, 4, 7, 11, 17, 18, 26)",8,681,probe_repair,"[5, 45, 100, 105, 125, 130, 145, 165, 170, 185, 290, 300, 320, 330, 335]",0.00000000,"[0.00000000, 0.00000000, 0.00000000, 0.00000000, 0.00000000, 0.00000000, 0.00000000]",0.20800000,0.45007143,2->1
7,7,8,1,26,"(1, 4, 7, 11, 17, 18, 26)",9,498,probe_repair,"[5, 15, 25, 35, 65, 90, 100, 105, 175, 195, 245, 260, 290, 310, 345]",0.00000000,"[0.00000000, 0.00000000, 0.00000000, 0.00000000, 0.00000000, 0.00000000, 0.00000000]",0.12200000,0.45497619,27->4
7,7,8,1,26,"(1, 4, 7, 11, 17, 18, 26)",10,435,probe_repair,"[30, 55, 75, 95, 120, 125, 135, 160, 185, 235, 255, 285, 305, 330, 365]",0.00000000,"[0.00000000, 0.00000000, 0.00000000, 0.00000000, 0.00000000, 0.00000000, 0.00000000]",0.16800000,0.44685714,21->17
7,7,8,1,27,"(7, 16, 17, 18, 26, 27, 28)",1,540,probe_repair,"[5, 10, 80, 130, 140, 165, 180, 195, 205, 240, 255, 265, 305, 320, 335]",0.00000000,"[0.00000000, 0.00000000, 0.00000000, 0.00000000, 0.00000000, 0.00000000, 0.00000000]",0.25600000,0.45511688,20->7
7,7,8,1,27,"(7, 16, 17, 18, 26, 27, 28)",2,906,probe_repair,"[5, 15, 25, 40, 85, 110, 115, 160, 180, 230, 235, 295, 340, 350, 355]",0.00000000,"[0.00000000, 0.00000000, 0.00000000, 0.00000000, 0.00000000, 0.00000000, 0.00000000]",0.16900000,0.45081818,21->7
7,7,8,1,27,"(7, 16, 17, 18, 26, 27, 28)",3,262,probe_repair,"[40, 55, 60, 80, 125, 140, 170, 205, 250, 265, 275, 285, 300, 340, 345]",0.00000000,"[0.00000000, 0.00000000, 0.00000000, 0.00000000, 0.00000000, 0.00000000, 0.00000000]",0.32100000,0.46090909,20->7
7,7,8,1,27,"(7, 16, 17, 18, 26, 27, 28)",4,534,probe_repair,"[5, 10, 80, 130, 140, 165, 180, 195, 205, 240, 255, 265, 305, 320, 335]",0.00000000,"[0.00000000, 0.00000000, 0.00000000, 0.00000000, 0.00000000, 0.00000000, 0.00000000]",0.30500000,0.45325974,11->16
7,7,8,1,27,"(7, 16, 17, 18, 26, 27, 28)",5,1231,probe_repair,"[30, 40, 45, 55, 110, 120, 165, 170, 175, 190, 230, 255, 300, 330, 335]",0.00000000,"[0.00000000, 0.00000000, 0.00000000, 0.00000000, 0.00000000, 0.00000000, 0.00000000]",0.01700000,0.46314286,15->17
7,7,8,1,27,"(7, 16, 17, 18, 26, 27, 28)",6,1494,probe_repair,"[10, 15, 140, 170, 175, 190, 205, 240, 270, 300, 305, 310, 330, 355, 365]",0.00000000,"[0.00000000, 0.00000000, 0.00000000, 0.00000000, 0.00000000, 0.00000000, 0.00000000]",0.22900000,0.45315584,24->16
7,7,8,1,27,"(7, 16, 17, 18, 26, 27, 28)",7,369,probe_repair,"[10, 30, 50, 115, 135, 175, 185, 220, 225, 240, 245, 275, 300, 315, 320]",0.00000000,"[0.00000000, 0.00000000, 0.00000000, 0.00000000, 0.00000000, 0.00000000, 0.00000000]",0.13100000,0.45392208,24->27
7,7,8,1,27,"(7, 16, 17, 18, 26, 27, 28)",8,193,probe_repair,"[15, 45, 65, 85, 120, 145, 220, 230, 255, 260, 280, 325, 335, 350, 355]",0.00000000,"[0.00000000, 0.00000000, 0.00000000, 0.00000000, 0.00000000, 0.00000000, 0.00000000]",0.15900000,0.44955844,20->27
7,7,8,1,27,"(7, 16, 17, 18, 26, 27, 28)",9,1469,probe_repair,"[20, 30, 50, 100, 125, 160, 185, 190, 215, 230, 265, 270, 275, 300, 330]",0.00000000,"[0.00000000, 0.00000000, 0.00000000, 0.00000000, 0.00000000, 0.00000000, 0.00000000]",0.07200000,0.42175325,24->7
7,7,8,1,27,"(7, 16, 17, 18, 26, 27, 28)",10,192,probe_repair,"[15, 45, 65, 85, 120, 145, 220, 230, 255, 260, 280, 325, 335, 350, 355]",0.00000000,"[0.00000000, 0.00000000, 0.00000000, 0.00000000, 0.00000000, 0.00000000, 0.00000000]",0.13300000,0.45159740,20->27
7,7,8,1,28,"(5, 7, 11, 15, 21, 24, 26)",1,159,probe_repair,"[40, 50, 65, 85, 100, 130, 140, 200, 215, 245, 285, 300, 335, 340, 360]",0.00000000,"[0.00000000, 0.00000000, 0.00000000, 0.00000000, 0.00000000, 0.00000000, 0.00000000]",0.19700000,0.45955952,20->7
7,7,8,1,28,"(5, 7, 11, 15, 21, 24, 26)",2,161,probe_repair,"[40, 50, 65, 85, 100, 130, 140, 200, 215, 245, 285, 300, 335, 340, 360]",0.00000000,"[0.00000000, 0.00000000, 0.00000000, 0.00000000, 0.00000000, 0.00000000, 0.00000000]",0.20900000,0.45496429,25->21
7,7,8,1,28,"(5, 7, 11, 15, 21, 24, 26)",3,142,probe_repair,"[15, 30, 35, 40, 65, 100, 105, 265, 270, 275, 295, 300, 325, 355, 360]",0.00000000,"[0.00000000, 0.00000000, 0.00000000, 0.00000000, 0.00000000, 0.00000000, 0.00000000]",0.07500000,0.44886905,25->15
7,7,8,1,28,"(5, 7, 11, 15, 21, 24, 26)",4,462,probe_repair,"[5, 15, 40, 145, 155, 170, 180, 190, 240, 255, 265, 290, 300, 330, 335]",0.00000000,"[0.00000000, 0.00000000, 0.00000000, 0.00000000, 0.00000000, 0.00000000, 0.00000000]",0.11600000,0.45654762,2->7
7,7,8,1,28,"(5, 7, 11, 15, 21, 24, 26)",5,164,probe_repair,"[40, 50, 65, 85, 100, 130, 140, 200, 215, 245, 285, 300, 335, 340, 360]",0.00000000,"[0.00000000, 0.00000000, 0.00000000, 0.00000000, 0.00000000, 0.00000000, 0.00000000]",0.22400000,0.45633333,25->21
7,7,8,1,28,"(5, 7, 11, 15, 21, 24, 26)",6,147,probe_repair,"[15, 30, 35, 40, 65, 100, 105, 265, 270, 275, 295, 300, 325, 355, 360]",0.00000000,"[0.00000000, 0.00000000, 0.00000000, 0.00000000, 0.00000000, 0.00000000, 0.00000000]",0.12000000,0.44848810,25->15
7,7,8,1,28,"(5, 7, 11, 15, 21, 24, 26)",7,146,probe_repair,"[15, 30, 35, 40, 65, 100, 105, 265, 270, 275, 295, 300, 325, 355, 360]",0.00000000,"[0.00000000, 0.00000000, 0.00000000, 0.00000000, 0.00000000, 0.00000000, 0.00000000]",0.03300000,0.45469048,25->15
7,7,8,1,28,"(5, 7, 11, 15, 21, 24, 26)",8,509,probe_repair,"[20, 35, 75, 85, 110, 120, 140, 155, 170, 245, 270, 295, 310, 340, 355]",0.00000000,"[0.00000000, 0.00000000, 0.00000000, 0.00000000, 0.00000000, 0.00000000, 0.00000000]",0.09600000,0.42864286,28->15
7,7,8,1,28,"(5, 7, 11, 15, 21, 24, 26)",9,145,probe_repair,"[15, 30, 35, 40, 65, 100, 105, 265, 270, 275, 295, 300, 325, 355, 360]",0.00000000,"[0.00000000, 0.00000000, 0.00000000, 0.00000000, 0.00000000, 0.00000000, 0.00000000]",0.03200000,0.45191667,25->15
7,7,8,1,28,"(5, 7, 11, 15, 21, 24, 26)",10,664,probe_repair,"[30, 50, 90, 140, 170, 175, 185, 205, 235, 245, 295, 300, 315, 325, 345]",0.00000000,"[0.00000000, 0.00000000, 0.00000000, 0.00000000, 0.00000000, 0.00000000, 0.00000000]",0.24900000,0.44745238,2->7
7,7,8,1,29,"(1, 4, 15, 16, 17, 22, 27)",1,615,probe_repair,"[45, 60, 65, 90, 95, 100, 130, 160, 165, 170, 200, 280, 285, 330, 360]",0.00000000,"[0.00000000, 0.00000000, 0.00000000, 0.00000000, 0.00000000, 0.00000000, 0.00000000]",0.19800000,0.45667857,20->22
7,7,8,1,29,"(1, 4, 15, 16, 17, 22, 27)",2,535,probe_repair,"[10, 90, 110, 140, 170, 200, 205, 245, 250, 275, 290, 300, 320, 330, 340]",0.00000000,"[0.00000000, 0.00000000, 0.00000000, 0.00000000, 0.00000000, 0.00000000, 0.00000000]",0.17800000,0.45514286,7->22
7,7,8,1,29,"(1, 4, 15, 16, 17, 22, 27)",3,166,probe_repair,"[25, 30, 80, 90, 95, 115, 120, 175, 185, 190, 200, 205, 235, 275, 310]",0.00000000,"[0.00000000, 0.00000000, 0.00000000, 0.00000000, 0.00000000, 0.00000000, 0.00000000]",0.15900000,0.45423810,9->17
7,7,8,1,29,"(1, 4, 15, 16, 17, 22, 27)",4,584,probe_repair,"[10, 45, 65, 80, 85, 165, 180, 185, 220, 230, 240, 260, 320, 330, 360]",0.00000000,"[0.00000000, 0.00000000, 0.00000000, 0.00000000, 0.00000000, 0.00000000, 0.00000000]",0.23300000,0.45171429,2->15
7,7,8,1,29,"(1, 4, 15, 16, 17, 22, 27)",5,625,probe_repair,"[40, 45, 60, 100, 105, 155, 170, 180, 190, 195, 245, 250, 290, 310, 365]",0.00000000,"[0.00000000, 0.00000000, 0.00000000, 0.00000000, 0.00000000, 0.00000000, 0.00000000]",0.18600000,0.44475000,6->22
7,7,8,1,29,"(1, 4, 15, 16, 17, 22, 27)",6,117,probe_repair,"[5, 35, 40, 75, 115, 145, 155, 160, 220, 240, 275, 285, 300, 305, 310]",0.00000000,"[0.00000000, 0.00000000, 0.00000000, 0.00000000, 0.00000000, 0.00000000, 0.00000000]",0.09900000,0.42916667,11->17
7,7,8,1,29,"(1, 4, 15, 16, 17, 22, 27)",7,223,probe_repair,"[45, 50, 55, 75, 155, 190, 210, 225, 230, 245, 290, 300, 320, 360, 365]",0.00000000,"[0.00000000, 0.00000000, 0.00000000, 0.00000000, 0.00000000, 0.00000000, 0.00000000]",0.27900000,0.44983333,20->17
7,7,8,1,29,"(1, 4, 15, 16, 17, 22, 27)",8,41,probe_repair,"[25, 55, 70, 90, 105, 175, 210, 220, 230, 290, 310, 330, 340, 350, 360]",0.00000000,"[0.00000000, 0.00000000, 0.00000000, 0.00000000, 0.00000000, 0.00000000, 0.00000000]",0.17300000,0.44757143,21->16
7,7,8,1,29,"(1, 4, 15, 16, 17, 22, 27)",9,685,probe_repair,"[5, 35, 65, 75, 85, 110, 115, 130, 135, 155, 175, 210, 330, 345, 355]",0.00000000,"[0.00000000, 0.00000000, 0.00000000, 0.00000000, 0.00000000, 0.00000000, 0.00000000]",0.08500000,0.43479762,20->17
7,7,8,1,29,"(1, 4, 15, 16, 17, 22, 27)",10,534,probe_repair,"[10, 90, 110, 140, 170, 200, 205, 245, 250, 275, 290, 300, 320, 330, 340]",0.00000000,"[0.00000000, 0.00000000, 0.00000000, 0.00000000, 0.00000000, 0.00000000, 0.00000000]",0.22400000,0.45435714,2->1
7,7,8,1,30,"(4, 11, 16, 17, 20, 25, 28)",1,70,probe_repair,"[65, 80, 100, 155, 210, 225, 240, 245, 250, 260, 295, 305, 345, 350, 355]",0.00000000,"[0.00000000, 0.00000000, 0.00000000, 0.00000000, 0.00000000, 0.00000000, 0.00000000]",0.09200000,0.45018182,2->28
7,7,8,1,30,"(4, 11, 16, 17, 20, 25, 28)",2,1093,probe_repair,"[20, 45, 75, 80, 85, 125, 135, 140, 145, 155, 210, 215, 240, 295, 335]",0.00000000,"[0.00000000, 0.00000000, 0.00000000, 0.00000000, 0.00000000, 0.00000000, 0.00000000]",0.21800000,0.44014286,26->4
7,7,8,1,30,"(4, 11, 16, 17, 20, 25, 28)",3,844,probe_repair,"[20, 40, 45, 65, 105, 115, 170, 175, 240, 250, 255, 275, 295, 325, 360]",0.00000000,"[0.00000000, 0.00000000, 0.00000000, 0.00000000, 0.00000000, 0.00000000, 0.00000000]",0.21100000,0.45523377,22->20
7,7,8,1,30,"(4, 11, 16, 17, 20, 25, 28)",4,71,probe_repair,"[65, 80, 100, 155, 210, 225, 240, 245, 250, 260, 295, 305, 345, 350, 355]",0.00000000,"[0.00000000, 0.00000000, 0.00000000, 0.00000000, 0.00000000, 0.00000000, 0.00000000]",0.05200000,0.44420779,2->28
7,7,8,1,30,"(4, 11, 16, 17, 20, 25, 28)",5,800,probe_repair,"[10, 55, 65, 110, 115, 125, 175, 195, 200, 220, 235, 270, 290, 325, 355]",0.00000000,"[0.00000000, 0.00000000, 0.00000000, 0.00000000, 0.00000000, 0.00000000, 0.00000000]",0.27300000,0.45606494,15->28
7,7,8,1,30,"(4, 11, 16, 17, 20, 25, 28)",6,491,probe_repair,"[35, 45, 135, 140, 175, 200, 205, 235, 245, 285, 300, 345, 350, 355, 360]",0.00000000,"[0.00000000, 0.00000000, 0.00000000, 0.00000000, 0.00000000, 0.00000000, 0.00000000]",0.23100000,0.45718182,18->11
7,7,8,1,30,"(4, 11, 16, 17, 20, 25, 28)",7,238,probe_repair,"[30, 85, 95, 115, 130, 165, 200, 255, 280, 290, 300, 330, 345, 350, 355]",0.00000000,"[0.00000000, 0.00000000, 0.00000000, 0.00000000, 0.00000000, 0.00000000, 0.00000000]",0.11400000,0.44681818,7->17
7,7,8,1,30,"(4, 11, 16, 17, 20, 25, 28)",8,1060,probe_repair,"[5, 10, 15, 25, 75, 90, 105, 115, 140, 145, 185, 200, 260, 330, 360]",0.00000000,"[0.00000000, 0.00000000, 0.00000000, 0.00000000, 0.00000000, 0.00000000, 0.00000000]",0.17900000,0.45263636,21->17
7,7,8,1,30,"(4, 11, 16, 17, 20, 25, 28)",9,489,probe_repair,"[35, 45, 135, 140, 175, 200, 205, 235, 245, 285, 300, 345, 350, 355, 360]",0.00000000,"[0.00000000, 0.00000000, 0.00000000, 0.00000000, 0.00000000, 0.00000000, 0.00000000]",0.12000000,0.45284416,18->11
7,7,8,1,30,"(4, 11, 16, 17, 20, 25, 28)",10,1502,probe_repair,"[25, 50, 55, 75, 120, 150, 160, 215, 225, 230, 240, 275, 285, 300, 340]",0.00000000,"[0.00000000, 0.00000000, 0.00000000, 0.00000000, 0.00000000, 0.00000000, 0.00000000]",0.29500000,0.46012987,15->28
7,7,8,1,31,"(5, 9, 15, 16, 18, 20, 27)",1,527,probe_repair,"[25, 35, 50, 95, 125, 145, 175, 210, 250, 275, 280, 295, 300, 345, 360]",0.00000000,"[0.00000000, 0.00000000, 0.00000000, 0.00000000, 0.00000000, 0.00000000, 0.00000000]",0.23200000,0.45419048,26->9
7,7,8,1,31,"(5, 9, 15, 16, 18, 20, 27)",2,59,probe_repair,"[30, 45, 85, 95, 100, 105, 115, 125, 135, 160, 175, 230, 255, 315, 360]",0.00000000,"[0.00000000, 0.00000000, 0.00000000, 0.00000000, 0.00000000, 0.00000000, 0.00000000]",0.17700000,0.44869048,6->15
7,7,8,1,31,"(5, 9, 15, 16, 18, 20, 27)",3,558,probe_repair,"[10, 20, 30, 35, 80, 100, 125, 130, 180, 220, 225, 235, 255, 310, 360]",0.00000000,"[0.00000000, 0.00000000, 0.00000000, 0.00000000, 0.00000000, 0.00000000, 0.00000000]",0.26500000,0.46029762,25->9
7,7,8,1,31,"(5, 9, 15, 16, 18, 20, 27)",4,566,probe_repair,"[35, 40, 55, 135, 140, 245, 250, 255, 260, 275, 290, 300, 325, 345, 365]",0.00000000,"[0.00000000, 0.00000000, 0.00000000, 0.00000000, 0.00000000, 0.00000000, 0.00000000]",0.28000000,0.45688095,11->16
7,7,8,1,31,"(5, 9, 15, 16, 18, 20, 27)",5,71,probe_repair,"[45, 50, 60, 90, 110, 125, 140, 155, 165, 175, 250, 315, 340, 360, 365]",0.00000000,"[0.00000000, 0.00000000, 0.00000000, 0.00000000, 0.00000000, 0.00000000, 0.00000000]",0.19700000,0.45655952,26->18
7,7,8,1,31,"(5, 9, 15, 16, 18, 20, 27)",6,417,probe_repair,"[5, 20, 45, 50, 60, 80, 90, 120, 135, 140, 170, 190, 200, 250, 290]",0.00000000,"[0.00000000, 0.00000000, 0.00000000, 0.00000000, 0.00000000, 0.00000000, 0.00000000]",0.28100000,0.45336905,26->18
7,7,8,1,31,"(5, 9, 15, 16, 18, 20, 27)",7,413,probe_repair,"[5, 20, 45, 50, 60, 80, 90, 120, 135, 140, 170, 190, 200, 250, 290]",0.00000000,"[0.00000000, 0.00000000, 0.00000000, 0.00000000, 0.00000000, 0.00000000, 0.00000000]",0.12200000,0.43500000,24->27
7,7,8,1,31,"(5, 9, 15, 16, 18, 20, 27)",8,346,probe_repair,"[20, 45, 50, 85, 120, 130, 145, 155, 185, 210, 225, 235, 280, 315, 340]",0.00000000,"[0.00000000, 0.00000000, 0.00000000, 0.00000000, 0.00000000, 0.00000000, 0.00000000]",0.23200000,0.45650000,26->18
7,7,8,1,31,"(5, 9, 15, 16, 18, 20, 27)",9,441,probe_repair,"[5, 35, 40, 55, 85, 95, 100, 145, 185, 200, 210, 225, 260, 290, 360]",0.00000000,"[0.00000000, 0.00000000, 0.00000000, 0.00000000, 0.00000000, 0.00000000, 0.00000000]",0.25800000,0.44895238,11->16
7,7,8,1,31,"(5, 9, 15, 16, 18, 20, 27)",10,474,probe_repair,"[20, 50, 80, 95, 100, 160, 175, 225, 230, 255, 265, 275, 295, 360, 365]",0.00000000,"[0.00000000, 0.00000000, 0.00000000, 0.00000000, 0.00000000, 0.00000000, 0.00000000]",0.28300000,0.45572619,11->27
7,7,8,1,32,"(2, 15, 18, 20, 22, 24, 25)",1,429,probe_repair,"[5, 35, 130, 185, 195, 230, 245, 270, 290, 315, 320, 340, 345, 350, 365]",0.00000000,"[0.00000000, 0.00000000, 0.00000000, 0.00000000, 0.00000000, 0.00000000, 0.00000000]",0.00000000,0.44251948,4->24
7,7,8,1,32,"(2, 15, 18, 20, 22, 24, 25)",2,85,probe_repair,"[10, 65, 90, 115, 125, 140, 150, 165, 185, 195, 210, 300, 305, 350, 355]",0.00000000,"[0.00000000, 0.00000000, 0.00000000, 0.00000000, 0.00000000, 0.00000000, 0.00000000]",0.12400000,0.43914286,21->2
7,7,8,1,32,"(2, 15, 18, 20, 22, 24, 25)",3,1017,probe_repair,"[40, 80, 90, 95, 165, 170, 180, 200, 205, 225, 230, 235, 310, 315, 335]",0.00000000,"[0.00000000, 0.00000000, 0.00000000, 0.00000000, 0.00000000, 0.00000000, 0.00000000]",0.23900000,0.46232468,16->20
7,7,8,1,32,"(2, 15, 18, 20, 22, 24, 25)",4,439,probe_repair,"[5, 10, 15, 25, 35, 45, 60, 70, 125, 160, 185, 205, 230, 245, 285]",0.00000000,"[0.00000000, 0.00000000, 0.00000000, 0.00000000, 0.00000000, 0.00000000, 0.00000000]",0.23200000,0.45323377,4->25
7,7,8,1,32,"(2, 15, 18, 20, 22, 24, 25)",5,1586,probe_repair,"[20, 60, 85, 95, 100, 120, 135, 160, 165, 245, 255, 295, 305, 350, 360]",0.00000000,"[0.00000000, 0.00000000, 0.00000000, 0.00000000, 0.00000000, 0.00000000, 0.00000000]",0.23800000,0.45003896,17->20
7,7,8,1,32,"(2, 15, 18, 20, 22, 24, 25)",6,1096,probe_repair,"[10, 35, 60, 95, 145, 155, 160, 165, 190, 195, 200, 250, 295, 300, 360]",0.00000000,"[0.00000000, 0.00000000, 0.00000000, 0.00000000, 0.00000000, 0.00000000, 0.00000000]",0.22600000,0.45288312,9->22
7,7,8,1,32,"(2, 15, 18, 20, 22, 24, 25)",7,1204,probe_repair,"[60, 75, 95, 110, 125, 140, 155, 185, 215, 260, 275, 300, 320, 325, 350]",0.00000000,"[0.00000000, 0.00000000, 0.00000000, 0.00000000, 0.00000000, 0.00000000, 0.00000000]",0.17200000,0.45124675,28->18
7,7,8,1,32,"(2, 15, 18, 20, 22, 24, 25)",8,1085,probe_repair,"[45, 85, 90, 125, 135, 140, 145, 240, 285, 300, 310, 315, 320, 345, 355]",0.00000000,"[0.00000000, 0.00000000, 0.00000000, 0.00000000, 0.00000000, 0.00000000, 0.00000000]",0.02700000,0.43122078,4->25
7,7,8,1,32,"(2, 15, 18, 20, 22, 24, 25)",9,951,probe_repair,"[5, 65, 80, 90, 125, 145, 150, 170, 175, 255, 290, 300, 320, 345, 355]",0.00000000,"[0.00000000, 0.00000000, 0.00000000, 0.00000000, 0.00000000, 0.00000000, 0.00000000]",0.11800000,0.45440260,4->25
7,7,8,1,32,"(2, 15, 18, 20, 22, 24, 25)",10,497,probe_repair,"[5, 40, 45, 50, 60, 65, 100, 125, 140, 180, 190, 200, 260, 285, 320]",0.00000000,"[0.00000000, 0.00000000, 0.00000000, 0.00000000, 0.00000000, 0.00000000, 0.00000000]",0.29700000,0.45868831,11->25
7,7,8,1,33,"(1, 4, 9, 16, 20, 24, 28)",1,442,probe_repair,"[15, 75, 80, 105, 110, 115, 160, 200, 230, 250, 260, 285, 310, 330, 335]",0.00000000,"[0.00000000, 0.00000000, 0.00000000, 0.00000000, 0.00000000, 0.00000000, 0.00000000]",0.23600000,0.45234524,7->28
7,7,8,1,33,"(1, 4, 9, 16, 20, 24, 28)",2,200,probe_repair,"[5, 15, 70, 75, 125, 135, 140, 150, 195, 210, 240, 275, 280, 345, 360]",0.00000000,"[0.00000000, 0.00000000, 0.00000000, 0.00000000, 0.00000000, 0.00000000, 0.00000000]",0.14700000,0.45215476,6->4
7,7,8,1,33,"(1, 4, 9, 16, 20, 24, 28)",3,532,probe_repair,"[10, 25, 75, 100, 115, 140, 170, 175, 190, 195, 225, 250, 320, 335, 365]",0.00000000,"[0.00000000, 0.00000000, 0.00000000, 0.00000000, 0.00000000, 0.00000000, 0.00000000]",0.16900000,0.46045238,11->4
7,7,8,1,33,"(1, 4, 9, 16, 20, 24, 28)",4,557,probe_repair,"[25, 40, 75, 85, 110, 125, 150, 165, 175, 205, 245, 280, 290, 310, 360]",0.00000000,"[0.00000000, 0.00000000, 0.00000000, 0.00000000, 0.00000000, 0.00000000, 0.00000000]",0.05200000,0.42734524,15->4
7,7,8,1,33,"(1, 4, 9, 16, 20, 24, 28)",5,314,probe_repair,"[15, 60, 75, 80, 125, 130, 135, 160, 190, 205, 230, 260, 280, 350, 360]",0.00000000,"[0.00000000, 0.00000000, 0.00000000, 0.00000000, 0.00000000, 0.00000000, 0.00000000]",0.22200000,0.45346429,25->16
7,7,8,1,33,"(1, 4, 9, 16, 20, 24, 28)",6,627,probe_repair,"[35, 50, 60, 80, 100, 110, 125, 135, 200, 240, 245, 285, 300, 320, 335]",0.00000000,"[0.00000000, 0.00000000, 0.00000000, 0.00000000, 0.00000000, 0.00000000, 0.00000000]",0.16600000,0.44552381,27->24
7,7,8,1,33,"(1, 4, 9, 16, 20, 24, 28)",7,624,probe_repair,"[35, 50, 60, 80, 100, 110, 125, 135, 200, 240, 245, 285, 300, 320, 335]",0.00000000,"[0.00000000, 0.00000000, 0.00000000, 0.00000000, 0.00000000, 0.00000000, 0.00000000]",0.08500000,0.44417857,27->24
7,7,8,1,33,"(1, 4, 9, 16, 20, 24, 28)",8,628,probe_repair,"[35, 50, 60, 80, 100, 110, 125, 135, 200, 240, 245, 285, 300, 320, 335]",0.00000000,"[0.00000000, 0.00000000, 0.00000000, 0.00000000, 0.00000000, 0.00000000, 0.00000000]",0.13300000,0.44985714,27->24
7,7,8,1,33,"(1, 4, 9, 16, 20, 24, 28)",9,398,probe_repair,"[5, 35, 105, 110, 120, 125, 135, 160, 185, 250, 260, 265, 295, 320, 355]",0.00000000,"[0.00000000, 0.00000000, 0.00000000, 0.00000000, 0.00000000, 0.00000000, 0.00000000]",0.20900000,0.44952381,26->16
7,7,8,1,33,"(1, 4, 9, 16, 20, 24, 28)",10,312,probe_repair,"[15, 60, 75, 80, 125, 130, 135, 160, 190, 205, 230, 260, 280, 350, 360]",0.00000000,"[0.00000000, 0.00000000, 0.00000000, 0.00000000, 0.00000000, 0.00000000, 0.00000000]",0.25000000,0.45309524,25->16
7,7,8,1,34,"(2, 6, 18, 20, 24, 25, 26)",1,1071,probe_repair,"[5, 20, 45, 65, 70, 80, 135, 180, 225, 260, 295, 315, 330, 350, 360]",0.00000000,"[0.00000000, 0.00000000, 0.00000000, 0.00000000, 0.00000000, 0.00000000, 0.00000000]",0.25700000,0.45693506,27->26
7,7,8,1,34,"(2, 6, 18, 20, 24, 25, 26)",2,912,probe_repair,"[30, 75, 100, 170, 190, 205, 235, 245, 260, 280, 295, 310, 320, 345, 355]",0.00000000,"[0.00000000, 0.00000000, 0.00000000, 0.00000000, 0.00000000, 0.00000000, 0.00000000]",0.14800000,0.44862338,28->2
7,7,8,1,34,"(2, 6, 18, 20, 24, 25, 26)",3,244,probe_repair,"[30, 45, 75, 135, 185, 210, 225, 240, 245, 285, 295, 335, 345, 355, 365]",0.00000000,"[0.00000000, 0.00000000, 0.00000000, 0.00000000, 0.00000000, 0.00000000, 0.00000000]",0.29400000,0.45119481,17->18
7,7,8,1,34,"(2, 6, 18, 20, 24, 25, 26)",4,841,probe_repair,"[15, 25, 55, 65, 80, 105, 140, 160, 210, 220, 260, 280, 310, 330, 335]",0.00000000,"[0.00000000, 0.00000000, 0.00000000, 0.00000000, 0.00000000, 0.00000000, 0.00000000]",0.28900000,0.45553247,27->18
7,7,8,1,34,"(2, 6, 18, 20, 24, 25, 26)",5,445,probe_repair,"[25, 45, 50, 75, 115, 170, 195, 210, 285, 315, 335, 340, 345, 355, 365]",0.00000000,"[0.00000000, 0.00000000, 0.00000000, 0.00000000, 0.00000000, 0.00000000, 0.00000000]",0.21600000,0.43671429,16->2
7,7,8,1,34,"(2, 6, 18, 20, 24, 25, 26)",6,1203,probe_repair,"[45, 60, 85, 100, 105, 125, 130, 190, 195, 215, 240, 270, 335, 345, 350]",0.00000000,"[0.00000000, 0.00000000, 0.00000000, 0.00000000, 0.00000000, 0.00000000, 0.00000000]",0.08400000,0.45264935,21->6
7,7,8,1,34,"(2, 6, 18, 20, 24, 25, 26)",7,469,probe_repair,"[10, 20, 65, 135, 170, 180, 190, 215, 240, 260, 275, 315, 325, 345, 355]",0.00000000,"[0.00000000, 0.00000000, 0.00000000, 0.00000000, 0.00000000, 0.00000000, 0.00000000]",0.01300000,0.42900000,4->26
7,7,8,1,34,"(2, 6, 18, 20, 24, 25, 26)",8,240,probe_repair,"[30, 45, 75, 135, 185, 210, 225, 240, 245, 285, 295, 335, 345, 355, 365]",0.00000000,"[0.00000000, 0.00000000, 0.00000000, 0.00000000, 0.00000000, 0.00000000, 0.00000000]",0.31100000,0.45638961,17->18
7,7,8,1,34,"(2, 6, 18, 20, 24, 25, 26)",9,850,probe_repair,"[5, 40, 65, 85, 140, 170, 175, 265, 270, 275, 285, 305, 315, 330, 340]",0.00000000,"[0.00000000, 0.00000000, 0.00000000, 0.00000000, 0.00000000, 0.00000000, 0.00000000]",0.28600000,0.45263636,22->25
7,7,8,1,34,"(2, 6, 18, 20, 24, 25, 26)",10,211,probe_repair,"[10, 20, 40, 60, 80, 95, 125, 150, 170, 175, 205, 215, 225, 265, 365]",0.00000000,"[0.00000000, 0.00000000, 0.00000000, 0.00000000, 0.00000000, 0.00000000, 0.00000000]",0.12300000,0.44393506,9->25
7,7,8,1,35,"(6, 9, 16, 17, 22, 24, 28)",1,1064,probe_repair,"[15, 75, 85, 90, 130, 155, 180, 215, 225, 230, 235, 245, 310, 335, 355]",0.00000000,"[0.00000000, 0.00000000, 0.00000000, 0.00000000, 0.00000000, 0.00000000, 0.00000000]",0.25900000,0.45131169,15->9
7,7,8,1,35,"(6, 9, 16, 17, 22, 24, 28)",2,1068,probe_repair,"[15, 75, 85, 90, 130, 155, 180, 215, 225, 230, 235, 245, 310, 335, 355]",0.00000000,"[0.00000000, 0.00000000, 0.00000000, 0.00000000, 0.00000000, 0.00000000, 0.00000000]",0.19500000,0.45524675,15->9
7,7,8,1,35,"(6, 9, 16, 17, 22, 24, 28)",3,1,baseline,"[5, 30, 55, 80, 105, 130, 155, 180, 205, 230, 255, 280, 305, 330, 355]",0.00000000,"[0.00000000, 0.00000000, 0.00000000, 0.00000000, 0.00000000, 0.00000000, 0.00000000]",0.02000000,0.42900000,26->17
7,7,8,1,35,"(6, 9, 16, 17, 22, 24, 28)",4,695,probe_repair,"[15, 65, 100, 105, 115, 140, 150, 210, 260, 265, 275, 325, 335, 350, 355]",0.00000000,"[0.00000000, 0.00000000, 0.00000000, 0.00000000, 0.00000000, 0.00000000, 0.00000000]",0.17400000,0.45881818,27->6
7,7,8,1,35,"(6, 9, 16, 17, 22, 24, 28)",5,1066,probe_repair,"[15, 75, 85, 90, 130, 155, 180, 215, 225, 230, 235, 245, 310, 335, 355]",0.00000000,"[0.00000000, 0.00000000, 0.00000000, 0.00000000, 0.00000000, 0.00000000, 0.00000000]",0.26800000,0.45031169,15->9
7,7,8,1,35,"(6, 9, 16, 17, 22, 24, 28)",6,1061,probe_repair,"[15, 75, 85, 90, 130, 155, 180, 215, 225, 230, 235, 245, 310, 335, 355]",0.00000000,"[0.00000000, 0.00000000, 0.00000000, 0.00000000, 0.00000000, 0.00000000, 0.00000000]",0.02700000,0.42928571,2->28
7,7,8,1,35,"(6, 9, 16, 17, 22, 24, 28)",7,856,probe_repair,"[40, 55, 60, 75, 110, 115, 180, 230, 245, 260, 275, 280, 340, 350, 365]",0.00000000,"[0.00000000, 0.00000000, 0.00000000, 0.00000000, 0.00000000, 0.00000000, 0.00000000]",0.20300000,0.45793506,25->17
7,7,8,1,35,"(6, 9, 16, 17, 22, 24, 28)",8,1598,probe_repair,"[10, 25, 60, 95, 105, 110, 125, 135, 185, 210, 220, 265, 315, 355, 360]",0.00000000,"[0.00000000, 0.00000000, 0.00000000, 0.00000000, 0.00000000, 0.00000000, 0.00000000]",0.24400000,0.45425974,11->24
7,7,8,1,35,"(6, 9, 16, 17, 22, 24, 28)",9,700,probe_repair,"[15, 65, 100, 105, 115, 140, 150, 210, 260, 265, 275, 325, 335, 350, 355]",0.00000000,"[0.00000000, 0.00000000, 0.00000000, 0.00000000, 0.00000000, 0.00000000, 0.00000000]",0.24100000,0.45846753,27->6
7,7,8,1,35,"(6, 9, 16, 17, 22, 24, 28)",10,983,probe_repair,"[15, 70, 80, 85, 90, 95, 100, 105, 110, 125, 165, 185, 255, 260, 305]",0.00000000,"[0.00000000, 0.00000000, 0.00000000, 0.00000000, 0.00000000, 0.00000000, 0.00000000]",0.14500000,0.44590909,26->6
7,7,8,1,36,"(9, 15, 21, 22, 26, 27, 28)",1,1535,probe_repair,"[30, 45, 50, 65, 115, 130, 140, 145, 155, 185, 195, 200, 225, 325, 355]",0.00000000,"[0.00000000, 0.00000000, 0.00000000, 0.00000000, 0.00000000, 0.00000000, 0.00000000]",0.06500000,0.43820779,2->28
7,7,8,1,36,"(9, 15, 21, 22, 26, 27, 28)",2,906,probe_repair,"[10, 25, 30, 45, 170, 185, 215, 220, 235, 255, 265, 280, 300, 330, 360]",0.00000000,"[0.00000000, 0.00000000, 0.00000000, 0.00000000, 0.00000000, 0.00000000, 0.00000000]",0.23600000,0.45468831,2->28
7,7,8,1,36,"(9, 15, 21, 22, 26, 27, 28)",3,82,probe_repair,"[10, 55, 100, 110, 115, 125, 175, 185, 200, 205, 235, 250, 290, 295, 300]",0.00000000,"[0.00000000, 0.00000000, 0.00000000, 0.00000000, 0.00000000, 0.00000000, 0.00000000]",0.21900000,0.45479221,24->15
7,7,8,1,36,"(9, 15, 21, 22, 26, 27, 28)",4,454,probe_repair,"[15, 20, 65, 70, 95, 105, 135, 165, 225, 240, 250, 260, 325, 330, 355]",0.00000000,"[0.00000000, 0.00000000, 0.00000000, 0.00000000, 0.00000000, 0.00000000, 0.00000000]",0.21100000,0.45051948,11->22
7,7,8,1,36,"(9, 15, 21, 22, 26, 27, 28)",5,373,probe_repair,"[35, 60, 80, 95, 105, 110, 135, 180, 205, 210, 215, 225, 250, 300, 355]",0.00000000,"[0.00000000, 0.00000000, 0.00000000, 0.00000000, 0.00000000, 0.00000000, 0.00000000]",0.09000000,0.43435065,6->27
7,7,8,1,36,"(9, 15, 21, 22, 26, 27, 28)",6,1536,probe_repair,"[30, 45, 50, 65, 115, 130, 140, 145, 155, 185, 195, 200, 225, 325, 355]",0.00000000,"[0.00000000, 0.00000000, 0.00000000, 0.00000000, 0.00000000, 0.00000000, 0.00000000]",0.07700000,0.43979221,2->28
7,7,8,1,36,"(9, 15, 21, 22, 26, 27, 28)",7,1475,probe_repair,"[5, 35, 75, 80, 90, 95, 110, 190, 225, 235, 245, 250, 290, 330, 365]",0.00000000,"[0.00000000, 0.00000000, 0.00000000, 0.00000000, 0.00000000, 0.00000000, 0.00000000]",0.29100000,0.45551948,24->28
7,7,8,1,36,"(9, 15, 21, 22, 26, 27, 28)",8,811,probe_repair,"[25, 30, 100, 110, 130, 135, 140, 195, 200, 205, 225, 260, 265, 320, 340]",0.00000000,"[0.00000000, 0.00000000, 0.00000000, 0.00000000, 0.00000000, 0.00000000, 0.00000000]",0.08800000,0.45046753,6->22
7,7,8,1,36,"(9, 15, 21, 22, 26, 27, 28)",9,237,probe_repair,"[20, 35, 95, 120, 155, 170, 185, 195, 200, 215, 250, 260, 285, 300, 320]",0.00000000,"[0.00000000, 0.00000000, 0.00000000, 0.00000000, 0.00000000, 0.00000000, 0.00000000]",0.01300000,0.44227273,6->22
7,7,8,1,36,"(9, 15, 21, 22, 26, 27, 28)",10,84,probe_repair,"[10, 55, 100, 110, 115, 125, 175, 185, 200, 205, 235, 250, 290, 295, 300]",0.00000000,"[0.00000000, 0.00000000, 0.00000000, 0.00000000, 0.00000000, 0.00000000, 0.00000000]",0.23200000,0.45423377,24->15
7,7,8,1,37,"(2, 7, 17, 21, 22, 25, 28)",1,528,probe_repair,"[30, 45, 105, 115, 175, 180, 225, 240, 245, 270, 275, 280, 320, 325, 340]",0.00000000,"[0.00000000, 0.00000000, 0.00000000, 0.00000000, 0.00000000, 0.00000000, 0.00000000]",0.19700000,0.45425974,20->25
7,7,8,1,37,"(2, 7, 17, 21, 22, 25, 28)",2,478,probe_repair,"[30, 75, 80, 85, 150, 155, 200, 230, 235, 250, 300, 310, 315, 355, 360]",0.00000000,"[0.00000000, 0.00000000, 0.00000000, 0.00000000, 0.00000000, 0.00000000, 0.00000000]",0.27400000,0.45157143,6->28
7,7,8,1,37,"(2, 7, 17, 21, 22, 25, 28)",3,499,probe_repair,"[15, 40, 65, 75, 105, 155, 160, 165, 210, 250, 275, 310, 325, 355, 365]",0.00000000,"[0.00000000, 0.00000000, 0.00000000, 0.00000000, 0.00000000, 0.00000000, 0.00000000]",0.23400000,0.44009091,9->22
7,7,8,1,37,"(2, 7, 17, 21, 22, 25, 28)",4,922,probe_repair,"[15, 20, 55, 100, 105, 130, 155, 195, 205, 210, 220, 280, 290, 295, 355]",0.00000000,"[0.00000000, 0.00000000, 0.00000000, 0.00000000, 0.00000000, 0.00000000, 0.00000000]",0.14000000,0.45079221,26->7
7,7,8,1,37,"(2, 7, 17, 21, 22, 25, 28)",5,1021,probe_repair,"[10, 15, 40, 55, 60, 115, 125, 210, 240, 285, 315, 320, 325, 330, 360]",0.00000000,"[0.00000000, 0.00000000, 0.00000000, 0.00000000, 0.00000000, 0.00000000, 0.00000000]",0.01100000,0.43310390,27->7
7,7,8,1,37,"(2, 7, 17, 21, 22, 25, 28)",6,1508,probe_repair,"[135, 145, 155, 180, 190, 200, 235, 255, 290, 305, 325, 330, 335, 350, 355]",0.00000000,"[0.00000000, 0.00000000, 0.00000000, 0.00000000, 0.00000000, 0.00000000, 0.00000000]",0.24800000,0.45112987,26->2
7,7,8,1,37,"(2, 7, 17, 21, 22, 25, 28)",7,1018,probe_repair,"[35, 50, 55, 60, 75, 115, 155, 195, 205, 235, 255, 290, 315, 325, 360]",0.00000000,"[0.00000000, 0.00000000, 0.00000000, 0.00000000, 0.00000000, 0.00000000, 0.00000000]",0.24400000,0.46041558,26->28
7,7,8,1,37,"(2, 7, 17, 21, 22, 25, 28)",8,1116,probe_repair,"[25, 40, 65, 70, 75, 80, 105, 135, 140, 175, 190, 235, 250, 315, 320]",0.00000000,"[0.00000000, 0.00000000, 0.00000000, 0.00000000, 0.00000000, 0.00000000, 0.00000000]",0.33600000,0.46387013,9->28
7,7,8,1,37,"(2, 7, 17, 21, 22, 25, 28)",9,526,probe_repair,"[30, 45, 105, 115, 175, 180, 225, 240, 245, 270, 275, 280, 320, 325, 340]",0.00000000,"[0.00000000, 0.00000000, 0.00000000, 0.00000000, 0.00000000, 0.00000000, 0.00000000]",0.22800000,0.45219481,6->7
7,7,8,1,37,"(2, 7, 17, 21, 22, 25, 28)",10,710,probe_repair,"[5, 90, 95, 105, 110, 120, 225, 240, 250, 270, 285, 290, 295, 310, 350]",0.00000000,"[0.00000000, 0.00000000, 0.00000000, 0.00000000, 0.00000000, 0.00000000, 0.00000000]",0.29300000,0.45722078,26->28
7,7,8,1,38,"(1, 9, 15, 17, 24, 26, 27)",1,252,probe_repair,"[5, 35, 40, 45, 80, 175, 180, 185, 190, 210, 245, 265, 295, 310, 335]",0.00000000,"[0.00000000, 0.00000000, 0.00000000, 0.00000000, 0.00000000, 0.00000000, 0.00000000]",0.33100000,0.45907143,16->27
7,7,8,1,38,"(1, 9, 15, 17, 24, 26, 27)",2,615,probe_repair,"[60, 85, 120, 125, 150, 165, 190, 210, 220, 225, 230, 245, 265, 290, 360]",0.00000000,"[0.00000000, 0.00000000, 0.00000000, 0.00000000, 0.00000000, 0.00000000, 0.00000000]",0.06400000,0.45929762,11->17
7,7,8,1,38,"(1, 9, 15, 17, 24, 26, 27)",3,251,probe_repair,"[5, 35, 40, 45, 80, 175, 180, 185, 190, 210, 245, 265, 295, 310, 335]",0.00000000,"[0.00000000, 0.00000000, 0.00000000, 0.00000000, 0.00000000, 0.00000000, 0.00000000]",0.18300000,0.45513095,20->1
7,7,8,1,38,"(1, 9, 15, 17, 24, 26, 27)",4,550,probe_repair,"[30, 50, 55, 70, 110, 180, 185, 230, 235, 285, 295, 305, 320, 325, 355]",0.00000000,"[0.00000000, 0.00000000, 0.00000000, 0.00000000, 0.00000000, 0.00000000, 0.00000000]",0.05800000,0.44798810,28->24
7,7,8,1,38,"(1, 9, 15, 17, 24, 26, 27)",5,250,probe_repair,"[5, 35, 40, 45, 80, 175, 180, 185, 190, 210, 245, 265, 295, 310, 335]",0.00000000,"[0.00000000, 0.00000000, 0.00000000, 0.00000000, 0.00000000, 0.00000000, 0.00000000]",0.27400000,0.45620238,20->1
7,7,8,1,38,"(1, 9, 15, 17, 24, 26, 27)",6,195,probe_repair,"[30, 35, 55, 80, 120, 150, 170, 180, 200, 250, 260, 275, 285, 300, 345]",0.00000000,"[0.00000000, 0.00000000, 0.00000000, 0.00000000, 0.00000000, 0.00000000, 0.00000000]",0.32600000,0.46046429,22->27
7,7,8,1,38,"(1, 9, 15, 17, 24, 26, 27)",7,421,probe_repair,"[15, 45, 55, 75, 120, 125, 145, 160, 170, 200, 220, 255, 260, 325, 365]",0.00000000,"[0.00000000, 0.00000000, 0.00000000, 0.00000000, 0.00000000, 0.00000000, 0.00000000]",0.08000000,0.43234524,22->26
7,7,8,1,38,"(1, 9, 15, 17, 24, 26, 27)",8,618,probe_repair,"[60, 85, 120, 125, 150, 165, 190, 210, 220, 225, 230, 245, 265, 290, 360]",0.00000000,"[0.00000000, 0.00000000, 0.00000000, 0.00000000, 0.00000000, 0.00000000, 0.00000000]",0.02500000,0.45114286,11->17
7,7,8,1,38,"(1, 9, 15, 17, 24, 26, 27)",9,606,probe_repair,"[10, 30, 55, 75, 100, 125, 135, 165, 170, 225, 265, 275, 320, 345, 360]",0.00000000,"[0.00000000, 0.00000000, 0.00000000, 0.00000000, 0.00000000, 0.00000000, 0.00000000]",0.25300000,0.45504762,2->26
7,7,8,1,38,"(1, 9, 15, 17, 24, 26, 27)",10,309,probe_repair,"[25, 35, 60, 80, 100, 115, 135, 150, 155, 190, 225, 260, 275, 295, 350]",0.00000000,"[0.00000000, 0.00000000, 0.00000000, 0.00000000, 0.00000000, 0.00000000, 0.00000000]",0.00000000,0.43198810,22->26
7,7,8,1,39,"(7, 11, 16, 20, 24, 27, 28)",1,1524,probe_repair,"[5, 35, 55, 60, 75, 80, 115, 160, 205, 250, 260, 275, 315, 325, 365]",0.00000000,"[0.00000000, 0.00000000, 0.00000000, 0.00000000, 0.00000000, 0.00000000, 0.00000000]",0.25800000,0.45045455,6->20
7,7,8,1,39,"(7, 11, 16, 20, 24, 27, 28)",2,1249,probe_repair,"[30, 60, 70, 80, 85, 100, 110, 145, 225, 245, 275, 315, 320, 340, 360]",0.00000000,"[0.00000000, 0.00000000, 0.00000000, 0.00000000, 0.00000000, 0.00000000, 0.00000000]",0.19700000,0.45974026,22->20
7,7,8,1,39,"(7, 11, 16, 20, 24, 27, 28)",3,1578,probe_repair,"[50, 85, 110, 120, 130, 165, 205, 220, 245, 260, 275, 315, 320, 325, 355]",0.00000000,"[0.00000000, 0.00000000, 0.00000000, 0.00000000, 0.00000000, 0.00000000, 0.00000000]",0.29900000,0.45890909,26->16
7,7,8,1,39,"(7, 11, 16, 20, 24, 27, 28)",4,1143,probe_repair,"[15, 25, 50, 65, 150, 190, 195, 210, 230, 235, 255, 280, 285, 310, 320]",0.00000000,"[0.00000000, 0.00000000, 0.00000000, 0.00000000, 0.00000000, 0.00000000, 0.00000000]",0.27200000,0.45411688,15->27
7,7,8,1,39,"(7, 11, 16, 20, 24, 27, 28)",5,780,probe_repair,"[5, 20, 35, 90, 125, 130, 155, 170, 200, 265, 270, 310, 325, 345, 360]",0.00000000,"[0.00000000, 0.00000000, 0.00000000, 0.00000000, 0.00000000, 0.00000000, 0.00000000]",0.15900000,0.45084416,15->27
7,7,8,1,39,"(7, 11, 16, 20, 24, 27, 28)",6,1124,probe_repair,"[5, 20, 35, 70, 90, 105, 110, 150, 175, 180, 195, 265, 270, 355, 365]",0.00000000,"[0.00000000, 0.00000000, 0.00000000, 0.00000000, 0.00000000, 0.00000000, 0.00000000]",0.10900000,0.44838961,26->7
7,7,8,1,39,"(7, 11, 16, 20, 24, 27, 28)",7,1144,probe_repair,"[15, 25, 50, 65, 150, 190, 195, 210, 230, 235, 255, 280, 285, 310, 320]",0.00000000,"[0.00000000, 0.00000000, 0.00000000, 0.00000000, 0.00000000, 0.00000000, 0.00000000]",0.19000000,0.44918182,15->27
7,7,8,1,39,"(7, 11, 16, 20, 24, 27, 28)",8,1370,probe_repair,"[10, 45, 50, 165, 170, 180, 190, 195, 210, 230, 235, 245, 250, 260, 355]",0.00000000,"[0.00000000, 0.00000000, 0.00000000, 0.00000000, 0.00000000, 0.00000000, 0.00000000]",0.19800000,0.46035065,18->20
7,7,8,1,39,"(7, 11, 16, 20, 24, 27, 28)",9,1094,probe_repair,"[5, 15, 20, 25, 30, 55, 80, 105, 120, 160, 230, 255, 260, 265, 295]",0.00000000,"[0.00000000, 0.00000000, 0.00000000, 0.00000000, 0.00000000, 0.00000000, 0.00000000]",0.23100000,0.45428571,21->7
7,7,8,1,39,"(7, 11, 16, 20, 24, 27, 28)",10,1581,probe_repair,"[15, 25, 30, 70, 80, 95, 100, 135, 210, 260, 300, 320, 325, 335, 345]",0.00000000,"[0.00000000, 0.00000000, 0.00000000, 0.00000000, 0.00000000, 0.00000000, 0.00000000]",0.00000000,0.42676623,2->27
7,7,8,1,40,"(4, 5, 15, 18, 25, 26, 27)",1,537,probe_repair,"[10, 85, 90, 95, 120, 140, 200, 210, 235, 240, 270, 290, 300, 335, 365]",0.00000000,"[0.00000000, 0.00000000, 0.00000000, 0.00000000, 0.00000000, 0.00000000, 0.00000000]",0.19100000,0.45758333,21->15
7,7,8,1,40,"(4, 5, 15, 18, 25, 26, 27)",2,42,probe_repair,"[20, 60, 75, 85, 90, 95, 105, 135, 180, 210, 295, 300, 305, 325, 365]",0.00000000,"[0.00000000, 0.00000000, 0.00000000, 0.00000000, 0.00000000, 0.00000000, 0.00000000]",0.15200000,0.45473810,24->25
7,7,8,1,40,"(4, 5, 15, 18, 25, 26, 27)",3,44,probe_repair,"[20, 60, 75, 85, 90, 95, 105, 135, 180, 210, 295, 300, 305, 325, 365]",0.00000000,"[0.00000000, 0.00000000, 0.00000000, 0.00000000, 0.00000000, 0.00000000, 0.00000000]",0.10600000,0.44888095,24->25
7,7,8,1,40,"(4, 5, 15, 18, 25, 26, 27)",4,436,probe_repair,"[30, 50, 80, 85, 105, 120, 135, 150, 175, 185, 260, 310, 340, 345, 360]",0.00000000,"[0.00000000, 0.00000000, 0.00000000, 0.00000000, 0.00000000, 0.00000000, 0.00000000]",0.22200000,0.44872619,7->18
7,7,8,1,40,"(4, 5, 15, 18, 25, 26, 27)",5,554,probe_repair,"[35, 45, 75, 105, 115, 180, 200, 215, 245, 250, 270, 280, 285, 315, 330]",0.00000000,"[0.00000000, 0.00000000, 0.00000000, 0.00000000, 0.00000000, 0.00000000, 0.00000000]",0.22700000,0.45813095,11->5
7,7,8,1,40,"(4, 5, 15, 18, 25, 26, 27)",6,613,probe_repair,"[15, 45, 65, 80, 100, 130, 150, 160, 180, 200, 240, 315, 330, 340, 360]",0.00000000,"[0.00000000, 0.00000000, 0.00000000, 0.00000000, 0.00000000, 0.00000000, 0.00000000]",0.14600000,0.43845238,9->5
7,7,8,1,40,"(4, 5, 15, 18, 25, 26, 27)",7,632,probe_repair,"[40, 50, 60, 80, 145, 175, 180, 185, 230, 260, 270, 280, 300, 310, 340]",0.00000000,"[0.00000000, 0.00000000, 0.00000000, 0.00000000, 0.00000000, 0.00000000, 0.00000000]",0.29700000,0.45176190,20->26
7,7,8,1,40,"(4, 5, 15, 18, 25, 26, 27)",8,437,probe_repair,"[15, 20, 80, 85, 100, 170, 180, 200, 210, 235, 260, 275, 295, 335, 365]",0.00000000,"[0.00000000, 0.00000000, 0.00000000, 0.00000000, 0.00000000, 0.00000000, 0.00000000]",0.19900000,0.44004762,17->15
7,7,8,1,40,"(4, 5, 15, 18, 25, 26, 27)",9,511,probe_repair,"[5, 30, 40, 45, 65, 100, 110, 120, 140, 160, 190, 230, 235, 260, 300]",0.00000000,"[0.00000000, 0.00000000, 0.00000000, 0.00000000, 0.00000000, 0.00000000, 0.00000000]",0.11300000,0.44946429,7->27
7,7,8,1,40,"(4, 5, 15, 18, 25, 26, 27)",10,513,probe_repair,"[5, 30, 40, 45, 65, 100, 110, 120, 140, 160, 190, 230, 235, 260, 300]",0.00000000,"[0.00000000, 0.00000000, 0.00000000, 0.00000000, 0.00000000, 0.00000000, 0.00000000]",0.10900000,0.44453571,7->27
7,7,8,1,41,"(4, 9, 11, 16, 22, 25, 26)",1,1303,probe_repair,"[30, 40, 50, 55, 90, 110, 135, 160, 170, 175, 185, 250, 265, 270, 285]",0.00000000,"[0.00000000, 0.00000000, 0.00000000, 0.00000000, 0.00000000, 0.00000000, 0.00000000]",0.13700000,0.44967532,17->25
7,7,8,1,41,"(4, 9, 11, 16, 22, 25, 26)",2,1381,probe_repair,"[15, 25, 50, 60, 70, 105, 165, 175, 195, 205, 225, 255, 295, 325, 340]",0.00000000,"[0.00000000, 0.00000000, 0.00000000, 0.00000000, 0.00000000, 0.00000000, 0.00000000]",0.00000000,0.42689610,2->25
7,7,8,1,41,"(4, 9, 11, 16, 22, 25, 26)",3,128,probe_repair,"[5, 15, 20, 25, 30, 70, 90, 135, 155, 240, 300, 305, 345, 350, 365]",0.00000000,"[0.00000000, 0.00000000, 0.00000000, 0.00000000, 0.00000000, 0.00000000, 0.00000000]",0.22600000,0.45631169,2->25
7,7,8,1,41,"(4, 9, 11, 16, 22, 25, 26)",4,125,probe_repair,"[5, 15, 20, 25, 30, 70, 90, 135, 155, 240, 300, 305, 345, 350, 365]",0.00000000,"[0.00000000, 0.00000000, 0.00000000, 0.00000000, 0.00000000, 0.00000000, 0.00000000]",0.01500000,0.42970130,2->25
7,7,8,1,41,"(4, 9, 11, 16, 22, 25, 26)",5,1212,probe_repair,"[15, 50, 75, 85, 110, 120, 170, 175, 210, 215, 240, 295, 305, 350, 355]",0.00000000,"[0.00000000, 0.00000000, 0.00000000, 0.00000000, 0.00000000, 0.00000000, 0.00000000]",0.02700000,0.44971429,2->26
7,7,8,1,41,"(4, 9, 11, 16, 22, 25, 26)",6,410,probe_repair,"[30, 45, 65, 70, 75, 110, 155, 215, 265, 285, 290, 295, 305, 315, 340]",0.00000000,"[0.00000000, 0.00000000, 0.00000000, 0.00000000, 0.00000000, 0.00000000, 0.00000000]",0.27700000,0.45942857,6->4
7,7,8,1,41,"(4, 9, 11, 16, 22, 25, 26)",7,1346,probe_repair,"[5, 25, 35, 55, 70, 80, 110, 130, 135, 170, 185, 210, 265, 310, 360]",0.00000000,"[0.00000000, 0.00000000, 0.00000000, 0.00000000, 0.00000000, 0.00000000, 0.00000000]",0.21500000,0.45577922,18->9
7,7,8,1,41,"(4, 9, 11, 16, 22, 25, 26)",8,1095,probe_repair,"[10, 50, 60, 160, 210, 220, 250, 265, 280, 285, 300, 305, 325, 340, 355]",0.00000000,"[0.00000000, 0.00000000, 0.00000000, 0.00000000, 0.00000000, 0.00000000, 0.00000000]",0.14900000,0.45149351,24->16
7,7,8,1,41,"(4, 9, 11, 16, 22, 25, 26)",9,764,probe_repair,"[5, 30, 40, 75, 130, 155, 175, 185, 190, 195, 205, 280, 300, 340, 365]",0.00000000,"[0.00000000, 0.00000000, 0.00000000, 0.00000000, 0.00000000, 0.00000000, 0.00000000]",0.29900000,0.46027273,28->25
7,7,8,1,41,"(4, 9, 11, 16, 22, 25, 26)",10,892,probe_repair,"[15, 35, 40, 55, 70, 80, 110, 130, 195, 220, 235, 255, 260, 340, 365]",0.00000000,"[0.00000000, 0.00000000, 0.00000000, 0.00000000, 0.00000000, 0.00000000, 0.00000000]",0.33300000,0.45862338,7->16
7,7,8,1,42,"(6, 7, 9, 22, 25, 26, 27)",1,1610,probe_repair,"[45, 55, 60, 65, 75, 125, 135, 145, 175, 190, 200, 225, 250, 265, 325]",0.00000000,"[0.00000000, 0.00000000, 0.00000000, 0.00000000, 0.00000000, 0.00000000, 0.00000000]",0.20800000,0.45880519,20->7
7,7,8,1,42,"(6, 7, 9, 22, 25, 26, 27)",2,416,probe_repair,"[10, 30, 40, 65, 90, 110, 125, 145, 160, 170, 230, 295, 325, 330, 355]",0.00000000,"[0.00000000, 0.00000000, 0.00000000, 0.00000000, 0.00000000, 0.00000000, 0.00000000]",0.14400000,0.45033766,4->25
7,7,8,1,42,"(6, 7, 9, 22, 25, 26, 27)",3,1145,probe_repair,"[50, 80, 100, 130, 155, 195, 200, 220, 245, 280, 295, 340, 355, 360, 365]",0.00000000,"[0.00000000, 0.00000000, 0.00000000, 0.00000000, 0.00000000, 0.00000000, 0.00000000]",0.14300000,0.44671429,24->27
7,7,8,1,42,"(6, 7, 9, 22, 25, 26, 27)",4,306,probe_repair,"[55, 85, 145, 150, 160, 185, 190, 200, 225, 255, 295, 300, 305, 315, 365]",0.00000000,"[0.00000000, 0.00000000, 0.00000000, 0.00000000, 0.00000000, 0.00000000, 0.00000000]",0.29600000,0.45068831,24->7
7,7,8,1,42,"(6, 7, 9, 22, 25, 26, 27)",5,59,probe_repair,"[30, 40, 65, 85, 90, 105, 170, 195, 215, 230, 280, 290, 315, 320, 325]",0.00000000,"[0.00000000, 0.00000000, 0.00000000, 0.00000000, 0.00000000, 0.00000000, 0.00000000]",0.24900000,0.45666234,15->9
7,7,8,1,42,"(6, 7, 9, 22, 25, 26, 27)",6,840,probe_repair,"[5, 20, 30, 40, 75, 95, 115, 155, 180, 205, 245, 265, 270, 320, 360]",0.00000000,"[0.00000000, 0.00000000, 0.00000000, 0.00000000, 0.00000000, 0.00000000, 0.00000000]",0.13200000,0.44740260,2->26
7,7,8,1,42,"(6, 7, 9, 22, 25, 26, 27)",7,1606,probe_repair,"[45, 55, 60, 65, 75, 125, 135, 145, 175, 190, 200, 225, 250, 265, 325]",0.00000000,"[0.00000000, 0.00000000, 0.00000000, 0.00000000, 0.00000000, 0.00000000, 0.00000000]",0.15800000,0.44603896,4->26
7,7,8,1,42,"(6, 7, 9, 22, 25, 26, 27)",8,867,probe_repair,"[15, 25, 90, 100, 145, 155, 180, 185, 200, 205, 230, 300, 310, 320, 355]",0.00000000,"[0.00000000, 0.00000000, 0.00000000, 0.00000000, 0.00000000, 0.00000000, 0.00000000]",0.28900000,0.45171429,16->25
7,7,8,1,42,"(6, 7, 9, 22, 25, 26, 27)",9,3,baseline,"[5, 30, 55, 80, 105, 130, 155, 180, 205, 230, 255, 280, 305, 330, 355]",0.00000000,"[0.00000000, 0.00000000, 0.00000000, 0.00000000, 0.00000000, 0.00000000, 0.00000000]",0.22300000,0.44942857,2->26
7,7,8,1,42,"(6, 7, 9, 22, 25, 26, 27)",10,519,probe_repair,"[70, 85, 130, 140, 165, 170, 215, 220, 270, 275, 285, 295, 320, 330, 365]",0.00000000,"[0.00000000, 0.00000000, 0.00000000, 0.00000000, 0.00000000, 0.00000000, 0.00000000]",0.21400000,0.44710390,2->22
7,7,8,1,43,"(11, 15, 16, 18, 25, 26, 28)",1,68,probe_repair,"[10, 50, 65, 70, 110, 145, 160, 225, 245, 250, 260, 270, 285, 325, 350]",0.00000000,"[0.00000000, 0.00000000, 0.00000000, 0.00000000, 0.00000000, 0.00000000, 0.00000000]",0.07300000,0.44102597,7->11
7,7,8,1,43,"(11, 15, 16, 18, 25, 26, 28)",2,560,probe_repair,"[5, 80, 90, 115, 120, 145, 175, 185, 195, 220, 225, 265, 285, 305, 345]",0.00000000,"[0.00000000, 0.00000000, 0.00000000, 0.00000000, 0.00000000, 0.00000000, 0.00000000]",0.25900000,0.44944156,17->28
7,7,8,1,43,"(11, 15, 16, 18, 25, 26, 28)",3,1527,probe_repair,"[10, 25, 35, 45, 60, 65, 80, 90, 105, 125, 170, 195, 330, 345, 355]",0.00000000,"[0.00000000, 0.00000000, 0.00000000, 0.00000000, 0.00000000, 0.00000000, 0.00000000]",0.31700000,0.45496104,24->15
7,7,8,1,43,"(11, 15, 16, 18, 25, 26, 28)",4,730,probe_repair,"[25, 95, 135, 145, 205, 210, 240, 250, 260, 275, 285, 315, 320, 335, 340]",0.00000000,"[0.00000000, 0.00000000, 0.00000000, 0.00000000, 0.00000000, 0.00000000, 0.00000000]",0.23600000,0.45494805,21->11
7,7,8,1,43,"(11, 15, 16, 18, 25, 26, 28)",5,67,probe_repair,"[10, 50, 65, 70, 110, 145, 160, 225, 245, 250, 260, 270, 285, 325, 350]",0.00000000,"[0.00000000, 0.00000000, 0.00000000, 0.00000000, 0.00000000, 0.00000000, 0.00000000]",0.06000000,0.44700000,4->18
7,7,8,1,43,"(11, 15, 16, 18, 25, 26, 28)",6,1025,probe_repair,"[25, 30, 45, 125, 140, 150, 190, 220, 270, 280, 325, 335, 340, 360, 365]",0.00000000,"[0.00000000, 0.00000000, 0.00000000, 0.00000000, 0.00000000, 0.00000000, 0.00000000]",0.27300000,0.45535065,4->25
7,7,8,1,43,"(11, 15, 16, 18, 25, 26, 28)",7,1091,probe_repair,"[20, 30, 130, 140, 150, 155, 160, 175, 195, 215, 235, 250, 280, 315, 350]",0.00000000,"[0.00000000, 0.00000000, 0.00000000, 0.00000000, 0.00000000, 0.00000000, 0.00000000]",0.21500000,0.45667532,27->15
7,7,8,1,43,"(11, 15, 16, 18, 25, 26, 28)",8,202,probe_repair,"[65, 90, 95, 105, 115, 135, 145, 170, 180, 190, 215, 280, 295, 320, 325]",0.00000000,"[0.00000000, 0.00000000, 0.00000000, 0.00000000, 0.00000000, 0.00000000, 0.00000000]",0.31200000,0.45796104,21->15
7,7,8,1,43,"(11, 15, 16, 18, 25, 26, 28)",9,314,probe_repair,"[10, 20, 25, 45, 65, 115, 140, 155, 230, 255, 285, 325, 330, 345, 355]",0.00000000,"[0.00000000, 0.00000000, 0.00000000, 0.00000000, 0.00000000, 0.00000000, 0.00000000]",0.19600000,0.45532468,21->25
7,7,8,1,43,"(11, 15, 16, 18, 25, 26, 28)",10,615,probe_repair,"[60, 65, 95, 110, 115, 135, 175, 190, 205, 210, 225, 245, 270, 350, 355]",0.00000000,"[0.00000000, 0.00000000, 0.00000000, 0.00000000, 0.00000000, 0.00000000, 0.00000000]",0.22200000,0.44759740,20->25
7,7,8,1,44,"(4, 6, 9, 11, 17, 24, 26)",1,592,probe_repair,"[20, 65, 120, 140, 190, 235, 255, 265, 270, 285, 295, 300, 315, 320, 350]",0.00000000,"[0.00000000, 0.00000000, 0.00000000, 0.00000000, 0.00000000, 0.00000000, 0.00000000]",0.19900000,0.45042857,22->17
7,7,8,1,44,"(4, 6, 9, 11, 17, 24, 26)",2,1116,probe_repair,"[15, 25, 60, 70, 80, 125, 130, 155, 170, 180, 185, 225, 245, 260, 355]",0.00000000,"[0.00000000, 0.00000000, 0.00000000, 0.00000000, 0.00000000, 0.00000000, 0.00000000]",0.26300000,0.45274026,2->24
7,7,8,1,44,"(4, 6, 9, 11, 17, 24, 26)",3,133,probe_repair,"[5, 10, 30, 45, 85, 115, 135, 205, 225, 250, 255, 290, 300, 330, 350]",0.00000000,"[0.00000000, 0.00000000, 0.00000000, 0.00000000, 0.00000000, 0.00000000, 0.00000000]",0.03800000,0.44211688,21->26
7,7,8,1,44,"(4, 6, 9, 11, 17, 24, 26)",4,1113,probe_repair,"[15, 25, 60, 70, 80, 125, 130, 155, 170, 180, 185, 225, 245, 260, 355]",0.00000000,"[0.00000000, 0.00000000, 0.00000000, 0.00000000, 0.00000000, 0.00000000, 0.00000000]",0.13200000,0.44881818,2->24
7,7,8,1,44,"(4, 6, 9, 11, 17, 24, 26)",5,1329,probe_repair,"[20, 60, 105, 120, 125, 175, 190, 200, 215, 230, 235, 250, 300, 320, 345]",0.00000000,"[0.00000000, 0.00000000, 0.00000000, 0.00000000, 0.00000000, 0.00000000, 0.00000000]",0.01400000,0.45057143,7->24
7,7,8,1,44,"(4, 6, 9, 11, 17, 24, 26)",6,279,probe_repair,"[60, 75, 115, 145, 150, 165, 185, 200, 255, 285, 295, 315, 330, 350, 365]",0.00000000,"[0.00000000, 0.00000000, 0.00000000, 0.00000000, 0.00000000, 0.00000000, 0.00000000]",0.16100000,0.45851948,21->9
7,7,8,1,44,"(4, 6, 9, 11, 17, 24, 26)",7,155,probe_repair,"[20, 30, 40, 45, 55, 70, 115, 240, 245, 265, 270, 300, 310, 340, 360]",0.00000000,"[0.00000000, 0.00000000, 0.00000000, 0.00000000, 0.00000000, 0.00000000, 0.00000000]",0.21400000,0.44638961,7->9
7,7,8,1,44,"(4, 6, 9, 11, 17, 24, 26)",8,1612,probe_repair,"[5, 10, 20, 60, 100, 125, 130, 140, 190, 225, 250, 315, 340, 345, 350]",0.00000000,"[0.00000000, 0.00000000, 0.00000000, 0.00000000, 0.00000000, 0.00000000, 0.00000000]",0.16400000,0.44698701,22->26
7,7,8,1,44,"(4, 6, 9, 11, 17, 24, 26)",9,507,probe_repair,"[30, 95, 100, 165, 205, 210, 225, 235, 240, 245, 300, 315, 340, 350, 355]",0.00000000,"[0.00000000, 0.00000000, 0.00000000, 0.00000000, 0.00000000, 0.00000000, 0.00000000]",0.11900000,0.44987013,25->9
7,7,8,1,44,"(4, 6, 9, 11, 17, 24, 26)",10,863,probe_repair,"[5, 15, 50, 80, 85, 90, 155, 180, 255, 260, 280, 290, 305, 310, 325]",0.00000000,"[0.00000000, 0.00000000, 0.00000000, 0.00000000, 0.00000000, 0.00000000, 0.00000000]",0.09600000,0.45201299,16->11
7,7,8,1,45,"(1, 2, 7, 16, 18, 20, 28)",1,178,probe_repair,"[10, 15, 70, 75, 85, 105, 130, 175, 240, 245, 280, 285, 290, 300, 365]",0.00000000,"[0.00000000, 0.00000000, 0.00000000, 0.00000000, 0.00000000, 0.00000000, 0.00000000]",0.23400000,0.44642857,25->2
7,7,8,1,45,"(1, 2, 7, 16, 18, 20, 28)",2,160,probe_repair,"[40, 75, 95, 105, 110, 165, 205, 240, 260, 265, 280, 305, 320, 355, 365]",0.00000000,"[0.00000000, 0.00000000, 0.00000000, 0.00000000, 0.00000000, 0.00000000, 0.00000000]",0.16100000,0.45025000,9->16
7,7,8,1,45,"(1, 2, 7, 16, 18, 20, 28)",3,356,probe_repair,"[5, 10, 25, 75, 90, 100, 115, 175, 195, 210, 225, 230, 245, 255, 290]",0.00000000,"[0.00000000, 0.00000000, 0.00000000, 0.00000000, 0.00000000, 0.00000000, 0.00000000]",0.18900000,0.45882143,6->7
7,7,8,1,45,"(1, 2, 7, 16, 18, 20, 28)",4,88,probe_repair,"[25, 30, 70, 75, 100, 135, 175, 180, 225, 245, 280, 310, 340, 355, 365]",0.00000000,"[0.00000000, 0.00000000, 0.00000000, 0.00000000, 0.00000000, 0.00000000, 0.00000000]",0.13300000,0.45116667,15->1
7,7,8,1,45,"(1, 2, 7, 16, 18, 20, 28)",5,355,probe_repair,"[5, 10, 25, 75, 90, 100, 115, 175, 195, 210, 225, 230, 245, 255, 290]",0.00000000,"[0.00000000, 0.00000000, 0.00000000, 0.00000000, 0.00000000, 0.00000000, 0.00000000]",0.17800000,0.45016667,6->7
7,7,8,1,45,"(1, 2, 7, 16, 18, 20, 28)",6,476,probe_repair,"[25, 30, 40, 45, 50, 100, 140, 165, 185, 195, 245, 250, 260, 290, 305]",0.00000000,"[0.00000000, 0.00000000, 0.00000000, 0.00000000, 0.00000000, 0.00000000, 0.00000000]",0.26900000,0.45179762,9->1
7,7,8,1,45,"(1, 2, 7, 16, 18, 20, 28)",7,576,probe_repair,"[5, 15, 45, 50, 60, 70, 100, 115, 155, 235, 280, 300, 325, 340, 360]",0.00000000,"[0.00000000, 0.00000000, 0.00000000, 0.00000000, 0.00000000, 0.00000000, 0.00000000]",0.30000000,0.45508333,24->1
7,7,8,1,45,"(1, 2, 7, 16, 18, 20, 28)",8,219,probe_repair,"[25, 30, 55, 85, 135, 140, 160, 180, 210, 250, 255, 280, 305, 320, 350]",0.00000000,"[0.00000000, 0.00000000, 0.00000000, 0.00000000, 0.00000000, 0.00000000, 0.00000000]",0.29600000,0.45500000,17->20
7,7,8,1,45,"(1, 2, 7, 16, 18, 20, 28)",9,498,probe_repair,"[15, 45, 95, 100, 110, 165, 170, 180, 200, 225, 245, 260, 275, 355, 360]",0.00000000,"[0.00000000, 0.00000000, 0.00000000, 0.00000000, 0.00000000, 0.00000000, 0.00000000]",0.28600000,0.46021429,6->16
7,7,8,1,45,"(1, 2, 7, 16, 18, 20, 28)",10,499,probe_repair,"[15, 45, 95, 100, 110, 165, 170, 180, 200, 225, 245, 260, 275, 355, 360]",0.00000000,"[0.00000000, 0.00000000, 0.00000000, 0.00000000, 0.00000000, 0.00000000, 0.00000000]",0.27700000,0.45752381,6->16
7,7,8,1,46,"(1, 4, 18, 22, 24, 27, 28)",1,538,probe_repair,"[5, 15, 35, 60, 70, 90, 145, 170, 190, 250, 275, 280, 310, 330, 365]",0.00000000,"[0.00000000, 0.00000000, 0.00000000, 0.00000000, 0.00000000, 0.00000000, 0.00000000]",0.10200000,0.45005952,7->27
7,7,8,1,46,"(1, 4, 18, 22, 24, 27, 28)",2,261,probe_repair,"[5, 30, 45, 90, 120, 190, 195, 220, 225, 245, 265, 280, 305, 320, 360]",0.00000000,"[0.00000000, 0.00000000, 0.00000000, 0.00000000, 0.00000000, 0.00000000, 0.00000000]",0.17700000,0.43503571,20->18
7,7,8,1,46,"(1, 4, 18, 22, 24, 27, 28)",3,77,probe_repair,"[15, 25, 45, 50, 60, 75, 90, 100, 110, 175, 205, 220, 320, 325, 365]",0.00000000,"[0.00000000, 0.00000000, 0.00000000, 0.00000000, 0.00000000, 0.00000000, 0.00000000]",0.02500000,0.43477381,25->18
7,7,8,1,46,"(1, 4, 18, 22, 24, 27, 28)",4,265,probe_repair,"[5, 30, 45, 90, 120, 190, 195, 220, 225, 245, 265, 280, 305, 320, 360]",0.00000000,"[0.00000000, 0.00000000, 0.00000000, 0.00000000, 0.00000000, 0.00000000, 0.00000000]",0.26700000,0.45292857,20->18
7,7,8,1,46,"(1, 4, 18, 22, 24, 27, 28)",5,284,probe_repair,"[15, 45, 65, 95, 100, 125, 130, 140, 145, 165, 225, 260, 280, 320, 325]",0.00000000,"[0.00000000, 0.00000000, 0.00000000, 0.00000000, 0.00000000, 0.00000000, 0.00000000]",0.26000000,0.46151190,15->27
7,7,8,1,46,"(1, 4, 18, 22, 24, 27, 28)",6,387,probe_repair,"[45, 60, 70, 80, 100, 130, 185, 195, 235, 240, 255, 265, 300, 340, 345]",0.00000000,"[0.00000000, 0.00000000, 0.00000000, 0.00000000, 0.00000000, 0.00000000, 0.00000000]",0.12300000,0.45194048,7->27
7,7,8,1,46,"(1, 4, 18, 22, 24, 27, 28)",7,386,probe_repair,"[45, 60, 70, 80, 100, 130, 185, 195, 235, 240, 255, 265, 300, 340, 345]",0.00000000,"[0.00000000, 0.00000000, 0.00000000, 0.00000000, 0.00000000, 0.00000000, 0.00000000]",0.15400000,0.46088095,7->27
7,7,8,1,46,"(1, 4, 18, 22, 24, 27, 28)",8,551,probe_repair,"[45, 75, 115, 145, 155, 160, 210, 225, 230, 235, 245, 255, 290, 300, 325]",0.00000000,"[0.00000000, 0.00000000, 0.00000000, 0.00000000, 0.00000000, 0.00000000, 0.00000000]",0.26800000,0.45427381,11->27
7,7,8,1,46,"(1, 4, 18, 22, 24, 27, 28)",9,388,probe_repair,"[45, 60, 70, 80, 100, 130, 185, 195, 235, 240, 255, 265, 300, 340, 345]",0.00000000,"[0.00000000, 0.00000000, 0.00000000, 0.00000000, 0.00000000, 0.00000000, 0.00000000]",0.13800000,0.45670238,7->27
7,7,8,1,46,"(1, 4, 18, 22, 24, 27, 28)",10,534,probe_repair,"[5, 15, 35, 60, 70, 90, 145, 170, 190, 250, 275, 280, 310, 330, 365]",0.00000000,"[0.00000000, 0.00000000, 0.00000000, 0.00000000, 0.00000000, 0.00000000, 0.00000000]",0.03300000,0.45202381,7->27
7,7,8,1,47,"(1, 4, 6, 9, 15, 17, 22)",1,164,probe_repair,"[25, 40, 70, 85, 140, 165, 170, 210, 230, 235, 240, 260, 340, 360, 365]",0.00000000,"[0.00000000, 0.00000000, 0.00000000, 0.00000000, 0.00000000, 0.00000000, 0.00000000]",0.22500000,0.44541667,7->17
7,7,8,1,47,"(1, 4, 6, 9, 15, 17, 22)",2,290,probe_repair,"[40, 90, 95, 110, 125, 135, 150, 195, 200, 235, 245, 285, 310, 325, 335]",0.00000000,"[0.00000000, 0.00000000, 0.00000000, 0.00000000, 0.00000000, 0.00000000, 0.00000000]",0.27800000,0.45503571,2->9
7,7,8,1,47,"(1, 4, 6, 9, 15, 17, 22)",3,221,probe_repair,"[85, 95, 125, 155, 195, 210, 220, 230, 240, 245, 250, 255, 295, 320, 325]",0.00000000,"[0.00000000, 0.00000000, 0.00000000, 0.00000000, 0.00000000, 0.00000000, 0.00000000]",0.00000000,0.43877381,2->9
7,7,8,1,47,"(1, 4, 6, 9, 15, 17, 22)",4,121,probe_repair,"[10, 30, 45, 80, 90, 140, 150, 155, 205, 210, 280, 320, 345, 360, 365]",0.00000000,"[0.00000000, 0.00000000, 0.00000000, 0.00000000, 0.00000000, 0.00000000, 0.00000000]",0.17500000,0.45626190,7->17
7,7,8,1,47,"(1, 4, 6, 9, 15, 17, 22)",5,124,probe_repair,"[10, 30, 45, 80, 90, 140, 150, 155, 205, 210, 280, 320, 345, 360, 365]",0.00000000,"[0.00000000, 0.00000000, 0.00000000, 0.00000000, 0.00000000, 0.00000000, 0.00000000]",0.24300000,0.45464286,7->17
7,7,8,1,47,"(1, 4, 6, 9, 15, 17, 22)",6,288,probe_repair,"[40, 90, 95, 110, 125, 135, 150, 195, 200, 235, 245, 285, 310, 325, 335]",0.00000000,"[0.00000000, 0.00000000, 0.00000000, 0.00000000, 0.00000000, 0.00000000, 0.00000000]",0.19500000,0.44953571,25->17
7,7,8,1,47,"(1, 4, 6, 9, 15, 17, 22)",7,611,probe_repair,"[25, 30, 45, 80, 100, 160, 165, 200, 235, 265, 300, 320, 335, 340, 345]",0.00000000,"[0.00000000, 0.00000000, 0.00000000, 0.00000000, 0.00000000, 0.00000000, 0.00000000]",0.27000000,0.45139286,25->15
7,7,8,1,47,"(1, 4, 6, 9, 15, 17, 22)",8,220,probe_repair,"[5, 10, 60, 80, 100, 120, 150, 175, 180, 220, 240, 250, 265, 290, 305]",0.00000000,"[0.00000000, 0.00000000, 0.00000000, 0.00000000, 0.00000000, 0.00000000, 0.00000000]",0.23000000,0.44922619,27->4
7,7,8,1,47,"(1, 4, 6, 9, 15, 17, 22)",9,564,probe_repair,"[5, 80, 85, 110, 120, 130, 140, 175, 185, 245, 260, 295, 325, 345, 355]",0.00000000,"[0.00000000, 0.00000000, 0.00000000, 0.00000000, 0.00000000, 0.00000000, 0.00000000]",0.22600000,0.45347619,28->6
7,7,8,1,47,"(1, 4, 6, 9, 15, 17, 22)",10,223,probe_repair,"[85, 95, 125, 155, 195, 210, 220, 230, 240, 245, 250, 255, 295, 320, 325]",0.00000000,"[0.00000000, 0.00000000, 0.00000000, 0.00000000, 0.00000000, 0.00000000, 0.00000000]",0.01400000,0.45471429,2->9
7,7,8,1,48,"(1, 11, 20, 21, 22, 24, 27)",1,237,probe_repair,"[35, 85, 105, 110, 115, 140, 180, 185, 195, 265, 290, 295, 310, 325, 340]",0.00000000,"[0.00000000, 0.00000000, 0.00000000, 0.00000000, 0.00000000, 0.00000000, 0.00000000]",0.03100000,0.42269048,18->11
7,7,8,1,48,"(1, 11, 20, 21, 22, 24, 27)",2,216,probe_repair,"[15, 30, 90, 100, 105, 110, 145, 195, 220, 230, 240, 245, 255, 260, 345]",0.00000000,"[0.00000000, 0.00000000, 0.00000000, 0.00000000, 0.00000000, 0.00000000, 0.00000000]",0.15600000,0.44959524,15->27
7,7,8,1,48,"(1, 11, 20, 21, 22, 24, 27)",3,558,probe_repair,"[50, 80, 90, 100, 105, 140, 160, 165, 195, 200, 210, 225, 260, 335, 355]",0.00000000,"[0.00000000, 0.00000000, 0.00000000, 0.00000000, 0.00000000, 0.00000000, 0.00000000]",0.07200000,0.44255952,26->22
7,7,8,1,48,"(1, 11, 20, 21, 22, 24, 27)",4,488,probe_repair,"[40, 60, 90, 140, 180, 185, 190, 205, 240, 285, 325, 330, 340, 355, 365]",0.00000000,"[0.00000000, 0.00000000, 0.00000000, 0.00000000, 0.00000000, 0.00000000, 0.00000000]",0.24700000,0.45214286,7->24
7,7,8,1,48,"(1, 11, 20, 21, 22, 24, 27)",5,484,probe_repair,"[40, 45, 90, 125, 135, 180, 190, 200, 205, 235, 265, 280, 290, 295, 300]",0.00000000,"[0.00000000, 0.00000000, 0.00000000, 0.00000000, 0.00000000, 0.00000000, 0.00000000]",0.12900000,0.44940476,17->27
7,7,8,1,48,"(1, 11, 20, 21, 22, 24, 27)",6,601,probe_repair,"[25, 60, 75, 105, 125, 130, 140, 155, 160, 225, 230, 235, 245, 335, 355]",0.00000000,"[0.00000000, 0.00000000, 0.00000000, 0.00000000, 0.00000000, 0.00000000, 0.00000000]",0.07900000,0.44720238,7->21
7,7,8,1,48,"(1, 11, 20, 21, 22, 24, 27)",7,75,probe_repair,"[60, 100, 110, 115, 120, 140, 150, 155, 200, 225, 230, 250, 305, 340, 355]",0.00000000,"[0.00000000, 0.00000000, 0.00000000, 0.00000000, 0.00000000, 0.00000000, 0.00000000]",0.20900000,0.44961905,6->22
7,7,8,1,48,"(1, 11, 20, 21, 22, 24, 27)",8,481,probe_repair,"[40, 45, 90, 125, 135, 180, 190, 200, 205, 235, 265, 280, 290, 295, 300]",0.00000000,"[0.00000000, 0.00000000, 0.00000000, 0.00000000, 0.00000000, 0.00000000, 0.00000000]",0.17600000,0.45051190,17->27
7,7,8,1,48,"(1, 11, 20, 21, 22, 24, 27)",9,581,probe_repair,"[15, 40, 45, 90, 110, 115, 135, 170, 245, 250, 260, 280, 295, 340, 350]",0.00000000,"[0.00000000, 0.00000000, 0.00000000, 0.00000000, 0.00000000, 0.00000000, 0.00000000]",0.07100000,0.43439286,26->24
7,7,8,1,48,"(1, 11, 20, 21, 22, 24, 27)",10,238,probe_repair,"[35, 85, 105, 110, 115, 140, 180, 185, 195, 265, 290, 295, 310, 325, 340]",0.00000000,"[0.00000000, 0.00000000, 0.00000000, 0.00000000, 0.00000000, 0.00000000, 0.00000000]",0.03400000,0.44936905,18->11
7,7,8,1,49,"(1, 4, 7, 11, 20, 22, 25)",1,372,probe_repair,"[10, 70, 90, 105, 125, 165, 180, 190, 200, 220, 265, 280, 300, 305, 360]",0.00000000,"[0.00000000, 0.00000000, 0.00000000, 0.00000000, 0.00000000, 0.00000000, 0.00000000]",0.23400000,0.44851190,26->1
7,7,8,1,49,"(1, 4, 7, 11, 20, 22, 25)",2,78,probe_repair,"[30, 95, 105, 120, 125, 160, 170, 250, 255, 275, 285, 305, 335, 340, 365]",0.00000000,"[0.00000000, 0.00000000, 0.00000000, 0.00000000, 0.00000000, 0.00000000, 0.00000000]",0.16400000,0.45415476,2->22
7,7,8,1,49,"(1, 4, 7, 11, 20, 22, 25)",3,571,probe_repair,"[35, 90, 130, 140, 170, 175, 205, 240, 245, 260, 275, 285, 335, 345, 365]",0.00000000,"[0.00000000, 0.00000000, 0.00000000, 0.00000000, 0.00000000, 0.00000000, 0.00000000]",0.17800000,0.46247619,15->4
7,7,8,1,49,"(1, 4, 7, 11, 20, 22, 25)",4,568,probe_repair,"[35, 90, 130, 140, 170, 175, 205, 240, 245, 260, 275, 285, 335, 345, 365]",0.00000000,"[0.00000000, 0.00000000, 0.00000000, 0.00000000, 0.00000000, 0.00000000, 0.00000000]",0.16100000,0.45794048,15->4
7,7,8,1,49,"(1, 4, 7, 11, 20, 22, 25)",5,262,probe_repair,"[95, 105, 120, 125, 145, 175, 205, 225, 275, 280, 310, 330, 340, 345, 360]",0.00000000,"[0.00000000, 0.00000000, 0.00000000, 0.00000000, 0.00000000, 0.00000000, 0.00000000]",0.20700000,0.44727381,17->1
7,7,8,1,49,"(1, 4, 7, 11, 20, 22, 25)",6,79,probe_repair,"[30, 95, 105, 120, 125, 160, 170, 250, 255, 275, 285, 305, 335, 340, 365]",0.00000000,"[0.00000000, 0.00000000, 0.00000000, 0.00000000, 0.00000000, 0.00000000, 0.00000000]",0.14300000,0.44864286,17->4
7,7,8,1,49,"(1, 4, 7, 11, 20, 22, 25)",7,436,probe_repair,"[25, 30, 115, 135, 170, 185, 200, 220, 255, 265, 275, 285, 320, 335, 345]",0.00000000,"[0.00000000, 0.00000000, 0.00000000, 0.00000000, 0.00000000, 0.00000000, 0.00000000]",0.33000000,0.45883333,16->4
7,7,8,1,49,"(1, 4, 7, 11, 20, 22, 25)",8,570,probe_repair,"[35, 90, 130, 140, 170, 175, 205, 240, 245, 260, 275, 285, 335, 345, 365]",0.00000000,"[0.00000000, 0.00000000, 0.00000000, 0.00000000, 0.00000000, 0.00000000, 0.00000000]",0.17500000,0.45783333,15->4
7,7,8,1,49,"(1, 4, 7, 11, 20, 22, 25)",9,18,baseline,"[5, 30, 55, 80, 105, 130, 155, 180, 205, 230, 255, 280, 305, 330, 355]",0.00000000,"[0.00000000, 0.00000000, 0.00000000, 0.00000000, 0.00000000, 0.00000000, 0.00000000]",0.15900000,0.45535714,27->1
7,7,8,1,49,"(1, 4, 7, 11, 20, 22, 25)",10,567,probe_repair,"[35, 90, 130, 140, 170, 175, 205, 240, 245, 260, 275, 285, 335, 345, 365]",0.00000000,"[0.00000000, 0.00000000, 0.00000000, 0.00000000, 0.00000000, 0.00000000, 0.00000000]",0.19300000,0.45784524,15->4
7,7,8,1,50,"(2, 6, 9, 11, 17, 26, 28)",1,317,probe_repair,"[30, 40, 75, 130, 150, 165, 175, 195, 210, 275, 305, 310, 315, 345, 355]",0.00000000,"[0.00000000, 0.00000000, 0.00000000, 0.00000000, 0.00000000, 0.00000000, 0.00000000]",0.05000000,0.43615584,4->26
7,7,8,1,50,"(2, 6, 9, 11, 17, 26, 28)",2,1145,probe_repair,"[25, 35, 65, 85, 110, 160, 175, 190, 205, 260, 280, 285, 295, 320, 330]",0.00000000,"[0.00000000, 0.00000000, 0.00000000, 0.00000000, 0.00000000, 0.00000000, 0.00000000]",0.25900000,0.45298701,16->6
7,7,8,1,50,"(2, 6, 9, 11, 17, 26, 28)",3,356,probe_repair,"[5, 55, 60, 105, 115, 145, 190, 260, 270, 275, 290, 305, 320, 350, 355]",0.00000000,"[0.00000000, 0.00000000, 0.00000000, 0.00000000, 0.00000000, 0.00000000, 0.00000000]",0.24000000,0.44715584,21->17
7,7,8,1,50,"(2, 6, 9, 11, 17, 26, 28)",4,61,probe_repair,"[25, 45, 75, 110, 135, 150, 160, 190, 200, 205, 220, 235, 295, 320, 325]",0.00000000,"[0.00000000, 0.00000000, 0.00000000, 0.00000000, 0.00000000, 0.00000000, 0.00000000]",0.00000000,0.42881818,4->26
7,7,8,1,50,"(2, 6, 9, 11, 17, 26, 28)",5,1361,probe_repair,"[20, 25, 55, 70, 120, 165, 175, 230, 235, 240, 285, 290, 305, 310, 335]",0.00000000,"[0.00000000, 0.00000000, 0.00000000, 0.00000000, 0.00000000, 0.00000000, 0.00000000]",0.15200000,0.44294805,20->26
7,7,8,1,50,"(2, 6, 9, 11, 17, 26, 28)",6,816,probe_repair,"[5, 10, 25, 30, 35, 40, 80, 95, 150, 235, 245, 285, 290, 320, 360]",0.00000000,"[0.00000000, 0.00000000, 0.00000000, 0.00000000, 0.00000000, 0.00000000, 0.00000000]",0.22800000,0.45058442,7->26
7,7,8,1,50,"(2, 6, 9, 11, 17, 26, 28)",7,847,probe_repair,"[80, 90, 100, 135, 145, 155, 180, 195, 205, 230, 285, 290, 305, 320, 330]",0.00000000,"[0.00000000, 0.00000000, 0.00000000, 0.00000000, 0.00000000, 0.00000000, 0.00000000]",0.17400000,0.44724675,16->17
7,7,8,1,50,"(2, 6, 9, 11, 17, 26, 28)",8,314,probe_repair,"[40, 45, 70, 95, 105, 110, 125, 195, 225, 235, 275, 290, 310, 315, 330]",0.00000000,"[0.00000000, 0.00000000, 0.00000000, 0.00000000, 0.00000000, 0.00000000, 0.00000000]",0.16400000,0.45796104,24->2
7,7,8,1,50,"(2, 6, 9, 11, 17, 26, 28)",9,1434,probe_repair,"[5, 15, 20, 50, 90, 110, 130, 155, 205, 220, 230, 245, 270, 330, 365]",0.00000000,"[0.00000000, 0.00000000, 0.00000000, 0.00000000, 0.00000000, 0.00000000, 0.00000000]",0.20200000,0.46218182,21->26
7,7,8,1,50,"(2, 6, 9, 11, 17, 26, 28)",10,372,probe_repair,"[35, 45, 70, 90, 135, 170, 190, 225, 240, 245, 270, 300, 325, 335, 360]",0.00000000,"[0.00000000, 0.00000000, 0.00000000, 0.00000000, 0.00000000, 0.00000000, 0.00000000]",0.10100000,0.44783117,25->9
7,7,8,1,51,"(9, 16, 17, 18, 20, 22, 25)",1,59,probe_repair,"[10, 85, 95, 100, 135, 155, 160, 165, 185, 200, 220, 245, 250, 270, 335]",0.00000000,"[0.00000000, 0.00000000, 0.00000000, 0.00000000, 0.00000000, 0.00000000, 0.00000000]",0.04200000,0.45340260,27->22
7,7,8,1,51,"(9, 16, 17, 18, 20, 22, 25)",2,990,probe_repair,"[30, 95, 120, 125, 150, 155, 180, 185, 190, 200, 230, 245, 255, 290, 340]",0.00000000,"[0.00000000, 0.00000000, 0.00000000, 0.00000000, 0.00000000, 0.00000000, 0.00000000]",0.19400000,0.45124675,21->25
7,7,8,1,51,"(9, 16, 17, 18, 20, 22, 25)",3,76,probe_repair,"[20, 40, 60, 90, 100, 115, 130, 165, 190, 200, 230, 250, 255, 285, 330]",0.00000000,"[0.00000000, 0.00000000, 0.00000000, 0.00000000, 0.00000000, 0.00000000, 0.00000000]",0.15100000,0.45388312,21->16
7,7,8,1,51,"(9, 16, 17, 18, 20, 22, 25)",4,29,probe_repair,"[20, 55, 85, 95, 135, 155, 160, 180, 185, 210, 220, 255, 305, 325, 330]",0.00000000,"[0.00000000, 0.00000000, 0.00000000, 0.00000000, 0.00000000, 0.00000000, 0.00000000]",0.03400000,0.43381818,24->22
7,7,8,1,51,"(9, 16, 17, 18, 20, 22, 25)",5,1230,probe_repair,"[25, 85, 100, 110, 165, 195, 205, 245, 255, 260, 280, 285, 330, 355, 360]",0.00000000,"[0.00000000, 0.00000000, 0.00000000, 0.00000000, 0.00000000, 0.00000000, 0.00000000]",0.28400000,0.45559740,6->16
7,7,8,1,51,"(9, 16, 17, 18, 20, 22, 25)",6,10,baseline,"[5, 30, 55, 80, 105, 130, 155, 180, 205, 230, 255, 280, 305, 330, 355]",0.00000000,"[0.00000000, 0.00000000, 0.00000000, 0.00000000, 0.00000000, 0.00000000, 0.00000000]",0.25500000,0.44787013,27->25
7,7,8,1,51,"(9, 16, 17, 18, 20, 22, 25)",7,594,probe_repair,"[15, 70, 85, 110, 115, 125, 130, 165, 185, 210, 225, 260, 310, 330, 335]",0.00000000,"[0.00000000, 0.00000000, 0.00000000, 0.00000000, 0.00000000, 0.00000000, 0.00000000]",0.32400000,0.45425974,24->25
7,7,8,1,51,"(9, 16, 17, 18, 20, 22, 25)",8,807,probe_repair,"[5, 30, 35, 40, 60, 135, 155, 205, 225, 235, 290, 295, 310, 335, 345]",0.00000000,"[0.00000000, 0.00000000, 0.00000000, 0.00000000, 0.00000000, 0.00000000, 0.00000000]",0.25700000,0.44274026,28->18
7,7,8,1,51,"(9, 16, 17, 18, 20, 22, 25)",9,915,probe_repair,"[10, 15, 30, 35, 110, 155, 175, 200, 215, 255, 260, 275, 300, 325, 330]",0.00000000,"[0.00000000, 0.00000000, 0.00000000, 0.00000000, 0.00000000, 0.00000000, 0.00000000]",0.03900000,0.45741558,7->25
7,7,8,1,51,"(9, 16, 17, 18, 20, 22, 25)",10,911,probe_repair,"[10, 15, 30, 35, 110, 155, 175, 200, 215, 255, 260, 275, 300, 325, 330]",0.00000000,"[0.00000000, 0.00000000, 0.00000000, 0.00000000, 0.00000000, 0.00000000, 0.00000000]",0.11300000,0.45727273,7->25
7,7,8,1,52,"(1, 4, 7, 11, 20, 27, 28)",1,393,probe_repair,"[50, 65, 90, 105, 125, 170, 185, 200, 205, 220, 245, 255, 285, 310, 340]",0.00000000,"[0.00000000, 0.00000000, 0.00000000, 0.00000000, 0.00000000, 0.00000000, 0.00000000]",0.13800000,0.45715476,16->7
7,7,8,1,52,"(1, 4, 7, 11, 20, 27, 28)",2,4,baseline,"[5, 30, 55, 80, 105, 130, 155, 180, 205, 230, 255, 280, 305, 330, 355]",0.00000000,"[0.00000000, 0.00000000, 0.00000000, 0.00000000, 0.00000000, 0.00000000, 0.00000000]",0.17100000,0.44530952,22->4
7,7,8,1,52,"(1, 4, 7, 11, 20, 27, 28)",3,123,probe_repair,"[40, 80, 90, 105, 115, 130, 135, 195, 210, 225, 240, 265, 320, 325, 330]",0.00000000,"[0.00000000, 0.00000000, 0.00000000, 0.00000000, 0.00000000, 0.00000000, 0.00000000]",0.18700000,0.45479762,15->11
7,7,8,1,52,"(1, 4, 7, 11, 20, 27, 28)",4,219,probe_repair,"[5, 15, 25, 40, 75, 135, 195, 200, 230, 255, 310, 325, 330, 355, 365]",0.00000000,"[0.00000000, 0.00000000, 0.00000000, 0.00000000, 0.00000000, 0.00000000, 0.00000000]",0.23300000,0.45345238,16->11
7,7,8,1,52,"(1, 4, 7, 11, 20, 27, 28)",5,576,probe_repair,"[5, 10, 35, 55, 70, 140, 180, 200, 245, 260, 285, 290, 310, 325, 350]",0.00000000,"[0.00000000, 0.00000000, 0.00000000, 0.00000000, 0.00000000, 0.00000000, 0.00000000]",0.17300000,0.45240476,6->27
7,7,8,1,52,"(1, 4, 7, 11, 20, 27, 28)",6,374,probe_repair,"[60, 65, 75, 85, 125, 150, 220, 225, 230, 240, 260, 290, 305, 345, 355]",0.00000000,"[0.00000000, 0.00000000, 0.00000000, 0.00000000, 0.00000000, 0.00000000, 0.00000000]",0.18100000,0.44810714,15->20
7,7,8,1,52,"(1, 4, 7, 11, 20, 27, 28)",7,52,probe_repair,"[5, 15, 30, 40, 95, 100, 110, 120, 210, 255, 290, 330, 345, 350, 355]",0.00000000,"[0.00000000, 0.00000000, 0.00000000, 0.00000000, 0.00000000, 0.00000000, 0.00000000]",0.14500000,0.44973810,16->11
7,7,8,1,52,"(1, 4, 7, 11, 20, 27, 28)",8,45,probe_repair,"[5, 15, 30, 40, 95, 100, 110, 120, 210, 255, 290, 330, 345, 350, 355]",0.00000000,"[0.00000000, 0.00000000, 0.00000000, 0.00000000, 0.00000000, 0.00000000, 0.00000000]",0.00800000,0.42963095,2->1
7,7,8,1,52,"(1, 4, 7, 11, 20, 27, 28)",9,130,probe_repair,"[30, 35, 40, 110, 125, 130, 150, 190, 220, 230, 250, 320, 350, 355, 365]",0.00000000,"[0.00000000, 0.00000000, 0.00000000, 0.00000000, 0.00000000, 0.00000000, 0.00000000]",0.24200000,0.45103571,9->27
7,7,8,1,52,"(1, 4, 7, 11, 20, 27, 28)",10,185,probe_repair,"[30, 45, 65, 155, 185, 190, 205, 225, 230, 245, 285, 295, 345, 350, 365]",0.00000000,"[0.00000000, 0.00000000, 0.00000000, 0.00000000, 0.00000000, 0.00000000, 0.00000000]",0.26500000,0.44936905,18->4
7,7,8,1,53,"(4, 11, 15, 17, 20, 27, 28)",1,369,probe_repair,"[75, 80, 95, 115, 135, 170, 180, 185, 210, 240, 245, 255, 305, 310, 355]",0.00000000,"[0.00000000, 0.00000000, 0.00000000, 0.00000000, 0.00000000, 0.00000000, 0.00000000]",0.28200000,0.45450649,16->28
7,7,8,1,53,"(4, 11, 15, 17, 20, 27, 28)",2,1489,probe_repair,"[55, 60, 95, 110, 125, 150, 155, 180, 195, 225, 255, 280, 305, 335, 350]",0.00000000,"[0.00000000, 0.00000000, 0.00000000, 0.00000000, 0.00000000, 0.00000000, 0.00000000]",0.22700000,0.45597403,18->11
7,7,8,1,53,"(4, 11, 15, 17, 20, 27, 28)",3,289,probe_repair,"[20, 30, 55, 75, 80, 105, 115, 120, 165, 190, 230, 250, 280, 290, 325]",0.00000000,"[0.00000000, 0.00000000, 0.00000000, 0.00000000, 0.00000000, 0.00000000, 0.00000000]",0.20100000,0.45312987,18->28
7,7,8,1,53,"(4, 11, 15, 17, 20, 27, 28)",4,1110,probe_repair,"[10, 20, 25, 75, 85, 110, 125, 220, 235, 260, 285, 295, 300, 315, 340]",0.00000000,"[0.00000000, 0.00000000, 0.00000000, 0.00000000, 0.00000000, 0.00000000, 0.00000000]",0.23000000,0.45622078,21->11
7,7,8,1,53,"(4, 11, 15, 17, 20, 27, 28)",5,370,probe_repair,"[75, 80, 95, 115, 135, 170, 180, 185, 210, 240, 245, 255, 305, 310, 355]",0.00000000,"[0.00000000, 0.00000000, 0.00000000, 0.00000000, 0.00000000, 0.00000000, 0.00000000]",0.24600000,0.45079221,26->17
7,7,8,1,53,"(4, 11, 15, 17, 20, 27, 28)",6,611,probe_repair,"[35, 55, 75, 100, 125, 150, 185, 190, 245, 275, 295, 310, 325, 340, 345]",0.00000000,"[0.00000000, 0.00000000, 0.00000000, 0.00000000, 0.00000000, 0.00000000, 0.00000000]",0.18200000,0.45822078,24->28
7,7,8,1,53,"(4, 11, 15, 17, 20, 27, 28)",7,792,probe_repair,"[10, 30, 60, 75, 85, 100, 120, 125, 145, 175, 225, 240, 250, 260, 350]",0.00000000,"[0.00000000, 0.00000000, 0.00000000, 0.00000000, 0.00000000, 0.00000000, 0.00000000]",0.22000000,0.44759740,21->15
7,7,8,1,53,"(4, 11, 15, 17, 20, 27, 28)",8,391,probe_repair,"[20, 25, 50, 115, 140, 155, 195, 225, 240, 250, 270, 285, 300, 310, 360]",0.00000000,"[0.00000000, 0.00000000, 0.00000000, 0.00000000, 0.00000000, 0.00000000, 0.00000000]",0.20000000,0.45911688,26->11
7,7,8,1,53,"(4, 11, 15, 17, 20, 27, 28)",9,1130,probe_repair,"[15, 20, 45, 55, 100, 125, 150, 160, 185, 210, 265, 275, 325, 355, 360]",0.00000000,"[0.00000000, 0.00000000, 0.00000000, 0.00000000, 0.00000000, 0.00000000, 0.00000000]",0.19400000,0.44428571,24->27
7,7,8,1,53,"(4, 11, 15, 17, 20, 27, 28)",10,1457,probe_repair,"[5, 10, 15, 25, 30, 70, 130, 175, 185, 190, 215, 290, 310, 325, 345]",0.00000000,"[0.00000000, 0.00000000, 0.00000000, 0.00000000, 0.00000000, 0.00000000, 0.00000000]",0.21500000,0.45564935,6->4
7,7,8,1,54,"(1, 6, 9, 16, 22, 24, 28)",1,73,probe_repair,"[45, 60, 65, 70, 115, 120, 125, 150, 205, 210, 235, 245, 305, 320, 325]",0.00000000,"[0.00000000, 0.00000000, 0.00000000, 0.00000000, 0.00000000, 0.00000000, 0.00000000]",0.28500000,0.45627381,4->9
7,7,8,1,54,"(1, 6, 9, 16, 22, 24, 28)",2,350,probe_repair,"[25, 30, 40, 50, 85, 120, 160, 205, 245, 300, 305, 320, 350, 360, 365]",0.00000000,"[0.00000000, 0.00000000, 0.00000000, 0.00000000, 0.00000000, 0.00000000, 0.00000000]",0.24100000,0.45791667,26->16
7,7,8,1,54,"(1, 6, 9, 16, 22, 24, 28)",3,650,probe_repair,"[65, 85, 105, 160, 165, 210, 235, 260, 285, 290, 300, 310, 330, 345, 355]",0.00000000,"[0.00000000, 0.00000000, 0.00000000, 0.00000000, 0.00000000, 0.00000000, 0.00000000]",0.25300000,0.44582143,17->22
7,7,8,1,54,"(1, 6, 9, 16, 22, 24, 28)",4,72,probe_repair,"[45, 60, 65, 70, 115, 120, 125, 150, 205, 210, 235, 245, 305, 320, 325]",0.00000000,"[0.00000000, 0.00000000, 0.00000000, 0.00000000, 0.00000000, 0.00000000, 0.00000000]",0.29000000,0.45886905,4->9
7,7,8,1,54,"(1, 6, 9, 16, 22, 24, 28)",5,577,probe_repair,"[25, 30, 35, 50, 85, 100, 155, 190, 200, 205, 210, 225, 300, 340, 350]",0.00000000,"[0.00000000, 0.00000000, 0.00000000, 0.00000000, 0.00000000, 0.00000000, 0.00000000]",0.24300000,0.45153571,7->22
7,7,8,1,54,"(1, 6, 9, 16, 22, 24, 28)",6,69,probe_repair,"[45, 60, 65, 70, 115, 120, 125, 150, 205, 210, 235, 245, 305, 320, 325]",0.00000000,"[0.00000000, 0.00000000, 0.00000000, 0.00000000, 0.00000000, 0.00000000, 0.00000000]",0.19000000,0.43516667,15->1
7,7,8,1,54,"(1, 6, 9, 16, 22, 24, 28)",7,333,probe_repair,"[5, 60, 85, 120, 130, 145, 175, 185, 190, 195, 220, 230, 250, 265, 355]",0.00000000,"[0.00000000, 0.00000000, 0.00000000, 0.00000000, 0.00000000, 0.00000000, 0.00000000]",0.12000000,0.43120238,17->16
7,7,8,1,54,"(1, 6, 9, 16, 22, 24, 28)",8,347,probe_repair,"[15, 55, 85, 110, 130, 140, 150, 155, 175, 220, 245, 310, 335, 355, 360]",0.00000000,"[0.00000000, 0.00000000, 0.00000000, 0.00000000, 0.00000000, 0.00000000, 0.00000000]",0.25500000,0.45951190,21->22
7,7,8,1,54,"(1, 6, 9, 16, 22, 24, 28)",9,228,probe_repair,"[5, 15, 30, 80, 95, 105, 110, 130, 185, 190, 200, 260, 285, 310, 345]",0.00000000,"[0.00000000, 0.00000000, 0.00000000, 0.00000000, 0.00000000, 0.00000000, 0.00000000]",0.13600000,0.45802381,26->9
7,7,8,1,54,"(1, 6, 9, 16, 22, 24, 28)",10,20,baseline,"[5, 30, 55, 80, 105, 130, 155, 180, 205, 230, 255, 280, 305, 330, 355]",0.00000000,"[0.00000000, 0.00000000, 0.00000000, 0.00000000, 0.00000000, 0.00000000, 0.00000000]",0.17800000,0.44477381,4->22
7,7,8,1,55,"(6, 15, 16, 18, 21, 25, 26)",1,1521,probe_repair,"[30, 35, 45, 50, 65, 130, 155, 165, 180, 185, 190, 260, 335, 355, 365]",0.00000000,"[0.00000000, 0.00000000, 0.00000000, 0.00000000, 0.00000000, 0.00000000, 0.00000000]",0.17800000,0.45072727,7->18
7,7,8,1,55,"(6, 15, 16, 18, 21, 25, 26)",2,1028,probe_repair,"[5, 90, 125, 130, 160, 185, 230, 235, 260, 265, 280, 300, 315, 330, 335]",0.00000000,"[0.00000000, 0.00000000, 0.00000000, 0.00000000, 0.00000000, 0.00000000, 0.00000000]",0.20700000,0.44455844,9->26
7,7,8,1,55,"(6, 15, 16, 18, 21, 25, 26)",3,946,probe_repair,"[20, 45, 80, 115, 130, 170, 180, 200, 235, 300, 310, 315, 330, 345, 360]",0.00000000,"[0.00000000, 0.00000000, 0.00000000, 0.00000000, 0.00000000, 0.00000000, 0.00000000]",0.11000000,0.45871429,28->21
7,7,8,1,55,"(6, 15, 16, 18, 21, 25, 26)",4,869,probe_repair,"[10, 50, 55, 60, 75, 105, 170, 185, 195, 220, 265, 270, 285, 335, 355]",0.00000000,"[0.00000000, 0.00000000, 0.00000000, 0.00000000, 0.00000000, 0.00000000, 0.00000000]",0.04200000,0.43277922,22->21
7,7,8,1,55,"(6, 15, 16, 18, 21, 25, 26)",5,963,probe_repair,"[30, 100, 105, 110, 165, 175, 180, 205, 210, 240, 245, 310, 340, 345, 355]",0.00000000,"[0.00000000, 0.00000000, 0.00000000, 0.00000000, 0.00000000, 0.00000000, 0.00000000]",0.28100000,0.45737662,7->26
7,7,8,1,55,"(6, 15, 16, 18, 21, 25, 26)",6,756,probe_repair,"[25, 55, 90, 120, 125, 145, 210, 220, 255, 285, 290, 305, 310, 325, 330]",0.00000000,"[0.00000000, 0.00000000, 0.00000000, 0.00000000, 0.00000000, 0.00000000, 0.00000000]",0.22200000,0.45203896,17->21
7,7,8,1,55,"(6, 15, 16, 18, 21, 25, 26)",7,876,probe_repair,"[10, 50, 55, 60, 75, 105, 170, 185, 195, 220, 265, 270, 285, 335, 355]",0.00000000,"[0.00000000, 0.00000000, 0.00000000, 0.00000000, 0.00000000, 0.00000000, 0.00000000]",0.13800000,0.44864935,17->25
7,7,8,1,55,"(6, 15, 16, 18, 21, 25, 26)",8,1161,probe_repair,"[15, 45, 65, 85, 110, 140, 190, 205, 235, 255, 260, 295, 330, 345, 355]",0.00000000,"[0.00000000, 0.00000000, 0.00000000, 0.00000000, 0.00000000, 0.00000000, 0.00000000]",0.27900000,0.44380519,22->21
7,7,8,1,55,"(6, 15, 16, 18, 21, 25, 26)",9,852,probe_repair,"[5, 10, 15, 90, 120, 125, 165, 200, 250, 260, 285, 315, 335, 350, 365]",0.00000000,"[0.00000000, 0.00000000, 0.00000000, 0.00000000, 0.00000000, 0.00000000, 0.00000000]",0.19000000,0.45314286,4->26
7,7,8,1,55,"(6, 15, 16, 18, 21, 25, 26)",10,1446,probe_repair,"[10, 30, 40, 100, 120, 145, 165, 185, 205, 250, 265, 280, 310, 315, 340]",0.00000000,"[0.00000000, 0.00000000, 0.00000000, 0.00000000, 0.00000000, 0.00000000, 0.00000000]",0.24500000,0.45761039,11->15
7,7,8,1,56,"(6, 9, 11, 20, 22, 25, 27)",1,320,probe_repair,"[45, 75, 105, 110, 115, 140, 205, 215, 225, 255, 320, 330, 340, 355, 365]",0.00000000,"[0.00000000, 0.00000000, 0.00000000, 0.00000000, 0.00000000, 0.00000000, 0.00000000]",0.34500000,0.46068831,15->27
7,7,8,1,56,"(6, 9, 11, 20, 22, 25, 27)",2,729,probe_repair,"[40, 50, 75, 85, 105, 115, 120, 195, 240, 245, 280, 285, 290, 310, 335]",0.00000000,"[0.00000000, 0.00000000, 0.00000000, 0.00000000, 0.00000000, 0.00000000, 0.00000000]",0.23700000,0.44531169,4->22
7,7,8,1,56,"(6, 9, 11, 20, 22, 25, 27)",3,214,probe_repair,"[55, 70, 95, 105, 145, 175, 190, 195, 200, 220, 235, 250, 270, 275, 335]",0.00000000,"[0.00000000, 0.00000000, 0.00000000, 0.00000000, 0.00000000, 0.00000000, 0.00000000]",0.30600000,0.45702597,2->25
7,7,8,1,56,"(6, 9, 11, 20, 22, 25, 27)",4,1074,probe_repair,"[5, 45, 75, 80, 90, 95, 155, 235, 245, 275, 315, 340, 355, 360, 365]",0.00000000,"[0.00000000, 0.00000000, 0.00000000, 0.00000000, 0.00000000, 0.00000000, 0.00000000]",0.13900000,0.44961039,18->11
7,7,8,1,56,"(6, 9, 11, 20, 22, 25, 27)",5,227,probe_repair,"[5, 65, 70, 85, 110, 120, 155, 180, 185, 190, 195, 210, 220, 265, 295]",0.00000000,"[0.00000000, 0.00000000, 0.00000000, 0.00000000, 0.00000000, 0.00000000, 0.00000000]",0.18300000,0.44651948,24->27
7,7,8,1,56,"(6, 9, 11, 20, 22, 25, 27)",6,1580,probe_repair,"[10, 45, 65, 85, 155, 175, 180, 185, 190, 200, 270, 295, 340, 345, 360]",0.00000000,"[0.00000000, 0.00000000, 0.00000000, 0.00000000, 0.00000000, 0.00000000, 0.00000000]",0.25900000,0.45923377,21->9
7,7,8,1,56,"(6, 9, 11, 20, 22, 25, 27)",7,19,baseline,"[5, 30, 55, 80, 105, 130, 155, 180, 205, 230, 255, 280, 305, 330, 355]",0.00000000,"[0.00000000, 0.00000000, 0.00000000, 0.00000000, 0.00000000, 0.00000000, 0.00000000]",0.22500000,0.45672727,15->22
7,7,8,1,56,"(6, 9, 11, 20, 22, 25, 27)",8,1450,probe_repair,"[10, 15, 150, 180, 200, 205, 235, 240, 245, 255, 260, 290, 340, 355, 365]",0.00000000,"[0.00000000, 0.00000000, 0.00000000, 0.00000000, 0.00000000, 0.00000000, 0.00000000]",0.24100000,0.45249351,18->27
7,7,8,1,56,"(6, 9, 11, 20, 22, 25, 27)",9,1240,probe_repair,"[10, 30, 75, 110, 150, 155, 160, 165, 175, 180, 225, 235, 270, 305, 350]",0.00000000,"[0.00000000, 0.00000000, 0.00000000, 0.00000000, 0.00000000, 0.00000000, 0.00000000]",0.21600000,0.45453247,15->6
7,7,8,1,56,"(6, 9, 11, 20, 22, 25, 27)",10,561,probe_repair,"[10, 20, 25, 70, 75, 170, 185, 215, 235, 255, 265, 340, 345, 350, 355]",0.00000000,"[0.00000000, 0.00000000, 0.00000000, 0.00000000, 0.00000000, 0.00000000, 0.00000000]",0.03600000,0.44601299,16->27
7,7,8,1,57,"(1, 2, 5, 11, 17, 25, 28)",1,217,probe_repair,"[40, 75, 85, 90, 110, 115, 130, 135, 165, 175, 185, 245, 305, 330, 355]",0.00000000,"[0.00000000, 0.00000000, 0.00000000, 0.00000000, 0.00000000, 0.00000000, 0.00000000]",0.23300000,0.45612088,26->5
7,7,8,1,57,"(1, 2, 5, 11, 17, 25, 28)",2,78,probe_repair,"[40, 60, 65, 90, 120, 125, 145, 200, 210, 220, 225, 240, 250, 280, 365]",0.00000000,"[0.00000000, 0.00000000, 0.00000000, 0.00000000, 0.00000000, 0.00000000, 0.00000000]",0.07500000,0.45007692,26->28
7,7,8,1,57,"(1, 2, 5, 11, 17, 25, 28)",3,194,probe_repair,"[5, 15, 25, 40, 75, 125, 135, 150, 175, 180, 220, 250, 265, 295, 325]",0.00000000,"[0.00000000, 0.00000000, 0.00000000, 0.00000000, 0.00000000, 0.00000000, 0.00000000]",0.18100000,0.44742857,22->5
7,7,8,1,57,"(1, 2, 5, 11, 17, 25, 28)",4,231,probe_repair,"[10, 15, 75, 85, 95, 100, 135, 150, 225, 235, 275, 280, 300, 345, 365]",0.00000000,"[0.00000000, 0.00000000, 0.00000000, 0.00000000, 0.00000000, 0.00000000, 0.00000000]",0.10200000,0.45332967,22->28
7,7,8,1,57,"(1, 2, 5, 11, 17, 25, 28)",5,27,probe_repair,"[50, 55, 65, 80, 85, 130, 145, 150, 205, 250, 265, 275, 330, 335, 355]",0.00000000,"[0.00000000, 0.00000000, 0.00000000, 0.00000000, 0.00000000, 0.00000000, 0.00000000]",0.04400000,0.45485714,6->25
7,7,8,1,57,"(1, 2, 5, 11, 17, 25, 28)",6,82,probe_repair,"[40, 60, 65, 90, 120, 125, 145, 200, 210, 220, 225, 240, 250, 280, 365]",0.00000000,"[0.00000000, 0.00000000, 0.00000000, 0.00000000, 0.00000000, 0.00000000, 0.00000000]",0.06700000,0.44382418,26->28
7,7,8,1,57,"(1, 2, 5, 11, 17, 25, 28)",7,236,probe_repair,"[10, 15, 75, 85, 95, 100, 135, 150, 225, 235, 275, 280, 300, 345, 365]",0.00000000,"[0.00000000, 0.00000000, 0.00000000, 0.00000000, 0.00000000, 0.00000000, 0.00000000]",0.15300000,0.45800000,24->11
7,7,8,1,57,"(1, 2, 5, 11, 17, 25, 28)",8,220,probe_repair,"[40, 75, 85, 90, 110, 115, 130, 135, 165, 175, 185, 245, 305, 330, 355]",0.00000000,"[0.00000000, 0.00000000, 0.00000000, 0.00000000, 0.00000000, 0.00000000, 0.00000000]",0.09700000,0.45569231,26->5
7,7,8,1,57,"(1, 2, 5, 11, 17, 25, 28)",9,6,baseline,"[5, 30, 55, 80, 105, 130, 155, 180, 205, 230, 255, 280, 305, 330, 355]",0.00000000,"[0.00000000, 0.00000000, 0.00000000, 0.00000000, 0.00000000, 0.00000000, 0.00000000]",0.10400000,0.44864835,15->5
7,7,8,1,57,"(1, 2, 5, 11, 17, 25, 28)",10,207,probe_repair,"[25, 45, 50, 60, 80, 95, 110, 115, 130, 135, 165, 170, 260, 265, 355]",0.00000000,"[0.00000000, 0.00000000, 0.00000000, 0.00000000, 0.00000000, 0.00000000, 0.00000000]",0.06200000,0.44805495,20->2
7,7,8,1,58,"(6, 11, 15, 17, 20, 21, 24)",1,1607,probe_repair,"[20, 105, 110, 120, 155, 200, 225, 245, 250, 270, 275, 295, 300, 340, 350]",0.00000000,"[0.00000000, 0.00000000, 0.00000000, 0.00000000, 0.00000000, 0.00000000, 0.00000000]",0.19300000,0.45822078,25->24
7,7,8,1,58,"(6, 11, 15, 17, 20, 21, 24)",2,461,probe_repair,"[10, 70, 75, 95, 120, 155, 185, 205, 225, 240, 250, 270, 305, 330, 355]",0.00000000,"[0.00000000, 0.00000000, 0.00000000, 0.00000000, 0.00000000, 0.00000000, 0.00000000]",0.11500000,0.44329870,27->11
7,7,8,1,58,"(6, 11, 15, 17, 20, 21, 24)",3,57,probe_repair,"[30, 40, 65, 70, 100, 120, 165, 175, 185, 225, 245, 250, 270, 305, 340]",0.00000000,"[0.00000000, 0.00000000, 0.00000000, 0.00000000, 0.00000000, 0.00000000, 0.00000000]",0.25900000,0.45955844,7->6
7,7,8,1,58,"(6, 11, 15, 17, 20, 21, 24)",4,668,probe_repair,"[70, 100, 145, 150, 165, 170, 175, 195, 215, 225, 295, 305, 320, 350, 365]",0.00000000,"[0.00000000, 0.00000000, 0.00000000, 0.00000000, 0.00000000, 0.00000000, 0.00000000]",0.25700000,0.46190909,27->17
7,7,8,1,58,"(6, 11, 15, 17, 20, 21, 24)",5,1214,probe_repair,"[10, 20, 25, 30, 35, 45, 60, 65, 95, 120, 135, 255, 270, 295, 355]",0.00000000,"[0.00000000, 0.00000000, 0.00000000, 0.00000000, 0.00000000, 0.00000000, 0.00000000]",0.15700000,0.44920779,27->15
7,7,8,1,58,"(6, 11, 15, 17, 20, 21, 24)",6,1473,probe_repair,"[5, 20, 30, 50, 105, 120, 130, 165, 190, 210, 230, 285, 305, 350, 355]",0.00000000,"[0.00000000, 0.00000000, 0.00000000, 0.00000000, 0.00000000, 0.00000000, 0.00000000]",0.32900000,0.45646753,25->17
7,7,8,1,58,"(6, 11, 15, 17, 20, 21, 24)",7,666,probe_repair,"[70, 100, 145, 150, 165, 170, 175, 195, 215, 225, 295, 305, 320, 350, 365]",0.00000000,"[0.00000000, 0.00000000, 0.00000000, 0.00000000, 0.00000000, 0.00000000, 0.00000000]",0.21800000,0.45700000,9->20
7,7,8,1,58,"(6, 11, 15, 17, 20, 21, 24)",8,1524,probe_repair,"[10, 25, 60, 80, 90, 130, 165, 180, 200, 225, 245, 270, 290, 340, 365]",0.00000000,"[0.00000000, 0.00000000, 0.00000000, 0.00000000, 0.00000000, 0.00000000, 0.00000000]",0.20600000,0.45480519,25->24
7,7,8,1,58,"(6, 11, 15, 17, 20, 21, 24)",9,579,probe_repair,"[5, 90, 140, 145, 205, 235, 245, 250, 275, 330, 335, 345, 350, 355, 360]",0.00000000,"[0.00000000, 0.00000000, 0.00000000, 0.00000000, 0.00000000, 0.00000000, 0.00000000]",0.09500000,0.45031169,28->21
7,7,8,1,58,"(6, 11, 15, 17, 20, 21, 24)",10,1116,probe_repair,"[15, 50, 75, 110, 155, 185, 200, 220, 235, 240, 270, 295, 330, 345, 365]",0.00000000,"[0.00000000, 0.00000000, 0.00000000, 0.00000000, 0.00000000, 0.00000000, 0.00000000]",0.22800000,0.44359740,7->6
7,7,8,1,59,"(2, 4, 7, 15, 18, 21, 26)",1,712,probe_repair,"[5, 20, 25, 60, 75, 95, 120, 140, 145, 205, 220, 280, 325, 340, 350]",0.00000000,"[0.00000000, 0.00000000, 0.00000000, 0.00000000, 0.00000000, 0.00000000, 0.00000000]",0.23800000,0.45271429,9->15
7,7,8,1,59,"(2, 4, 7, 15, 18, 21, 26)",2,1273,probe_repair,"[10, 15, 30, 75, 90, 105, 125, 160, 165, 170, 190, 240, 245, 275, 345]",0.00000000,"[0.00000000, 0.00000000, 0.00000000, 0.00000000, 0.00000000, 0.00000000, 0.00000000]",0.15900000,0.44810390,6->26
7,7,8,1,59,"(2, 4, 7, 15, 18, 21, 26)",3,919,probe_repair,"[20, 80, 90, 95, 105, 155, 180, 205, 235, 250, 265, 300, 305, 320, 355]",0.00000000,"[0.00000000, 0.00000000, 0.00000000, 0.00000000, 0.00000000, 0.00000000, 0.00000000]",0.18100000,0.45558442,9->2
7,7,8,1,59,"(2, 4, 7, 15, 18, 21, 26)",4,1150,probe_repair,"[45, 50, 90, 140, 155, 160, 165, 170, 190, 195, 255, 265, 320, 325, 330]",0.00000000,"[0.00000000, 0.00000000, 0.00000000, 0.00000000, 0.00000000, 0.00000000, 0.00000000]",0.16200000,0.44941558,17->15
7,7,8,1,59,"(2, 4, 7, 15, 18, 21, 26)",5,1573,probe_repair,"[35, 55, 70, 95, 120, 160, 165, 170, 185, 195, 220, 245, 280, 285, 345]",0.00000000,"[0.00000000, 0.00000000, 0.00000000, 0.00000000, 0.00000000, 0.00000000, 0.00000000]",0.00000000,0.42936364,6->26
7,7,8,1,59,"(2, 4, 7, 15, 18, 21, 26)",6,1228,probe_repair,"[30, 35, 45, 80, 85, 90, 100, 120, 130, 195, 210, 220, 255, 320, 325]",0.00000000,"[0.00000000, 0.00000000, 0.00000000, 0.00000000, 0.00000000, 0.00000000, 0.00000000]",0.26700000,0.45097403,28->26
7,7,8,1,59,"(2, 4, 7, 15, 18, 21, 26)",7,1488,probe_repair,"[95, 100, 115, 125, 190, 195, 230, 235, 245, 275, 285, 320, 350, 355, 365]",0.00000000,"[0.00000000, 0.00000000, 0.00000000, 0.00000000, 0.00000000, 0.00000000, 0.00000000]",0.25200000,0.45529870,20->26
7,7,8,1,59,"(2, 4, 7, 15, 18, 21, 26)",8,190,probe_repair,"[20, 30, 55, 85, 100, 120, 135, 175, 210, 220, 280, 310, 320, 330, 335]",0.00000000,"[0.00000000, 0.00000000, 0.00000000, 0.00000000, 0.00000000, 0.00000000, 0.00000000]",0.22600000,0.45089610,28->18
7,7,8,1,59,"(2, 4, 7, 15, 18, 21, 26)",9,192,probe_repair,"[20, 30, 55, 85, 100, 120, 135, 175, 210, 220, 280, 310, 320, 330, 335]",0.00000000,"[0.00000000, 0.00000000, 0.00000000, 0.00000000, 0.00000000, 0.00000000, 0.00000000]",0.22000000,0.44723377,27->26
7,7,8,1,59,"(2, 4, 7, 15, 18, 21, 26)",10,1226,probe_repair,"[30, 35, 45, 80, 85, 90, 100, 120, 130, 195, 210, 220, 255, 320, 325]",0.00000000,"[0.00000000, 0.00000000, 0.00000000, 0.00000000, 0.00000000, 0.00000000, 0.00000000]",0.21300000,0.45192208,28->26
7,7,8,1,60,"(4, 5, 15, 16, 17, 22, 24)",1,381,probe_repair,"[20, 40, 55, 105, 160, 165, 175, 200, 220, 255, 265, 270, 295, 300, 315]",0.00000000,"[0.00000000, 0.00000000, 0.00000000, 0.00000000, 0.00000000, 0.00000000, 0.00000000]",0.00000000,0.43482143,28->22
7,7,8,1,60,"(4, 5, 15, 16, 17, 22, 24)",2,474,probe_repair,"[35, 60, 95, 110, 135, 140, 205, 225, 235, 290, 300, 315, 330, 340, 355]",0.00000000,"[0.00000000, 0.00000000, 0.00000000, 0.00000000, 0.00000000, 0.00000000, 0.00000000]",0.12500000,0.45392857,25->15
7,7,8,1,60,"(4, 5, 15, 16, 17, 22, 24)",3,470,probe_repair,"[35, 60, 95, 110, 135, 140, 205, 225, 235, 290, 300, 315, 330, 340, 355]",0.00000000,"[0.00000000, 0.00000000, 0.00000000, 0.00000000, 0.00000000, 0.00000000, 0.00000000]",0.18000000,0.45764286,25->15
7,7,8,1,60,"(4, 5, 15, 16, 17, 22, 24)",4,306,probe_repair,"[25, 90, 100, 120, 125, 130, 180, 185, 190, 230, 240, 280, 305, 310, 335]",0.00000000,"[0.00000000, 0.00000000, 0.00000000, 0.00000000, 0.00000000, 0.00000000, 0.00000000]",0.29400000,0.46616667,27->4
7,7,8,1,60,"(4, 5, 15, 16, 17, 22, 24)",5,352,probe_repair,"[35, 50, 100, 110, 150, 155, 160, 220, 230, 245, 270, 305, 315, 330, 345]",0.00000000,"[0.00000000, 0.00000000, 0.00000000, 0.00000000, 0.00000000, 0.00000000, 0.00000000]",0.15900000,0.45175000,11->24
7,7,8,1,60,"(4, 5, 15, 16, 17, 22, 24)",6,161,probe_repair,"[5, 10, 15, 65, 90, 125, 145, 220, 235, 255, 260, 270, 275, 300, 315]",0.00000000,"[0.00000000, 0.00000000, 0.00000000, 0.00000000, 0.00000000, 0.00000000, 0.00000000]",0.28600000,0.45738095,26->17
7,7,8,1,60,"(4, 5, 15, 16, 17, 22, 24)",7,385,probe_repair,"[20, 40, 55, 105, 160, 165, 175, 200, 220, 255, 265, 270, 295, 300, 315]",0.00000000,"[0.00000000, 0.00000000, 0.00000000, 0.00000000, 0.00000000, 0.00000000, 0.00000000]",0.02200000,0.45351190,28->22
7,7,8,1,60,"(4, 5, 15, 16, 17, 22, 24)",8,459,probe_repair,"[20, 95, 100, 110, 115, 130, 155, 175, 180, 200, 205, 215, 275, 315, 335]",0.00000000,"[0.00000000, 0.00000000, 0.00000000, 0.00000000, 0.00000000, 0.00000000, 0.00000000]",0.14700000,0.44754762,18->15
7,7,8,1,60,"(4, 5, 15, 16, 17, 22, 24)",9,386,probe_repair,"[20, 40, 55, 105, 160, 165, 175, 200, 220, 255, 265, 270, 295, 300, 315]",0.00000000,"[0.00000000, 0.00000000, 0.00000000, 0.00000000, 0.00000000, 0.00000000, 0.00000000]",0.00600000,0.45058333,28->22
7,7,8,1,60,"(4, 5, 15, 16, 17, 22, 24)",10,240,probe_repair,"[30, 40, 65, 100, 130, 160, 170, 175, 225, 245, 255, 265, 295, 330, 360]",0.00000000,"[0.00000000, 0.00000000, 0.00000000, 0.00000000, 0.00000000, 0.00000000, 0.00000000]",0.23500000,0.45027381,7->24
7,7,8,1,61,"(1, 4, 5, 15, 17, 20, 21)",1,123,probe_repair,"[15, 65, 75, 80, 185, 205, 210, 225, 235, 240, 250, 265, 305, 310, 365]",0.00000000,"[0.00000000, 0.00000000, 0.00000000, 0.00000000, 0.00000000, 0.00000000, 0.00000000]",0.11700000,0.45545055,25->1
7,7,8,1,61,"(1, 4, 5, 15, 17, 20, 21)",2,219,probe_repair,"[5, 45, 90, 120, 130, 175, 185, 230, 255, 260, 265, 280, 325, 335, 345]",0.00000000,"[0.00000000, 0.00000000, 0.00000000, 0.00000000, 0.00000000, 0.00000000, 0.00000000]",0.18600000,0.44489011,28->1
7,7,8,1,61,"(1, 4, 5, 15, 17, 20, 21)",3,3,baseline,"[5, 30, 55, 80, 105, 130, 155, 180, 205, 230, 255, 280, 305, 330, 355]",0.00000000,"[0.00000000, 0.00000000, 0.00000000, 0.00000000, 0.00000000, 0.00000000, 0.00000000]",0.21400000,0.45406593,27->1
7,7,8,1,61,"(1, 4, 5, 15, 17, 20, 21)",4,213,probe_repair,"[5, 45, 90, 120, 130, 175, 185, 230, 255, 260, 265, 280, 325, 335, 345]",0.00000000,"[0.00000000, 0.00000000, 0.00000000, 0.00000000, 0.00000000, 0.00000000, 0.00000000]",0.14200000,0.42474725,24->5
7,7,8,1,61,"(1, 4, 5, 15, 17, 20, 21)",5,159,probe_repair,"[10, 50, 75, 130, 155, 170, 245, 250, 280, 290, 295, 300, 335, 340, 355]",0.00000000,"[0.00000000, 0.00000000, 0.00000000, 0.00000000, 0.00000000, 0.00000000, 0.00000000]",0.27600000,0.45062637,11->4
7,7,8,1,61,"(1, 4, 5, 15, 17, 20, 21)",6,46,probe_repair,"[10, 15, 35, 40, 45, 85, 90, 105, 115, 125, 205, 255, 290, 330, 365]",0.00000000,"[0.00000000, 0.00000000, 0.00000000, 0.00000000, 0.00000000, 0.00000000, 0.00000000]",0.17000000,0.45647253,27->4
7,7,8,1,61,"(1, 4, 5, 15, 17, 20, 21)",7,47,probe_repair,"[10, 15, 35, 40, 45, 85, 90, 105, 115, 125, 205, 255, 290, 330, 365]",0.00000000,"[0.00000000, 0.00000000, 0.00000000, 0.00000000, 0.00000000, 0.00000000, 0.00000000]",0.20300000,0.45452747,27->4
7,7,8,1,61,"(1, 4, 5, 15, 17, 20, 21)",8,214,probe_repair,"[5, 45, 90, 120, 130, 175, 185, 230, 255, 260, 265, 280, 325, 335, 345]",0.00000000,"[0.00000000, 0.00000000, 0.00000000, 0.00000000, 0.00000000, 0.00000000, 0.00000000]",0.24000000,0.44909890,24->5
7,7,8,1,61,"(1, 4, 5, 15, 17, 20, 21)",9,190,probe_repair,"[60, 75, 85, 95, 115, 160, 175, 225, 245, 255, 265, 285, 290, 345, 360]",0.00000000,"[0.00000000, 0.00000000, 0.00000000, 0.00000000, 0.00000000, 0.00000000, 0.00000000]",0.12400000,0.44403297,18->20
7,7,8,1,61,"(1, 4, 5, 15, 17, 20, 21)",10,117,probe_repair,"[15, 65, 75, 80, 185, 205, 210, 225, 235, 240, 250, 265, 305, 310, 365]",0.00000000,"[0.00000000, 0.00000000, 0.00000000, 0.00000000, 0.00000000, 0.00000000, 0.00000000]",0.09500000,0.43470330,25->1
7,7,8,1,62,"(2, 4, 9, 16, 22, 25, 27)",1,1350,probe_repair,"[10, 15, 65, 115, 125, 135, 165, 205, 240, 250, 265, 310, 330, 335, 365]",0.00000000,"[0.00000000, 0.00000000, 0.00000000, 0.00000000, 0.00000000, 0.00000000, 0.00000000]",0.14700000,0.44868831,24->16
7,7,8,1,62,"(2, 4, 9, 16, 22, 25, 27)",2,1374,probe_repair,"[5, 70, 85, 105, 120, 160, 165, 185, 200, 305, 315, 330, 340, 345, 360]",0.00000000,"[0.00000000, 0.00000000, 0.00000000, 0.00000000, 0.00000000, 0.00000000, 0.00000000]",0.06300000,0.45444156,21->22
7,7,8,1,62,"(2, 4, 9, 16, 22, 25, 27)",3,1309,probe_repair,"[140, 155, 175, 185, 205, 215, 225, 235, 250, 260, 265, 320, 325, 350, 355]",0.00000000,"[0.00000000, 0.00000000, 0.00000000, 0.00000000, 0.00000000, 0.00000000, 0.00000000]",0.06400000,0.43546753,7->25
7,7,8,1,62,"(2, 4, 9, 16, 22, 25, 27)",4,978,probe_repair,"[35, 80, 110, 125, 135, 155, 175, 205, 245, 275, 280, 300, 320, 355, 365]",0.00000000,"[0.00000000, 0.00000000, 0.00000000, 0.00000000, 0.00000000, 0.00000000, 0.00000000]",0.18000000,0.44210390,18->16
7,7,8,1,62,"(2, 4, 9, 16, 22, 25, 27)",5,1221,probe_repair,"[45, 70, 95, 105, 130, 165, 185, 210, 250, 255, 265, 270, 300, 320, 360]",0.00000000,"[0.00000000, 0.00000000, 0.00000000, 0.00000000, 0.00000000, 0.00000000, 0.00000000]",0.00000000,0.43353247,24->27
7,7,8,1,62,"(2, 4, 9, 16, 22, 25, 27)",6,1590,probe_repair,"[5, 25, 30, 40, 45, 60, 65, 110, 145, 165, 195, 260, 265, 305, 350]",0.00000000,"[0.00000000, 0.00000000, 0.00000000, 0.00000000, 0.00000000, 0.00000000, 0.00000000]",0.29200000,0.45305195,17->25
7,7,8,1,62,"(2, 4, 9, 16, 22, 25, 27)",7,1480,probe_repair,"[10, 30, 120, 130, 145, 150, 170, 200, 205, 210, 235, 245, 250, 350, 360]",0.00000000,"[0.00000000, 0.00000000, 0.00000000, 0.00000000, 0.00000000, 0.00000000, 0.00000000]",0.17800000,0.46132468,28->22
7,7,8,1,62,"(2, 4, 9, 16, 22, 25, 27)",8,648,probe_repair,"[20, 50, 105, 110, 130, 145, 190, 240, 260, 275, 300, 315, 320, 330, 355]",0.00000000,"[0.00000000, 0.00000000, 0.00000000, 0.00000000, 0.00000000, 0.00000000, 0.00000000]",0.30200000,0.45620779,18->27
7,7,8,1,62,"(2, 4, 9, 16, 22, 25, 27)",9,242,probe_repair,"[35, 40, 50, 60, 65, 75, 130, 135, 145, 170, 295, 335, 340, 355, 365]",0.00000000,"[0.00000000, 0.00000000, 0.00000000, 0.00000000, 0.00000000, 0.00000000, 0.00000000]",0.26900000,0.45570130,7->2
7,7,8,1,62,"(2, 4, 9, 16, 22, 25, 27)",10,645,probe_repair,"[20, 50, 105, 110, 130, 145, 190, 240, 260, 275, 300, 315, 320, 330, 355]",0.00000000,"[0.00000000, 0.00000000, 0.00000000, 0.00000000, 0.00000000, 0.00000000, 0.00000000]",0.24100000,0.43135065,20->16
7,7,8,1,63,"(6, 7, 9, 11, 15, 18, 24)",1,569,probe_repair,"[10, 15, 35, 125, 140, 155, 160, 185, 190, 220, 225, 235, 260, 275, 330]",0.00000000,"[0.00000000, 0.00000000, 0.00000000, 0.00000000, 0.00000000, 0.00000000, 0.00000000]",0.20800000,0.45307792,20->6
7,7,8,1,63,"(6, 7, 9, 11, 15, 18, 24)",2,1549,probe_repair,"[25, 40, 45, 55, 150, 155, 200, 225, 250, 255, 270, 330, 335, 350, 360]",0.00000000,"[0.00000000, 0.00000000, 0.00000000, 0.00000000, 0.00000000, 0.00000000, 0.00000000]",0.17400000,0.43902597,2->24
7,7,8,1,63,"(6, 7, 9, 11, 15, 18, 24)",3,979,probe_repair,"[5, 10, 75, 90, 100, 110, 155, 170, 180, 190, 220, 255, 290, 295, 365]",0.00000000,"[0.00000000, 0.00000000, 0.00000000, 0.00000000, 0.00000000, 0.00000000, 0.00000000]",0.04900000,0.44927273,2->24
7,7,8,1,63,"(6, 7, 9, 11, 15, 18, 24)",4,973,probe_repair,"[5, 10, 75, 90, 100, 110, 155, 170, 180, 190, 220, 255, 290, 295, 365]",0.00000000,"[0.00000000, 0.00000000, 0.00000000, 0.00000000, 0.00000000, 0.00000000, 0.00000000]",0.00000000,0.43227273,2->24
7,7,8,1,63,"(6, 7, 9, 11, 15, 18, 24)",5,347,probe_repair,"[25, 35, 55, 75, 90, 105, 110, 115, 125, 175, 210, 215, 230, 260, 285]",0.00000000,"[0.00000000, 0.00000000, 0.00000000, 0.00000000, 0.00000000, 0.00000000, 0.00000000]",0.26300000,0.45736364,26->6
7,7,8,1,63,"(6, 7, 9, 11, 15, 18, 24)",6,17,baseline,"[5, 30, 55, 80, 105, 130, 155, 180, 205, 230, 255, 280, 305, 330, 355]",0.00000000,"[0.00000000, 0.00000000, 0.00000000, 0.00000000, 0.00000000, 0.00000000, 0.00000000]",0.24600000,0.45555844,17->24
7,7,8,1,63,"(6, 7, 9, 11, 15, 18, 24)",7,9,baseline,"[5, 30, 55, 80, 105, 130, 155, 180, 205, 230, 255, 280, 305, 330, 355]",0.00000000,"[0.00000000, 0.00000000, 0.00000000, 0.00000000, 0.00000000, 0.00000000, 0.00000000]",0.20200000,0.45418182,17->24
7,7,8,1,63,"(6, 7, 9, 11, 15, 18, 24)",8,976,probe_repair,"[5, 10, 75, 90, 100, 110, 155, 170, 180, 190, 220, 255, 290, 295, 365]",0.00000000,"[0.00000000, 0.00000000, 0.00000000, 0.00000000, 0.00000000, 0.00000000, 0.00000000]",0.06300000,0.45312987,2->24
7,7,8,1,63,"(6, 7, 9, 11, 15, 18, 24)",9,843,probe_repair,"[25, 35, 75, 80, 85, 95, 125, 130, 155, 220, 225, 230, 240, 285, 330]",0.00000000,"[0.00000000, 0.00000000, 0.00000000, 0.00000000, 0.00000000, 0.00000000, 0.00000000]",0.22800000,0.44931169,21->15
7,7,8,1,63,"(6, 7, 9, 11, 15, 18, 24)",10,348,probe_repair,"[25, 35, 55, 75, 90, 105, 110, 115, 125, 175, 210, 215, 230, 260, 285]",0.00000000,"[0.00000000, 0.00000000, 0.00000000, 0.00000000, 0.00000000, 0.00000000, 0.00000000]",0.21400000,0.45716883,16->6
7,7,8,1,64,"(2, 5, 17, 21, 24, 25, 27)",1,233,probe_repair,"[15, 55, 60, 105, 110, 130, 145, 150, 160, 175, 185, 205, 215, 270, 330]",0.00000000,"[0.00000000, 0.00000000, 0.00000000, 0.00000000, 0.00000000, 0.00000000, 0.00000000]",0.25600000,0.45583333,11->21
7,7,8,1,64,"(2, 5, 17, 21, 24, 25, 27)",2,230,probe_repair,"[15, 55, 60, 105, 110, 130, 145, 150, 160, 175, 185, 205, 215, 270, 330]",0.00000000,"[0.00000000, 0.00000000, 0.00000000, 0.00000000, 0.00000000, 0.00000000, 0.00000000]",0.19300000,0.45686905,22->21
7,7,8,1,64,"(2, 5, 17, 21, 24, 25, 27)",3,577,probe_repair,"[5, 10, 50, 60, 80, 100, 135, 150, 165, 230, 245, 250, 280, 285, 335]",0.00000000,"[0.00000000, 0.00000000, 0.00000000, 0.00000000, 0.00000000, 0.00000000, 0.00000000]",0.33000000,0.46273810,15->27
7,7,8,1,64,"(2, 5, 17, 21, 24, 25, 27)",4,579,probe_repair,"[5, 10, 50, 60, 80, 100, 135, 150, 165, 230, 245, 250, 280, 285, 335]",0.00000000,"[0.00000000, 0.00000000, 0.00000000, 0.00000000, 0.00000000, 0.00000000, 0.00000000]",0.23900000,0.45957143,15->27
7,7,8,1,64,"(2, 5, 17, 21, 24, 25, 27)",5,149,probe_repair,"[35, 90, 120, 170, 185, 215, 220, 255, 265, 285, 295, 310, 315, 330, 360]",0.00000000,"[0.00000000, 0.00000000, 0.00000000, 0.00000000, 0.00000000, 0.00000000, 0.00000000]",0.12600000,0.44671429,9->2
7,7,8,1,64,"(2, 5, 17, 21, 24, 25, 27)",6,201,probe_repair,"[10, 30, 35, 80, 95, 140, 145, 165, 180, 215, 225, 280, 325, 340, 360]",0.00000000,"[0.00000000, 0.00000000, 0.00000000, 0.00000000, 0.00000000, 0.00000000, 0.00000000]",0.13800000,0.44747619,7->24
7,7,8,1,64,"(2, 5, 17, 21, 24, 25, 27)",7,202,probe_repair,"[10, 30, 35, 80, 95, 140, 145, 165, 180, 215, 225, 280, 325, 340, 360]",0.00000000,"[0.00000000, 0.00000000, 0.00000000, 0.00000000, 0.00000000, 0.00000000, 0.00000000]",0.12100000,0.44507143,7->24
7,7,8,1,64,"(2, 5, 17, 21, 24, 25, 27)",8,264,probe_repair,"[5, 30, 35, 45, 85, 115, 145, 150, 180, 190, 235, 270, 305, 335, 340]",0.00000000,"[0.00000000, 0.00000000, 0.00000000, 0.00000000, 0.00000000, 0.00000000, 0.00000000]",0.20700000,0.44702381,15->17
7,7,8,1,64,"(2, 5, 17, 21, 24, 25, 27)",9,289,probe_repair,"[25, 35, 50, 55, 80, 100, 140, 160, 175, 265, 285, 290, 310, 315, 335]",0.00000000,"[0.00000000, 0.00000000, 0.00000000, 0.00000000, 0.00000000, 0.00000000, 0.00000000]",0.19600000,0.45576190,15->5
7,7,8,1,64,"(2, 5, 17, 21, 24, 25, 27)",10,290,probe_repair,"[25, 35, 50, 55, 80, 100, 140, 160, 175, 265, 285, 290, 310, 315, 335]",0.00000000,"[0.00000000, 0.00000000, 0.00000000, 0.00000000, 0.00000000, 0.00000000, 0.00000000]",0.11800000,0.45560714,6->24
7,7,8,1,65,"(2, 4, 9, 16, 18, 20, 25)",1,525,probe_repair,"[80, 95, 100, 105, 140, 160, 165, 170, 175, 200, 205, 235, 260, 290, 310]",0.00000000,"[0.00000000, 0.00000000, 0.00000000, 0.00000000, 0.00000000, 0.00000000, 0.00000000]",0.00700000,0.42810390,6->20
7,7,8,1,65,"(2, 4, 9, 16, 18, 20, 25)",2,1451,probe_repair,"[5, 15, 25, 35, 65, 70, 95, 125, 195, 200, 205, 240, 265, 290, 355]",0.00000000,"[0.00000000, 0.00000000, 0.00000000, 0.00000000, 0.00000000, 0.00000000, 0.00000000]",0.28500000,0.46592208,21->20
7,7,8,1,65,"(2, 4, 9, 16, 18, 20, 25)",3,546,probe_repair,"[25, 30, 90, 115, 120, 135, 145, 165, 220, 235, 240, 280, 310, 345, 365]",0.00000000,"[0.00000000, 0.00000000, 0.00000000, 0.00000000, 0.00000000, 0.00000000, 0.00000000]",0.23800000,0.45045455,15->9
7,7,8,1,65,"(2, 4, 9, 16, 18, 20, 25)",4,417,probe_repair,"[10, 75, 140, 160, 175, 210, 245, 295, 300, 315, 320, 330, 345, 350, 355]",0.00000000,"[0.00000000, 0.00000000, 0.00000000, 0.00000000, 0.00000000, 0.00000000, 0.00000000]",0.18200000,0.44610390,26->25
7,7,8,1,65,"(2, 4, 9, 16, 18, 20, 25)",5,845,probe_repair,"[35, 55, 70, 80, 105, 135, 140, 165, 185, 195, 200, 280, 300, 320, 340]",0.00000000,"[0.00000000, 0.00000000, 0.00000000, 0.00000000, 0.00000000, 0.00000000, 0.00000000]",0.02400000,0.43319481,6->25
7,7,8,1,65,"(2, 4, 9, 16, 18, 20, 25)",6,1333,probe_repair,"[35, 40, 45, 80, 90, 100, 105, 130, 160, 165, 190, 240, 250, 300, 305]",0.00000000,"[0.00000000, 0.00000000, 0.00000000, 0.00000000, 0.00000000, 0.00000000, 0.00000000]",0.01600000,0.43318182,22->2
7,7,8,1,65,"(2, 4, 9, 16, 18, 20, 25)",7,1195,probe_repair,"[15, 20, 50, 60, 70, 80, 135, 200, 210, 235, 245, 295, 300, 330, 365]",0.00000000,"[0.00000000, 0.00000000, 0.00000000, 0.00000000, 0.00000000, 0.00000000, 0.00000000]",0.18500000,0.45254545,6->25
7,7,8,1,65,"(2, 4, 9, 16, 18, 20, 25)",8,182,probe_repair,"[20, 30, 85, 105, 110, 140, 165, 190, 205, 215, 265, 275, 295, 300, 310]",0.00000000,"[0.00000000, 0.00000000, 0.00000000, 0.00000000, 0.00000000, 0.00000000, 0.00000000]",0.18400000,0.44466234,15->20
7,7,8,1,65,"(2, 4, 9, 16, 18, 20, 25)",9,459,probe_repair,"[35, 65, 90, 100, 110, 150, 215, 235, 245, 250, 260, 265, 290, 355, 360]",0.00000000,"[0.00000000, 0.00000000, 0.00000000, 0.00000000, 0.00000000, 0.00000000, 0.00000000]",0.24700000,0.44970130,27->20
7,7,8,1,65,"(2, 4, 9, 16, 18, 20, 25)",10,303,probe_repair,"[55, 115, 160, 190, 205, 210, 215, 220, 230, 250, 280, 290, 305, 310, 365]",0.00000000,"[0.00000000, 0.00000000, 0.00000000, 0.00000000, 0.00000000, 0.00000000, 0.00000000]",0.19500000,0.45046753,17->16
7,7,8,1,66,"(6, 7, 11, 15, 16, 17, 28)",1,1078,probe_repair,"[15, 25, 35, 115, 120, 130, 140, 185, 200, 220, 225, 275, 325, 335, 365]",0.00000000,"[0.00000000, 0.00000000, 0.00000000, 0.00000000, 0.00000000, 0.00000000, 0.00000000]",0.17600000,0.45401299,9->16
7,7,8,1,66,"(6, 7, 11, 15, 16, 17, 28)",2,967,probe_repair,"[30, 65, 85, 95, 100, 105, 120, 170, 175, 220, 230, 250, 270, 295, 330]",0.00000000,"[0.00000000, 0.00000000, 0.00000000, 0.00000000, 0.00000000, 0.00000000, 0.00000000]",0.16700000,0.45051948,24->7
7,7,8,1,66,"(6, 7, 11, 15, 16, 17, 28)",3,2,baseline,"[5, 30, 55, 80, 105, 130, 155, 180, 205, 230, 255, 280, 305, 330, 355]",0.00000000,"[0.00000000, 0.00000000, 0.00000000, 0.00000000, 0.00000000, 0.00000000, 0.00000000]",0.11800000,0.46009091,26->17
7,7,8,1,66,"(6, 7, 11, 15, 16, 17, 28)",4,20,baseline,"[5, 30, 55, 80, 105, 130, 155, 180, 205, 230, 255, 280, 305, 330, 355]",0.00000000,"[0.00000000, 0.00000000, 0.00000000, 0.00000000, 0.00000000, 0.00000000, 0.00000000]",0.22500000,0.45416883,26->17
7,7,8,1,66,"(6, 7, 11, 15, 16, 17, 28)",5,1133,probe_repair,"[10, 70, 85, 100, 105, 115, 125, 220, 235, 245, 280, 295, 310, 350, 360]",0.00000000,"[0.00000000, 0.00000000, 0.00000000, 0.00000000, 0.00000000, 0.00000000, 0.00000000]",0.04700000,0.43583117,18->11
7,7,8,1,66,"(6, 7, 11, 15, 16, 17, 28)",6,1079,probe_repair,"[15, 25, 35, 115, 120, 130, 140, 185, 200, 220, 225, 275, 325, 335, 365]",0.00000000,"[0.00000000, 0.00000000, 0.00000000, 0.00000000, 0.00000000, 0.00000000, 0.00000000]",0.28200000,0.45633766,9->16
7,7,8,1,66,"(6, 7, 11, 15, 16, 17, 28)",7,1452,probe_repair,"[40, 90, 110, 115, 125, 145, 170, 175, 195, 240, 295, 305, 330, 340, 345]",0.00000000,"[0.00000000, 0.00000000, 0.00000000, 0.00000000, 0.00000000, 0.00000000, 0.00000000]",0.23100000,0.45476623,22->28
7,7,8,1,66,"(6, 7, 11, 15, 16, 17, 28)",8,947,probe_repair,"[10, 25, 35, 45, 90, 95, 100, 115, 125, 180, 245, 335, 340, 360, 365]",0.00000000,"[0.00000000, 0.00000000, 0.00000000, 0.00000000, 0.00000000, 0.00000000, 0.00000000]",0.33900000,0.45588312,9->15
7,7,8,1,66,"(6, 7, 11, 15, 16, 17, 28)",9,386,probe_repair,"[30, 40, 45, 75, 100, 155, 170, 180, 235, 245, 255, 285, 290, 295, 315]",0.00000000,"[0.00000000, 0.00000000, 0.00000000, 0.00000000, 0.00000000, 0.00000000, 0.00000000]",0.27800000,0.45454545,4->15
7,7,8,1,66,"(6, 7, 11, 15, 16, 17, 28)",10,7,baseline,"[5, 30, 55, 80, 105, 130, 155, 180, 205, 230, 255, 280, 305, 330, 355]",0.00000000,"[0.00000000, 0.00000000, 0.00000000, 0.00000000, 0.00000000, 0.00000000, 0.00000000]",0.22300000,0.45506494,26->17
7,7,8,1,67,"(1, 5, 6, 7, 11, 20, 26)",1,119,probe_repair,"[25, 90, 120, 150, 180, 185, 200, 210, 245, 260, 285, 305, 325, 330, 360]",0.00000000,"[0.00000000, 0.00000000, 0.00000000, 0.00000000, 0.00000000, 0.00000000, 0.00000000]",0.18700000,0.45139560,25->5
7,7,8,1,67,"(1, 5, 6, 7, 11, 20, 26)",2,123,probe_repair,"[25, 90, 120, 150, 180, 185, 200, 210, 245, 260, 285, 305, 325, 330, 360]",0.00000000,"[0.00000000, 0.00000000, 0.00000000, 0.00000000, 0.00000000, 0.00000000, 0.00000000]",0.21300000,0.44835165,28->5
7,7,8,1,67,"(1, 5, 6, 7, 11, 20, 26)",3,15,baseline,"[5, 30, 55, 80, 105, 130, 155, 180, 205, 230, 255, 280, 305, 330, 355]",0.00000000,"[0.00000000, 0.00000000, 0.00000000, 0.00000000, 0.00000000, 0.00000000, 0.00000000]",0.12500000,0.45054945,15->5
7,7,8,1,67,"(1, 5, 6, 7, 11, 20, 26)",4,69,probe_repair,"[5, 25, 45, 65, 85, 90, 110, 115, 135, 140, 145, 175, 180, 295, 310]",0.00000000,"[0.00000000, 0.00000000, 0.00000000, 0.00000000, 0.00000000, 0.00000000, 0.00000000]",0.02700000,0.43128571,4->26
7,7,8,1,67,"(1, 5, 6, 7, 11, 20, 26)",5,126,probe_repair,"[25, 65, 110, 145, 165, 175, 180, 205, 225, 250, 260, 300, 325, 330, 340]",0.00000000,"[0.00000000, 0.00000000, 0.00000000, 0.00000000, 0.00000000, 0.00000000, 0.00000000]",0.24900000,0.46371429,22->6
7,7,8,1,67,"(1, 5, 6, 7, 11, 20, 26)",6,38,probe_repair,"[25, 30, 35, 60, 85, 95, 125, 135, 180, 230, 265, 285, 300, 340, 360]",0.00000000,"[0.00000000, 0.00000000, 0.00000000, 0.00000000, 0.00000000, 0.00000000, 0.00000000]",0.17600000,0.45430769,15->6
7,7,8,1,67,"(1, 5, 6, 7, 11, 20, 26)",7,127,probe_repair,"[25, 65, 110, 145, 165, 175, 180, 205, 225, 250, 260, 300, 325, 330, 340]",0.00000000,"[0.00000000, 0.00000000, 0.00000000, 0.00000000, 0.00000000, 0.00000000, 0.00000000]",0.29300000,0.45361538,2->7
7,7,8,1,67,"(1, 5, 6, 7, 11, 20, 26)",8,120,probe_repair,"[25, 90, 120, 150, 180, 185, 200, 210, 245, 260, 285, 305, 325, 330, 360]",0.00000000,"[0.00000000, 0.00000000, 0.00000000, 0.00000000, 0.00000000, 0.00000000, 0.00000000]",0.23900000,0.45084615,25->5
7,7,8,1,67,"(1, 5, 6, 7, 11, 20, 26)",9,37,probe_repair,"[25, 30, 35, 60, 85, 95, 125, 135, 180, 230, 265, 285, 300, 340, 360]",0.00000000,"[0.00000000, 0.00000000, 0.00000000, 0.00000000, 0.00000000, 0.00000000, 0.00000000]",0.04700000,0.43240659,15->6
7,7,8,1,67,"(1, 5, 6, 7, 11, 20, 26)",10,128,probe_repair,"[25, 65, 110, 145, 165, 175, 180, 205, 225, 250, 260, 300, 325, 330, 340]",0.00000000,"[0.00000000, 0.00000000, 0.00000000, 0.00000000, 0.00000000, 0.00000000, 0.00000000]",0.30700000,0.45605495,15->20
7,7,8,1,68,"(6, 9, 11, 16, 17, 18, 26)",1,1445,probe_repair,"[15, 40, 80, 100, 110, 125, 180, 195, 205, 215, 290, 300, 305, 325, 360]",0.00000000,"[0.00000000, 0.00000000, 0.00000000, 0.00000000, 0.00000000, 0.00000000, 0.00000000]",0.05100000,0.44372727,2->26
7,7,8,1,68,"(6, 9, 11, 16, 17, 18, 26)",2,1509,probe_repair,"[5, 10, 60, 65, 80, 85, 100, 110, 160, 210, 275, 280, 295, 315, 355]",0.00000000,"[0.00000000, 0.00000000, 0.00000000, 0.00000000, 0.00000000, 0.00000000, 0.00000000]",0.11200000,0.42941558,22->11
7,7,8,1,68,"(6, 9, 11, 16, 17, 18, 26)",3,266,probe_repair,"[5, 30, 40, 135, 160, 205, 215, 235, 245, 265, 270, 280, 315, 320, 350]",0.00000000,"[0.00000000, 0.00000000, 0.00000000, 0.00000000, 0.00000000, 0.00000000, 0.00000000]",0.18500000,0.45829870,27->16
7,7,8,1,68,"(6, 9, 11, 16, 17, 18, 26)",4,1186,probe_repair,"[20, 50, 55, 60, 65, 90, 110, 115, 165, 175, 190, 200, 240, 340, 365]",0.00000000,"[0.00000000, 0.00000000, 0.00000000, 0.00000000, 0.00000000, 0.00000000, 0.00000000]",0.28800000,0.45505195,28->16
7,7,8,1,68,"(6, 9, 11, 16, 17, 18, 26)",5,797,probe_repair,"[5, 30, 70, 85, 130, 160, 175, 195, 235, 240, 260, 265, 270, 310, 330]",0.00000000,"[0.00000000, 0.00000000, 0.00000000, 0.00000000, 0.00000000, 0.00000000, 0.00000000]",0.00900000,0.44014286,25->26
7,7,8,1,68,"(6, 9, 11, 16, 17, 18, 26)",6,793,probe_repair,"[10, 45, 60, 80, 85, 150, 155, 180, 210, 215, 225, 305, 330, 350, 360]",0.00000000,"[0.00000000, 0.00000000, 0.00000000, 0.00000000, 0.00000000, 0.00000000, 0.00000000]",0.20800000,0.45437662,28->26
7,7,8,1,68,"(6, 9, 11, 16, 17, 18, 26)",7,706,probe_repair,"[15, 110, 115, 130, 145, 165, 180, 210, 225, 245, 255, 275, 310, 330, 355]",0.00000000,"[0.00000000, 0.00000000, 0.00000000, 0.00000000, 0.00000000, 0.00000000, 0.00000000]",0.28500000,0.45825974,21->9
7,7,8,1,68,"(6, 9, 11, 16, 17, 18, 26)",8,411,probe_repair,"[35, 40, 65, 90, 95, 115, 125, 180, 190, 240, 265, 285, 300, 310, 365]",0.00000000,"[0.00000000, 0.00000000, 0.00000000, 0.00000000, 0.00000000, 0.00000000, 0.00000000]",0.14200000,0.45250649,22->9
7,7,8,1,68,"(6, 9, 11, 16, 17, 18, 26)",9,840,probe_repair,"[30, 35, 50, 80, 130, 155, 170, 225, 250, 255, 260, 275, 290, 315, 320]",0.00000000,"[0.00000000, 0.00000000, 0.00000000, 0.00000000, 0.00000000, 0.00000000, 0.00000000]",0.26100000,0.44264935,15->18
7,7,8,1,68,"(6, 9, 11, 16, 17, 18, 26)",10,441,probe_repair,"[5, 30, 40, 70, 95, 105, 135, 165, 175, 240, 245, 250, 325, 350, 360]",0.00000000,"[0.00000000, 0.00000000, 0.00000000, 0.00000000, 0.00000000, 0.00000000, 0.00000000]",0.26800000,0.45274026,7->26
7,7,8,1,69,"(1, 6, 9, 18, 21, 22, 24)",1,309,probe_repair,"[50, 125, 130, 135, 160, 165, 185, 225, 230, 240, 280, 290, 305, 345, 350]",0.00000000,"[0.00000000, 0.00000000, 0.00000000, 0.00000000, 0.00000000, 0.00000000, 0.00000000]",0.06500000,0.42997619,17->18
7,7,8,1,69,"(1, 6, 9, 18, 21, 22, 24)",2,81,probe_repair,"[5, 15, 55, 70, 105, 115, 150, 205, 210, 230, 245, 260, 285, 330, 350]",0.00000000,"[0.00000000, 0.00000000, 0.00000000, 0.00000000, 0.00000000, 0.00000000, 0.00000000]",0.12900000,0.45001190,27->6
7,7,8,1,69,"(1, 6, 9, 18, 21, 22, 24)",3,611,probe_repair,"[40, 50, 90, 105, 150, 180, 195, 210, 245, 260, 295, 300, 320, 330, 365]",0.00000000,"[0.00000000, 0.00000000, 0.00000000, 0.00000000, 0.00000000, 0.00000000, 0.00000000]",0.15700000,0.44569048,2->9
7,7,8,1,69,"(1, 6, 9, 18, 21, 22, 24)",4,312,probe_repair,"[50, 125, 130, 135, 160, 165, 185, 225, 230, 240, 280, 290, 305, 345, 350]",0.00000000,"[0.00000000, 0.00000000, 0.00000000, 0.00000000, 0.00000000, 0.00000000, 0.00000000]",0.19800000,0.45320238,17->18
7,7,8,1,69,"(1, 6, 9, 18, 21, 22, 24)",5,89,probe_repair,"[5, 15, 30, 50, 120, 150, 165, 185, 200, 260, 285, 295, 325, 330, 335]",0.00000000,"[0.00000000, 0.00000000, 0.00000000, 0.00000000, 0.00000000, 0.00000000, 0.00000000]",0.31300000,0.44913095,28->22
7,7,8,1,69,"(1, 6, 9, 18, 21, 22, 24)",6,610,probe_repair,"[40, 50, 90, 105, 150, 180, 195, 210, 245, 260, 295, 300, 320, 330, 365]",0.00000000,"[0.00000000, 0.00000000, 0.00000000, 0.00000000, 0.00000000, 0.00000000, 0.00000000]",0.22200000,0.45191667,28->24
7,7,8,1,69,"(1, 6, 9, 18, 21, 22, 24)",7,274,probe_repair,"[30, 50, 80, 85, 130, 135, 165, 230, 255, 260, 285, 305, 330, 335, 365]",0.00000000,"[0.00000000, 0.00000000, 0.00000000, 0.00000000, 0.00000000, 0.00000000, 0.00000000]",0.31400000,0.45933333,25->22
7,7,8,1,69,"(1, 6, 9, 18, 21, 22, 24)",8,412,probe_repair,"[5, 25, 55, 65, 85, 90, 105, 110, 135, 145, 155, 290, 330, 335, 350]",0.00000000,"[0.00000000, 0.00000000, 0.00000000, 0.00000000, 0.00000000, 0.00000000, 0.00000000]",0.22400000,0.46253571,28->21
7,7,8,1,69,"(1, 6, 9, 18, 21, 22, 24)",9,275,probe_repair,"[30, 50, 80, 85, 130, 135, 165, 230, 255, 260, 285, 305, 330, 335, 365]",0.00000000,"[0.00000000, 0.00000000, 0.00000000, 0.00000000, 0.00000000, 0.00000000, 0.00000000]",0.30300000,0.45926190,25->22
7,7,8,1,69,"(1, 6, 9, 18, 21, 22, 24)",10,142,probe_repair,"[35, 50, 60, 85, 95, 125, 150, 155, 170, 195, 200, 220, 295, 345, 355]",0.00000000,"[0.00000000, 0.00000000, 0.00000000, 0.00000000, 0.00000000, 0.00000000, 0.00000000]",0.24300000,0.44428571,4->22
7,7,8,1,70,"(6, 7, 9, 11, 16, 26, 28)",1,1056,probe_repair,"[5, 45, 60, 75, 80, 85, 95, 160, 200, 260, 285, 310, 335, 345, 350]",0.00000000,"[0.00000000, 0.00000000, 0.00000000, 0.00000000, 0.00000000, 0.00000000, 0.00000000]",0.22100000,0.44474026,22->16
7,7,8,1,70,"(6, 7, 9, 11, 16, 26, 28)",2,1327,probe_repair,"[10, 25, 50, 55, 95, 105, 185, 190, 205, 210, 215, 225, 260, 275, 305]",0.00000000,"[0.00000000, 0.00000000, 0.00000000, 0.00000000, 0.00000000, 0.00000000, 0.00000000]",0.14800000,0.45533766,24->6
7,7,8,1,70,"(6, 7, 9, 11, 16, 26, 28)",3,222,probe_repair,"[15, 30, 40, 50, 80, 100, 135, 160, 170, 195, 205, 260, 310, 325, 330]",0.00000000,"[0.00000000, 0.00000000, 0.00000000, 0.00000000, 0.00000000, 0.00000000, 0.00000000]",0.25200000,0.45971429,22->26
7,7,8,1,70,"(6, 7, 9, 11, 16, 26, 28)",4,824,probe_repair,"[25, 60, 100, 110, 135, 160, 195, 205, 225, 230, 255, 265, 315, 320, 365]",0.00000000,"[0.00000000, 0.00000000, 0.00000000, 0.00000000, 0.00000000, 0.00000000, 0.00000000]",0.25100000,0.45796104,25->16
7,7,8,1,70,"(6, 7, 9, 11, 16, 26, 28)",5,1326,probe_repair,"[10, 25, 50, 55, 95, 105, 185, 190, 205, 210, 215, 225, 260, 275, 305]",0.00000000,"[0.00000000, 0.00000000, 0.00000000, 0.00000000, 0.00000000, 0.00000000, 0.00000000]",0.13900000,0.45736364,24->6
7,7,8,1,70,"(6, 7, 9, 11, 16, 26, 28)",6,872,probe_repair,"[10, 15, 20, 35, 45, 75, 120, 135, 145, 165, 255, 280, 290, 300, 365]",0.00000000,"[0.00000000, 0.00000000, 0.00000000, 0.00000000, 0.00000000, 0.00000000, 0.00000000]",0.23900000,0.45255844,4->6
7,7,8,1,70,"(6, 7, 9, 11, 16, 26, 28)",7,691,probe_repair,"[10, 30, 50, 65, 70, 75, 100, 105, 125, 155, 200, 210, 310, 315, 335]",0.00000000,"[0.00000000, 0.00000000, 0.00000000, 0.00000000, 0.00000000, 0.00000000, 0.00000000]",0.29200000,0.46294805,25->16
7,7,8,1,70,"(6, 7, 9, 11, 16, 26, 28)",8,571,probe_repair,"[20, 45, 50, 70, 130, 175, 205, 225, 240, 265, 285, 345, 350, 360, 365]",0.00000000,"[0.00000000, 0.00000000, 0.00000000, 0.00000000, 0.00000000, 0.00000000, 0.00000000]",0.27800000,0.45150649,15->6
7,7,8,1,70,"(6, 7, 9, 11, 16, 26, 28)",9,1302,probe_repair,"[10, 20, 30, 35, 65, 85, 115, 130, 215, 250, 260, 275, 300, 315, 340]",0.00000000,"[0.00000000, 0.00000000, 0.00000000, 0.00000000, 0.00000000, 0.00000000, 0.00000000]",0.12300000,0.44645455,25->7
7,7,8,1,70,"(6, 7, 9, 11, 16, 26, 28)",10,447,probe_repair,"[15, 115, 140, 145, 170, 205, 240, 250, 255, 260, 270, 275, 290, 325, 335]",0.00000000,"[0.00000000, 0.00000000, 0.00000000, 0.00000000, 0.00000000, 0.00000000, 0.00000000]",0.29800000,0.45375325,2->28
7,7,8,1,71,"(4, 6, 7, 9, 11, 27, 28)",1,1020,probe_repair,"[25, 30, 45, 65, 70, 105, 110, 180, 230, 255, 275, 280, 300, 320, 350]",0.00000000,"[0.00000000, 0.00000000, 0.00000000, 0.00000000, 0.00000000, 0.00000000, 0.00000000]",0.10200000,0.44803896,22->11
7,7,8,1,71,"(4, 6, 7, 9, 11, 27, 28)",2,32,probe_repair,"[5, 70, 95, 110, 155, 160, 175, 200, 240, 280, 285, 310, 315, 320, 325]",0.00000000,"[0.00000000, 0.00000000, 0.00000000, 0.00000000, 0.00000000, 0.00000000, 0.00000000]",0.14000000,0.44553247,25->28
7,7,8,1,71,"(4, 6, 7, 9, 11, 27, 28)",3,494,probe_repair,"[25, 55, 90, 95, 135, 150, 165, 190, 210, 220, 240, 250, 315, 340, 365]",0.00000000,"[0.00000000, 0.00000000, 0.00000000, 0.00000000, 0.00000000, 0.00000000, 0.00000000]",0.15900000,0.44823377,17->9
7,7,8,1,71,"(4, 6, 7, 9, 11, 27, 28)",4,1342,probe_repair,"[15, 35, 70, 110, 125, 130, 145, 155, 205, 220, 250, 255, 265, 295, 300]",0.00000000,"[0.00000000, 0.00000000, 0.00000000, 0.00000000, 0.00000000, 0.00000000, 0.00000000]",0.28000000,0.45320779,25->9
7,7,8,1,71,"(4, 6, 7, 9, 11, 27, 28)",5,1532,probe_repair,"[5, 10, 25, 35, 60, 110, 125, 140, 175, 195, 200, 230, 245, 330, 355]",0.00000000,"[0.00000000, 0.00000000, 0.00000000, 0.00000000, 0.00000000, 0.00000000, 0.00000000]",0.25800000,0.45074026,25->4
7,7,8,1,71,"(4, 6, 7, 9, 11, 27, 28)",6,345,probe_repair,"[60, 75, 95, 135, 150, 160, 170, 225, 230, 245, 255, 285, 300, 320, 360]",0.00000000,"[0.00000000, 0.00000000, 0.00000000, 0.00000000, 0.00000000, 0.00000000, 0.00000000]",0.20300000,0.46279221,17->11
7,7,8,1,71,"(4, 6, 7, 9, 11, 27, 28)",7,159,probe_repair,"[15, 75, 80, 105, 110, 115, 120, 130, 155, 215, 235, 295, 300, 325, 345]",0.00000000,"[0.00000000, 0.00000000, 0.00000000, 0.00000000, 0.00000000, 0.00000000, 0.00000000]",0.15800000,0.44981818,24->11
7,7,8,1,71,"(4, 6, 7, 9, 11, 27, 28)",8,1269,probe_repair,"[15, 20, 25, 55, 60, 110, 175, 190, 195, 220, 255, 280, 315, 320, 345]",0.00000000,"[0.00000000, 0.00000000, 0.00000000, 0.00000000, 0.00000000, 0.00000000, 0.00000000]",0.03500000,0.43187013,20->28
7,7,8,1,71,"(4, 6, 7, 9, 11, 27, 28)",9,1324,probe_repair,"[5, 25, 55, 60, 135, 145, 170, 175, 180, 195, 210, 270, 285, 320, 340]",0.00000000,"[0.00000000, 0.00000000, 0.00000000, 0.00000000, 0.00000000, 0.00000000, 0.00000000]",0.27400000,0.45761039,25->7
7,7,8,1,71,"(4, 6, 7, 9, 11, 27, 28)",10,1,baseline,"[5, 30, 55, 80, 105, 130, 155, 180, 205, 230, 255, 280, 305, 330, 355]",0.00000000,"[0.00000000, 0.00000000, 0.00000000, 0.00000000, 0.00000000, 0.00000000, 0.00000000]",0.11600000,0.43954545,22->6
7,7,8,1,72,"(4, 5, 7, 9, 16, 21, 25)",1,402,probe_repair,"[50, 55, 90, 100, 125, 145, 150, 175, 180, 215, 255, 260, 270, 290, 365]",0.00000000,"[0.00000000, 0.00000000, 0.00000000, 0.00000000, 0.00000000, 0.00000000, 0.00000000]",0.10900000,0.45691667,18->16
7,7,8,1,72,"(4, 5, 7, 9, 16, 21, 25)",2,340,probe_repair,"[15, 25, 50, 75, 85, 100, 115, 145, 200, 265, 275, 295, 310, 315, 330]",0.00000000,"[0.00000000, 0.00000000, 0.00000000, 0.00000000, 0.00000000, 0.00000000, 0.00000000]",0.30500000,0.46225000,28->25
7,7,8,1,72,"(4, 5, 7, 9, 16, 21, 25)",3,45,probe_repair,"[25, 45, 65, 75, 80, 125, 135, 215, 220, 230, 235, 300, 305, 340, 360]",0.00000000,"[0.00000000, 0.00000000, 0.00000000, 0.00000000, 0.00000000, 0.00000000, 0.00000000]",0.03200000,0.42640476,24->4
7,7,8,1,72,"(4, 5, 7, 9, 16, 21, 25)",4,567,probe_repair,"[25, 30, 60, 85, 90, 125, 135, 165, 200, 230, 235, 280, 325, 330, 345]",0.00000000,"[0.00000000, 0.00000000, 0.00000000, 0.00000000, 0.00000000, 0.00000000, 0.00000000]",0.24700000,0.45991667,18->25
7,7,8,1,72,"(4, 5, 7, 9, 16, 21, 25)",5,128,probe_repair,"[5, 10, 30, 45, 65, 100, 115, 135, 140, 155, 290, 300, 325, 345, 360]",0.00000000,"[0.00000000, 0.00000000, 0.00000000, 0.00000000, 0.00000000, 0.00000000, 0.00000000]",0.17800000,0.44513095,15->9
7,7,8,1,72,"(4, 5, 7, 9, 16, 21, 25)",6,130,probe_repair,"[5, 10, 30, 45, 65, 100, 115, 135, 140, 155, 290, 300, 325, 345, 360]",0.00000000,"[0.00000000, 0.00000000, 0.00000000, 0.00000000, 0.00000000, 0.00000000, 0.00000000]",0.08100000,0.44565476,6->7
7,7,8,1,72,"(4, 5, 7, 9, 16, 21, 25)",7,126,probe_repair,"[5, 10, 30, 45, 65, 100, 115, 135, 140, 155, 290, 300, 325, 345, 360]",0.00000000,"[0.00000000, 0.00000000, 0.00000000, 0.00000000, 0.00000000, 0.00000000, 0.00000000]",0.10200000,0.44952381,6->7
7,7,8,1,72,"(4, 5, 7, 9, 16, 21, 25)",8,572,probe_repair,"[25, 30, 60, 85, 90, 125, 135, 165, 200, 230, 235, 280, 325, 330, 345]",0.00000000,"[0.00000000, 0.00000000, 0.00000000, 0.00000000, 0.00000000, 0.00000000, 0.00000000]",0.23200000,0.45315476,11->25
7,7,8,1,72,"(4, 5, 7, 9, 16, 21, 25)",9,575,probe_repair,"[5, 10, 20, 55, 60, 80, 135, 150, 170, 200, 260, 265, 300, 325, 330]",0.00000000,"[0.00000000, 0.00000000, 0.00000000, 0.00000000, 0.00000000, 0.00000000, 0.00000000]",0.20300000,0.45536905,17->21
7,7,8,1,72,"(4, 5, 7, 9, 16, 21, 25)",10,619,probe_repair,"[30, 45, 60, 80, 90, 95, 100, 110, 140, 200, 215, 235, 300, 315, 360]",0.00000000,"[0.00000000, 0.00000000, 0.00000000, 0.00000000, 0.00000000, 0.00000000, 0.00000000]",0.17900000,0.45236905,6->16
7,7,8,1,73,"(1, 2, 5, 6, 11, 16, 25)",1,79,probe_repair,"[10, 60, 65, 75, 135, 180, 190, 235, 240, 285, 290, 330, 355, 360, 365]",0.00000000,"[0.00000000, 0.00000000, 0.00000000, 0.00000000, 0.00000000, 0.00000000, 0.00000000]",0.20700000,0.45153846,28->1
7,7,8,1,73,"(1, 2, 5, 6, 11, 16, 25)",2,155,probe_repair,"[25, 35, 50, 110, 135, 140, 150, 160, 170, 205, 210, 235, 250, 295, 360]",0.00000000,"[0.00000000, 0.00000000, 0.00000000, 0.00000000, 0.00000000, 0.00000000, 0.00000000]",0.16300000,0.44807692,24->2
7,7,8,1,73,"(1, 2, 5, 6, 11, 16, 25)",3,6,baseline,"[5, 30, 55, 80, 105, 130, 155, 180, 205, 230, 255, 280, 305, 330, 355]",0.00000000,"[0.00000000, 0.00000000, 0.00000000, 0.00000000, 0.00000000, 0.00000000, 0.00000000]",0.09800000,0.45097802,15->5
7,7,8,1,73,"(1, 2, 5, 6, 11, 16, 25)",4,147,probe_repair,"[40, 55, 60, 75, 100, 105, 145, 165, 175, 185, 200, 205, 235, 240, 340]",0.00000000,"[0.00000000, 0.00000000, 0.00000000, 0.00000000, 0.00000000, 0.00000000, 0.00000000]",0.16700000,0.45450549,26->5
7,7,8,1,73,"(1, 2, 5, 6, 11, 16, 25)",5,257,probe_repair,"[30, 50, 85, 135, 140, 145, 155, 185, 190, 230, 255, 265, 280, 300, 325]",0.00000000,"[0.00000000, 0.00000000, 0.00000000, 0.00000000, 0.00000000, 0.00000000, 0.00000000]",0.14300000,0.44632967,24->5
7,7,8,1,73,"(1, 2, 5, 6, 11, 16, 25)",6,47,probe_repair,"[10, 35, 60, 85, 90, 110, 130, 140, 225, 255, 265, 280, 290, 300, 325]",0.00000000,"[0.00000000, 0.00000000, 0.00000000, 0.00000000, 0.00000000, 0.00000000, 0.00000000]",0.24300000,0.45218681,27->16
7,7,8,1,73,"(1, 2, 5, 6, 11, 16, 25)",7,143,probe_repair,"[40, 55, 60, 75, 100, 105, 145, 165, 175, 185, 200, 205, 235, 240, 340]",0.00000000,"[0.00000000, 0.00000000, 0.00000000, 0.00000000, 0.00000000, 0.00000000, 0.00000000]",0.20100000,0.45323077,17->5
7,7,8,1,73,"(1, 2, 5, 6, 11, 16, 25)",8,12,baseline,"[5, 30, 55, 80, 105, 130, 155, 180, 205, 230, 255, 280, 305, 330, 355]",0.00000000,"[0.00000000, 0.00000000, 0.00000000, 0.00000000, 0.00000000, 0.00000000, 0.00000000]",0.05400000,0.44640659,15->5
7,7,8,1,73,"(1, 2, 5, 6, 11, 16, 25)",9,8,baseline,"[5, 30, 55, 80, 105, 130, 155, 180, 205, 230, 255, 280, 305, 330, 355]",0.00000000,"[0.00000000, 0.00000000, 0.00000000, 0.00000000, 0.00000000, 0.00000000, 0.00000000]",0.07800000,0.44990110,15->5
7,7,8,1,73,"(1, 2, 5, 6, 11, 16, 25)",10,205,probe_repair,"[10, 15, 85, 95, 115, 125, 130, 170, 200, 205, 235, 275, 300, 305, 365]",0.00000000,"[0.00000000, 0.00000000, 0.00000000, 0.00000000, 0.00000000, 0.00000000, 0.00000000]",0.10400000,0.43431868,17->11
7,7,8,1,74,"(9, 11, 16, 17, 18, 20, 27)",1,198,probe_repair,"[10, 20, 55, 90, 110, 140, 185, 195, 200, 205, 245, 270, 325, 340, 360]",0.00000000,"[0.00000000, 0.00000000, 0.00000000, 0.00000000, 0.00000000, 0.00000000, 0.00000000]",0.18500000,0.45584416,24->18
7,7,8,1,74,"(9, 11, 16, 17, 18, 20, 27)",2,1157,probe_repair,"[15, 30, 60, 70, 105, 110, 180, 190, 215, 220, 250, 280, 285, 300, 315]",0.00000000,"[0.00000000, 0.00000000, 0.00000000, 0.00000000, 0.00000000, 0.00000000, 0.00000000]",0.03500000,0.43480519,25->16
7,7,8,1,74,"(9, 11, 16, 17, 18, 20, 27)",3,536,probe_repair,"[15, 40, 60, 105, 115, 125, 195, 200, 245, 255, 265, 275, 285, 330, 345]",0.00000000,"[0.00000000, 0.00000000, 0.00000000, 0.00000000, 0.00000000, 0.00000000, 0.00000000]",0.27500000,0.45266234,26->18
7,7,8,1,74,"(9, 11, 16, 17, 18, 20, 27)",4,581,probe_repair,"[5, 15, 30, 40, 50, 70, 130, 160, 180, 190, 240, 285, 305, 335, 355]",0.00000000,"[0.00000000, 0.00000000, 0.00000000, 0.00000000, 0.00000000, 0.00000000, 0.00000000]",0.01400000,0.42309091,21->11
7,7,8,1,74,"(9, 11, 16, 17, 18, 20, 27)",5,590,probe_repair,"[20, 30, 45, 60, 65, 80, 110, 145, 155, 205, 215, 250, 265, 275, 305]",0.00000000,"[0.00000000, 0.00000000, 0.00000000, 0.00000000, 0.00000000, 0.00000000, 0.00000000]",0.25500000,0.45318182,28->20
7,7,8,1,74,"(9, 11, 16, 17, 18, 20, 27)",6,1545,probe_repair,"[20, 40, 100, 120, 140, 165, 180, 195, 210, 250, 265, 295, 315, 345, 365]",0.00000000,"[0.00000000, 0.00000000, 0.00000000, 0.00000000, 0.00000000, 0.00000000, 0.00000000]",0.17200000,0.44802597,28->27
7,7,8,1,74,"(9, 11, 16, 17, 18, 20, 27)",7,662,probe_repair,"[5, 40, 70, 115, 140, 150, 175, 180, 195, 205, 220, 280, 320, 325, 340]",0.00000000,"[0.00000000, 0.00000000, 0.00000000, 0.00000000, 0.00000000, 0.00000000, 0.00000000]",0.15600000,0.45305195,7->18
7,7,8,1,74,"(9, 11, 16, 17, 18, 20, 27)",8,258,probe_repair,"[5, 10, 25, 45, 50, 135, 200, 250, 260, 285, 295, 305, 330, 350, 360]",0.00000000,"[0.00000000, 0.00000000, 0.00000000, 0.00000000, 0.00000000, 0.00000000, 0.00000000]",0.27200000,0.45992208,28->18
7,7,8,1,74,"(9, 11, 16, 17, 18, 20, 27)",9,537,probe_repair,"[15, 40, 60, 105, 115, 125, 195, 200, 245, 255, 265, 275, 285, 330, 345]",0.00000000,"[0.00000000, 0.00000000, 0.00000000, 0.00000000, 0.00000000, 0.00000000, 0.00000000]",0.28800000,0.44950649,7->18
7,7,8,1,74,"(9, 11, 16, 17, 18, 20, 27)",10,768,probe_repair,"[30, 45, 95, 115, 125, 155, 170, 225, 230, 270, 290, 295, 320, 330, 365]",0.00000000,"[0.00000000, 0.00000000, 0.00000000, 0.00000000, 0.00000000, 0.00000000, 0.00000000]",0.14200000,0.43414286,15->17
7,7,8,1,75,"(4, 6, 11, 21, 22, 24, 27)",1,1163,probe_repair,"[30, 50, 55, 65, 100, 120, 260, 290, 300, 315, 325, 335, 345, 350, 360]",0.00000000,"[0.00000000, 0.00000000, 0.00000000, 0.00000000, 0.00000000, 0.00000000, 0.00000000]",0.19500000,0.45106494,20->24
7,7,8,1,75,"(4, 6, 11, 21, 22, 24, 27)",2,929,probe_repair,"[5, 35, 55, 90, 150, 160, 165, 170, 190, 205, 265, 295, 305, 330, 365]",0.00000000,"[0.00000000, 0.00000000, 0.00000000, 0.00000000, 0.00000000, 0.00000000, 0.00000000]",0.28300000,0.46412987,7->22
7,7,8,1,75,"(4, 6, 11, 21, 22, 24, 27)",3,640,probe_repair,"[10, 15, 25, 35, 40, 70, 85, 90, 155, 245, 275, 280, 295, 305, 310]",0.00000000,"[0.00000000, 0.00000000, 0.00000000, 0.00000000, 0.00000000, 0.00000000, 0.00000000]",0.22600000,0.45123377,7->11
7,7,8,1,75,"(4, 6, 11, 21, 22, 24, 27)",4,919,probe_repair,"[60, 85, 90, 110, 120, 150, 190, 210, 245, 275, 285, 295, 335, 340, 355]",0.00000000,"[0.00000000, 0.00000000, 0.00000000, 0.00000000, 0.00000000, 0.00000000, 0.00000000]",0.31700000,0.45941558,7->22
7,7,8,1,75,"(4, 6, 11, 21, 22, 24, 27)",5,1222,probe_repair,"[5, 25, 30, 45, 50, 60, 85, 140, 160, 180, 245, 250, 305, 330, 365]",0.00000000,"[0.00000000, 0.00000000, 0.00000000, 0.00000000, 0.00000000, 0.00000000, 0.00000000]",0.06700000,0.45500000,2->27
7,7,8,1,75,"(4, 6, 11, 21, 22, 24, 27)",6,390,probe_repair,"[25, 30, 55, 75, 100, 110, 135, 150, 160, 170, 185, 230, 250, 270, 320]",0.00000000,"[0.00000000, 0.00000000, 0.00000000, 0.00000000, 0.00000000, 0.00000000, 0.00000000]",0.29100000,0.45741558,7->6
7,7,8,1,75,"(4, 6, 11, 21, 22, 24, 27)",7,773,probe_repair,"[5, 25, 45, 75, 120, 180, 190, 210, 240, 280, 295, 305, 310, 335, 340]",0.00000000,"[0.00000000, 0.00000000, 0.00000000, 0.00000000, 0.00000000, 0.00000000, 0.00000000]",0.19400000,0.42414286,7->21
7,7,8,1,75,"(4, 6, 11, 21, 22, 24, 27)",8,496,probe_repair,"[25, 55, 135, 140, 160, 165, 175, 195, 205, 220, 230, 245, 250, 330, 345]",0.00000000,"[0.00000000, 0.00000000, 0.00000000, 0.00000000, 0.00000000, 0.00000000, 0.00000000]",0.20800000,0.45831169,17->11
7,7,8,1,75,"(4, 6, 11, 21, 22, 24, 27)",9,937,probe_repair,"[25, 55, 70, 95, 115, 125, 175, 225, 235, 245, 260, 270, 295, 335, 340]",0.00000000,"[0.00000000, 0.00000000, 0.00000000, 0.00000000, 0.00000000, 0.00000000, 0.00000000]",0.24700000,0.46002597,7->6
7,7,8,1,75,"(4, 6, 11, 21, 22, 24, 27)",10,1499,probe_repair,"[15, 35, 70, 80, 95, 160, 170, 180, 195, 230, 235, 240, 280, 360, 365]",0.00000000,"[0.00000000, 0.00000000, 0.00000000, 0.00000000, 0.00000000, 0.00000000, 0.00000000]",0.16300000,0.45787013,28->6
7,7,8,1,76,"(4, 5, 16, 17, 24, 25, 28)",1,261,probe_repair,"[5, 45, 55, 110, 150, 175, 185, 205, 235, 240, 260, 270, 300, 340, 355]",0.00000000,"[0.00000000, 0.00000000, 0.00000000, 0.00000000, 0.00000000, 0.00000000, 0.00000000]",0.18500000,0.42932143,7->5
7,7,8,1,76,"(4, 5, 16, 17, 24, 25, 28)",2,456,probe_repair,"[15, 20, 30, 75, 90, 115, 120, 160, 180, 190, 295, 305, 325, 335, 345]",0.00000000,"[0.00000000, 0.00000000, 0.00000000, 0.00000000, 0.00000000, 0.00000000, 0.00000000]",0.23300000,0.45501190,9->17
7,7,8,1,76,"(4, 5, 16, 17, 24, 25, 28)",3,533,probe_repair,"[30, 35, 50, 55, 60, 100, 110, 115, 125, 130, 150, 180, 295, 305, 360]",0.00000000,"[0.00000000, 0.00000000, 0.00000000, 0.00000000, 0.00000000, 0.00000000, 0.00000000]",0.05100000,0.43191667,2->5
7,7,8,1,76,"(4, 5, 16, 17, 24, 25, 28)",4,625,probe_repair,"[5, 35, 50, 75, 105, 135, 140, 175, 205, 220, 255, 295, 340, 360, 365]",0.00000000,"[0.00000000, 0.00000000, 0.00000000, 0.00000000, 0.00000000, 0.00000000, 0.00000000]",0.23400000,0.45151190,22->24
7,7,8,1,76,"(4, 5, 16, 17, 24, 25, 28)",5,602,probe_repair,"[15, 30, 75, 130, 145, 150, 165, 180, 210, 225, 235, 240, 340, 345, 365]",0.00000000,"[0.00000000, 0.00000000, 0.00000000, 0.00000000, 0.00000000, 0.00000000, 0.00000000]",0.35300000,0.45642857,20->24
7,7,8,1,76,"(4, 5, 16, 17, 24, 25, 28)",6,39,probe_repair,"[5, 30, 80, 90, 95, 115, 145, 260, 285, 290, 295, 300, 305, 340, 345]",0.00000000,"[0.00000000, 0.00000000, 0.00000000, 0.00000000, 0.00000000, 0.00000000, 0.00000000]",0.15900000,0.44338095,27->4
7,7,8,1,76,"(4, 5, 16, 17, 24, 25, 28)",7,598,probe_repair,"[15, 30, 75, 130, 145, 150, 165, 180, 210, 225, 235, 240, 340, 345, 365]",0.00000000,"[0.00000000, 0.00000000, 0.00000000, 0.00000000, 0.00000000, 0.00000000, 0.00000000]",0.22900000,0.45346429,26->4
7,7,8,1,76,"(4, 5, 16, 17, 24, 25, 28)",8,53,probe_repair,"[20, 80, 85, 90, 95, 175, 210, 230, 235, 255, 265, 280, 305, 325, 330]",0.00000000,"[0.00000000, 0.00000000, 0.00000000, 0.00000000, 0.00000000, 0.00000000, 0.00000000]",0.09900000,0.44234524,22->5
7,7,8,1,76,"(4, 5, 16, 17, 24, 25, 28)",9,627,probe_repair,"[5, 35, 50, 75, 105, 135, 140, 175, 205, 220, 255, 295, 340, 360, 365]",0.00000000,"[0.00000000, 0.00000000, 0.00000000, 0.00000000, 0.00000000, 0.00000000, 0.00000000]",0.23600000,0.45619048,15->16
7,7,8,1,76,"(4, 5, 16, 17, 24, 25, 28)",10,404,probe_repair,"[5, 20, 30, 50, 100, 125, 165, 190, 205, 240, 245, 265, 280, 305, 330]",0.00000000,"[0.00000000, 0.00000000, 0.00000000, 0.00000000, 0.00000000, 0.00000000, 0.00000000]",0.17800000,0.45184524,20->5
7,7,8,1,77,"(6, 11, 17, 25, 26, 27, 28)",1,339,probe_repair,"[10, 50, 70, 80, 110, 130, 165, 175, 210, 260, 270, 280, 300, 310, 325]",0.00000000,"[0.00000000, 0.00000000, 0.00000000, 0.00000000, 0.00000000, 0.00000000, 0.00000000]",0.33300000,0.45655844,7->17
7,7,8,1,77,"(6, 11, 17, 25, 26, 27, 28)",2,202,probe_repair,"[5, 65, 75, 100, 110, 115, 125, 175, 195, 250, 280, 290, 295, 345, 360]",0.00000000,"[0.00000000, 0.00000000, 0.00000000, 0.00000000, 0.00000000, 0.00000000, 0.00000000]",0.15400000,0.45605195,21->11
7,7,8,1,77,"(6, 11, 17, 25, 26, 27, 28)",3,117,probe_repair,"[10, 20, 45, 55, 65, 90, 145, 265, 290, 315, 320, 340, 345, 355, 365]",0.00000000,"[0.00000000, 0.00000000, 0.00000000, 0.00000000, 0.00000000, 0.00000000, 0.00000000]",0.00000000,0.43083117,22->11
7,7,8,1,77,"(6, 11, 17, 25, 26, 27, 28)",4,633,probe_repair,"[40, 95, 120, 135, 150, 165, 205, 220, 240, 255, 260, 280, 285, 335, 360]",0.00000000,"[0.00000000, 0.00000000, 0.00000000, 0.00000000, 0.00000000, 0.00000000, 0.00000000]",0.20100000,0.46172727,7->26
7,7,8,1,77,"(6, 11, 17, 25, 26, 27, 28)",5,342,probe_repair,"[5, 10, 20, 25, 55, 70, 125, 210, 230, 250, 255, 275, 295, 325, 355]",0.00000000,"[0.00000000, 0.00000000, 0.00000000, 0.00000000, 0.00000000, 0.00000000, 0.00000000]",0.26400000,0.45377922,18->6
7,7,8,1,77,"(6, 11, 17, 25, 26, 27, 28)",6,1290,probe_repair,"[5, 30, 50, 65, 80, 95, 125, 165, 170, 190, 195, 255, 280, 295, 325]",0.00000000,"[0.00000000, 0.00000000, 0.00000000, 0.00000000, 0.00000000, 0.00000000, 0.00000000]",0.12400000,0.45501299,20->27
7,7,8,1,77,"(6, 11, 17, 25, 26, 27, 28)",7,635,probe_repair,"[40, 95, 120, 135, 150, 165, 205, 220, 240, 255, 260, 280, 285, 335, 360]",0.00000000,"[0.00000000, 0.00000000, 0.00000000, 0.00000000, 0.00000000, 0.00000000, 0.00000000]",0.23000000,0.45722078,7->26
7,7,8,1,77,"(6, 11, 17, 25, 26, 27, 28)",8,1287,probe_repair,"[5, 30, 50, 65, 80, 95, 125, 165, 170, 190, 195, 255, 280, 295, 325]",0.00000000,"[0.00000000, 0.00000000, 0.00000000, 0.00000000, 0.00000000, 0.00000000, 0.00000000]",0.18600000,0.45709091,20->27
7,7,8,1,77,"(6, 11, 17, 25, 26, 27, 28)",9,904,probe_repair,"[10, 30, 85, 90, 95, 105, 155, 170, 200, 220, 245, 265, 285, 355, 365]",0.00000000,"[0.00000000, 0.00000000, 0.00000000, 0.00000000, 0.00000000, 0.00000000, 0.00000000]",0.21300000,0.46198701,7->11
7,7,8,1,77,"(6, 11, 17, 25, 26, 27, 28)",10,1027,probe_repair,"[15, 40, 55, 70, 90, 130, 135, 155, 160, 200, 225, 235, 245, 295, 345]",0.00000000,"[0.00000000, 0.00000000, 0.00000000, 0.00000000, 0.00000000, 0.00000000, 0.00000000]",0.18900000,0.45389610,18->28
