k,real_k,effective_k,virtual_stream_count,sample_index,position_combination,selection_rank,candidate_id,source,probes,authorized_max_ber,authorized_position_bers,candidate_min_route_min_ber,candidate_avg_route_min_ber,worst_route
2,2,8,6,1,"(4, 11)",1,181,probe_repair,"[20, 30, 80, 105, 150, 170, 175, 210, 240, 260, 270, 295, 315, 320, 325]",0.00000000,"[0.00000000, 0.00000000]",0.00000000,0.30075000,2->4
2,2,8,6,1,"(4, 11)",2,21,probe_repair,"[35, 45, 60, 110, 150, 175, 185, 200, 220, 240, 270, 325, 335, 345, 355]",0.00000000,"[0.00000000, 0.00000000]",0.00000000,0.30075000,2->4
2,2,8,6,1,"(4, 11)",3,97,probe_repair,"[45, 50, 55, 75, 85, 135, 165, 225, 240, 245, 280, 285, 300, 335, 350]",0.00000000,"[0.00000000, 0.00000000]",0.10500000,0.39856250,9->4
2,2,8,6,1,"(4, 11)",4,224,probe_repair,"[10, 30, 55, 60, 80, 90, 115, 190, 225, 245, 280, 285, 315, 330, 360]",0.00000000,"[0.00000000, 0.00000000]",0.04000000,0.38718750,28->4
2,2,8,6,1,"(4, 11)",5,70,probe_repair,"[5, 10, 60, 80, 85, 130, 175, 210, 225, 230, 250, 285, 325, 335, 365]",0.00000000,"[0.00000000, 0.00000000]",0.18700000,0.42293750,16->4
2,2,8,6,1,"(4, 11)",6,227,probe_repair,"[10, 30, 55, 60, 80, 90, 115, 190, 225, 245, 280, 285, 315, 330, 360]",0.00000000,"[0.00000000, 0.00000000]",0.03600000,0.38231250,28->4
2,2,8,6,1,"(4, 11)",7,226,probe_repair,"[10, 30, 55, 60, 80, 90, 115, 190, 225, 245, 280, 285, 315, 330, 360]",0.00000000,"[0.00000000, 0.00000000]",0.04100000,0.38200000,2->11
2,2,8,6,1,"(4, 11)",8,274,probe_repair,"[15, 110, 120, 150, 170, 185, 235, 245, 260, 275, 305, 310, 320, 330, 355]",0.00000000,"[0.00000000, 0.00000000]",0.17800000,0.41675000,20->11
2,2,8,6,1,"(4, 11)",9,292,probe_repair,"[10, 30, 95, 125, 140, 170, 240, 250, 260, 280, 285, 295, 310, 315, 325]",0.00000000,"[0.00000000, 0.00000000]",0.24200000,0.41400000,25->11
2,2,8,6,1,"(4, 11)",10,87,probe_repair,"[5, 40, 45, 50, 90, 100, 115, 130, 135, 215, 285, 305, 320, 325, 355]",0.00000000,"[0.00000000, 0.00000000]",0.21000000,0.40650000,18->11
2,2,8,6,2,"(9, 18)",1,45,probe_repair,"[5, 10, 30, 45, 105, 130, 165, 200, 210, 220, 280, 295, 320, 325, 350]",0.00000000,"[0.00000000, 0.00000000]",0.00000000,0.31862500,2->18
2,2,8,6,2,"(9, 18)",2,172,probe_repair,"[5, 45, 80, 120, 135, 180, 200, 220, 285, 315, 320, 325, 330, 355, 365]",0.00000000,"[0.00000000, 0.00000000]",0.00000000,0.41193750,16->9
2,2,8,6,2,"(9, 18)",3,56,probe_repair,"[10, 30, 50, 110, 120, 125, 130, 165, 170, 175, 185, 220, 250, 265, 315]",0.00000000,"[0.00000000, 0.00000000]",0.13500000,0.42725000,7->18
2,2,8,6,2,"(9, 18)",4,251,probe_repair,"[15, 30, 35, 90, 100, 105, 120, 130, 140, 215, 240, 245, 250, 255, 280]",0.00000000,"[0.00000000, 0.00000000]",0.22100000,0.41287500,25->9
2,2,8,6,2,"(9, 18)",5,55,probe_repair,"[10, 30, 50, 110, 120, 125, 130, 165, 170, 175, 185, 220, 250, 265, 315]",0.00000000,"[0.00000000, 0.00000000]",0.15100000,0.41668750,7->18
2,2,8,6,2,"(9, 18)",6,59,probe_repair,"[10, 30, 50, 110, 120, 125, 130, 165, 170, 175, 185, 220, 250, 265, 315]",0.00000000,"[0.00000000, 0.00000000]",0.23600000,0.42500000,7->18
2,2,8,6,2,"(9, 18)",7,60,probe_repair,"[10, 30, 50, 110, 120, 125, 130, 165, 170, 175, 185, 220, 250, 265, 315]",0.00000000,"[0.00000000, 0.00000000]",0.15800000,0.42618750,7->18
2,2,8,6,2,"(9, 18)",8,95,probe_repair,"[15, 45, 85, 100, 110, 115, 135, 150, 180, 205, 230, 240, 255, 310, 355]",0.00000000,"[0.00000000, 0.00000000]",0.07000000,0.39712500,28->18
2,2,8,6,2,"(9, 18)",9,97,probe_repair,"[15, 45, 85, 100, 110, 115, 135, 150, 180, 205, 230, 240, 255, 310, 355]",0.00000000,"[0.00000000, 0.00000000]",0.11300000,0.39256250,27->9
2,2,8,6,2,"(9, 18)",10,168,probe_repair,"[5, 45, 80, 120, 135, 180, 200, 220, 285, 315, 320, 325, 330, 355, 365]",0.00000000,"[0.00000000, 0.00000000]",0.00000000,0.40856250,16->9
2,2,8,6,3,"(1, 20)",1,57,probe_repair,"[45, 50, 85, 105, 120, 130, 175, 210, 225, 245, 260, 290, 325, 335, 340]",0.00000000,"[0.00000000, 0.00000000]",0.28600000,0.44382353,6->1
2,2,8,6,3,"(1, 20)",2,60,probe_repair,"[45, 50, 85, 105, 120, 130, 175, 210, 225, 245, 260, 290, 325, 335, 340]",0.00000000,"[0.00000000, 0.00000000]",0.25500000,0.43641176,6->1
2,2,8,6,3,"(1, 20)",3,56,probe_repair,"[45, 50, 85, 105, 120, 130, 175, 210, 225, 245, 260, 290, 325, 335, 340]",0.00000000,"[0.00000000, 0.00000000]",0.27500000,0.43058824,6->1
2,2,8,6,3,"(1, 20)",4,55,probe_repair,"[45, 50, 85, 105, 120, 130, 175, 210, 225, 245, 260, 290, 325, 335, 340]",0.00000000,"[0.00000000, 0.00000000]",0.27100000,0.42882353,15->1
2,2,8,6,3,"(1, 20)",5,146,probe_repair,"[10, 15, 35, 70, 85, 105, 120, 140, 155, 200, 220, 255, 305, 310, 335]",0.00000000,"[0.00000000, 0.00000000]",0.11600000,0.42735294,6->1
2,2,8,6,3,"(1, 20)",6,59,probe_repair,"[45, 50, 85, 105, 120, 130, 175, 210, 225, 245, 260, 290, 325, 335, 340]",0.00000000,"[0.00000000, 0.00000000]",0.29100000,0.43470588,6->1
2,2,8,6,3,"(1, 20)",7,58,probe_repair,"[45, 50, 85, 105, 120, 130, 175, 210, 225, 245, 260, 290, 325, 335, 340]",0.00000000,"[0.00000000, 0.00000000]",0.32400000,0.44194118,6->1
2,2,8,6,3,"(1, 20)",8,143,probe_repair,"[10, 15, 35, 70, 85, 105, 120, 140, 155, 200, 220, 255, 305, 310, 335]",0.00000000,"[0.00000000, 0.00000000]",0.13800000,0.42505882,6->1
2,2,8,6,3,"(1, 20)",9,54,probe_repair,"[45, 50, 85, 105, 120, 130, 175, 210, 225, 245, 260, 290, 325, 335, 340]",0.00000000,"[0.00000000, 0.00000000]",0.26500000,0.43764706,6->1
2,2,8,6,3,"(1, 20)",10,155,probe_repair,"[10, 45, 65, 85, 135, 150, 160, 170, 195, 210, 230, 250, 255, 285, 320]",0.00000000,"[0.00000000, 0.00000000]",0.09300000,0.40305882,27->20
2,2,8,6,4,"(24, 27)",1,53,probe_repair,"[25, 40, 130, 155, 160, 170, 220, 240, 275, 295, 300, 305, 315, 355, 360]",0.00000000,"[0.00000000, 0.00000000]",0.00000000,0.34200000,4->24
2,2,8,6,4,"(24, 27)",2,141,probe_repair,"[30, 45, 85, 100, 165, 185, 190, 195, 205, 225, 265, 285, 305, 310, 320]",0.00000000,"[0.00000000, 0.00000000]",0.00000000,0.32687500,2->27
2,2,8,6,4,"(24, 27)",3,301,probe_repair,"[5, 40, 45, 50, 115, 130, 185, 205, 225, 240, 260, 285, 290, 300, 330]",0.00000000,"[0.00000000, 0.00000000]",0.00000000,0.32675000,2->27
2,2,8,6,4,"(24, 27)",4,155,probe_repair,"[10, 45, 50, 60, 75, 130, 140, 150, 155, 240, 320, 345, 350, 355, 365]",0.00000000,"[0.00000000, 0.00000000]",0.14500000,0.41556250,20->27
2,2,8,6,4,"(24, 27)",5,154,probe_repair,"[10, 45, 50, 60, 75, 130, 140, 150, 155, 240, 320, 345, 350, 355, 365]",0.00000000,"[0.00000000, 0.00000000]",0.12000000,0.41562500,20->27
2,2,8,6,4,"(24, 27)",6,152,probe_repair,"[10, 45, 50, 60, 75, 130, 140, 150, 155, 240, 320, 345, 350, 355, 365]",0.00000000,"[0.00000000, 0.00000000]",0.13800000,0.41212500,20->27
2,2,8,6,4,"(24, 27)",7,151,probe_repair,"[10, 45, 50, 60, 75, 130, 140, 150, 155, 240, 320, 345, 350, 355, 365]",0.00000000,"[0.00000000, 0.00000000]",0.12600000,0.41268750,20->27
2,2,8,6,4,"(24, 27)",8,150,probe_repair,"[10, 45, 50, 60, 75, 130, 140, 150, 155, 240, 320, 345, 350, 355, 365]",0.00000000,"[0.00000000, 0.00000000]",0.14400000,0.41243750,20->27
2,2,8,6,4,"(24, 27)",9,202,probe_repair,"[10, 20, 25, 50, 55, 100, 120, 150, 200, 215, 230, 250, 270, 280, 295]",0.00000000,"[0.00000000, 0.00000000]",0.13700000,0.39731250,26->24
2,2,8,6,4,"(24, 27)",10,96,probe_repair,"[35, 50, 125, 145, 150, 160, 185, 200, 245, 270, 300, 305, 325, 360, 365]",0.00000000,"[0.00000000, 0.00000000]",0.06000000,0.41625000,25->24
2,2,8,6,5,"(1, 7)",1,77,probe_repair,"[5, 25, 55, 65, 90, 110, 145, 180, 195, 255, 305, 335, 345, 360, 365]",0.00000000,"[0.00000000, 0.00000000]",0.00000000,0.30229412,2->1
2,2,8,6,5,"(1, 7)",2,75,probe_repair,"[65, 145, 160, 175, 190, 210, 220, 225, 250, 265, 280, 325, 335, 360, 365]",0.00000000,"[0.00000000, 0.00000000]",0.15100000,0.42000000,24->7
2,2,8,6,5,"(1, 7)",3,72,probe_repair,"[65, 145, 160, 175, 190, 210, 220, 225, 250, 265, 280, 325, 335, 360, 365]",0.00000000,"[0.00000000, 0.00000000]",0.10000000,0.40782353,6->7
2,2,8,6,5,"(1, 7)",4,111,probe_repair,"[45, 55, 75, 100, 110, 115, 140, 160, 185, 195, 220, 245, 280, 320, 360]",0.00000000,"[0.00000000, 0.00000000]",0.09900000,0.42182353,21->7
2,2,8,6,5,"(1, 7)",5,76,probe_repair,"[65, 145, 160, 175, 190, 210, 220, 225, 250, 265, 280, 325, 335, 360, 365]",0.00000000,"[0.00000000, 0.00000000]",0.15100000,0.41988235,6->7
2,2,8,6,5,"(1, 7)",6,80,probe_repair,"[5, 25, 55, 65, 90, 110, 145, 180, 195, 255, 305, 335, 345, 360, 365]",0.00000000,"[0.00000000, 0.00000000]",0.09300000,0.38229412,6->7
2,2,8,6,5,"(1, 7)",7,74,probe_repair,"[65, 145, 160, 175, 190, 210, 220, 225, 250, 265, 280, 325, 335, 360, 365]",0.00000000,"[0.00000000, 0.00000000]",0.21300000,0.41647059,24->7
2,2,8,6,5,"(1, 7)",8,112,probe_repair,"[45, 55, 75, 100, 110, 115, 140, 160, 185, 195, 220, 245, 280, 320, 360]",0.00000000,"[0.00000000, 0.00000000]",0.05900000,0.42341176,21->7
2,2,8,6,5,"(1, 7)",9,79,probe_repair,"[5, 25, 55, 65, 90, 110, 145, 180, 195, 255, 305, 335, 345, 360, 365]",0.00000000,"[0.00000000, 0.00000000]",0.06800000,0.39241176,6->7
2,2,8,6,5,"(1, 7)",10,113,probe_repair,"[45, 55, 75, 100, 110, 115, 140, 160, 185, 195, 220, 245, 280, 320, 360]",0.00000000,"[0.00000000, 0.00000000]",0.09500000,0.42582353,21->7
2,2,8,6,6,"(17, 20)",1,37,probe_repair,"[60, 75, 175, 185, 215, 240, 260, 275, 280, 285, 300, 310, 315, 350, 355]",0.00000000,"[0.00000000, 0.00000000]",0.00000000,0.29387500,4->17
2,2,8,6,6,"(17, 20)",2,285,probe_repair,"[5, 15, 35, 45, 90, 145, 175, 180, 205, 280, 315, 320, 335, 345, 365]",0.00000000,"[0.00000000, 0.00000000]",0.00000000,0.29387500,2->20
2,2,8,6,6,"(17, 20)",3,324,probe_repair,"[15, 20, 75, 135, 155, 160, 175, 180, 195, 205, 215, 235, 305, 335, 365]",0.00000000,"[0.00000000, 0.00000000]",0.19300000,0.43200000,28->17
2,2,8,6,6,"(17, 20)",4,286,probe_repair,"[5, 15, 35, 45, 90, 145, 175, 180, 205, 280, 315, 320, 335, 345, 365]",0.00000000,"[0.00000000, 0.00000000]",0.19700000,0.40918750,15->17
2,2,8,6,6,"(17, 20)",5,112,probe_repair,"[10, 20, 60, 105, 115, 150, 165, 220, 225, 230, 265, 270, 275, 290, 360]",0.00000000,"[0.00000000, 0.00000000]",0.12700000,0.40200000,18->20
2,2,8,6,6,"(17, 20)",6,288,probe_repair,"[5, 15, 35, 45, 90, 145, 175, 180, 205, 280, 315, 320, 335, 345, 365]",0.00000000,"[0.00000000, 0.00000000]",0.18000000,0.40493750,28->17
2,2,8,6,6,"(17, 20)",7,292,probe_repair,"[5, 15, 35, 45, 90, 145, 175, 180, 205, 280, 315, 320, 335, 345, 365]",0.00000000,"[0.00000000, 0.00000000]",0.11600000,0.40850000,28->17
2,2,8,6,6,"(17, 20)",8,290,probe_repair,"[5, 15, 35, 45, 90, 145, 175, 180, 205, 280, 315, 320, 335, 345, 365]",0.00000000,"[0.00000000, 0.00000000]",0.23900000,0.39500000,28->17
2,2,8,6,6,"(17, 20)",9,233,probe_repair,"[15, 20, 45, 70, 90, 180, 195, 200, 220, 235, 265, 290, 320, 340, 350]",0.00000000,"[0.00000000, 0.00000000]",0.12600000,0.41068750,6->20
2,2,8,6,6,"(17, 20)",10,295,probe_repair,"[5, 30, 55, 65, 75, 105, 125, 145, 180, 200, 225, 280, 325, 335, 365]",0.00000000,"[0.00000000, 0.00000000]",0.13900000,0.42400000,22->20
2,2,8,6,7,"(5, 7)",1,140,probe_repair,"[55, 60, 65, 80, 145, 160, 185, 200, 245, 250, 260, 265, 305, 340, 360]",0.00000000,"[0.00000000, 0.00000000]",0.02500000,0.41055882,11->5
2,2,8,6,7,"(5, 7)",2,134,probe_repair,"[55, 60, 65, 80, 145, 160, 185, 200, 245, 250, 260, 265, 305, 340, 360]",0.00000000,"[0.00000000, 0.00000000]",0.00800000,0.40320588,11->5
2,2,8,6,7,"(5, 7)",3,138,probe_repair,"[55, 60, 65, 80, 145, 160, 185, 200, 245, 250, 260, 265, 305, 340, 360]",0.00000000,"[0.00000000, 0.00000000]",0.03100000,0.40891176,11->5
2,2,8,6,7,"(5, 7)",4,137,probe_repair,"[55, 60, 65, 80, 145, 160, 185, 200, 245, 250, 260, 265, 305, 340, 360]",0.00000000,"[0.00000000, 0.00000000]",0.01300000,0.41461765,11->5
2,2,8,6,7,"(5, 7)",5,198,probe_repair,"[10, 20, 25, 30, 65, 75, 80, 90, 105, 170, 205, 270, 290, 335, 360]",0.00000000,"[0.00000000, 0.00000000]",0.23100000,0.42873529,28->5
2,2,8,6,7,"(5, 7)",6,203,probe_repair,"[10, 20, 25, 30, 65, 75, 80, 90, 105, 170, 205, 270, 290, 335, 360]",0.00000000,"[0.00000000, 0.00000000]",0.20500000,0.43179412,2->7
2,2,8,6,7,"(5, 7)",7,5,baseline,"[5, 30, 55, 80, 105, 130, 155, 180, 205, 230, 255, 280, 305, 330, 355]",0.00000000,"[0.00000000, 0.00000000]",0.00700000,0.41185294,15->5
2,2,8,6,7,"(5, 7)",8,200,probe_repair,"[10, 20, 25, 30, 65, 75, 80, 90, 105, 170, 205, 270, 290, 335, 360]",0.00000000,"[0.00000000, 0.00000000]",0.24900000,0.43497059,28->5
2,2,8,6,7,"(5, 7)",9,139,probe_repair,"[55, 60, 65, 80, 145, 160, 185, 200, 245, 250, 260, 265, 305, 340, 360]",0.00000000,"[0.00000000, 0.00000000]",0.00000000,0.41091176,11->5
2,2,8,6,7,"(5, 7)",10,135,probe_repair,"[55, 60, 65, 80, 145, 160, 185, 200, 245, 250, 260, 265, 305, 340, 360]",0.00000000,"[0.00000000, 0.00000000]",0.01600000,0.40667647,11->5
2,2,8,6,8,"(7, 16)",1,1,baseline,"[5, 30, 55, 80, 105, 130, 155, 180, 205, 230, 255, 280, 305, 330, 355]",0.00000000,"[0.00000000, 0.00000000]",0.00000000,0.28756250,2->16
2,2,8,6,8,"(7, 16)",2,221,probe_repair,"[45, 50, 55, 60, 95, 160, 175, 180, 185, 225, 285, 315, 330, 345, 355]",0.00000000,"[0.00000000, 0.00000000]",0.00000000,0.28837500,2->16
2,2,8,6,8,"(7, 16)",3,220,probe_repair,"[45, 55, 100, 130, 140, 175, 200, 210, 215, 225, 235, 265, 275, 305, 350]",0.00000000,"[0.00000000, 0.00000000]",0.05300000,0.40418750,20->16
2,2,8,6,8,"(7, 16)",4,214,probe_repair,"[45, 55, 100, 130, 140, 175, 200, 210, 215, 225, 235, 265, 275, 305, 350]",0.00000000,"[0.00000000, 0.00000000]",0.04900000,0.39462500,20->16
2,2,8,6,8,"(7, 16)",5,153,probe_repair,"[15, 20, 40, 50, 100, 145, 170, 180, 240, 245, 290, 300, 325, 340, 350]",0.00000000,"[0.00000000, 0.00000000]",0.09800000,0.39862500,22->7
2,2,8,6,8,"(7, 16)",6,154,probe_repair,"[15, 20, 40, 50, 100, 145, 170, 180, 240, 245, 290, 300, 325, 340, 350]",0.00000000,"[0.00000000, 0.00000000]",0.13100000,0.40537500,22->7
2,2,8,6,8,"(7, 16)",7,217,probe_repair,"[45, 55, 100, 130, 140, 175, 200, 210, 215, 225, 235, 265, 275, 305, 350]",0.00000000,"[0.00000000, 0.00000000]",0.08200000,0.39993750,20->16
2,2,8,6,8,"(7, 16)",8,219,probe_repair,"[45, 55, 100, 130, 140, 175, 200, 210, 215, 225, 235, 265, 275, 305, 350]",0.00000000,"[0.00000000, 0.00000000]",0.05600000,0.40437500,20->16
2,2,8,6,8,"(7, 16)",9,215,probe_repair,"[45, 55, 100, 130, 140, 175, 200, 210, 215, 225, 235, 265, 275, 305, 350]",0.00000000,"[0.00000000, 0.00000000]",0.03600000,0.38975000,20->16
2,2,8,6,8,"(7, 16)",10,156,probe_repair,"[15, 20, 40, 50, 100, 145, 170, 180, 240, 245, 290, 300, 325, 340, 350]",0.00000000,"[0.00000000, 0.00000000]",0.06400000,0.39650000,22->7
2,2,8,6,9,"(2, 7)",1,45,probe_repair,"[25, 40, 115, 135, 140, 185, 210, 215, 235, 255, 285, 315, 340, 355, 365]",0.00000000,"[0.00000000, 0.00000000]",0.00000000,0.30750000,6->2
2,2,8,6,9,"(2, 7)",2,35,probe_repair,"[30, 45, 80, 85, 90, 100, 105, 110, 190, 215, 250, 295, 305, 310, 320]",0.00000000,"[0.00000000, 0.00000000]",0.12900000,0.44081250,24->2
2,2,8,6,9,"(2, 7)",3,259,probe_repair,"[70, 80, 140, 155, 185, 220, 255, 265, 275, 285, 290, 305, 315, 355, 360]",0.00000000,"[0.00000000, 0.00000000]",0.23900000,0.43681250,15->2
2,2,8,6,9,"(2, 7)",4,264,probe_repair,"[35, 65, 80, 85, 115, 135, 145, 200, 205, 215, 285, 290, 300, 310, 330]",0.00000000,"[0.00000000, 0.00000000]",0.01000000,0.40450000,16->7
2,2,8,6,9,"(2, 7)",5,23,probe_repair,"[75, 90, 130, 135, 155, 165, 185, 210, 225, 245, 275, 285, 315, 350, 365]",0.00000000,"[0.00000000, 0.00000000]",0.06800000,0.38993750,4->7
2,2,8,6,9,"(2, 7)",6,31,probe_repair,"[30, 45, 80, 85, 90, 100, 105, 110, 190, 215, 250, 295, 305, 310, 320]",0.00000000,"[0.00000000, 0.00000000]",0.18800000,0.43306250,26->2
2,2,8,6,9,"(2, 7)",7,120,probe_repair,"[5, 55, 75, 90, 95, 120, 160, 175, 185, 200, 215, 235, 295, 345, 365]",0.00000000,"[0.00000000, 0.00000000]",0.07200000,0.38456250,9->2
2,2,8,6,9,"(2, 7)",8,284,probe_repair,"[30, 35, 50, 75, 140, 165, 190, 195, 205, 210, 215, 260, 300, 310, 350]",0.00000000,"[0.00000000, 0.00000000]",0.01400000,0.38731250,21->2
2,2,8,6,9,"(2, 7)",9,282,probe_repair,"[30, 35, 50, 75, 140, 165, 190, 195, 205, 210, 215, 260, 300, 310, 350]",0.00000000,"[0.00000000, 0.00000000]",0.00000000,0.38850000,21->2
2,2,8,6,9,"(2, 7)",10,267,probe_repair,"[35, 65, 80, 85, 115, 135, 145, 200, 205, 215, 285, 290, 300, 310, 330]",0.00000000,"[0.00000000, 0.00000000]",0.00100000,0.40525000,16->7
2,2,8,6,10,"(17, 28)",1,304,probe_repair,"[15, 20, 55, 80, 130, 135, 160, 165, 230, 240, 255, 270, 285, 360, 365]",0.00000000,"[0.00000000, 0.00000000]",0.08200000,0.39475000,6->28
2,2,8,6,10,"(17, 28)",2,148,probe_repair,"[10, 50, 60, 70, 85, 105, 145, 165, 220, 240, 290, 300, 310, 335, 355]",0.00000000,"[0.00000000, 0.00000000]",0.11000000,0.41737500,22->28
2,2,8,6,10,"(17, 28)",3,236,probe_repair,"[5, 10, 15, 40, 70, 80, 85, 90, 140, 175, 195, 270, 275, 300, 350]",0.00000000,"[0.00000000, 0.00000000]",0.25000000,0.41537500,20->17
2,2,8,6,10,"(17, 28)",4,305,probe_repair,"[15, 20, 55, 80, 130, 135, 160, 165, 230, 240, 255, 270, 285, 360, 365]",0.00000000,"[0.00000000, 0.00000000]",0.09700000,0.39550000,21->17
2,2,8,6,10,"(17, 28)",5,193,probe_repair,"[10, 25, 40, 110, 130, 150, 175, 205, 225, 235, 285, 290, 295, 310, 330]",0.00000000,"[0.00000000, 0.00000000]",0.19800000,0.40518750,9->17
2,2,8,6,10,"(17, 28)",6,132,probe_repair,"[45, 60, 90, 145, 155, 165, 185, 190, 225, 235, 255, 265, 295, 325, 355]",0.00000000,"[0.00000000, 0.00000000]",0.13800000,0.41831250,25->28
2,2,8,6,10,"(17, 28)",7,147,probe_repair,"[10, 50, 60, 70, 85, 105, 145, 165, 220, 240, 290, 300, 310, 335, 355]",0.00000000,"[0.00000000, 0.00000000]",0.18500000,0.41156250,26->28
2,2,8,6,10,"(17, 28)",8,196,probe_repair,"[10, 25, 40, 110, 130, 150, 175, 205, 225, 235, 285, 290, 295, 310, 330]",0.00000000,"[0.00000000, 0.00000000]",0.20900000,0.41693750,25->28
2,2,8,6,10,"(17, 28)",9,308,probe_repair,"[15, 20, 55, 80, 130, 135, 160, 165, 230, 240, 255, 270, 285, 360, 365]",0.00000000,"[0.00000000, 0.00000000]",0.09600000,0.38206250,6->28
2,2,8,6,10,"(17, 28)",10,131,probe_repair,"[45, 60, 90, 145, 155, 165, 185, 190, 225, 235, 255, 265, 295, 325, 355]",0.00000000,"[0.00000000, 0.00000000]",0.06700000,0.41806250,25->28
2,2,8,6,11,"(7, 22)",1,297,probe_repair,"[15, 20, 30, 40, 85, 140, 145, 175, 180, 215, 220, 240, 275, 305, 325]",0.00000000,"[0.00000000, 0.00000000]",0.00000000,0.43218750,15->22
2,2,8,6,11,"(7, 22)",2,296,probe_repair,"[15, 20, 30, 40, 85, 140, 145, 175, 180, 215, 220, 240, 275, 305, 325]",0.00000000,"[0.00000000, 0.00000000]",0.00000000,0.43500000,15->22
2,2,8,6,11,"(7, 22)",3,294,probe_repair,"[15, 20, 30, 40, 85, 140, 145, 175, 180, 215, 220, 240, 275, 305, 325]",0.00000000,"[0.00000000, 0.00000000]",0.00000000,0.43187500,15->22
2,2,8,6,11,"(7, 22)",4,166,probe_repair,"[40, 60, 70, 120, 130, 150, 180, 220, 245, 255, 260, 270, 290, 315, 330]",0.00000000,"[0.00000000, 0.00000000]",0.13100000,0.42056250,21->7
2,2,8,6,11,"(7, 22)",5,52,probe_repair,"[90, 100, 115, 125, 130, 135, 160, 165, 170, 195, 230, 310, 315, 330, 340]",0.00000000,"[0.00000000, 0.00000000]",0.08400000,0.39356250,6->22
2,2,8,6,11,"(7, 22)",6,172,probe_repair,"[40, 60, 70, 120, 130, 150, 180, 220, 245, 255, 260, 270, 290, 315, 330]",0.00000000,"[0.00000000, 0.00000000]",0.15600000,0.42762500,21->7
2,2,8,6,11,"(7, 22)",7,4,baseline,"[5, 30, 55, 80, 105, 130, 155, 180, 205, 230, 255, 280, 305, 330, 355]",0.00000000,"[0.00000000, 0.00000000]",0.09300000,0.37581250,9->7
2,2,8,6,11,"(7, 22)",8,300,probe_repair,"[15, 20, 30, 40, 85, 140, 145, 175, 180, 215, 220, 240, 275, 305, 325]",0.00000000,"[0.00000000, 0.00000000]",0.00000000,0.43262500,15->22
2,2,8,6,11,"(7, 22)",9,255,probe_repair,"[60, 95, 100, 135, 180, 205, 235, 240, 265, 275, 295, 330, 335, 350, 355]",0.00000000,"[0.00000000, 0.00000000]",0.14500000,0.39893750,2->22
2,2,8,6,11,"(7, 22)",10,295,probe_repair,"[15, 20, 30, 40, 85, 140, 145, 175, 180, 215, 220, 240, 275, 305, 325]",0.00000000,"[0.00000000, 0.00000000]",0.00000000,0.43131250,15->22
2,2,8,6,12,"(18, 26)",1,101,probe_repair,"[20, 30, 40, 50, 60, 85, 100, 135, 140, 150, 180, 215, 235, 265, 355]",0.00000000,"[0.00000000, 0.00000000]",0.00000000,0.33512500,2->18
2,2,8,6,12,"(18, 26)",2,61,probe_repair,"[10, 20, 25, 50, 55, 65, 70, 105, 125, 130, 135, 140, 225, 265, 280]",0.00000000,"[0.00000000, 0.00000000]",0.00000000,0.32093750,7->26
2,2,8,6,12,"(18, 26)",3,173,probe_repair,"[10, 75, 105, 140, 155, 170, 180, 185, 205, 245, 280, 305, 315, 340, 365]",0.00000000,"[0.00000000, 0.00000000]",0.00000000,0.29106250,2->26
2,2,8,6,12,"(18, 26)",4,49,probe_repair,"[20, 35, 55, 115, 125, 130, 135, 140, 155, 180, 185, 230, 285, 320, 350]",0.00000000,"[0.00000000, 0.00000000]",0.24200000,0.41856250,20->18
2,2,8,6,12,"(18, 26)",5,185,probe_repair,"[15, 75, 80, 110, 120, 155, 160, 165, 175, 235, 280, 305, 330, 340, 365]",0.00000000,"[0.00000000, 0.00000000]",0.05400000,0.38800000,27->26
2,2,8,6,12,"(18, 26)",6,324,probe_repair,"[95, 100, 105, 120, 135, 185, 200, 220, 225, 235, 250, 275, 315, 325, 365]",0.00000000,"[0.00000000, 0.00000000]",0.14000000,0.40806250,11->26
2,2,8,6,12,"(18, 26)",7,116,probe_repair,"[40, 85, 100, 135, 170, 180, 205, 215, 220, 235, 290, 300, 330, 340, 345]",0.00000000,"[0.00000000, 0.00000000]",0.18700000,0.40837500,24->26
2,2,8,6,12,"(18, 26)",8,323,probe_repair,"[95, 100, 105, 120, 135, 185, 200, 220, 225, 235, 250, 275, 315, 325, 365]",0.00000000,"[0.00000000, 0.00000000]",0.17500000,0.39675000,27->18
2,2,8,6,12,"(18, 26)",9,48,probe_repair,"[20, 35, 55, 115, 125, 130, 135, 140, 155, 180, 185, 230, 285, 320, 350]",0.00000000,"[0.00000000, 0.00000000]",0.22300000,0.42712500,20->18
2,2,8,6,12,"(18, 26)",10,52,probe_repair,"[20, 35, 55, 115, 125, 130, 135, 140, 155, 180, 185, 230, 285, 320, 350]",0.00000000,"[0.00000000, 0.00000000]",0.23700000,0.42081250,21->18
2,2,8,6,13,"(2, 22)",1,184,probe_repair,"[5, 25, 45, 50, 55, 110, 115, 130, 145, 165, 170, 185, 290, 300, 325]",0.00000000,"[0.00000000, 0.00000000]",0.15000000,0.39831250,25->22
2,2,8,6,13,"(2, 22)",2,1608,probe_repair,"[15, 20, 35, 45, 60, 110, 120, 165, 190, 215, 235, 245, 270, 295, 330]",0.00000000,"[0.00000000, 0.00000000]",0.11300000,0.38875000,17->2
2,2,8,6,13,"(2, 22)",3,461,probe_repair,"[65, 85, 165, 200, 235, 250, 255, 260, 265, 275, 285, 305, 330, 345, 360]",0.00000000,"[0.00000000, 0.00000000]",0.00000000,0.34887500,4->22
2,2,8,6,13,"(2, 22)",4,813,probe_repair,"[20, 50, 55, 75, 95, 100, 110, 120, 125, 175, 190, 200, 235, 255, 275]",0.00000000,"[0.00000000, 0.00000000]",0.00000000,0.34887500,6->2
2,2,8,6,13,"(2, 22)",5,1029,probe_repair,"[10, 30, 45, 80, 95, 150, 160, 245, 250, 255, 305, 310, 320, 335, 340]",0.00000000,"[0.00000000, 0.00000000]",0.00000000,0.34887500,6->22
2,2,8,6,13,"(2, 22)",6,901,probe_repair,"[25, 80, 85, 95, 105, 110, 125, 155, 180, 225, 230, 280, 285, 310, 355]",0.00000000,"[0.00000000, 0.00000000]",0.00000000,0.33475000,4->22
2,2,8,6,13,"(2, 22)",7,197,probe_repair,"[25, 40, 60, 80, 115, 135, 155, 160, 185, 210, 215, 315, 320, 330, 345]",0.00000000,"[0.00000000, 0.00000000]",0.00000000,0.32062500,6->22
2,2,8,6,13,"(2, 22)",8,381,probe_repair,"[70, 80, 105, 125, 145, 150, 155, 200, 230, 285, 295, 305, 310, 330, 335]",0.00000000,"[0.00000000, 0.00000000]",0.00000000,0.32062500,6->22
2,2,8,6,13,"(2, 22)",9,821,probe_repair,"[5, 10, 25, 100, 160, 170, 185, 210, 215, 250, 255, 320, 330, 335, 360]",0.00000000,"[0.00000000, 0.00000000]",0.00000000,0.32062500,7->2
2,2,8,6,13,"(2, 22)",10,1549,probe_repair,"[15, 25, 35, 80, 145, 150, 160, 175, 180, 190, 205, 245, 325, 330, 360]",0.00000000,"[0.00000000, 0.00000000]",0.00000000,0.32062500,4->22
2,2,8,6,14,"(4, 7)",1,117,probe_repair,"[15, 65, 115, 130, 150, 170, 185, 230, 240, 245, 255, 295, 305, 315, 355]",0.00000000,"[0.00000000, 0.00000000]",0.00000000,0.31862500,6->4
2,2,8,6,14,"(4, 7)",2,221,probe_repair,"[5, 25, 30, 70, 75, 125, 150, 215, 230, 250, 255, 275, 330, 345, 355]",0.00000000,"[0.00000000, 0.00000000]",0.00000000,0.30306250,6->7
2,2,8,6,14,"(4, 7)",3,845,probe_repair,"[50, 60, 135, 155, 170, 180, 200, 210, 225, 265, 295, 310, 325, 340, 365]",0.00000000,"[0.00000000, 0.00000000]",0.00000000,0.35237500,2->7
2,2,8,6,14,"(4, 7)",4,661,probe_repair,"[15, 30, 35, 50, 120, 140, 170, 185, 200, 240, 245, 265, 310, 315, 330]",0.00000000,"[0.00000000, 0.00000000]",0.00000000,0.33287500,2->7
2,2,8,6,14,"(4, 7)",5,101,probe_repair,"[5, 15, 55, 110, 115, 120, 125, 155, 170, 175, 210, 220, 230, 320, 355]",0.00000000,"[0.00000000, 0.00000000]",0.00000000,0.31993750,2->7
2,2,8,6,14,"(4, 7)",6,413,probe_repair,"[55, 65, 70, 80, 90, 95, 115, 140, 150, 165, 170, 195, 245, 280, 335]",0.00000000,"[0.00000000, 0.00000000]",0.00000000,0.31862500,2->7
2,2,8,6,14,"(4, 7)",7,965,probe_repair,"[30, 70, 110, 125, 130, 150, 190, 200, 220, 240, 265, 280, 320, 330, 350]",0.00000000,"[0.00000000, 0.00000000]",0.00000000,0.31731250,2->7
2,2,8,6,14,"(4, 7)",8,1477,probe_repair,"[30, 70, 75, 175, 180, 190, 210, 230, 245, 265, 275, 280, 295, 345, 365]",0.00000000,"[0.00000000, 0.00000000]",0.00000000,0.31731250,2->7
2,2,8,6,14,"(4, 7)",9,109,probe_repair,"[5, 20, 30, 60, 80, 140, 170, 180, 250, 270, 275, 295, 315, 355, 365]",0.00000000,"[0.00000000, 0.00000000]",0.00000000,0.27193750,2->7
2,2,8,6,14,"(4, 7)",10,1513,probe_repair,"[5, 10, 20, 25, 105, 135, 165, 195, 210, 225, 260, 270, 315, 320, 365]",0.00000000,"[0.00000000, 0.00000000]",0.05100000,0.39131250,15->7
2,2,8,6,15,"(4, 27)",1,1349,probe_repair,"[30, 45, 105, 120, 125, 200, 210, 220, 225, 255, 285, 305, 310, 320, 335]",0.00000000,"[0.00000000, 0.00000000]",0.00000000,0.38975000,6->4
2,2,8,6,15,"(4, 27)",2,1501,probe_repair,"[5, 55, 70, 80, 120, 135, 140, 150, 160, 170, 190, 220, 225, 275, 285]",0.00000000,"[0.00000000, 0.00000000]",0.00000000,0.34668750,2->27
2,2,8,6,15,"(4, 27)",3,1382,probe_repair,"[15, 35, 45, 85, 95, 100, 105, 115, 130, 145, 205, 240, 245, 265, 280]",0.00000000,"[0.00000000, 0.00000000]",0.09700000,0.40368750,17->4
2,2,8,6,15,"(4, 27)",4,274,probe_repair,"[30, 50, 75, 85, 95, 100, 140, 175, 195, 210, 240, 250, 280, 330, 355]",0.00000000,"[0.00000000, 0.00000000]",0.08800000,0.43218750,11->4
2,2,8,6,15,"(4, 27)",5,952,probe_repair,"[25, 35, 80, 90, 105, 115, 160, 185, 190, 240, 250, 270, 275, 335, 345]",0.00000000,"[0.00000000, 0.00000000]",0.20000000,0.43193750,16->4
2,2,8,6,15,"(4, 27)",6,875,probe_repair,"[10, 45, 60, 85, 90, 100, 105, 210, 240, 275, 300, 305, 320, 330, 355]",0.00000000,"[0.00000000, 0.00000000]",0.12200000,0.41818750,6->4
2,2,8,6,15,"(4, 27)",7,752,probe_repair,"[35, 40, 60, 70, 100, 130, 145, 150, 160, 235, 240, 285, 305, 320, 325]",0.00000000,"[0.00000000, 0.00000000]",0.11800000,0.39668750,24->27
2,2,8,6,15,"(4, 27)",8,1604,probe_repair,"[15, 40, 55, 80, 85, 95, 115, 130, 195, 210, 215, 225, 265, 310, 365]",0.00000000,"[0.00000000, 0.00000000]",0.12300000,0.42631250,15->27
2,2,8,6,15,"(4, 27)",9,1388,probe_repair,"[15, 35, 45, 85, 95, 100, 105, 115, 130, 145, 205, 240, 245, 265, 280]",0.00000000,"[0.00000000, 0.00000000]",0.08400000,0.39725000,17->4
2,2,8,6,15,"(4, 27)",10,128,probe_repair,"[50, 55, 65, 100, 180, 185, 220, 230, 250, 275, 290, 295, 305, 325, 330]",0.00000000,"[0.00000000, 0.00000000]",0.05900000,0.41306250,9->4
2,2,8,6,16,"(6, 27)",1,749,probe_repair,"[10, 65, 80, 90, 135, 180, 225, 240, 280, 295, 300, 315, 325, 330, 355]",0.00000000,"[0.00000000, 0.00000000]",0.00000000,0.38093750,16->6
2,2,8,6,16,"(6, 27)",2,661,probe_repair,"[15, 60, 65, 85, 95, 110, 120, 150, 175, 210, 235, 280, 290, 315, 345]",0.00000000,"[0.00000000, 0.00000000]",0.00000000,0.35150000,15->27
2,2,8,6,16,"(6, 27)",3,901,probe_repair,"[10, 40, 60, 95, 100, 125, 175, 215, 230, 245, 270, 290, 300, 340, 355]",0.00000000,"[0.00000000, 0.00000000]",0.00000000,0.33656250,11->27
2,2,8,6,16,"(6, 27)",4,565,probe_repair,"[20, 50, 105, 110, 125, 150, 185, 220, 225, 230, 265, 290, 295, 320, 360]",0.00000000,"[0.00000000, 0.00000000]",0.00000000,0.33612500,2->27
2,2,8,6,16,"(6, 27)",5,301,probe_repair,"[15, 20, 25, 80, 85, 90, 135, 160, 170, 175, 215, 225, 280, 310, 315]",0.00000000,"[0.00000000, 0.00000000]",0.00000000,0.30756250,2->27
2,2,8,6,16,"(6, 27)",6,1494,probe_repair,"[20, 40, 60, 90, 105, 120, 125, 130, 165, 190, 220, 230, 285, 295, 350]",0.00000000,"[0.00000000, 0.00000000]",0.08100000,0.42168750,16->6
2,2,8,6,16,"(6, 27)",7,1499,probe_repair,"[20, 40, 60, 90, 105, 120, 125, 130, 165, 190, 220, 230, 285, 295, 350]",0.00000000,"[0.00000000, 0.00000000]",0.02000000,0.42462500,16->6
2,2,8,6,16,"(6, 27)",8,708,probe_repair,"[15, 20, 65, 75, 120, 125, 135, 150, 160, 200, 275, 285, 290, 300, 350]",0.00000000,"[0.00000000, 0.00000000]",0.06800000,0.40187500,20->6
2,2,8,6,16,"(6, 27)",9,1220,probe_repair,"[30, 45, 75, 100, 105, 110, 185, 190, 205, 225, 235, 240, 250, 270, 340]",0.00000000,"[0.00000000, 0.00000000]",0.10000000,0.41262500,24->6
2,2,8,6,16,"(6, 27)",10,1243,probe_repair,"[30, 70, 80, 115, 155, 195, 235, 250, 255, 260, 270, 300, 315, 330, 350]",0.00000000,"[0.00000000, 0.00000000]",0.14400000,0.42368750,28->6
2,2,8,6,17,"(15, 17)",1,1033,probe_repair,"[15, 25, 55, 85, 90, 100, 120, 130, 155, 160, 200, 240, 275, 285, 320]",0.00000000,"[0.00000000, 0.00000000]",0.12300000,0.39787500,4->15
2,2,8,6,17,"(15, 17)",2,1157,probe_repair,"[10, 15, 35, 40, 45, 55, 140, 220, 235, 240, 260, 265, 310, 315, 365]",0.00000000,"[0.00000000, 0.00000000]",0.00000000,0.40137500,9->15
2,2,8,6,17,"(15, 17)",3,773,probe_repair,"[35, 80, 95, 105, 130, 205, 215, 240, 245, 285, 325, 335, 340, 345, 350]",0.00000000,"[0.00000000, 0.00000000]",0.00000000,0.34037500,2->17
2,2,8,6,17,"(15, 17)",4,1405,probe_repair,"[35, 70, 105, 115, 130, 135, 150, 175, 195, 205, 225, 300, 305, 325, 365]",0.00000000,"[0.00000000, 0.00000000]",0.00000000,0.34037500,2->17
2,2,8,6,17,"(15, 17)",5,541,probe_repair,"[30, 40, 45, 80, 135, 155, 180, 195, 215, 285, 305, 310, 330, 345, 360]",0.00000000,"[0.00000000, 0.00000000]",0.00000000,0.30987500,4->17
2,2,8,6,17,"(15, 17)",6,277,probe_repair,"[10, 90, 110, 140, 150, 160, 175, 185, 210, 215, 245, 280, 305, 315, 320]",0.00000000,"[0.00000000, 0.00000000]",0.00000000,0.29462500,2->17
2,2,8,6,17,"(15, 17)",7,661,probe_repair,"[80, 95, 100, 110, 115, 135, 140, 195, 235, 240, 295, 305, 310, 350, 365]",0.00000000,"[0.00000000, 0.00000000]",0.00000000,0.29462500,2->17
2,2,8,6,17,"(15, 17)",8,744,probe_repair,"[70, 90, 95, 125, 130, 140, 145, 155, 265, 290, 325, 345, 350, 355, 360]",0.00000000,"[0.00000000, 0.00000000]",0.18200000,0.41781250,22->15
2,2,8,6,17,"(15, 17)",9,1032,probe_repair,"[15, 25, 55, 85, 90, 100, 120, 130, 155, 160, 200, 240, 275, 285, 320]",0.00000000,"[0.00000000, 0.00000000]",0.10800000,0.40175000,18->17
2,2,8,6,17,"(15, 17)",10,1034,probe_repair,"[15, 25, 55, 85, 90, 100, 120, 130, 155, 160, 200, 240, 275, 285, 320]",0.00000000,"[0.00000000, 0.00000000]",0.12100000,0.39656250,4->15
2,2,8,6,18,"(20, 27)",1,53,probe_repair,"[10, 20, 30, 45, 50, 65, 80, 100, 175, 195, 235, 275, 280, 300, 340]",0.00000000,"[0.00000000, 0.00000000]",0.00000000,0.38012500,6->27
2,2,8,6,18,"(20, 27)",2,1029,probe_repair,"[50, 60, 80, 95, 120, 135, 165, 185, 195, 210, 235, 295, 300, 335, 355]",0.00000000,"[0.00000000, 0.00000000]",0.00000000,0.38012500,6->27
2,2,8,6,18,"(20, 27)",3,149,probe_repair,"[5, 15, 20, 85, 115, 120, 160, 165, 180, 235, 275, 295, 305, 325, 330]",0.00000000,"[0.00000000, 0.00000000]",0.00000000,0.33175000,4->27
2,2,8,6,18,"(20, 27)",4,1053,probe_repair,"[5, 10, 35, 45, 85, 110, 135, 140, 155, 190, 245, 270, 280, 300, 365]",0.00000000,"[0.00000000, 0.00000000]",0.00000000,0.31762500,4->20
2,2,8,6,18,"(20, 27)",5,1317,probe_repair,"[40, 65, 95, 100, 130, 140, 165, 245, 280, 295, 310, 315, 330, 340, 350]",0.00000000,"[0.00000000, 0.00000000]",0.00000000,0.30050000,4->27
2,2,8,6,18,"(20, 27)",6,1446,probe_repair,"[35, 45, 50, 135, 140, 145, 150, 165, 170, 255, 275, 280, 290, 325, 345]",0.00000000,"[0.00000000, 0.00000000]",0.23000000,0.41643750,16->27
2,2,8,6,18,"(20, 27)",7,941,probe_repair,"[25, 30, 45, 60, 80, 95, 110, 120, 220, 230, 235, 255, 270, 345, 365]",0.00000000,"[0.00000000, 0.00000000]",0.00000000,0.31912500,2->27
2,2,8,6,18,"(20, 27)",8,589,probe_repair,"[15, 70, 100, 120, 150, 155, 165, 170, 240, 280, 305, 315, 325, 330, 355]",0.00000000,"[0.00000000, 0.00000000]",0.00000000,0.29237500,2->27
2,2,8,6,18,"(20, 27)",9,946,probe_repair,"[25, 30, 45, 60, 80, 95, 110, 120, 220, 230, 235, 255, 270, 345, 365]",0.00000000,"[0.00000000, 0.00000000]",0.16800000,0.42006250,21->27
2,2,8,6,18,"(20, 27)",10,1447,probe_repair,"[35, 45, 50, 135, 140, 145, 150, 165, 170, 255, 275, 280, 290, 325, 345]",0.00000000,"[0.00000000, 0.00000000]",0.16700000,0.41575000,16->27
2,2,8,6,19,"(15, 26)",1,1469,probe_repair,"[5, 20, 75, 90, 130, 145, 170, 235, 250, 270, 310, 335, 345, 355, 365]",0.00000000,"[0.00000000, 0.00000000]",0.00000000,0.35368750,7->26
2,2,8,6,19,"(15, 26)",2,1501,probe_repair,"[25, 80, 85, 95, 120, 130, 135, 140, 155, 250, 265, 310, 320, 350, 365]",0.00000000,"[0.00000000, 0.00000000]",0.00000000,0.32106250,4->15
2,2,8,6,19,"(15, 26)",3,429,probe_repair,"[25, 30, 45, 80, 105, 130, 155, 165, 170, 180, 205, 215, 225, 255, 360]",0.00000000,"[0.00000000, 0.00000000]",0.00000000,0.35468750,2->26
2,2,8,6,19,"(15, 26)",4,1386,probe_repair,"[10, 20, 110, 170, 175, 190, 195, 220, 240, 290, 300, 320, 335, 340, 360]",0.00000000,"[0.00000000, 0.00000000]",0.10800000,0.40600000,16->15
2,2,8,6,19,"(15, 26)",5,234,probe_repair,"[25, 75, 110, 120, 135, 175, 220, 255, 260, 275, 290, 300, 320, 335, 360]",0.00000000,"[0.00000000, 0.00000000]",0.08400000,0.38987500,28->26
2,2,8,6,19,"(15, 26)",6,1270,probe_repair,"[25, 90, 95, 155, 160, 170, 220, 250, 255, 270, 285, 290, 310, 335, 340]",0.00000000,"[0.00000000, 0.00000000]",0.01600000,0.38906250,18->15
2,2,8,6,19,"(15, 26)",7,1384,probe_repair,"[10, 20, 110, 170, 175, 190, 195, 220, 240, 290, 300, 320, 335, 340, 360]",0.00000000,"[0.00000000, 0.00000000]",0.12600000,0.42006250,16->15
2,2,8,6,19,"(15, 26)",8,827,probe_repair,"[35, 40, 55, 70, 100, 165, 210, 240, 250, 310, 320, 325, 330, 335, 360]",0.00000000,"[0.00000000, 0.00000000]",0.12000000,0.42037500,6->15
2,2,8,6,19,"(15, 26)",9,1383,probe_repair,"[10, 20, 110, 170, 175, 190, 195, 220, 240, 290, 300, 320, 335, 340, 360]",0.00000000,"[0.00000000, 0.00000000]",0.16200000,0.42112500,16->15
2,2,8,6,19,"(15, 26)",10,1305,probe_repair,"[5, 15, 50, 65, 80, 105, 140, 175, 190, 210, 220, 225, 260, 285, 350]",0.00000000,"[0.00000000, 0.00000000]",0.13800000,0.42212500,7->26
2,2,8,6,20,"(9, 25)",1,1121,probe_repair,"[40, 65, 175, 190, 195, 250, 255, 265, 270, 290, 305, 310, 315, 335, 350]",0.00000000,"[0.00000000, 0.00000000]",0.13400000,0.41800000,24->9
2,2,8,6,20,"(9, 25)",2,485,probe_repair,"[15, 65, 90, 165, 190, 205, 225, 235, 250, 285, 310, 315, 320, 340, 350]",0.00000000,"[0.00000000, 0.00000000]",0.00000000,0.36500000,4->25
2,2,8,6,20,"(9, 25)",3,1125,probe_repair,"[15, 45, 60, 90, 95, 105, 125, 145, 205, 230, 250, 255, 270, 305, 360]",0.00000000,"[0.00000000, 0.00000000]",0.00000000,0.33625000,2->25
2,2,8,6,20,"(9, 25)",4,333,probe_repair,"[35, 45, 60, 65, 105, 130, 155, 165, 195, 210, 215, 235, 275, 345, 365]",0.00000000,"[0.00000000, 0.00000000]",0.00000000,0.33593750,4->9
2,2,8,6,20,"(9, 25)",5,1517,probe_repair,"[55, 60, 65, 85, 105, 110, 120, 135, 150, 155, 185, 225, 300, 310, 365]",0.00000000,"[0.00000000, 0.00000000]",0.00000000,0.33593750,2->25
2,2,8,6,20,"(9, 25)",6,765,probe_repair,"[40, 45, 60, 65, 70, 150, 165, 180, 225, 235, 270, 290, 310, 320, 350]",0.00000000,"[0.00000000, 0.00000000]",0.00000000,0.32125000,7->25
2,2,8,6,20,"(9, 25)",7,421,probe_repair,"[35, 85, 170, 195, 200, 230, 250, 265, 270, 280, 305, 340, 345, 355, 365]",0.00000000,"[0.00000000, 0.00000000]",0.00000000,0.30687500,2->25
2,2,8,6,20,"(9, 25)",8,1309,probe_repair,"[50, 80, 85, 95, 100, 120, 130, 150, 185, 195, 215, 255, 305, 315, 340]",0.00000000,"[0.00000000, 0.00000000]",0.00000000,0.27687500,2->25
2,2,8,6,20,"(9, 25)",9,1130,probe_repair,"[15, 45, 60, 90, 95, 105, 125, 145, 205, 230, 250, 255, 270, 305, 360]",0.00000000,"[0.00000000, 0.00000000]",0.11400000,0.38575000,16->25
2,2,8,6,20,"(9, 25)",10,700,probe_repair,"[20, 50, 65, 160, 200, 245, 250, 260, 275, 280, 285, 295, 325, 335, 350]",0.00000000,"[0.00000000, 0.00000000]",0.17200000,0.43156250,28->9
2,2,8,6,21,"(4, 15)",1,1469,probe_repair,"[15, 30, 40, 75, 95, 100, 110, 180, 225, 230, 235, 255, 270, 320, 350]",0.00000000,"[0.00000000, 0.00000000]",0.00000000,0.34831250,6->4
2,2,8,6,21,"(4, 15)",2,1293,probe_repair,"[10, 35, 50, 65, 70, 110, 125, 165, 175, 185, 240, 270, 325, 345, 355]",0.00000000,"[0.00000000, 0.00000000]",0.00000000,0.33312500,6->15
2,2,8,6,21,"(4, 15)",3,925,probe_repair,"[45, 65, 70, 120, 165, 170, 215, 230, 260, 270, 280, 295, 300, 305, 365]",0.00000000,"[0.00000000, 0.00000000]",0.00000000,0.31993750,7->4
2,2,8,6,21,"(4, 15)",4,869,probe_repair,"[10, 30, 50, 60, 70, 80, 130, 140, 165, 175, 185, 215, 240, 275, 360]",0.00000000,"[0.00000000, 0.00000000]",0.00000000,0.35031250,2->15
2,2,8,6,21,"(4, 15)",5,1509,probe_repair,"[15, 35, 75, 95, 110, 145, 150, 165, 200, 225, 235, 245, 255, 275, 345]",0.00000000,"[0.00000000, 0.00000000]",0.00000000,0.34831250,2->15
2,2,8,6,21,"(4, 15)",6,229,probe_repair,"[35, 90, 105, 115, 130, 135, 155, 185, 210, 220, 225, 255, 280, 295, 315]",0.00000000,"[0.00000000, 0.00000000]",0.00000000,0.28956250,2->15
2,2,8,6,21,"(4, 15)",7,333,probe_repair,"[5, 90, 105, 130, 135, 150, 155, 235, 240, 270, 280, 295, 315, 320, 340]",0.00000000,"[0.00000000, 0.00000000]",0.00000000,0.28756250,2->15
2,2,8,6,21,"(4, 15)",8,1459,probe_repair,"[25, 80, 90, 135, 155, 180, 190, 200, 210, 220, 245, 275, 305, 320, 340]",0.00000000,"[0.00000000, 0.00000000]",0.12000000,0.41031250,2->15
2,2,8,6,21,"(4, 15)",9,1454,probe_repair,"[25, 80, 90, 135, 155, 180, 190, 200, 210, 220, 245, 275, 305, 320, 340]",0.00000000,"[0.00000000, 0.00000000]",0.13200000,0.40656250,2->15
2,2,8,6,21,"(4, 15)",10,1471,probe_repair,"[15, 30, 40, 75, 95, 100, 110, 180, 225, 230, 235, 255, 270, 320, 350]",0.00000000,"[0.00000000, 0.00000000]",0.19000000,0.40643750,17->15
2,2,8,6,22,"(6, 17)",1,477,probe_repair,"[5, 15, 30, 65, 105, 110, 115, 135, 170, 175, 185, 245, 285, 305, 315]",0.00000000,"[0.00000000, 0.00000000]",0.00000000,0.40018750,22->17
2,2,8,6,22,"(6, 17)",2,677,probe_repair,"[45, 50, 60, 115, 130, 135, 145, 160, 190, 205, 230, 255, 270, 275, 315]",0.00000000,"[0.00000000, 0.00000000]",0.00000000,0.37006250,2->17
2,2,8,6,22,"(6, 17)",3,541,probe_repair,"[10, 15, 50, 80, 90, 140, 165, 205, 235, 240, 285, 290, 300, 320, 345]",0.00000000,"[0.00000000, 0.00000000]",0.00000000,0.33993750,4->6
2,2,8,6,22,"(6, 17)",4,989,probe_repair,"[10, 40, 45, 115, 125, 135, 140, 200, 205, 225, 270, 295, 310, 335, 365]",0.00000000,"[0.00000000, 0.00000000]",0.00000000,0.29487500,2->17
2,2,8,6,22,"(6, 17)",5,1194,probe_repair,"[15, 35, 50, 85, 100, 110, 175, 190, 215, 225, 230, 275, 300, 330, 350]",0.00000000,"[0.00000000, 0.00000000]",0.06300000,0.39262500,4->17
2,2,8,6,22,"(6, 17)",6,905,probe_repair,"[20, 25, 30, 80, 95, 130, 160, 205, 215, 220, 225, 295, 310, 315, 365]",0.00000000,"[0.00000000, 0.00000000]",0.20400000,0.42706250,18->17
2,2,8,6,22,"(6, 17)",7,577,probe_repair,"[50, 85, 120, 135, 165, 180, 195, 200, 230, 245, 275, 305, 325, 350, 365]",0.00000000,"[0.00000000, 0.00000000]",0.13900000,0.40800000,18->17
2,2,8,6,22,"(6, 17)",8,1266,probe_repair,"[5, 35, 55, 70, 115, 205, 215, 220, 245, 250, 255, 280, 295, 315, 325]",0.00000000,"[0.00000000, 0.00000000]",0.09600000,0.40581250,9->6
2,2,8,6,22,"(6, 17)",9,337,probe_repair,"[5, 20, 25, 80, 100, 155, 215, 245, 290, 295, 300, 305, 315, 325, 340]",0.00000000,"[0.00000000, 0.00000000]",0.11200000,0.40237500,2->17
2,2,8,6,22,"(6, 17)",10,902,probe_repair,"[20, 25, 30, 80, 95, 130, 160, 205, 215, 220, 225, 295, 310, 315, 365]",0.00000000,"[0.00000000, 0.00000000]",0.16100000,0.42975000,18->17
2,2,8,6,23,"(22, 24)",1,297,probe_repair,"[30, 50, 90, 95, 115, 165, 180, 200, 205, 230, 280, 285, 300, 310, 320]",0.00000000,"[0.00000000, 0.00000000]",0.19900000,0.42900000,18->22
2,2,8,6,23,"(22, 24)",2,796,probe_repair,"[15, 60, 75, 90, 135, 160, 165, 195, 215, 230, 245, 270, 295, 305, 330]",0.00000000,"[0.00000000, 0.00000000]",0.14600000,0.40312500,16->24
2,2,8,6,23,"(22, 24)",3,1201,probe_repair,"[30, 70, 130, 140, 175, 195, 205, 225, 230, 235, 240, 275, 295, 320, 335]",0.00000000,"[0.00000000, 0.00000000]",0.18200000,0.40187500,20->24
2,2,8,6,23,"(22, 24)",4,590,probe_repair,"[20, 30, 45, 80, 85, 180, 240, 245, 290, 295, 305, 310, 330, 350, 365]",0.00000000,"[0.00000000, 0.00000000]",0.13300000,0.40681250,16->22
2,2,8,6,23,"(22, 24)",5,1198,probe_repair,"[30, 70, 130, 140, 175, 195, 205, 225, 230, 235, 240, 275, 295, 320, 335]",0.00000000,"[0.00000000, 0.00000000]",0.13300000,0.39618750,20->24
2,2,8,6,23,"(22, 24)",6,298,probe_repair,"[30, 50, 90, 95, 115, 165, 180, 200, 205, 230, 280, 285, 300, 310, 320]",0.00000000,"[0.00000000, 0.00000000]",0.12900000,0.42200000,16->24
2,2,8,6,23,"(22, 24)",7,595,probe_repair,"[20, 30, 45, 80, 85, 180, 240, 245, 290, 295, 305, 310, 330, 350, 365]",0.00000000,"[0.00000000, 0.00000000]",0.13100000,0.40156250,16->22
2,2,8,6,23,"(22, 24)",8,596,probe_repair,"[20, 30, 45, 80, 85, 180, 240, 245, 290, 295, 305, 310, 330, 350, 365]",0.00000000,"[0.00000000, 0.00000000]",0.11400000,0.40250000,16->22
2,2,8,6,23,"(22, 24)",9,96,probe_repair,"[25, 45, 60, 75, 85, 90, 95, 120, 150, 155, 210, 215, 270, 355, 365]",0.00000000,"[0.00000000, 0.00000000]",0.10500000,0.41400000,6->24
2,2,8,6,23,"(22, 24)",10,1010,probe_repair,"[5, 35, 60, 80, 90, 120, 190, 200, 220, 240, 270, 310, 330, 360, 365]",0.00000000,"[0.00000000, 0.00000000]",0.02200000,0.41087500,15->22
2,2,8,6,24,"(1, 18)",1,117,probe_repair,"[5, 40, 55, 60, 120, 125, 210, 235, 260, 265, 275, 305, 320, 340, 355]",0.00000000,"[0.00000000, 0.00000000]",0.00000000,0.30102941,2->18
2,2,8,6,24,"(1, 18)",2,371,probe_repair,"[15, 30, 50, 55, 60, 190, 235, 255, 260, 265, 295, 325, 340, 345, 360]",0.00000000,"[0.00000000, 0.00000000]",0.21200000,0.43067647,4->18
2,2,8,6,24,"(1, 18)",3,372,probe_repair,"[15, 30, 50, 55, 60, 190, 235, 255, 260, 265, 295, 325, 340, 345, 360]",0.00000000,"[0.00000000, 0.00000000]",0.23400000,0.44485294,4->18
2,2,8,6,24,"(1, 18)",4,3,baseline,"[5, 30, 55, 80, 105, 130, 155, 180, 205, 230, 255, 280, 305, 330, 355]",0.00000000,"[0.00000000, 0.00000000]",0.09100000,0.41261765,27->1
2,2,8,6,24,"(1, 18)",5,512,probe_repair,"[35, 50, 90, 95, 105, 115, 125, 160, 205, 225, 230, 250, 280, 325, 350]",0.00000000,"[0.00000000, 0.00000000]",0.20300000,0.40838235,15->18
2,2,8,6,24,"(1, 18)",6,9,baseline,"[5, 30, 55, 80, 105, 130, 155, 180, 205, 230, 255, 280, 305, 330, 355]",0.00000000,"[0.00000000, 0.00000000]",0.08200000,0.40597059,27->1
2,2,8,6,24,"(1, 18)",7,5,baseline,"[5, 30, 55, 80, 105, 130, 155, 180, 205, 230, 255, 280, 305, 330, 355]",0.00000000,"[0.00000000, 0.00000000]",0.07100000,0.39967647,27->1
2,2,8,6,24,"(1, 18)",8,514,probe_repair,"[35, 50, 90, 95, 105, 115, 125, 160, 205, 225, 230, 250, 280, 325, 350]",0.00000000,"[0.00000000, 0.00000000]",0.21600000,0.40691176,21->1
2,2,8,6,24,"(1, 18)",9,369,probe_repair,"[15, 30, 50, 55, 60, 190, 235, 255, 260, 265, 295, 325, 340, 345, 360]",0.00000000,"[0.00000000, 0.00000000]",0.27300000,0.42820588,4->18
2,2,8,6,24,"(1, 18)",10,368,probe_repair,"[15, 30, 50, 55, 60, 190, 235, 255, 260, 265, 295, 325, 340, 345, 360]",0.00000000,"[0.00000000, 0.00000000]",0.26000000,0.43638235,4->18
2,2,8,6,25,"(5, 9)",1,437,probe_repair,"[10, 20, 60, 90, 95, 115, 125, 135, 155, 180, 255, 265, 290, 295, 315]",0.00000000,"[0.00000000, 0.00000000]",0.00000000,0.38179412,15->9
2,2,8,6,25,"(5, 9)",2,557,probe_repair,"[35, 50, 155, 160, 200, 225, 235, 245, 250, 275, 295, 310, 315, 335, 360]",0.00000000,"[0.00000000, 0.00000000]",0.00000000,0.38120588,2->9
2,2,8,6,25,"(5, 9)",3,105,probe_repair,"[10, 20, 25, 40, 50, 55, 75, 145, 160, 175, 240, 255, 260, 280, 330]",0.00000000,"[0.00000000, 0.00000000]",0.16700000,0.41097059,17->9
2,2,8,6,25,"(5, 9)",4,554,probe_repair,"[30, 95, 105, 110, 130, 165, 175, 180, 190, 230, 270, 280, 290, 300, 355]",0.00000000,"[0.00000000, 0.00000000]",0.04500000,0.41426471,24->9
2,2,8,6,25,"(5, 9)",5,104,probe_repair,"[10, 20, 25, 40, 50, 55, 75, 145, 160, 175, 240, 255, 260, 280, 330]",0.00000000,"[0.00000000, 0.00000000]",0.14500000,0.41067647,17->9
2,2,8,6,25,"(5, 9)",6,555,probe_repair,"[30, 95, 105, 110, 130, 165, 175, 180, 190, 230, 270, 280, 290, 300, 355]",0.00000000,"[0.00000000, 0.00000000]",0.01200000,0.41385294,24->9
2,2,8,6,25,"(5, 9)",7,103,probe_repair,"[10, 20, 25, 40, 50, 55, 75, 145, 160, 175, 240, 255, 260, 280, 330]",0.00000000,"[0.00000000, 0.00000000]",0.19100000,0.41173529,24->5
2,2,8,6,25,"(5, 9)",8,548,probe_repair,"[5, 25, 30, 80, 100, 110, 125, 140, 165, 170, 205, 250, 280, 335, 355]",0.00000000,"[0.00000000, 0.00000000]",0.19100000,0.42244118,16->5
2,2,8,6,25,"(5, 9)",9,556,probe_repair,"[30, 95, 105, 110, 130, 165, 175, 180, 190, 230, 270, 280, 290, 300, 355]",0.00000000,"[0.00000000, 0.00000000]",0.04100000,0.40455882,24->9
2,2,8,6,25,"(5, 9)",10,89,probe_repair,"[30, 65, 115, 125, 130, 145, 160, 165, 185, 190, 225, 290, 310, 330, 335]",0.00000000,"[0.00000000, 0.00000000]",0.18100000,0.42097059,18->9
2,2,8,6,26,"(20, 22)",1,1533,probe_repair,"[15, 20, 50, 85, 135, 140, 180, 205, 260, 295, 335, 340, 345, 355, 360]",0.00000000,"[0.00000000, 0.00000000]",0.00000000,0.36700000,2->22
2,2,8,6,26,"(20, 22)",2,1149,probe_repair,"[30, 40, 50, 110, 130, 145, 160, 215, 230, 280, 285, 295, 345, 350, 365]",0.00000000,"[0.00000000, 0.00000000]",0.00000000,0.35181250,4->20
2,2,8,6,26,"(20, 22)",3,861,probe_repair,"[15, 20, 25, 50, 55, 75, 100, 150, 155, 215, 225, 245, 275, 315, 365]",0.00000000,"[0.00000000, 0.00000000]",0.00000000,0.33718750,2->22
2,2,8,6,26,"(20, 22)",4,365,probe_repair,"[30, 35, 60, 65, 75, 85, 175, 195, 200, 210, 230, 250, 255, 285, 315]",0.00000000,"[0.00000000, 0.00000000]",0.00000000,0.29162500,2->22
2,2,8,6,26,"(20, 22)",5,369,probe_repair,"[30, 35, 60, 65, 75, 85, 175, 195, 200, 210, 230, 250, 255, 285, 315]",0.00000000,"[0.00000000, 0.00000000]",0.10900000,0.40768750,9->20
2,2,8,6,26,"(20, 22)",6,766,probe_repair,"[50, 65, 70, 80, 160, 180, 195, 220, 235, 265, 270, 315, 320, 330, 350]",0.00000000,"[0.00000000, 0.00000000]",0.08400000,0.41587500,21->20
2,2,8,6,26,"(20, 22)",7,817,probe_repair,"[60, 120, 135, 140, 150, 155, 190, 205, 220, 250, 270, 290, 310, 320, 325]",0.00000000,"[0.00000000, 0.00000000]",0.02800000,0.41625000,24->22
2,2,8,6,26,"(20, 22)",8,255,probe_repair,"[35, 70, 85, 90, 120, 130, 155, 160, 175, 230, 250, 260, 330, 340, 350]",0.00000000,"[0.00000000, 0.00000000]",0.18700000,0.43087500,9->20
2,2,8,6,26,"(20, 22)",9,739,probe_repair,"[20, 35, 40, 50, 70, 110, 125, 140, 160, 165, 190, 205, 220, 285, 335]",0.00000000,"[0.00000000, 0.00000000]",0.05200000,0.41487500,7->20
2,2,8,6,26,"(20, 22)",10,270,probe_repair,"[20, 60, 75, 80, 85, 90, 140, 160, 210, 235, 240, 245, 270, 305, 335]",0.00000000,"[0.00000000, 0.00000000]",0.02800000,0.41331250,17->22
2,2,8,6,27,"(9, 11)",1,1533,probe_repair,"[15, 20, 35, 50, 80, 95, 100, 115, 120, 130, 165, 185, 240, 245, 350]",0.00000000,"[0.00000000, 0.00000000]",0.00000000,0.35543750,7->9
2,2,8,6,27,"(9, 11)",2,189,probe_repair,"[40, 45, 60, 70, 135, 145, 170, 185, 240, 265, 285, 300, 315, 325, 365]",0.00000000,"[0.00000000, 0.00000000]",0.00000000,0.34112500,4->11
2,2,8,6,27,"(9, 11)",3,357,probe_repair,"[50, 60, 95, 100, 120, 130, 150, 165, 175, 195, 200, 225, 240, 315, 355]",0.00000000,"[0.00000000, 0.00000000]",0.00000000,0.32493750,2->11
2,2,8,6,27,"(9, 11)",4,1261,probe_repair,"[10, 15, 90, 100, 165, 175, 180, 190, 215, 240, 270, 280, 305, 320, 350]",0.00000000,"[0.00000000, 0.00000000]",0.00000000,0.32493750,4->9
2,2,8,6,27,"(9, 11)",5,609,probe_repair,"[10, 55, 80, 90, 100, 125, 130, 145, 180, 210, 230, 310, 315, 355, 360]",0.00000000,"[0.00000000, 0.00000000]",0.22200000,0.42487500,2->11
2,2,8,6,27,"(9, 11)",6,434,probe_repair,"[40, 45, 80, 90, 120, 160, 180, 225, 270, 275, 300, 310, 315, 320, 355]",0.00000000,"[0.00000000, 0.00000000]",0.09700000,0.40575000,4->11
2,2,8,6,27,"(9, 11)",7,436,probe_repair,"[40, 45, 80, 90, 120, 160, 180, 225, 270, 275, 300, 310, 315, 320, 355]",0.00000000,"[0.00000000, 0.00000000]",0.04100000,0.40537500,4->11
2,2,8,6,27,"(9, 11)",8,1292,probe_repair,"[10, 25, 65, 70, 75, 145, 160, 165, 190, 195, 205, 230, 235, 290, 345]",0.00000000,"[0.00000000, 0.00000000]",0.17900000,0.42887500,2->11
2,2,8,6,27,"(9, 11)",9,116,probe_repair,"[35, 40, 50, 90, 120, 125, 130, 185, 200, 225, 230, 260, 305, 315, 330]",0.00000000,"[0.00000000, 0.00000000]",0.23100000,0.41418750,24->9
2,2,8,6,27,"(9, 11)",10,1570,probe_repair,"[25, 60, 75, 95, 100, 105, 135, 140, 150, 200, 210, 225, 230, 295, 365]",0.00000000,"[0.00000000, 0.00000000]",0.09700000,0.42075000,24->11
2,2,8,6,28,"(11, 18)",1,781,probe_repair,"[10, 30, 50, 60, 75, 95, 150, 190, 220, 265, 285, 295, 300, 305, 330]",0.00000000,"[0.00000000, 0.00000000]",0.00000000,0.36668750,4->18
2,2,8,6,28,"(11, 18)",2,1461,probe_repair,"[5, 10, 15, 35, 45, 65, 75, 105, 110, 120, 140, 160, 165, 320, 355]",0.00000000,"[0.00000000, 0.00000000]",0.00000000,0.36668750,4->11
2,2,8,6,28,"(11, 18)",3,349,probe_repair,"[10, 20, 25, 60, 80, 170, 185, 215, 235, 260, 275, 295, 305, 345, 350]",0.00000000,"[0.00000000, 0.00000000]",0.00000000,0.31850000,4->18
2,2,8,6,28,"(11, 18)",4,1161,probe_repair,"[20, 50, 60, 70, 115, 125, 180, 195, 200, 230, 270, 295, 310, 325, 340]",0.00000000,"[0.00000000, 0.00000000]",0.08900000,0.42425000,4->18
2,2,8,6,28,"(11, 18)",5,1481,probe_repair,"[40, 60, 85, 90, 120, 125, 130, 205, 210, 220, 250, 265, 270, 335, 350]",0.00000000,"[0.00000000, 0.00000000]",0.01400000,0.39675000,17->11
2,2,8,6,28,"(11, 18)",6,1163,probe_repair,"[20, 50, 60, 70, 115, 125, 180, 195, 200, 230, 270, 295, 310, 325, 340]",0.00000000,"[0.00000000, 0.00000000]",0.09700000,0.42281250,4->18
2,2,8,6,28,"(11, 18)",7,528,probe_repair,"[10, 55, 80, 100, 185, 210, 220, 230, 240, 245, 260, 300, 320, 325, 355]",0.00000000,"[0.00000000, 0.00000000]",0.13100000,0.41706250,15->11
2,2,8,6,28,"(11, 18)",8,10,baseline,"[5, 30, 55, 80, 105, 130, 155, 180, 205, 230, 255, 280, 305, 330, 355]",0.00000000,"[0.00000000, 0.00000000]",0.10500000,0.42156250,16->11
2,2,8,6,28,"(11, 18)",9,5,baseline,"[5, 30, 55, 80, 105, 130, 155, 180, 205, 230, 255, 280, 305, 330, 355]",0.00000000,"[0.00000000, 0.00000000]",0.07000000,0.42050000,16->11
2,2,8,6,28,"(11, 18)",10,723,probe_repair,"[20, 50, 75, 80, 135, 175, 180, 190, 220, 230, 245, 265, 305, 315, 340]",0.00000000,"[0.00000000, 0.00000000]",0.17300000,0.40537500,25->11
2,2,8,6,29,"(2, 17)",1,167,probe_repair,"[15, 35, 100, 145, 195, 200, 205, 215, 250, 265, 275, 285, 290, 345, 365]",0.00000000,"[0.00000000, 0.00000000]",0.25700000,0.44218750,28->17
2,2,8,6,29,"(2, 17)",2,1499,probe_repair,"[10, 20, 25, 40, 80, 120, 140, 145, 290, 295, 310, 315, 335, 350, 360]",0.00000000,"[0.00000000, 0.00000000]",0.20600000,0.40968750,6->17
2,2,8,6,29,"(2, 17)",3,236,probe_repair,"[20, 45, 50, 60, 90, 110, 115, 155, 160, 175, 235, 240, 250, 260, 325]",0.00000000,"[0.00000000, 0.00000000]",0.12000000,0.41887500,6->17
2,2,8,6,29,"(2, 17)",4,917,probe_repair,"[70, 85, 125, 130, 150, 185, 225, 230, 235, 270, 290, 300, 310, 355, 365]",0.00000000,"[0.00000000, 0.00000000]",0.00000000,0.33325000,4->17
2,2,8,6,29,"(2, 17)",5,1101,probe_repair,"[10, 35, 75, 110, 130, 155, 160, 185, 190, 225, 230, 245, 270, 310, 315]",0.00000000,"[0.00000000, 0.00000000]",0.00000000,0.33168750,4->17
2,2,8,6,29,"(2, 17)",6,1589,probe_repair,"[5, 20, 30, 40, 80, 105, 110, 140, 210, 220, 245, 285, 350, 355, 360]",0.00000000,"[0.00000000, 0.00000000]",0.00000000,0.31781250,4->17
2,2,8,6,29,"(2, 17)",7,1557,probe_repair,"[10, 15, 30, 35, 100, 110, 115, 150, 190, 205, 215, 285, 290, 305, 315]",0.00000000,"[0.00000000, 0.00000000]",0.00000000,0.30237500,6->17
2,2,8,6,29,"(2, 17)",8,357,probe_repair,"[40, 45, 60, 65, 95, 105, 170, 175, 190, 205, 225, 265, 280, 285, 355]",0.00000000,"[0.00000000, 0.00000000]",0.00000000,0.29925000,4->17
2,2,8,6,29,"(2, 17)",9,1037,probe_repair,"[5, 25, 45, 50, 60, 65, 80, 180, 190, 200, 295, 305, 310, 355, 365]",0.00000000,"[0.00000000, 0.00000000]",0.00000000,0.28537500,4->17
2,2,8,6,29,"(2, 17)",10,1597,probe_repair,"[25, 60, 140, 175, 190, 210, 220, 230, 240, 255, 260, 300, 305, 315, 360]",0.00000000,"[0.00000000, 0.00000000]",0.00000000,0.28381250,4->17
2,2,8,6,30,"(9, 22)",1,693,probe_repair,"[10, 35, 50, 110, 125, 145, 150, 190, 235, 255, 270, 280, 300, 325, 355]",0.00000000,"[0.00000000, 0.00000000]",0.00000000,0.35081250,6->22
2,2,8,6,30,"(9, 22)",2,1557,probe_repair,"[50, 70, 80, 90, 130, 135, 140, 160, 185, 205, 210, 220, 225, 230, 355]",0.00000000,"[0.00000000, 0.00000000]",0.00000000,0.30150000,6->22
2,2,8,6,30,"(9, 22)",3,1202,probe_repair,"[5, 25, 35, 135, 145, 155, 175, 185, 200, 250, 255, 265, 330, 355, 360]",0.00000000,"[0.00000000, 0.00000000]",0.21900000,0.42775000,15->9
2,2,8,6,30,"(9, 22)",4,1562,probe_repair,"[50, 70, 80, 90, 130, 135, 140, 160, 185, 205, 210, 220, 225, 230, 355]",0.00000000,"[0.00000000, 0.00000000]",0.15900000,0.41250000,6->22
2,2,8,6,30,"(9, 22)",5,1201,probe_repair,"[5, 25, 35, 135, 145, 155, 175, 185, 200, 250, 255, 265, 330, 355, 360]",0.00000000,"[0.00000000, 0.00000000]",0.23600000,0.43518750,15->9
2,2,8,6,30,"(9, 22)",6,1448,probe_repair,"[25, 55, 60, 70, 75, 95, 165, 190, 210, 215, 220, 230, 265, 285, 340]",0.00000000,"[0.00000000, 0.00000000]",0.01200000,0.42662500,28->22
2,2,8,6,30,"(9, 22)",7,371,probe_repair,"[25, 50, 80, 95, 125, 135, 170, 200, 220, 235, 275, 305, 340, 350, 360]",0.00000000,"[0.00000000, 0.00000000]",0.08300000,0.42181250,28->9
2,2,8,6,30,"(9, 22)",8,1449,probe_repair,"[25, 55, 60, 70, 75, 95, 165, 190, 210, 215, 220, 230, 265, 285, 340]",0.00000000,"[0.00000000, 0.00000000]",0.01400000,0.42268750,28->22
2,2,8,6,30,"(9, 22)",9,78,probe_repair,"[10, 20, 45, 70, 90, 135, 140, 155, 170, 185, 275, 285, 305, 310, 325]",0.00000000,"[0.00000000, 0.00000000]",0.14100000,0.41093750,18->9
2,2,8,6,30,"(9, 22)",10,462,probe_repair,"[5, 20, 30, 50, 55, 60, 125, 155, 190, 260, 290, 300, 330, 335, 345]",0.00000000,"[0.00000000, 0.00000000]",0.18900000,0.42750000,6->9
2,2,8,6,31,"(5, 18)",1,109,probe_repair,"[5, 10, 20, 35, 60, 65, 90, 180, 190, 215, 230, 250, 255, 285, 335]",0.00000000,"[0.00000000, 0.00000000]",0.00000000,0.30632353,7->5
2,2,8,6,31,"(5, 18)",2,509,probe_repair,"[40, 65, 85, 120, 130, 170, 175, 185, 200, 205, 230, 250, 275, 330, 360]",0.00000000,"[0.00000000, 0.00000000]",0.00000000,0.27767647,2->18
2,2,8,6,31,"(5, 18)",3,14,baseline,"[5, 30, 55, 80, 105, 130, 155, 180, 205, 230, 255, 280, 305, 330, 355]",0.00000000,"[0.00000000, 0.00000000]",0.00700000,0.41532353,15->5
2,2,8,6,31,"(5, 18)",4,4,baseline,"[5, 30, 55, 80, 105, 130, 155, 180, 205, 230, 255, 280, 305, 330, 355]",0.00000000,"[0.00000000, 0.00000000]",0.03100000,0.42402941,15->5
2,2,8,6,31,"(5, 18)",5,516,probe_repair,"[40, 65, 85, 120, 130, 170, 175, 185, 200, 205, 230, 250, 275, 330, 360]",0.00000000,"[0.00000000, 0.00000000]",0.03900000,0.38202941,7->18
2,2,8,6,31,"(5, 18)",6,512,probe_repair,"[40, 65, 85, 120, 130, 170, 175, 185, 200, 205, 230, 250, 275, 330, 360]",0.00000000,"[0.00000000, 0.00000000]",0.00700000,0.38379412,7->18
2,2,8,6,31,"(5, 18)",7,160,probe_repair,"[55, 60, 80, 120, 135, 160, 175, 180, 205, 245, 250, 255, 310, 315, 335]",0.00000000,"[0.00000000, 0.00000000]",0.17700000,0.42561765,4->5
2,2,8,6,31,"(5, 18)",8,7,baseline,"[5, 30, 55, 80, 105, 130, 155, 180, 205, 230, 255, 280, 305, 330, 355]",0.00000000,"[0.00000000, 0.00000000]",0.09500000,0.42373529,15->5
2,2,8,6,31,"(5, 18)",9,167,probe_repair,"[85, 105, 110, 115, 135, 160, 165, 185, 205, 255, 275, 295, 315, 330, 360]",0.00000000,"[0.00000000, 0.00000000]",0.07600000,0.40185294,21->18
2,2,8,6,31,"(5, 18)",10,19,baseline,"[5, 30, 55, 80, 105, 130, 155, 180, 205, 230, 255, 280, 305, 330, 355]",0.00000000,"[0.00000000, 0.00000000]",0.04900000,0.42032353,15->5
2,2,8,6,32,"(2, 18)",1,893,probe_repair,"[5, 20, 55, 60, 135, 140, 170, 180, 200, 260, 265, 270, 275, 290, 320]",0.00000000,"[0.00000000, 0.00000000]",0.00000000,0.31931250,7->2
2,2,8,6,32,"(2, 18)",2,1381,probe_repair,"[30, 45, 60, 115, 130, 135, 150, 175, 205, 240, 255, 270, 290, 345, 355]",0.00000000,"[0.00000000, 0.00000000]",0.00000000,0.31931250,6->18
2,2,8,6,32,"(2, 18)",3,925,probe_repair,"[35, 50, 75, 100, 110, 125, 145, 165, 195, 230, 250, 260, 290, 335, 355]",0.00000000,"[0.00000000, 0.00000000]",0.00000000,0.35281250,4->18
2,2,8,6,32,"(2, 18)",4,1053,probe_repair,"[15, 60, 125, 135, 165, 230, 245, 255, 275, 285, 320, 330, 335, 350, 355]",0.00000000,"[0.00000000, 0.00000000]",0.00000000,0.31931250,4->18
2,2,8,6,32,"(2, 18)",5,482,probe_repair,"[10, 35, 45, 60, 80, 140, 175, 190, 220, 235, 255, 265, 305, 325, 365]",0.00000000,"[0.00000000, 0.00000000]",0.17400000,0.41531250,11->18
2,2,8,6,32,"(2, 18)",6,1609,probe_repair,"[10, 25, 40, 55, 60, 65, 75, 90, 105, 125, 185, 215, 220, 250, 330]",0.00000000,"[0.00000000, 0.00000000]",0.25500000,0.43043750,16->2
2,2,8,6,32,"(2, 18)",7,1043,probe_repair,"[15, 55, 60, 105, 115, 140, 150, 185, 205, 210, 220, 280, 300, 330, 345]",0.00000000,"[0.00000000, 0.00000000]",0.18600000,0.40762500,22->18
2,2,8,6,32,"(2, 18)",8,134,probe_repair,"[10, 135, 140, 190, 195, 210, 240, 300, 305, 310, 325, 330, 335, 340, 365]",0.00000000,"[0.00000000, 0.00000000]",0.17700000,0.40531250,25->18
2,2,8,6,32,"(2, 18)",9,433,probe_repair,"[15, 20, 50, 85, 125, 130, 150, 160, 170, 180, 220, 285, 295, 345, 360]",0.00000000,"[0.00000000, 0.00000000]",0.00000000,0.41400000,24->18
2,2,8,6,32,"(2, 18)",10,139,probe_repair,"[10, 135, 140, 190, 195, 210, 240, 300, 305, 310, 325, 330, 335, 340, 365]",0.00000000,"[0.00000000, 0.00000000]",0.23700000,0.41787500,25->18
2,2,8,6,33,"(5, 22)",1,213,probe_repair,"[5, 40, 55, 65, 100, 125, 150, 175, 185, 245, 285, 295, 300, 305, 325]",0.00000000,"[0.00000000, 0.00000000]",0.00000000,0.36391176,2->22
2,2,8,6,33,"(5, 22)",2,501,probe_repair,"[10, 25, 35, 40, 65, 80, 100, 105, 170, 180, 200, 245, 275, 310, 335]",0.00000000,"[0.00000000, 0.00000000]",0.00000000,0.32102941,2->22
2,2,8,6,33,"(5, 22)",3,557,probe_repair,"[50, 80, 105, 110, 125, 145, 160, 205, 215, 230, 235, 255, 260, 280, 305]",0.00000000,"[0.00000000, 0.00000000]",0.00000000,0.32102941,7->22
2,2,8,6,33,"(5, 22)",4,573,probe_repair,"[5, 10, 30, 35, 45, 75, 95, 130, 175, 190, 225, 245, 275, 295, 335]",0.00000000,"[0.00000000, 0.00000000]",0.00000000,0.30667647,4->22
2,2,8,6,33,"(5, 22)",5,144,probe_repair,"[20, 60, 80, 110, 120, 150, 165, 175, 190, 205, 275, 280, 295, 335, 360]",0.00000000,"[0.00000000, 0.00000000]",0.02500000,0.38814706,9->5
2,2,8,6,33,"(5, 22)",6,408,probe_repair,"[25, 40, 75, 80, 140, 150, 190, 250, 275, 305, 325, 335, 340, 360, 365]",0.00000000,"[0.00000000, 0.00000000]",0.11900000,0.42638235,28->5
2,2,8,6,33,"(5, 22)",7,142,probe_repair,"[20, 60, 80, 110, 120, 150, 165, 175, 190, 205, 275, 280, 295, 335, 360]",0.00000000,"[0.00000000, 0.00000000]",0.06300000,0.37167647,9->5
2,2,8,6,33,"(5, 22)",8,442,probe_repair,"[40, 45, 50, 125, 215, 225, 230, 240, 245, 255, 260, 265, 285, 290, 305]",0.00000000,"[0.00000000, 0.00000000]",0.24400000,0.41802941,9->22
2,2,8,6,33,"(5, 22)",9,574,probe_repair,"[5, 10, 30, 35, 45, 75, 95, 130, 175, 190, 225, 245, 275, 295, 335]",0.00000000,"[0.00000000, 0.00000000]",0.18600000,0.40985294,4->22
2,2,8,6,33,"(5, 22)",10,641,probe_repair,"[5, 25, 35, 75, 135, 160, 180, 215, 245, 255, 265, 300, 305, 310, 365]",0.00000000,"[0.00000000, 0.00000000]",0.14600000,0.42220588,27->22
2,2,8,6,34,"(6, 7)",1,437,probe_repair,"[5, 15, 45, 60, 100, 125, 140, 145, 200, 205, 225, 235, 295, 315, 340]",0.00000000,"[0.00000000, 0.00000000]",0.00000000,0.36650000,4->7
2,2,8,6,34,"(6, 7)",2,749,probe_repair,"[15, 35, 50, 100, 125, 130, 165, 195, 210, 260, 280, 310, 335, 350, 365]",0.00000000,"[0.00000000, 0.00000000]",0.00000000,0.35193750,11->7
2,2,8,6,34,"(6, 7)",3,1149,probe_repair,"[5, 20, 25, 30, 120, 145, 150, 185, 220, 265, 290, 300, 305, 310, 315]",0.00000000,"[0.00000000, 0.00000000]",0.00000000,0.35156250,2->7
2,2,8,6,34,"(6, 7)",4,1029,probe_repair,"[60, 65, 90, 95, 130, 165, 170, 175, 180, 215, 220, 305, 320, 330, 350]",0.00000000,"[0.00000000, 0.00000000]",0.00000000,0.32206250,4->6
2,2,8,6,34,"(6, 7)",5,468,probe_repair,"[5, 10, 20, 25, 75, 145, 170, 185, 220, 240, 255, 265, 280, 345, 355]",0.00000000,"[0.00000000, 0.00000000]",0.24300000,0.40281250,25->7
2,2,8,6,34,"(6, 7)",6,406,probe_repair,"[30, 35, 65, 70, 75, 90, 95, 165, 200, 230, 245, 265, 270, 295, 365]",0.00000000,"[0.00000000, 0.00000000]",0.13800000,0.41943750,28->6
2,2,8,6,34,"(6, 7)",7,483,probe_repair,"[30, 35, 40, 50, 55, 75, 115, 120, 140, 145, 175, 205, 255, 270, 275]",0.00000000,"[0.00000000, 0.00000000]",0.01900000,0.37481250,24->6
2,2,8,6,34,"(6, 7)",8,478,probe_repair,"[30, 35, 40, 50, 55, 75, 115, 120, 140, 145, 175, 205, 255, 270, 275]",0.00000000,"[0.00000000, 0.00000000]",0.00000000,0.37362500,16->6
2,2,8,6,34,"(6, 7)",9,967,probe_repair,"[50, 75, 125, 145, 170, 185, 235, 240, 250, 265, 290, 295, 320, 340, 350]",0.00000000,"[0.00000000, 0.00000000]",0.08000000,0.42925000,21->6
2,2,8,6,34,"(6, 7)",10,972,probe_repair,"[50, 75, 125, 145, 170, 185, 235, 240, 250, 265, 290, 295, 320, 340, 350]",0.00000000,"[0.00000000, 0.00000000]",0.09500000,0.42231250,21->6
2,2,8,6,35,"(16, 20)",1,109,probe_repair,"[10, 45, 60, 85, 140, 190, 210, 255, 295, 315, 320, 330, 335, 345, 365]",0.00000000,"[0.00000000, 0.00000000]",0.00000000,0.35287500,4->20
2,2,8,6,35,"(16, 20)",2,1557,probe_repair,"[20, 25, 35, 45, 100, 115, 125, 160, 180, 220, 225, 245, 270, 290, 310]",0.00000000,"[0.00000000, 0.00000000]",0.00000000,0.32375000,2->20
2,2,8,6,35,"(16, 20)",3,949,probe_repair,"[5, 20, 50, 90, 115, 125, 180, 190, 195, 205, 210, 245, 255, 335, 345]",0.00000000,"[0.00000000, 0.00000000]",0.00000000,0.32300000,2->20
2,2,8,6,35,"(16, 20)",4,813,probe_repair,"[10, 50, 75, 135, 145, 175, 180, 195, 230, 255, 290, 310, 320, 345, 355]",0.00000000,"[0.00000000, 0.00000000]",0.00000000,0.30825000,2->20
2,2,8,6,35,"(16, 20)",5,1029,probe_repair,"[20, 55, 80, 90, 95, 100, 110, 140, 145, 185, 205, 235, 295, 300, 340]",0.00000000,"[0.00000000, 0.00000000]",0.00000000,0.30750000,2->20
2,2,8,6,35,"(16, 20)",6,233,probe_repair,"[80, 110, 115, 120, 135, 170, 180, 205, 255, 265, 285, 315, 320, 325, 355]",0.00000000,"[0.00000000, 0.00000000]",0.05200000,0.40968750,9->16
2,2,8,6,35,"(16, 20)",7,953,probe_repair,"[5, 20, 50, 90, 115, 125, 180, 190, 195, 205, 210, 245, 255, 335, 345]",0.00000000,"[0.00000000, 0.00000000]",0.07400000,0.41262500,24->16
2,2,8,6,35,"(16, 20)",8,729,probe_repair,"[55, 80, 110, 135, 140, 150, 155, 170, 175, 185, 195, 230, 235, 280, 310]",0.00000000,"[0.00000000, 0.00000000]",0.07600000,0.41418750,24->20
2,2,8,6,35,"(16, 20)",9,234,probe_repair,"[80, 110, 115, 120, 135, 170, 180, 205, 255, 265, 285, 315, 320, 325, 355]",0.00000000,"[0.00000000, 0.00000000]",0.09100000,0.41593750,9->16
2,2,8,6,35,"(16, 20)",10,1450,probe_repair,"[15, 35, 40, 50, 65, 130, 135, 165, 230, 275, 285, 310, 320, 360, 365]",0.00000000,"[0.00000000, 0.00000000]",0.10800000,0.41481250,15->16
2,2,8,6,36,"(7, 28)",1,637,probe_repair,"[5, 25, 80, 115, 120, 130, 135, 145, 205, 215, 225, 255, 265, 315, 355]",0.00000000,"[0.00000000, 0.00000000]",0.00000000,0.33837500,6->7
2,2,8,6,36,"(7, 28)",2,1173,probe_repair,"[75, 150, 155, 160, 170, 175, 185, 200, 210, 305, 335, 340, 350, 360, 365]",0.00000000,"[0.00000000, 0.00000000]",0.00000000,0.32262500,4->28
2,2,8,6,36,"(7, 28)",3,1293,probe_repair,"[15, 45, 90, 110, 120, 130, 165, 175, 205, 235, 245, 295, 325, 345, 365]",0.00000000,"[0.00000000, 0.00000000]",0.00000000,0.32175000,4->28
2,2,8,6,36,"(7, 28)",4,1605,probe_repair,"[15, 80, 95, 135, 180, 190, 200, 220, 250, 285, 305, 310, 320, 325, 360]",0.00000000,"[0.00000000, 0.00000000]",0.00000000,0.29287500,2->28
2,2,8,6,36,"(7, 28)",5,1178,probe_repair,"[75, 150, 155, 160, 170, 175, 185, 200, 210, 305, 335, 340, 350, 360, 365]",0.00000000,"[0.00000000, 0.00000000]",0.14500000,0.42881250,17->7
2,2,8,6,36,"(7, 28)",6,1177,probe_repair,"[75, 150, 155, 160, 170, 175, 185, 200, 210, 305, 335, 340, 350, 360, 365]",0.00000000,"[0.00000000, 0.00000000]",0.23100000,0.42925000,17->7
2,2,8,6,36,"(7, 28)",7,1176,probe_repair,"[75, 150, 155, 160, 170, 175, 185, 200, 210, 305, 335, 340, 350, 360, 365]",0.00000000,"[0.00000000, 0.00000000]",0.20400000,0.43693750,4->28
2,2,8,6,36,"(7, 28)",8,114,probe_repair,"[5, 55, 75, 105, 120, 125, 170, 190, 195, 220, 255, 260, 265, 305, 360]",0.00000000,"[0.00000000, 0.00000000]",0.21100000,0.43018750,17->7
2,2,8,6,36,"(7, 28)",9,1174,probe_repair,"[75, 150, 155, 160, 170, 175, 185, 200, 210, 305, 335, 340, 350, 360, 365]",0.00000000,"[0.00000000, 0.00000000]",0.21800000,0.42881250,17->7
2,2,8,6,36,"(7, 28)",10,673,probe_repair,"[20, 25, 35, 60, 65, 95, 135, 210, 255, 265, 285, 290, 325, 330, 365]",0.00000000,"[0.00000000, 0.00000000]",0.10900000,0.41750000,2->28
2,2,8,6,37,"(2, 24)",1,309,probe_repair,"[5, 20, 45, 55, 80, 130, 135, 140, 225, 245, 260, 310, 325, 345, 360]",0.00000000,"[0.00000000, 0.00000000]",0.00000000,0.38150000,6->24
2,2,8,6,37,"(2, 24)",2,365,probe_repair,"[50, 80, 85, 90, 105, 120, 135, 160, 165, 180, 240, 320, 340, 345, 355]",0.00000000,"[0.00000000, 0.00000000]",0.00000000,0.33500000,4->24
2,2,8,6,37,"(2, 24)",3,485,probe_repair,"[10, 65, 75, 105, 125, 145, 165, 195, 205, 225, 245, 265, 315, 320, 355]",0.00000000,"[0.00000000, 0.00000000]",0.00000000,0.28850000,4->24
2,2,8,6,37,"(2, 24)",4,1057,probe_repair,"[50, 70, 95, 100, 110, 170, 190, 205, 225, 250, 265, 290, 295, 305, 360]",0.00000000,"[0.00000000, 0.00000000]",0.15800000,0.43256250,6->24
2,2,8,6,37,"(2, 24)",5,570,probe_repair,"[10, 25, 40, 45, 80, 105, 120, 140, 210, 215, 230, 250, 275, 295, 340]",0.00000000,"[0.00000000, 0.00000000]",0.08100000,0.41225000,20->2
2,2,8,6,37,"(2, 24)",6,1060,probe_repair,"[50, 70, 95, 100, 110, 170, 190, 205, 225, 250, 265, 290, 295, 305, 360]",0.00000000,"[0.00000000, 0.00000000]",0.16400000,0.41943750,6->24
2,2,8,6,37,"(2, 24)",7,809,probe_repair,"[10, 15, 40, 55, 115, 135, 155, 170, 245, 260, 320, 330, 335, 355, 360]",0.00000000,"[0.00000000, 0.00000000]",0.24200000,0.43112500,6->2
2,2,8,6,37,"(2, 24)",8,1115,probe_repair,"[40, 70, 80, 130, 135, 150, 170, 240, 260, 270, 275, 285, 300, 340, 350]",0.00000000,"[0.00000000, 0.00000000]",0.08800000,0.42712500,16->2
2,2,8,6,37,"(2, 24)",9,566,probe_repair,"[10, 25, 40, 45, 80, 105, 120, 140, 210, 215, 230, 250, 275, 295, 340]",0.00000000,"[0.00000000, 0.00000000]",0.01000000,0.40537500,20->2
2,2,8,6,37,"(2, 24)",10,927,probe_repair,"[10, 45, 50, 90, 105, 115, 120, 145, 150, 155, 160, 180, 200, 260, 300]",0.00000000,"[0.00000000, 0.00000000]",0.04700000,0.39331250,16->2
2,2,8,6,38,"(7, 20)",1,1493,probe_repair,"[5, 30, 35, 55, 80, 105, 125, 130, 135, 145, 160, 180, 210, 265, 365]",0.00000000,"[0.00000000, 0.00000000]",0.00000000,0.34843750,2->20
2,2,8,6,38,"(7, 20)",2,989,probe_repair,"[25, 50, 60, 75, 105, 130, 155, 170, 175, 180, 225, 260, 265, 330, 335]",0.00000000,"[0.00000000, 0.00000000]",0.00000000,0.33425000,6->7
2,2,8,6,38,"(7, 20)",3,781,probe_repair,"[30, 60, 65, 100, 120, 125, 185, 190, 255, 275, 280, 290, 300, 355, 360]",0.00000000,"[0.00000000, 0.00000000]",0.00000000,0.32018750,2->20
2,2,8,6,38,"(7, 20)",4,1181,probe_repair,"[25, 40, 75, 80, 95, 120, 140, 145, 150, 155, 245, 250, 260, 285, 330]",0.00000000,"[0.00000000, 0.00000000]",0.00000000,0.32018750,2->20
2,2,8,6,38,"(7, 20)",5,1557,probe_repair,"[45, 60, 85, 145, 155, 160, 235, 260, 265, 270, 290, 330, 335, 340, 360]",0.00000000,"[0.00000000, 0.00000000]",0.00000000,0.30612500,4->20
2,2,8,6,38,"(7, 20)",6,589,probe_repair,"[5, 10, 25, 35, 70, 80, 105, 135, 160, 175, 250, 275, 285, 300, 315]",0.00000000,"[0.00000000, 0.00000000]",0.00000000,0.30606250,2->20
2,2,8,6,38,"(7, 20)",7,381,probe_repair,"[5, 10, 25, 70, 75, 130, 185, 190, 225, 235, 245, 315, 335, 355, 360]",0.00000000,"[0.00000000, 0.00000000]",0.00000000,0.30600000,2->20
2,2,8,6,38,"(7, 20)",8,1301,probe_repair,"[50, 70, 75, 95, 120, 135, 160, 165, 205, 230, 245, 250, 315, 345, 355]",0.00000000,"[0.00000000, 0.00000000]",0.00000000,0.29206250,2->20
2,2,8,6,38,"(7, 20)",9,706,probe_repair,"[35, 55, 75, 95, 145, 210, 220, 230, 260, 265, 275, 315, 320, 325, 355]",0.00000000,"[0.00000000, 0.00000000]",0.11700000,0.42931250,15->7
2,2,8,6,38,"(7, 20)",10,1560,probe_repair,"[45, 60, 85, 145, 155, 160, 235, 260, 265, 270, 290, 330, 335, 340, 360]",0.00000000,"[0.00000000, 0.00000000]",0.17700000,0.42181250,17->7
2,2,8,6,39,"(7, 9)",1,1205,probe_repair,"[35, 55, 80, 105, 120, 140, 155, 180, 205, 260, 280, 290, 295, 320, 335]",0.00000000,"[0.00000000, 0.00000000]",0.00000000,0.35518750,2->9
2,2,8,6,39,"(7, 9)",2,385,probe_repair,"[15, 50, 55, 105, 130, 135, 145, 230, 235, 255, 260, 265, 310, 340, 365]",0.00000000,"[0.00000000, 0.00000000]",0.21900000,0.42381250,25->9
2,2,8,6,39,"(7, 9)",3,516,probe_repair,"[25, 135, 150, 160, 165, 200, 205, 210, 225, 260, 265, 280, 295, 315, 345]",0.00000000,"[0.00000000, 0.00000000]",0.15300000,0.42550000,15->7
2,2,8,6,39,"(7, 9)",4,1007,probe_repair,"[10, 45, 60, 70, 75, 85, 90, 115, 125, 160, 170, 200, 230, 335, 340]",0.00000000,"[0.00000000, 0.00000000]",0.22500000,0.41968750,2->9
2,2,8,6,39,"(7, 9)",5,1420,probe_repair,"[50, 70, 85, 135, 155, 160, 165, 170, 195, 205, 220, 265, 275, 300, 320]",0.00000000,"[0.00000000, 0.00000000]",0.08100000,0.40518750,15->7
2,2,8,6,39,"(7, 9)",6,1391,probe_repair,"[10, 30, 35, 45, 60, 105, 120, 125, 135, 160, 180, 225, 280, 305, 365]",0.00000000,"[0.00000000, 0.00000000]",0.17200000,0.42237500,11->9
2,2,8,6,39,"(7, 9)",7,386,probe_repair,"[15, 50, 55, 105, 130, 135, 145, 230, 235, 255, 260, 265, 310, 340, 365]",0.00000000,"[0.00000000, 0.00000000]",0.14400000,0.42606250,25->9
2,2,8,6,39,"(7, 9)",8,1006,probe_repair,"[10, 45, 60, 70, 75, 85, 90, 115, 125, 160, 170, 200, 230, 335, 340]",0.00000000,"[0.00000000, 0.00000000]",0.21100000,0.41056250,25->9
2,2,8,6,39,"(7, 9)",9,388,probe_repair,"[15, 50, 55, 105, 130, 135, 145, 230, 235, 255, 260, 265, 310, 340, 365]",0.00000000,"[0.00000000, 0.00000000]",0.21500000,0.42093750,25->9
2,2,8,6,39,"(7, 9)",10,41,probe_repair,"[15, 100, 105, 135, 145, 170, 180, 185, 190, 205, 215, 220, 230, 240, 295]",0.00000000,"[0.00000000, 0.00000000]",0.22300000,0.41625000,2->9
2,2,8,6,40,"(1, 26)",1,251,probe_repair,"[25, 30, 35, 40, 105, 115, 125, 130, 195, 235, 240, 280, 285, 340, 345]",0.00000000,"[0.00000000, 0.00000000]",0.02100000,0.40452941,11->1
2,2,8,6,40,"(1, 26)",2,293,probe_repair,"[40, 50, 65, 100, 110, 160, 180, 230, 245, 265, 280, 330, 335, 340, 345]",0.00000000,"[0.00000000, 0.00000000]",0.00000000,0.35605882,4->1
2,2,8,6,40,"(1, 26)",3,549,probe_repair,"[40, 45, 60, 70, 85, 180, 200, 205, 250, 260, 265, 275, 295, 300, 345]",0.00000000,"[0.00000000, 0.00000000]",0.00000000,0.34317647,2->26
2,2,8,6,40,"(1, 26)",4,173,probe_repair,"[50, 55, 65, 95, 110, 115, 130, 155, 160, 185, 250, 260, 265, 350, 355]",0.00000000,"[0.00000000, 0.00000000]",0.00000000,0.32888235,2->26
2,2,8,6,40,"(1, 26)",5,423,probe_repair,"[30, 40, 55, 80, 85, 100, 105, 185, 190, 195, 210, 230, 235, 345, 355]",0.00000000,"[0.00000000, 0.00000000]",0.04900000,0.41935294,22->26
2,2,8,6,40,"(1, 26)",6,580,probe_repair,"[10, 25, 80, 85, 100, 125, 140, 150, 155, 160, 175, 205, 220, 300, 305]",0.00000000,"[0.00000000, 0.00000000]",0.04800000,0.39311765,17->1
2,2,8,6,40,"(1, 26)",7,166,probe_repair,"[55, 65, 95, 105, 125, 180, 185, 200, 220, 290, 305, 320, 325, 340, 350]",0.00000000,"[0.00000000, 0.00000000]",0.23300000,0.42594118,11->26
2,2,8,6,40,"(1, 26)",8,295,probe_repair,"[40, 50, 65, 100, 110, 160, 180, 230, 245, 265, 280, 330, 335, 340, 345]",0.00000000,"[0.00000000, 0.00000000]",0.03200000,0.40223529,18->26
2,2,8,6,40,"(1, 26)",9,599,probe_repair,"[70, 75, 80, 105, 140, 150, 160, 195, 200, 255, 265, 295, 300, 330, 355]",0.00000000,"[0.00000000, 0.00000000]",0.15700000,0.40688235,22->1
2,2,8,6,40,"(1, 26)",10,691,probe_repair,"[105, 110, 120, 130, 145, 155, 180, 190, 220, 225, 265, 295, 325, 355, 360]",0.00000000,"[0.00000000, 0.00000000]",0.13900000,0.39411765,2->26
2,2,8,6,41,"(17, 21)",1,507,probe_repair,"[20, 30, 95, 100, 115, 165, 170, 215, 220, 225, 250, 290, 305, 360, 365]",0.00000000,"[0.00000000, 0.00000000]",0.00000000,0.40125000,7->17
2,2,8,6,41,"(17, 21)",2,350,probe_repair,"[20, 25, 65, 155, 170, 185, 200, 225, 240, 250, 290, 315, 325, 340, 365]",0.00000000,"[0.00000000, 0.00000000]",0.19200000,0.44456250,7->21
2,2,8,6,41,"(17, 21)",3,508,probe_repair,"[20, 30, 95, 100, 115, 165, 170, 215, 220, 225, 250, 290, 305, 360, 365]",0.00000000,"[0.00000000, 0.00000000]",0.05100000,0.40437500,7->17
2,2,8,6,41,"(17, 21)",4,1533,probe_repair,"[10, 35, 55, 70, 85, 100, 125, 135, 155, 170, 210, 220, 245, 260, 310]",0.00000000,"[0.00000000, 0.00000000]",0.00000000,0.34550000,2->21
2,2,8,6,41,"(17, 21)",5,645,probe_repair,"[15, 50, 65, 75, 90, 100, 120, 145, 175, 220, 275, 285, 290, 345, 360]",0.00000000,"[0.00000000, 0.00000000]",0.00000000,0.36000000,4->17
2,2,8,6,41,"(17, 21)",6,437,probe_repair,"[15, 20, 30, 35, 50, 65, 115, 135, 165, 175, 260, 305, 310, 345, 350]",0.00000000,"[0.00000000, 0.00000000]",0.00000000,0.34625000,6->17
2,2,8,6,41,"(17, 21)",7,1437,probe_repair,"[15, 45, 60, 100, 145, 165, 205, 215, 220, 280, 295, 300, 305, 340, 365]",0.00000000,"[0.00000000, 0.00000000]",0.00000000,0.33175000,2->21
2,2,8,6,41,"(17, 21)",8,757,probe_repair,"[40, 70, 100, 110, 135, 140, 150, 175, 230, 235, 260, 270, 295, 325, 340]",0.00000000,"[0.00000000, 0.00000000]",0.00000000,0.31725000,4->17
2,2,8,6,41,"(17, 21)",9,485,probe_repair,"[15, 35, 45, 95, 105, 115, 205, 215, 230, 270, 275, 300, 305, 330, 365]",0.00000000,"[0.00000000, 0.00000000]",0.00000000,0.28975000,2->21
2,2,8,6,41,"(17, 21)",10,1469,probe_repair,"[70, 100, 115, 150, 160, 190, 270, 275, 290, 300, 305, 320, 325, 340, 355]",0.00000000,"[0.00000000, 0.00000000]",0.00000000,0.28825000,2->21
2,2,8,6,42,"(5, 20)",1,205,probe_repair,"[5, 10, 20, 45, 65, 110, 165, 170, 175, 185, 205, 225, 310, 315, 360]",0.00000000,"[0.00000000, 0.00000000]",0.00000000,0.30597059,6->20
2,2,8,6,42,"(5, 20)",2,604,probe_repair,"[5, 15, 40, 110, 115, 155, 165, 175, 200, 225, 245, 255, 260, 285, 315]",0.00000000,"[0.00000000, 0.00000000]",0.14600000,0.42026471,4->20
2,2,8,6,42,"(5, 20)",3,615,probe_repair,"[40, 55, 65, 100, 115, 125, 150, 185, 205, 215, 220, 230, 250, 285, 305]",0.00000000,"[0.00000000, 0.00000000]",0.04600000,0.38326471,15->20
2,2,8,6,42,"(5, 20)",4,312,probe_repair,"[45, 95, 100, 105, 170, 190, 210, 230, 235, 260, 265, 325, 330, 345, 360]",0.00000000,"[0.00000000, 0.00000000]",0.15500000,0.40185294,7->5
2,2,8,6,42,"(5, 20)",5,241,probe_repair,"[5, 30, 55, 60, 75, 80, 105, 160, 170, 175, 180, 210, 245, 295, 325]",0.00000000,"[0.00000000, 0.00000000]",0.01600000,0.39914706,6->20
2,2,8,6,42,"(5, 20)",6,238,probe_repair,"[5, 30, 55, 60, 75, 80, 105, 160, 170, 175, 180, 210, 245, 295, 325]",0.00000000,"[0.00000000, 0.00000000]",0.01300000,0.40714706,6->20
2,2,8,6,42,"(5, 20)",7,311,probe_repair,"[45, 95, 100, 105, 170, 190, 210, 230, 235, 260, 265, 325, 330, 345, 360]",0.00000000,"[0.00000000, 0.00000000]",0.16000000,0.41397059,9->20
2,2,8,6,42,"(5, 20)",8,243,probe_repair,"[5, 30, 55, 60, 75, 80, 105, 160, 170, 175, 180, 210, 245, 295, 325]",0.00000000,"[0.00000000, 0.00000000]",0.02300000,0.39532353,6->20
2,2,8,6,42,"(5, 20)",9,242,probe_repair,"[5, 30, 55, 60, 75, 80, 105, 160, 170, 175, 180, 210, 245, 295, 325]",0.00000000,"[0.00000000, 0.00000000]",0.00500000,0.40255882,6->20
2,2,8,6,42,"(5, 20)",10,38,probe_repair,"[40, 80, 90, 95, 155, 160, 210, 220, 225, 255, 265, 270, 290, 340, 355]",0.00000000,"[0.00000000, 0.00000000]",0.21800000,0.42173529,15->20
2,2,8,6,43,"(4, 5)",1,513,probe_repair,"[10, 25, 45, 50, 60, 95, 180, 200, 235, 250, 270, 285, 315, 345, 355]",0.00000000,"[0.00000000, 0.00000000]",0.08700000,0.43408824,15->4
2,2,8,6,43,"(4, 5)",2,483,probe_repair,"[10, 50, 95, 100, 145, 155, 170, 220, 245, 250, 270, 275, 285, 290, 360]",0.00000000,"[0.00000000, 0.00000000]",0.19700000,0.41373529,24->5
2,2,8,6,43,"(4, 5)",3,566,probe_repair,"[5, 60, 65, 90, 130, 170, 175, 180, 240, 255, 275, 290, 305, 330, 345]",0.00000000,"[0.00000000, 0.00000000]",0.14700000,0.42267647,24->5
2,2,8,6,43,"(4, 5)",4,282,probe_repair,"[5, 10, 35, 55, 85, 125, 140, 145, 150, 190, 250, 270, 295, 330, 355]",0.00000000,"[0.00000000, 0.00000000]",0.02400000,0.41250000,11->4
2,2,8,6,43,"(4, 5)",5,281,probe_repair,"[5, 10, 35, 55, 85, 125, 140, 145, 150, 190, 250, 270, 295, 330, 355]",0.00000000,"[0.00000000, 0.00000000]",0.00700000,0.40961765,11->4
2,2,8,6,43,"(4, 5)",6,402,probe_repair,"[35, 60, 140, 180, 220, 225, 230, 235, 250, 260, 270, 285, 290, 310, 345]",0.00000000,"[0.00000000, 0.00000000]",0.23500000,0.41508824,24->5
2,2,8,6,43,"(4, 5)",7,173,probe_repair,"[65, 75, 100, 105, 145, 165, 220, 230, 250, 255, 265, 275, 280, 305, 360]",0.00000000,"[0.00000000, 0.00000000]",0.00000000,0.35585294,9->4
2,2,8,6,43,"(4, 5)",8,277,probe_repair,"[5, 10, 35, 55, 85, 125, 140, 145, 150, 190, 250, 270, 295, 330, 355]",0.00000000,"[0.00000000, 0.00000000]",0.00000000,0.29467647,6->5
2,2,8,6,43,"(4, 5)",9,283,probe_repair,"[5, 10, 35, 55, 85, 125, 140, 145, 150, 190, 250, 270, 295, 330, 355]",0.00000000,"[0.00000000, 0.00000000]",0.01300000,0.40879412,11->4
2,2,8,6,43,"(4, 5)",10,479,probe_repair,"[10, 50, 95, 100, 145, 155, 170, 220, 245, 250, 270, 275, 285, 290, 360]",0.00000000,"[0.00000000, 0.00000000]",0.15500000,0.40144118,24->5
2,2,8,6,44,"(15, 18)",1,1495,probe_repair,"[10, 15, 65, 70, 115, 145, 160, 175, 180, 230, 240, 280, 285, 305, 355]",0.00000000,"[0.00000000, 0.00000000]",0.13300000,0.39625000,11->18
2,2,8,6,44,"(15, 18)",2,1233,probe_repair,"[45, 50, 80, 135, 190, 205, 220, 245, 250, 265, 275, 290, 305, 310, 320]",0.00000000,"[0.00000000, 0.00000000]",0.26500000,0.44093750,4->15
2,2,8,6,44,"(15, 18)",3,821,probe_repair,"[10, 30, 60, 70, 105, 160, 185, 190, 205, 230, 235, 255, 300, 325, 365]",0.00000000,"[0.00000000, 0.00000000]",0.00000000,0.35950000,2->18
2,2,8,6,44,"(15, 18)",4,893,probe_repair,"[15, 25, 35, 85, 115, 125, 130, 140, 145, 155, 260, 290, 295, 300, 320]",0.00000000,"[0.00000000, 0.00000000]",0.00000000,0.35950000,6->15
2,2,8,6,44,"(15, 18)",5,429,probe_repair,"[40, 45, 50, 135, 145, 195, 200, 230, 250, 260, 270, 320, 325, 335, 365]",0.00000000,"[0.00000000, 0.00000000]",0.00000000,0.34725000,6->15
2,2,8,6,44,"(15, 18)",6,437,probe_repair,"[10, 55, 60, 85, 110, 150, 180, 190, 210, 215, 220, 290, 300, 310, 325]",0.00000000,"[0.00000000, 0.00000000]",0.00000000,0.33212500,4->18
2,2,8,6,44,"(15, 18)",7,709,probe_repair,"[30, 40, 45, 70, 80, 115, 135, 190, 215, 225, 255, 315, 340, 350, 355]",0.00000000,"[0.00000000, 0.00000000]",0.00000000,0.31843750,4->15
2,2,8,6,44,"(15, 18)",8,1349,probe_repair,"[10, 25, 30, 35, 55, 140, 185, 215, 225, 275, 285, 290, 315, 345, 350]",0.00000000,"[0.00000000, 0.00000000]",0.00000000,0.31843750,2->18
2,2,8,6,44,"(15, 18)",9,1565,probe_repair,"[15, 20, 80, 145, 155, 180, 185, 205, 220, 235, 240, 260, 325, 335, 345]",0.00000000,"[0.00000000, 0.00000000]",0.00000000,0.31700000,4->18
2,2,8,6,44,"(15, 18)",10,1229,probe_repair,"[45, 50, 80, 135, 190, 205, 220, 245, 250, 265, 275, 290, 305, 310, 320]",0.00000000,"[0.00000000, 0.00000000]",0.00000000,0.30331250,2->18
2,2,8,6,45,"(26, 27)",1,629,probe_repair,"[45, 90, 95, 145, 155, 200, 215, 220, 230, 245, 270, 280, 300, 305, 335]",0.00000000,"[0.00000000, 0.00000000]",0.00000000,0.34756250,4->27
2,2,8,6,45,"(26, 27)",2,1485,probe_repair,"[15, 45, 110, 130, 160, 190, 250, 260, 275, 295, 310, 320, 340, 350, 355]",0.00000000,"[0.00000000, 0.00000000]",0.00000000,0.34756250,4->27
2,2,8,6,45,"(26, 27)",3,765,probe_repair,"[20, 40, 50, 70, 110, 125, 160, 185, 220, 225, 240, 250, 265, 270, 320]",0.00000000,"[0.00000000, 0.00000000]",0.00000000,0.30300000,4->27
2,2,8,6,45,"(26, 27)",4,37,probe_repair,"[20, 30, 80, 90, 110, 165, 205, 210, 255, 280, 330, 345, 355, 360, 365]",0.00000000,"[0.00000000, 0.00000000]",0.00000000,0.33225000,2->27
2,2,8,6,45,"(26, 27)",5,1453,probe_repair,"[40, 50, 105, 175, 220, 225, 255, 265, 280, 290, 300, 310, 325, 330, 365]",0.00000000,"[0.00000000, 0.00000000]",0.00000000,0.31968750,2->27
2,2,8,6,45,"(26, 27)",6,357,probe_repair,"[5, 25, 30, 35, 75, 100, 165, 170, 215, 235, 260, 265, 305, 340, 360]",0.00000000,"[0.00000000, 0.00000000]",0.00000000,0.30025000,2->27
2,2,8,6,45,"(26, 27)",7,509,probe_repair,"[10, 15, 20, 40, 115, 120, 215, 220, 250, 275, 280, 285, 325, 335, 340]",0.00000000,"[0.00000000, 0.00000000]",0.00000000,0.30025000,2->27
2,2,8,6,45,"(26, 27)",8,193,probe_repair,"[30, 70, 80, 90, 110, 125, 140, 195, 220, 230, 235, 270, 275, 310, 320]",0.00000000,"[0.00000000, 0.00000000]",0.12600000,0.43218750,20->26
2,2,8,6,45,"(26, 27)",9,82,probe_repair,"[35, 50, 85, 95, 105, 110, 120, 185, 200, 285, 290, 320, 335, 345, 350]",0.00000000,"[0.00000000, 0.00000000]",0.16700000,0.42750000,9->26
2,2,8,6,45,"(26, 27)",10,1458,probe_repair,"[40, 50, 105, 175, 220, 225, 255, 265, 280, 290, 300, 310, 325, 330, 365]",0.00000000,"[0.00000000, 0.00000000]",0.15400000,0.41031250,7->26
2,2,8,6,46,"(21, 22)",1,557,probe_repair,"[20, 65, 70, 120, 135, 160, 175, 180, 190, 225, 235, 260, 290, 300, 325]",0.00000000,"[0.00000000, 0.00000000]",0.00000000,0.33981250,6->21
2,2,8,6,46,"(21, 22)",2,1365,probe_repair,"[55, 95, 110, 115, 135, 140, 155, 170, 205, 210, 250, 265, 275, 305, 315]",0.00000000,"[0.00000000, 0.00000000]",0.00000000,0.33512500,4->21
2,2,8,6,46,"(21, 22)",3,1509,probe_repair,"[25, 40, 45, 60, 85, 100, 125, 140, 145, 160, 220, 235, 250, 290, 300]",0.00000000,"[0.00000000, 0.00000000]",0.00000000,0.30706250,4->21
2,2,8,6,46,"(21, 22)",4,637,probe_repair,"[25, 35, 60, 150, 155, 160, 195, 230, 270, 275, 280, 285, 295, 310, 365]",0.00000000,"[0.00000000, 0.00000000]",0.00000000,0.30425000,4->22
2,2,8,6,46,"(21, 22)",5,1109,probe_repair,"[10, 55, 60, 95, 100, 105, 110, 130, 215, 220, 240, 260, 310, 315, 320]",0.00000000,"[0.00000000, 0.00000000]",0.00000000,0.30425000,4->22
2,2,8,6,46,"(21, 22)",6,509,probe_repair,"[20, 60, 85, 115, 125, 135, 200, 245, 280, 285, 295, 325, 340, 360, 365]",0.00000000,"[0.00000000, 0.00000000]",0.00000000,0.33606250,2->22
2,2,8,6,46,"(21, 22)",7,173,probe_repair,"[25, 60, 75, 80, 100, 145, 170, 240, 245, 275, 305, 325, 330, 345, 350]",0.00000000,"[0.00000000, 0.00000000]",0.00000000,0.32062500,2->22
2,2,8,6,46,"(21, 22)",8,1565,probe_repair,"[25, 40, 85, 100, 135, 145, 150, 165, 170, 180, 270, 275, 325, 330, 355]",0.00000000,"[0.00000000, 0.00000000]",0.00000000,0.29068750,2->22
2,2,8,6,46,"(21, 22)",9,1357,probe_repair,"[10, 15, 65, 75, 140, 155, 185, 215, 250, 265, 280, 285, 305, 350, 360]",0.00000000,"[0.00000000, 0.00000000]",0.00000000,0.28975000,2->22
2,2,8,6,46,"(21, 22)",10,1426,probe_repair,"[20, 25, 35, 45, 85, 100, 120, 135, 205, 230, 235, 245, 330, 350, 365]",0.00000000,"[0.00000000, 0.00000000]",0.03400000,0.39693750,4->21
2,2,8,6,47,"(5, 24)",1,73,probe_repair,"[5, 10, 30, 35, 40, 45, 125, 130, 170, 220, 240, 255, 260, 300, 365]",0.00000000,"[0.00000000, 0.00000000]",0.03200000,0.40832353,20->24
2,2,8,6,47,"(5, 24)",2,163,probe_repair,"[10, 25, 50, 60, 85, 95, 145, 160, 205, 270, 275, 285, 290, 295, 330]",0.00000000,"[0.00000000, 0.00000000]",0.16900000,0.41867647,16->24
2,2,8,6,47,"(5, 24)",3,164,probe_repair,"[10, 25, 50, 60, 85, 95, 145, 160, 205, 270, 275, 285, 290, 295, 330]",0.00000000,"[0.00000000, 0.00000000]",0.17100000,0.41591176,18->24
2,2,8,6,47,"(5, 24)",4,158,probe_repair,"[10, 25, 50, 60, 85, 95, 145, 160, 205, 270, 275, 285, 290, 295, 330]",0.00000000,"[0.00000000, 0.00000000]",0.24500000,0.42091176,18->24
2,2,8,6,47,"(5, 24)",5,72,probe_repair,"[5, 10, 30, 35, 40, 45, 125, 130, 170, 220, 240, 255, 260, 300, 365]",0.00000000,"[0.00000000, 0.00000000]",0.07600000,0.40814706,20->24
2,2,8,6,47,"(5, 24)",6,162,probe_repair,"[10, 25, 50, 60, 85, 95, 145, 160, 205, 270, 275, 285, 290, 295, 330]",0.00000000,"[0.00000000, 0.00000000]",0.18300000,0.41320588,16->24
2,2,8,6,47,"(5, 24)",7,160,probe_repair,"[10, 25, 50, 60, 85, 95, 145, 160, 205, 270, 275, 285, 290, 295, 330]",0.00000000,"[0.00000000, 0.00000000]",0.15900000,0.42238235,18->24
2,2,8,6,47,"(5, 24)",8,161,probe_repair,"[10, 25, 50, 60, 85, 95, 145, 160, 205, 270, 275, 285, 290, 295, 330]",0.00000000,"[0.00000000, 0.00000000]",0.19500000,0.42108824,2->24
2,2,8,6,47,"(5, 24)",9,159,probe_repair,"[10, 25, 50, 60, 85, 95, 145, 160, 205, 270, 275, 285, 290, 295, 330]",0.00000000,"[0.00000000, 0.00000000]",0.20500000,0.41397059,16->24
2,2,8,6,47,"(5, 24)",10,300,probe_repair,"[20, 35, 60, 110, 115, 155, 160, 200, 220, 235, 240, 250, 255, 280, 285]",0.00000000,"[0.00000000, 0.00000000]",0.12600000,0.39150000,2->5
2,2,8,6,48,"(5, 15)",1,365,probe_repair,"[50, 55, 75, 80, 95, 115, 120, 175, 230, 295, 300, 325, 330, 335, 360]",0.00000000,"[0.00000000, 0.00000000]",0.00000000,0.35050000,2->15
2,2,8,6,48,"(5, 15)",2,170,probe_repair,"[15, 35, 40, 55, 65, 75, 85, 145, 225, 265, 285, 305, 315, 360, 365]",0.00000000,"[0.00000000, 0.00000000]",0.17400000,0.41455882,7->15
2,2,8,6,48,"(5, 15)",3,169,probe_repair,"[15, 35, 40, 55, 65, 75, 85, 145, 225, 265, 285, 305, 315, 360, 365]",0.00000000,"[0.00000000, 0.00000000]",0.16600000,0.41867647,25->15
2,2,8,6,48,"(5, 15)",4,495,probe_repair,"[5, 10, 85, 100, 125, 150, 155, 210, 250, 265, 270, 305, 310, 335, 345]",0.00000000,"[0.00000000, 0.00000000]",0.16100000,0.41338235,7->5
2,2,8,6,48,"(5, 15)",5,34,probe_repair,"[65, 90, 95, 105, 115, 130, 140, 180, 200, 210, 215, 240, 250, 315, 335]",0.00000000,"[0.00000000, 0.00000000]",0.20800000,0.43385294,17->5
2,2,8,6,48,"(5, 15)",6,216,probe_repair,"[25, 30, 40, 60, 65, 80, 100, 150, 160, 165, 205, 270, 305, 345, 355]",0.00000000,"[0.00000000, 0.00000000]",0.06900000,0.38261765,6->15
2,2,8,6,48,"(5, 15)",7,496,probe_repair,"[5, 10, 85, 100, 125, 150, 155, 210, 250, 265, 270, 305, 310, 335, 345]",0.00000000,"[0.00000000, 0.00000000]",0.15500000,0.41497059,7->5
2,2,8,6,48,"(5, 15)",8,171,probe_repair,"[15, 35, 40, 55, 65, 75, 85, 145, 225, 265, 285, 305, 315, 360, 365]",0.00000000,"[0.00000000, 0.00000000]",0.15900000,0.41602941,25->15
2,2,8,6,48,"(5, 15)",9,537,probe_repair,"[35, 45, 100, 110, 140, 145, 155, 185, 205, 230, 255, 275, 285, 290, 340]",0.00000000,"[0.00000000, 0.00000000]",0.16100000,0.39255882,22->5
2,2,8,6,48,"(5, 15)",10,526,probe_repair,"[20, 45, 60, 65, 80, 110, 125, 130, 190, 205, 255, 270, 315, 330, 335]",0.00000000,"[0.00000000, 0.00000000]",0.30200000,0.43155882,27->15
2,2,8,6,49,"(15, 22)",1,127,probe_repair,"[5, 20, 55, 95, 110, 145, 190, 225, 230, 295, 320, 325, 340, 350, 360]",0.00000000,"[0.00000000, 0.00000000]",0.09500000,0.41993750,4->22
2,2,8,6,49,"(15, 22)",2,218,probe_repair,"[25, 55, 75, 85, 115, 125, 170, 175, 185, 230, 240, 280, 310, 345, 355]",0.00000000,"[0.00000000, 0.00000000]",0.05800000,0.42750000,9->15
2,2,8,6,49,"(15, 22)",3,525,probe_repair,"[10, 45, 80, 90, 95, 125, 135, 165, 180, 200, 240, 285, 310, 315, 355]",0.00000000,"[0.00000000, 0.00000000]",0.00000000,0.32962500,4->22
2,2,8,6,49,"(15, 22)",4,621,probe_repair,"[20, 25, 105, 110, 115, 120, 135, 190, 200, 230, 260, 280, 285, 325, 355]",0.00000000,"[0.00000000, 0.00000000]",0.00000000,0.34506250,2->22
2,2,8,6,49,"(15, 22)",5,338,probe_repair,"[10, 40, 50, 60, 90, 110, 140, 155, 180, 195, 315, 335, 340, 345, 360]",0.00000000,"[0.00000000, 0.00000000]",0.18600000,0.41118750,21->22
2,2,8,6,49,"(15, 22)",6,1142,probe_repair,"[5, 20, 75, 110, 140, 175, 185, 190, 215, 235, 245, 260, 270, 320, 325]",0.00000000,"[0.00000000, 0.00000000]",0.04300000,0.39643750,16->22
2,2,8,6,49,"(15, 22)",7,806,probe_repair,"[20, 30, 45, 60, 105, 135, 150, 175, 185, 215, 230, 265, 310, 315, 325]",0.00000000,"[0.00000000, 0.00000000]",0.16600000,0.41056250,7->22
2,2,8,6,49,"(15, 22)",8,336,probe_repair,"[10, 40, 50, 60, 90, 110, 140, 155, 180, 195, 315, 335, 340, 345, 360]",0.00000000,"[0.00000000, 0.00000000]",0.16100000,0.42012500,21->22
2,2,8,6,49,"(15, 22)",9,97,probe_repair,"[20, 100, 130, 135, 140, 145, 160, 165, 175, 215, 235, 270, 285, 290, 350]",0.00000000,"[0.00000000, 0.00000000]",0.02800000,0.41318750,4->15
2,2,8,6,49,"(15, 22)",10,1148,probe_repair,"[5, 20, 75, 110, 140, 175, 185, 190, 215, 235, 245, 260, 270, 320, 325]",0.00000000,"[0.00000000, 0.00000000]",0.04400000,0.39375000,16->22
2,2,8,6,50,"(5, 6)",1,661,probe_repair,"[25, 45, 65, 100, 115, 130, 140, 150, 165, 175, 205, 220, 225, 235, 280]",0.00000000,"[0.00000000, 0.00000000]",0.00000000,0.31041176,2->6
2,2,8,6,50,"(5, 6)",2,133,probe_repair,"[15, 20, 80, 85, 90, 100, 125, 150, 255, 260, 275, 285, 295, 305, 315]",0.00000000,"[0.00000000, 0.00000000]",0.00000000,0.28229412,2->6
2,2,8,6,50,"(5, 6)",3,465,probe_repair,"[10, 15, 20, 30, 50, 80, 95, 100, 150, 160, 170, 250, 295, 335, 355]",0.00000000,"[0.00000000, 0.00000000]",0.06500000,0.41411765,2->6
2,2,8,6,50,"(5, 6)",4,648,probe_repair,"[20, 25, 60, 130, 160, 190, 215, 225, 240, 245, 275, 280, 325, 330, 340]",0.00000000,"[0.00000000, 0.00000000]",0.08900000,0.40788235,15->5
2,2,8,6,50,"(5, 6)",5,399,probe_repair,"[5, 15, 20, 45, 60, 90, 140, 155, 165, 170, 175, 205, 235, 275, 290]",0.00000000,"[0.00000000, 0.00000000]",0.16700000,0.39935294,24->6
2,2,8,6,50,"(5, 6)",6,468,probe_repair,"[10, 15, 20, 30, 50, 80, 95, 100, 150, 160, 170, 250, 295, 335, 355]",0.00000000,"[0.00000000, 0.00000000]",0.10300000,0.41529412,2->6
2,2,8,6,50,"(5, 6)",7,467,probe_repair,"[10, 15, 20, 30, 50, 80, 95, 100, 150, 160, 170, 250, 295, 335, 355]",0.00000000,"[0.00000000, 0.00000000]",0.05900000,0.41811765,2->6
2,2,8,6,50,"(5, 6)",8,91,probe_repair,"[10, 15, 20, 40, 60, 80, 145, 165, 205, 235, 255, 260, 280, 295, 345]",0.00000000,"[0.00000000, 0.00000000]",0.20900000,0.40288235,24->5
2,2,8,6,50,"(5, 6)",9,90,probe_repair,"[10, 15, 20, 40, 60, 80, 145, 165, 205, 235, 255, 260, 280, 295, 345]",0.00000000,"[0.00000000, 0.00000000]",0.20500000,0.39935294,22->6
2,2,8,6,50,"(5, 6)",10,722,probe_repair,"[5, 10, 15, 75, 85, 95, 130, 145, 155, 220, 240, 255, 290, 300, 330]",0.00000000,"[0.00000000, 0.00000000]",0.03500000,0.38447059,25->6
2,2,8,6,51,"(6, 16)",1,685,probe_repair,"[25, 40, 70, 155, 165, 170, 180, 195, 210, 215, 235, 260, 280, 295, 345]",0.00000000,"[0.00000000, 0.00000000]",0.00000000,0.35343750,2->16
2,2,8,6,51,"(6, 16)",2,1349,probe_repair,"[5, 35, 40, 45, 125, 160, 170, 225, 240, 260, 270, 295, 325, 340, 355]",0.00000000,"[0.00000000, 0.00000000]",0.00000000,0.35343750,11->6
2,2,8,6,51,"(6, 16)",3,269,probe_repair,"[75, 80, 115, 145, 170, 175, 180, 200, 240, 255, 275, 315, 335, 345, 350]",0.00000000,"[0.00000000, 0.00000000]",0.00000000,0.33812500,7->16
2,2,8,6,51,"(6, 16)",4,741,probe_repair,"[30, 40, 80, 135, 145, 155, 160, 165, 195, 205, 210, 260, 275, 325, 345]",0.00000000,"[0.00000000, 0.00000000]",0.00000000,0.32375000,4->16
2,2,8,6,51,"(6, 16)",5,29,probe_repair,"[5, 15, 175, 180, 185, 190, 195, 265, 270, 285, 310, 315, 320, 325, 355]",0.00000000,"[0.00000000, 0.00000000]",0.00000000,0.32337500,2->16
2,2,8,6,51,"(6, 16)",6,1021,probe_repair,"[45, 50, 75, 80, 90, 130, 145, 170, 190, 205, 300, 305, 310, 350, 360]",0.00000000,"[0.00000000, 0.00000000]",0.00000000,0.32318750,2->16
2,2,8,6,51,"(6, 16)",7,621,probe_repair,"[30, 45, 70, 75, 85, 140, 150, 160, 205, 210, 235, 240, 250, 310, 320]",0.00000000,"[0.00000000, 0.00000000]",0.00000000,0.29350000,2->16
2,2,8,6,51,"(6, 16)",8,1206,probe_repair,"[65, 100, 110, 120, 180, 190, 205, 240, 245, 250, 260, 270, 280, 300, 355]",0.00000000,"[0.00000000, 0.00000000]",0.19600000,0.42556250,21->16
2,2,8,6,51,"(6, 16)",9,584,probe_repair,"[80, 85, 95, 100, 105, 125, 135, 170, 210, 260, 320, 330, 350, 355, 360]",0.00000000,"[0.00000000, 0.00000000]",0.25400000,0.41875000,9->16
2,2,8,6,51,"(6, 16)",10,1386,probe_repair,"[5, 30, 60, 70, 90, 110, 140, 200, 235, 245, 285, 295, 335, 340, 350]",0.00000000,"[0.00000000, 0.00000000]",0.23800000,0.42750000,4->6
2,2,8,6,52,"(24, 25)",1,539,probe_repair,"[25, 40, 45, 65, 75, 125, 130, 150, 270, 285, 290, 310, 315, 330, 360]",0.00000000,"[0.00000000, 0.00000000]",0.05600000,0.40662500,6->24
2,2,8,6,52,"(24, 25)",2,333,probe_repair,"[5, 35, 100, 135, 180, 190, 200, 215, 230, 270, 290, 325, 335, 345, 355]",0.00000000,"[0.00000000, 0.00000000]",0.00000000,0.35168750,7->24
2,2,8,6,52,"(24, 25)",3,141,probe_repair,"[20, 35, 50, 120, 180, 205, 215, 235, 240, 260, 270, 280, 325, 355, 360]",0.00000000,"[0.00000000, 0.00000000]",0.00000000,0.35137500,4->24
2,2,8,6,52,"(24, 25)",4,541,probe_repair,"[5, 80, 95, 130, 195, 205, 210, 245, 260, 310, 325, 330, 345, 360, 365]",0.00000000,"[0.00000000, 0.00000000]",0.00000000,0.35106250,7->25
2,2,8,6,52,"(24, 25)",5,1517,probe_repair,"[25, 40, 80, 125, 150, 160, 175, 200, 205, 225, 260, 285, 290, 300, 310]",0.00000000,"[0.00000000, 0.00000000]",0.00000000,0.35075000,2->25
2,2,8,6,52,"(24, 25)",6,1557,probe_repair,"[30, 75, 90, 95, 105, 120, 130, 145, 255, 260, 265, 275, 315, 345, 360]",0.00000000,"[0.00000000, 0.00000000]",0.00000000,0.33631250,2->25
2,2,8,6,52,"(24, 25)",7,829,probe_repair,"[40, 75, 80, 100, 105, 110, 165, 185, 200, 205, 230, 255, 260, 275, 310]",0.00000000,"[0.00000000, 0.00000000]",0.00000000,0.33631250,4->25
2,2,8,6,52,"(24, 25)",8,1605,probe_repair,"[5, 15, 25, 50, 105, 115, 140, 150, 190, 195, 200, 320, 335, 360, 365]",0.00000000,"[0.00000000, 0.00000000]",0.00000000,0.29300000,2->25
2,2,8,6,52,"(24, 25)",9,1541,probe_repair,"[5, 25, 45, 65, 75, 100, 110, 160, 175, 220, 250, 260, 305, 310, 315]",0.00000000,"[0.00000000, 0.00000000]",0.00000000,0.29206250,2->25
2,2,8,6,52,"(24, 25)",10,1511,probe_repair,"[5, 45, 90, 105, 140, 200, 230, 235, 245, 255, 260, 270, 285, 325, 365]",0.00000000,"[0.00000000, 0.00000000]",0.14100000,0.40018750,11->24
2,2,8,6,53,"(7, 17)",1,1272,probe_repair,"[5, 30, 55, 75, 105, 155, 160, 215, 235, 240, 250, 255, 285, 355, 365]",0.00000000,"[0.00000000, 0.00000000]",0.01400000,0.40693750,21->17
2,2,8,6,53,"(7, 17)",2,512,probe_repair,"[5, 10, 25, 55, 90, 195, 200, 205, 220, 225, 290, 325, 340, 350, 355]",0.00000000,"[0.00000000, 0.00000000]",0.20700000,0.43375000,21->17
2,2,8,6,53,"(7, 17)",3,1603,probe_repair,"[20, 70, 95, 105, 190, 210, 220, 230, 250, 270, 275, 295, 325, 355, 365]",0.00000000,"[0.00000000, 0.00000000]",0.23200000,0.42025000,11->17
2,2,8,6,53,"(7, 17)",4,349,probe_repair,"[20, 75, 100, 145, 160, 175, 180, 200, 290, 300, 310, 320, 335, 350, 355]",0.00000000,"[0.00000000, 0.00000000]",0.00000000,0.36100000,6->7
2,2,8,6,53,"(7, 17)",5,661,probe_repair,"[45, 65, 95, 150, 160, 180, 185, 210, 235, 270, 275, 280, 310, 320, 345]",0.00000000,"[0.00000000, 0.00000000]",0.00000000,0.34593750,4->7
2,2,8,6,53,"(7, 17)",6,1357,probe_repair,"[55, 115, 130, 160, 205, 215, 220, 240, 260, 265, 305, 310, 340, 345, 360]",0.00000000,"[0.00000000, 0.00000000]",0.00000000,0.28925000,2->17
2,2,8,6,53,"(7, 17)",7,685,probe_repair,"[5, 10, 25, 95, 100, 115, 125, 185, 190, 220, 225, 235, 260, 305, 345]",0.00000000,"[0.00000000, 0.00000000]",0.00000000,0.27300000,2->17
2,2,8,6,53,"(7, 17)",8,1556,probe_repair,"[40, 65, 85, 90, 120, 125, 165, 185, 210, 220, 250, 275, 280, 310, 340]",0.00000000,"[0.00000000, 0.00000000]",0.12300000,0.38906250,15->17
2,2,8,6,53,"(7, 17)",9,1345,probe_repair,"[10, 15, 30, 35, 40, 85, 120, 140, 145, 235, 255, 300, 330, 340, 360]",0.00000000,"[0.00000000, 0.00000000]",0.18700000,0.43531250,28->17
2,2,8,6,53,"(7, 17)",10,1344,probe_repair,"[10, 15, 30, 35, 40, 85, 120, 140, 145, 235, 255, 300, 330, 340, 360]",0.00000000,"[0.00000000, 0.00000000]",0.20700000,0.43300000,16->17
2,2,8,6,54,"(6, 22)",1,837,probe_repair,"[5, 95, 115, 120, 170, 180, 190, 215, 235, 265, 275, 310, 325, 335, 360]",0.00000000,"[0.00000000, 0.00000000]",0.00000000,0.36893750,7->22
2,2,8,6,54,"(6, 22)",2,1157,probe_repair,"[10, 120, 145, 150, 155, 160, 165, 185, 255, 260, 265, 275, 295, 325, 340]",0.00000000,"[0.00000000, 0.00000000]",0.00000000,0.32187500,7->6
2,2,8,6,54,"(6, 22)",3,1557,probe_repair,"[10, 30, 40, 45, 70, 95, 230, 235, 250, 260, 290, 295, 325, 340, 350]",0.00000000,"[0.00000000, 0.00000000]",0.00000000,0.30712500,4->6
2,2,8,6,54,"(6, 22)",4,573,probe_repair,"[55, 60, 70, 80, 90, 115, 160, 165, 175, 210, 220, 255, 280, 310, 345]",0.00000000,"[0.00000000, 0.00000000]",0.00000000,0.35418750,2->22
2,2,8,6,54,"(6, 22)",5,77,probe_repair,"[5, 10, 30, 45, 60, 70, 145, 150, 190, 270, 285, 290, 300, 330, 350]",0.00000000,"[0.00000000, 0.00000000]",0.00000000,0.32375000,2->22
2,2,8,6,54,"(6, 22)",6,357,probe_repair,"[20, 25, 50, 55, 80, 115, 120, 155, 160, 165, 175, 220, 230, 250, 285]",0.00000000,"[0.00000000, 0.00000000]",0.00000000,0.32281250,2->22
2,2,8,6,54,"(6, 22)",7,687,probe_repair,"[30, 35, 55, 65, 150, 155, 180, 210, 275, 290, 295, 300, 315, 340, 350]",0.00000000,"[0.00000000, 0.00000000]",0.15600000,0.40681250,20->6
2,2,8,6,54,"(6, 22)",8,615,probe_repair,"[30, 35, 115, 130, 135, 145, 160, 180, 185, 205, 210, 235, 300, 310, 345]",0.00000000,"[0.00000000, 0.00000000]",0.31100000,0.42962500,18->6
2,2,8,6,54,"(6, 22)",9,686,probe_repair,"[30, 35, 55, 65, 150, 155, 180, 210, 275, 290, 295, 300, 315, 340, 350]",0.00000000,"[0.00000000, 0.00000000]",0.12600000,0.40943750,20->6
2,2,8,6,54,"(6, 22)",10,1249,probe_repair,"[15, 25, 30, 35, 75, 105, 125, 145, 205, 210, 225, 235, 280, 305, 340]",0.00000000,"[0.00000000, 0.00000000]",0.16000000,0.42606250,25->22
2,2,8,6,55,"(1, 17)",1,165,probe_repair,"[30, 40, 75, 95, 110, 135, 170, 185, 195, 210, 295, 330, 335, 345, 350]",0.00000000,"[0.00000000, 0.00000000]",0.00000000,0.37317647,4->17
2,2,8,6,55,"(1, 17)",2,136,probe_repair,"[10, 15, 50, 65, 100, 155, 165, 190, 205, 220, 260, 280, 320, 340, 345]",0.00000000,"[0.00000000, 0.00000000]",0.22100000,0.43205882,28->1
2,2,8,6,55,"(1, 17)",3,153,probe_repair,"[10, 15, 50, 80, 125, 150, 160, 180, 195, 205, 210, 225, 300, 305, 320]",0.00000000,"[0.00000000, 0.00000000]",0.05900000,0.40811765,15->1
2,2,8,6,55,"(1, 17)",4,172,probe_repair,"[30, 40, 75, 95, 110, 135, 170, 185, 195, 210, 295, 330, 335, 345, 350]",0.00000000,"[0.00000000, 0.00000000]",0.18300000,0.42894118,25->17
2,2,8,6,55,"(1, 17)",5,434,probe_repair,"[15, 45, 50, 70, 85, 110, 175, 180, 230, 275, 290, 305, 345, 350, 365]",0.00000000,"[0.00000000, 0.00000000]",0.10000000,0.42111765,9->17
2,2,8,6,55,"(1, 17)",6,431,probe_repair,"[15, 45, 50, 70, 85, 110, 175, 180, 230, 275, 290, 305, 345, 350, 365]",0.00000000,"[0.00000000, 0.00000000]",0.09700000,0.41529412,9->17
2,2,8,6,55,"(1, 17)",7,134,probe_repair,"[10, 15, 50, 65, 100, 155, 165, 190, 205, 220, 260, 280, 320, 340, 345]",0.00000000,"[0.00000000, 0.00000000]",0.26100000,0.43329412,28->1
2,2,8,6,55,"(1, 17)",8,166,probe_repair,"[30, 40, 75, 95, 110, 135, 170, 185, 195, 210, 295, 330, 335, 345, 350]",0.00000000,"[0.00000000, 0.00000000]",0.18400000,0.42947059,6->17
2,2,8,6,55,"(1, 17)",9,194,probe_repair,"[25, 45, 110, 115, 120, 130, 140, 180, 200, 250, 265, 295, 310, 330, 350]",0.00000000,"[0.00000000, 0.00000000]",0.12700000,0.41100000,25->17
2,2,8,6,55,"(1, 17)",10,190,probe_repair,"[25, 45, 110, 115, 120, 130, 140, 180, 200, 250, 265, 295, 310, 330, 350]",0.00000000,"[0.00000000, 0.00000000]",0.13400000,0.41205882,25->17
2,2,8,6,56,"(9, 26)",1,509,probe_repair,"[20, 50, 65, 70, 120, 195, 240, 255, 285, 290, 300, 310, 315, 320, 335]",0.00000000,"[0.00000000, 0.00000000]",0.00000000,0.36987500,11->26
2,2,8,6,56,"(9, 26)",2,173,probe_repair,"[15, 50, 100, 120, 135, 150, 185, 205, 220, 285, 290, 330, 345, 355, 365]",0.00000000,"[0.00000000, 0.00000000]",0.00000000,0.33950000,6->9
2,2,8,6,56,"(9, 26)",3,1125,probe_repair,"[10, 45, 60, 70, 115, 130, 135, 150, 165, 180, 195, 240, 290, 340, 360]",0.00000000,"[0.00000000, 0.00000000]",0.00000000,0.33937500,4->26
2,2,8,6,56,"(9, 26)",4,93,probe_repair,"[5, 35, 55, 105, 120, 135, 150, 175, 195, 200, 255, 310, 315, 320, 345]",0.00000000,"[0.00000000, 0.00000000]",0.00000000,0.32443750,4->9
2,2,8,6,56,"(9, 26)",5,621,probe_repair,"[25, 50, 85, 110, 115, 140, 215, 220, 230, 260, 290, 305, 330, 340, 360]",0.00000000,"[0.00000000, 0.00000000]",0.00000000,0.30962500,2->26
2,2,8,6,56,"(9, 26)",6,229,probe_repair,"[5, 15, 70, 85, 135, 145, 155, 160, 165, 180, 200, 225, 280, 295, 360]",0.00000000,"[0.00000000, 0.00000000]",0.00000000,0.30950000,4->26
2,2,8,6,56,"(9, 26)",7,565,probe_repair,"[35, 40, 55, 95, 105, 115, 135, 215, 235, 250, 275, 290, 310, 320, 365]",0.00000000,"[0.00000000, 0.00000000]",0.00000000,0.30950000,4->26
2,2,8,6,56,"(9, 26)",8,1069,probe_repair,"[10, 30, 50, 85, 95, 125, 140, 155, 180, 230, 245, 290, 320, 355, 365]",0.00000000,"[0.00000000, 0.00000000]",0.00000000,0.30950000,2->26
2,2,8,6,56,"(9, 26)",9,1469,probe_repair,"[10, 35, 45, 50, 95, 100, 150, 180, 215, 220, 240, 260, 295, 310, 360]",0.00000000,"[0.00000000, 0.00000000]",0.00000000,0.30925000,4->26
2,2,8,6,56,"(9, 26)",10,8,baseline,"[5, 30, 55, 80, 105, 130, 155, 180, 205, 230, 255, 280, 305, 330, 355]",0.00000000,"[0.00000000, 0.00000000]",0.10000000,0.40437500,17->26
