k,position_combination,selection_rank,candidate_id,source,probes,common_route_count,excluded_illegal_positions,candidate_min_route_min_ber,candidate_average_route_min_ber,worst_route,route_min_bers
8,"(11, 15, 16, 17, 20, 21, 25, 26)",1,81,probe_repair,"[20, 35, 50, 85, 90, 100, 105, 125, 200, 255, 290, 300, 315, 325, 330]",80,"[1, 5]",0.31900000,0.46457500,4->17,"{'2->11': '0.48200000', '2->15': '0.43000000', '2->16': '0.48600000', '2->17': '0.47600000', '2->20': '0.48700000', '2->21': '0.49600000', '2->25': '0.48900000', '2->26': '0.47100000', '4->11': '0.48900000', '4->15': '0.48100000', '4->16': '0.48100000', '4->17': '0.31900000', '4->20': '0.46000000', '4->21': '0.48100000', '4->25': '0.44000000', '4->26': '0.47800000', '6->11': '0.46100000', '6->15': '0.39700000', '6->16': '0.49900000', '6->17': '0.46900000', '6->20': '0.48600000', '6->21': '0.47900000', '6->25': '0.43600000', '6->26': '0.47200000', '7->11': '0.34400000', '7->15': '0.46400000', '7->16': '0.39200000', '7->17': '0.41200000', '7->20': '0.46700000', '7->21': '0.47200000', '7->25': '0.48900000', '7->26': '0.44500000', '9->11': '0.47500000', '9->15': '0.45100000', '9->16': '0.49100000', '9->17': '0.45700000', '9->20': '0.45600000', '9->21': '0.48900000', '9->25': '0.43400000', '9->26': '0.43400000', '18->11': '0.46200000', '18->15': '0.48200000', '18->16': '0.48600000', '18->17': '0.35400000', '18->20': '0.48900000', '18->21': '0.49000000', '18->25': '0.47100000', '18->26': '0.48100000', '22->11': '0.49800000', '22->15': '0.44000000', '22->16': '0.50000000', '22->17': '0.47200000', '22->20': '0.49700000', '22->21': '0.50000000', '22->25': '0.49100000', '22->26': '0.47300000', '24->11': '0.49500000', '24->15': '0.46100000', '24->16': '0.48700000', '24->17': '0.46100000', '24->20': '0.45800000', '24->21': '0.46700000', '24->25': '0.47800000', '24->26': '0.49200000', '27->11': '0.47700000', '27->15': '0.45300000', '27->16': '0.48500000', '27->17': '0.48900000', '27->20': '0.49200000', '27->21': '0.49700000', '27->25': '0.49400000', '27->26': '0.35000000', '28->11': '0.43600000', '28->15': '0.48400000', '28->16': '0.48600000', '28->17': '0.43400000', '28->20': '0.49100000', '28->21': '0.48800000', '28->25': '0.47100000', '28->26': '0.43700000'}"
8,"(11, 15, 16, 17, 20, 21, 25, 26)",2,179,probe_repair,"[20, 50, 60, 85, 125, 130, 140, 160, 245, 255, 270, 275, 290, 345, 360]",80,"[1, 5]",0.20900000,0.45160000,7->20,"{'2->11': '0.49500000', '2->15': '0.49100000', '2->16': '0.39700000', '2->17': '0.44700000', '2->20': '0.41000000', '2->21': '0.46700000', '2->25': '0.49000000', '2->26': '0.48200000', '4->11': '0.48000000', '4->15': '0.39000000', '4->16': '0.48800000', '4->17': '0.49600000', '4->20': '0.47300000', '4->21': '0.48200000', '4->25': '0.49900000', '4->26': '0.25900000', '6->11': '0.44000000', '6->15': '0.41400000', '6->16': '0.44400000', '6->17': '0.45600000', '6->20': '0.48700000', '6->21': '0.27200000', '6->25': '0.46500000', '6->26': '0.49900000', '7->11': '0.49400000', '7->15': '0.49000000', '7->16': '0.42400000', '7->17': '0.47400000', '7->20': '0.20900000', '7->21': '0.48400000', '7->25': '0.47700000', '7->26': '0.41100000', '9->11': '0.46700000', '9->15': '0.47500000', '9->16': '0.37500000', '9->17': '0.41700000', '9->20': '0.44600000', '9->21': '0.47900000', '9->25': '0.45600000', '9->26': '0.49200000', '18->11': '0.46100000', '18->15': '0.48100000', '18->16': '0.45700000', '18->17': '0.32500000', '18->20': '0.31600000', '18->21': '0.45700000', '18->25': '0.48200000', '18->26': '0.47800000', '22->11': '0.39000000', '22->15': '0.47800000', '22->16': '0.46200000', '22->17': '0.48800000', '22->20': '0.46700000', '22->21': '0.50000000', '22->25': '0.48700000', '22->26': '0.48100000', '24->11': '0.47500000', '24->15': '0.49700000', '24->16': '0.46900000', '24->17': '0.46300000', '24->20': '0.48000000', '24->21': '0.49700000', '24->25': '0.48200000', '24->26': '0.48000000', '27->11': '0.43300000', '27->15': '0.48500000', '27->16': '0.45700000', '27->17': '0.46100000', '27->20': '0.43200000', '27->21': '0.45100000', '27->25': '0.46600000', '27->26': '0.49200000', '28->11': '0.40700000', '28->15': '0.49100000', '28->16': '0.48300000', '28->17': '0.34700000', '28->20': '0.47600000', '28->21': '0.44300000', '28->25': '0.47800000', '28->26': '0.48000000'}"
8,"(11, 15, 16, 17, 20, 21, 25, 26)",3,166,probe_repair,"[30, 85, 90, 135, 150, 175, 190, 225, 250, 265, 270, 290, 320, 325, 350]",80,"[1, 5]",0.21100000,0.45007500,27->15,"{'2->11': '0.48600000', '2->15': '0.39400000', '2->16': '0.47000000', '2->17': '0.41200000', '2->20': '0.48300000', '2->21': '0.48400000', '2->25': '0.49900000', '2->26': '0.34500000', '4->11': '0.47700000', '4->15': '0.44100000', '4->16': '0.41700000', '4->17': '0.36300000', '4->20': '0.46200000', '4->21': '0.48100000', '4->25': '0.46800000', '4->26': '0.48200000', '6->11': '0.49400000', '6->15': '0.22600000', '6->16': '0.47800000', '6->17': '0.43800000', '6->20': '0.48700000', '6->21': '0.45600000', '6->25': '0.48700000', '6->26': '0.45300000', '7->11': '0.43400000', '7->15': '0.49000000', '7->16': '0.47600000', '7->17': '0.48800000', '7->20': '0.31500000', '7->21': '0.49600000', '7->25': '0.49500000', '7->26': '0.47900000', '9->11': '0.45700000', '9->15': '0.47300000', '9->16': '0.48300000', '9->17': '0.40100000', '9->20': '0.40200000', '9->21': '0.47500000', '9->25': '0.48200000', '9->26': '0.50000000', '18->11': '0.40700000', '18->15': '0.45100000', '18->16': '0.46900000', '18->17': '0.39100000', '18->20': '0.49000000', '18->21': '0.46900000', '18->25': '0.44400000', '18->26': '0.47800000', '22->11': '0.48900000', '22->15': '0.48900000', '22->16': '0.40700000', '22->17': '0.49900000', '22->20': '0.45800000', '22->21': '0.48500000', '22->25': '0.49600000', '22->26': '0.49000000', '24->11': '0.38000000', '24->15': '0.49400000', '24->16': '0.29600000', '24->17': '0.49400000', '24->20': '0.46100000', '24->21': '0.43600000', '24->25': '0.48900000', '24->26': '0.44100000', '27->11': '0.49900000', '27->15': '0.21100000', '27->16': '0.44700000', '27->17': '0.45900000', '27->20': '0.47200000', '27->21': '0.40500000', '27->25': '0.47000000', '27->26': '0.47600000', '28->11': '0.42500000', '28->15': '0.48100000', '28->16': '0.47300000', '28->17': '0.43100000', '28->20': '0.48400000', '28->21': '0.48500000', '28->25': '0.40800000', '28->26': '0.44800000'}"
8,"(11, 15, 16, 17, 20, 21, 25, 26)",4,280,probe_repair,"[20, 30, 40, 45, 95, 125, 145, 165, 185, 205, 245, 295, 315, 355, 365]",80,"[1, 5]",0.29500000,0.45725000,7->20,"{'2->11': '0.47500000', '2->15': '0.48900000', '2->16': '0.48900000', '2->17': '0.42500000', '2->20': '0.45800000', '2->21': '0.47900000', '2->25': '0.48600000', '2->26': '0.49600000', '4->11': '0.49300000', '4->15': '0.45700000', '4->16': '0.49300000', '4->17': '0.47500000', '4->20': '0.46000000', '4->21': '0.48500000', '4->25': '0.47600000', '4->26': '0.45800000', '6->11': '0.44000000', '6->15': '0.42200000', '6->16': '0.49400000', '6->17': '0.47600000', '6->20': '0.47900000', '6->21': '0.46600000', '6->25': '0.45900000', '6->26': '0.48300000', '7->11': '0.47600000', '7->15': '0.41600000', '7->16': '0.49400000', '7->17': '0.38400000', '7->20': '0.29500000', '7->21': '0.44600000', '7->25': '0.44300000', '7->26': '0.45100000', '9->11': '0.48300000', '9->15': '0.37900000', '9->16': '0.44300000', '9->17': '0.31300000', '9->20': '0.45000000', '9->21': '0.30300000', '9->25': '0.46200000', '9->26': '0.48000000', '18->11': '0.39900000', '18->15': '0.48100000', '18->16': '0.46900000', '18->17': '0.43700000', '18->20': '0.43200000', '18->21': '0.48700000', '18->25': '0.46800000', '18->26': '0.49000000', '22->11': '0.44400000', '22->15': '0.49200000', '22->16': '0.49800000', '22->17': '0.45200000', '22->20': '0.46500000', '22->21': '0.46600000', '22->25': '0.43300000', '22->26': '0.42100000', '24->11': '0.48100000', '24->15': '0.42500000', '24->16': '0.49100000', '24->17': '0.48300000', '24->20': '0.48200000', '24->21': '0.49500000', '24->25': '0.48600000', '24->26': '0.50000000', '27->11': '0.46300000', '27->15': '0.48900000', '27->16': '0.38300000', '27->17': '0.48700000', '27->20': '0.45400000', '27->21': '0.48500000', '27->25': '0.49600000', '27->26': '0.48600000', '28->11': '0.49800000', '28->15': '0.47200000', '28->16': '0.46000000', '28->17': '0.49200000', '28->20': '0.43300000', '28->21': '0.48400000', '28->25': '0.29500000', '28->26': '0.49500000'}"
8,"(11, 15, 16, 17, 20, 21, 25, 26)",5,215,probe_repair,"[30, 35, 55, 65, 140, 155, 165, 170, 180, 210, 215, 235, 260, 265, 355]",80,"[1, 5]",0.24200000,0.45735000,7->26,"{'2->11': '0.47500000', '2->15': '0.46500000', '2->16': '0.48100000', '2->17': '0.43700000', '2->20': '0.43000000', '2->21': '0.47700000', '2->25': '0.47200000', '2->26': '0.49000000', '4->11': '0.47900000', '4->15': '0.44500000', '4->16': '0.49900000', '4->17': '0.36300000', '4->20': '0.45400000', '4->21': '0.47700000', '4->25': '0.47200000', '4->26': '0.48200000', '6->11': '0.46000000', '6->15': '0.50000000', '6->16': '0.45400000', '6->17': '0.49400000', '6->20': '0.48100000', '6->21': '0.45000000', '6->25': '0.49500000', '6->26': '0.49700000', '7->11': '0.45700000', '7->15': '0.44100000', '7->16': '0.44700000', '7->17': '0.44500000', '7->20': '0.49000000', '7->21': '0.46700000', '7->25': '0.43000000', '7->26': '0.24200000', '9->11': '0.49600000', '9->15': '0.49200000', '9->16': '0.48800000', '9->17': '0.42000000', '9->20': '0.44500000', '9->21': '0.38800000', '9->25': '0.49700000', '9->26': '0.47700000', '18->11': '0.47800000', '18->15': '0.45400000', '18->16': '0.36400000', '18->17': '0.47000000', '18->20': '0.44100000', '18->21': '0.49600000', '18->25': '0.45500000', '18->26': '0.47700000', '22->11': '0.49400000', '22->15': '0.48400000', '22->16': '0.47200000', '22->17': '0.25400000', '22->20': '0.49100000', '22->21': '0.49800000', '22->25': '0.48900000', '22->26': '0.49300000', '24->11': '0.41900000', '24->15': '0.47900000', '24->16': '0.45100000', '24->17': '0.46700000', '24->20': '0.47400000', '24->21': '0.49300000', '24->25': '0.49800000', '24->26': '0.42600000', '27->11': '0.45800000', '27->15': '0.40000000', '27->16': '0.49400000', '27->17': '0.47200000', '27->20': '0.49300000', '27->21': '0.46600000', '27->25': '0.48700000', '27->26': '0.48500000', '28->11': '0.46400000', '28->15': '0.47400000', '28->16': '0.45600000', '28->17': '0.47600000', '28->20': '0.44300000', '28->21': '0.40200000', '28->25': '0.39500000', '28->26': '0.35500000'}"
8,"(11, 15, 16, 17, 20, 21, 25, 26)",6,220,probe_repair,"[30, 35, 55, 65, 140, 155, 165, 170, 180, 210, 215, 235, 260, 265, 355]",80,"[1, 5]",0.18800000,0.45955000,22->17,"{'2->11': '0.49700000', '2->15': '0.49900000', '2->16': '0.46300000', '2->17': '0.45500000', '2->20': '0.32600000', '2->21': '0.41900000', '2->25': '0.48800000', '2->26': '0.45400000', '4->11': '0.48000000', '4->15': '0.49400000', '4->16': '0.47600000', '4->17': '0.45800000', '4->20': '0.47300000', '4->21': '0.47200000', '4->25': '0.49300000', '4->26': '0.46900000', '6->11': '0.48400000', '6->15': '0.39400000', '6->16': '0.48000000', '6->17': '0.49400000', '6->20': '0.48300000', '6->21': '0.49000000', '6->25': '0.49100000', '6->26': '0.43500000', '7->11': '0.49700000', '7->15': '0.49900000', '7->16': '0.48300000', '7->17': '0.44500000', '7->20': '0.48200000', '7->21': '0.47100000', '7->25': '0.49000000', '7->26': '0.32400000', '9->11': '0.46700000', '9->15': '0.46900000', '9->16': '0.43500000', '9->17': '0.48900000', '9->20': '0.46200000', '9->21': '0.38700000', '9->25': '0.45200000', '9->26': '0.46200000', '18->11': '0.44900000', '18->15': '0.42900000', '18->16': '0.36100000', '18->17': '0.48500000', '18->20': '0.40200000', '18->21': '0.47700000', '18->25': '0.49600000', '18->26': '0.49600000', '22->11': '0.47600000', '22->15': '0.49000000', '22->16': '0.49400000', '22->17': '0.18800000', '22->20': '0.49100000', '22->21': '0.42600000', '22->25': '0.49100000', '22->26': '0.47900000', '24->11': '0.42100000', '24->15': '0.44900000', '24->16': '0.43500000', '24->17': '0.45300000', '24->20': '0.49800000', '24->21': '0.46300000', '24->25': '0.48800000', '24->26': '0.43600000', '27->11': '0.48800000', '27->15': '0.43800000', '27->16': '0.47800000', '27->17': '0.49000000', '27->20': '0.47900000', '27->21': '0.47200000', '27->25': '0.49100000', '27->26': '0.49100000', '28->11': '0.47400000', '28->15': '0.48400000', '28->16': '0.49200000', '28->17': '0.46400000', '28->20': '0.49900000', '28->21': '0.47600000', '28->25': '0.40900000', '28->26': '0.38500000'}"
8,"(11, 15, 16, 17, 20, 21, 25, 26)",7,173,probe_repair,"[20, 50, 60, 85, 125, 130, 140, 160, 245, 255, 270, 275, 290, 345, 360]",80,"[1, 5]",0.09400000,0.44060000,18->20,"{'2->11': '0.46200000', '2->15': '0.44200000', '2->16': '0.26600000', '2->17': '0.42000000', '2->20': '0.40900000', '2->21': '0.42800000', '2->25': '0.48300000', '2->26': '0.47700000', '4->11': '0.46100000', '4->15': '0.26100000', '4->16': '0.46500000', '4->17': '0.47700000', '4->20': '0.46400000', '4->21': '0.46100000', '4->25': '0.49000000', '4->26': '0.29400000', '6->11': '0.47200000', '6->15': '0.48600000', '6->16': '0.48000000', '6->17': '0.43000000', '6->20': '0.47100000', '6->21': '0.13400000', '6->25': '0.49900000', '6->26': '0.47300000', '7->11': '0.49000000', '7->15': '0.46000000', '7->16': '0.45200000', '7->17': '0.46800000', '7->20': '0.11700000', '7->21': '0.46200000', '7->25': '0.49500000', '7->26': '0.41500000', '9->11': '0.46800000', '9->15': '0.49600000', '9->16': '0.23400000', '9->17': '0.45800000', '9->20': '0.40100000', '9->21': '0.43000000', '9->25': '0.47100000', '9->26': '0.47900000', '18->11': '0.43700000', '18->15': '0.48100000', '18->16': '0.48900000', '18->17': '0.41700000', '18->20': '0.09400000', '18->21': '0.48500000', '18->25': '0.49200000', '18->26': '0.48800000', '22->11': '0.47200000', '22->15': '0.49400000', '22->16': '0.42600000', '22->17': '0.46800000', '22->20': '0.42500000', '22->21': '0.43600000', '22->25': '0.43500000', '22->26': '0.49700000', '24->11': '0.46400000', '24->15': '0.48600000', '24->16': '0.47400000', '24->17': '0.48600000', '24->20': '0.38100000', '24->21': '0.42200000', '24->25': '0.48900000', '24->26': '0.47700000', '27->11': '0.47400000', '27->15': '0.49200000', '27->16': '0.46200000', '27->17': '0.44800000', '27->20': '0.49900000', '27->21': '0.48200000', '27->25': '0.47700000', '27->26': '0.46900000', '28->11': '0.42500000', '28->15': '0.49300000', '28->16': '0.46100000', '28->17': '0.39100000', '28->20': '0.48600000', '28->21': '0.48900000', '28->25': '0.49000000', '28->26': '0.49400000'}"
8,"(11, 15, 16, 17, 20, 21, 25, 26)",8,258,probe_repair,"[35, 75, 145, 155, 160, 165, 205, 210, 215, 235, 240, 260, 270, 275, 330]",80,"[1, 5]",0.24000000,0.45405000,4->15,"{'2->11': '0.46400000', '2->15': '0.47400000', '2->16': '0.48600000', '2->17': '0.35000000', '2->20': '0.45900000', '2->21': '0.47600000', '2->25': '0.49500000', '2->26': '0.44100000', '4->11': '0.48000000', '4->15': '0.24000000', '4->16': '0.49000000', '4->17': '0.48400000', '4->20': '0.49500000', '4->21': '0.47200000', '4->25': '0.49900000', '4->26': '0.46700000', '6->11': '0.45900000', '6->15': '0.49900000', '6->16': '0.44100000', '6->17': '0.28900000', '6->20': '0.45800000', '6->21': '0.45300000', '6->25': '0.38800000', '6->26': '0.44000000', '7->11': '0.48800000', '7->15': '0.42400000', '7->16': '0.44600000', '7->17': '0.38200000', '7->20': '0.47300000', '7->21': '0.49800000', '7->25': '0.46500000', '7->26': '0.46700000', '9->11': '0.45700000', '9->15': '0.37500000', '9->16': '0.49300000', '9->17': '0.47700000', '9->20': '0.48000000', '9->21': '0.49500000', '9->25': '0.44200000', '9->26': '0.43800000', '18->11': '0.47500000', '18->15': '0.46300000', '18->16': '0.41100000', '18->17': '0.49300000', '18->20': '0.46000000', '18->21': '0.35100000', '18->25': '0.49800000', '18->26': '0.49800000', '22->11': '0.39800000', '22->15': '0.46200000', '22->16': '0.48000000', '22->17': '0.42600000', '22->20': '0.45300000', '22->21': '0.47800000', '22->25': '0.34700000', '22->26': '0.46100000', '24->11': '0.43400000', '24->15': '0.49800000', '24->16': '0.49600000', '24->17': '0.49400000', '24->20': '0.47100000', '24->21': '0.47800000', '24->25': '0.48900000', '24->26': '0.48700000', '27->11': '0.47300000', '27->15': '0.48300000', '27->16': '0.43300000', '27->17': '0.42500000', '27->20': '0.41800000', '27->21': '0.48300000', '27->25': '0.46600000', '27->26': '0.50000000', '28->11': '0.43200000', '28->15': '0.46200000', '28->16': '0.48600000', '28->17': '0.48200000', '28->20': '0.37700000', '28->21': '0.46600000', '28->25': '0.48100000', '28->26': '0.45700000'}"
8,"(11, 15, 16, 17, 20, 21, 25, 26)",9,29,probe_repair,"[65, 70, 115, 135, 140, 160, 185, 195, 205, 265, 270, 315, 335, 345, 365]",80,"[1, 5]",0.04200000,0.43110000,6->17,"{'2->11': '0.49800000', '2->15': '0.49200000', '2->16': '0.48200000', '2->17': '0.46600000', '2->20': '0.48700000', '2->21': '0.39200000', '2->25': '0.16500000', '2->26': '0.49100000', '4->11': '0.48700000', '4->15': '0.48100000', '4->16': '0.45300000', '4->17': '0.12900000', '4->20': '0.49400000', '4->21': '0.45900000', '4->25': '0.43800000', '4->26': '0.48400000', '6->11': '0.48800000', '6->15': '0.49800000', '6->16': '0.48800000', '6->17': '0.04200000', '6->20': '0.45700000', '6->21': '0.47000000', '6->25': '0.46500000', '6->26': '0.47700000', '7->11': '0.46200000', '7->15': '0.36800000', '7->16': '0.47000000', '7->17': '0.49000000', '7->20': '0.41900000', '7->21': '0.45600000', '7->25': '0.41900000', '7->26': '0.47500000', '9->11': '0.40400000', '9->15': '0.40400000', '9->16': '0.22000000', '9->17': '0.45200000', '9->20': '0.46100000', '9->21': '0.47400000', '9->25': '0.49100000', '9->26': '0.45900000', '18->11': '0.31700000', '18->15': '0.25500000', '18->16': '0.45100000', '18->17': '0.48500000', '18->20': '0.48400000', '18->21': '0.48500000', '18->25': '0.48600000', '18->26': '0.46800000', '22->11': '0.47200000', '22->15': '0.46600000', '22->16': '0.10800000', '22->17': '0.48600000', '22->20': '0.46900000', '22->21': '0.47600000', '22->25': '0.48900000', '22->26': '0.49100000', '24->11': '0.34000000', '24->15': '0.15400000', '24->16': '0.49600000', '24->17': '0.48600000', '24->20': '0.47100000', '24->21': '0.48400000', '24->25': '0.48300000', '24->26': '0.48900000', '27->11': '0.48200000', '27->15': '0.49000000', '27->16': '0.46200000', '27->17': '0.41200000', '27->20': '0.34700000', '27->21': '0.47600000', '27->25': '0.47500000', '27->26': '0.46500000', '28->11': '0.39800000', '28->15': '0.48600000', '28->16': '0.46000000', '28->17': '0.44600000', '28->20': '0.38700000', '28->21': '0.47000000', '28->25': '0.41500000', '28->26': '0.31900000'}"
8,"(11, 15, 16, 17, 20, 21, 25, 26)",10,33,probe_repair,"[65, 70, 115, 135, 140, 160, 185, 195, 205, 265, 270, 315, 335, 345, 365]",80,"[1, 5]",0.21700000,0.45050000,2->25,"{'2->11': '0.49600000', '2->15': '0.46800000', '2->16': '0.49400000', '2->17': '0.47400000', '2->20': '0.47300000', '2->21': '0.48000000', '2->25': '0.21700000', '2->26': '0.45500000', '4->11': '0.46200000', '4->15': '0.47000000', '4->16': '0.45000000', '4->17': '0.35400000', '4->20': '0.49700000', '4->21': '0.49800000', '4->25': '0.42500000', '4->26': '0.47300000', '6->11': '0.46700000', '6->15': '0.46300000', '6->16': '0.43500000', '6->17': '0.28300000', '6->20': '0.47800000', '6->21': '0.40300000', '6->25': '0.47600000', '6->26': '0.49800000', '7->11': '0.45600000', '7->15': '0.48400000', '7->16': '0.45000000', '7->17': '0.48600000', '7->20': '0.37500000', '7->21': '0.49600000', '7->25': '0.47700000', '7->26': '0.47900000', '9->11': '0.45200000', '9->15': '0.48400000', '9->16': '0.28800000', '9->17': '0.44600000', '9->20': '0.46100000', '9->21': '0.45200000', '9->25': '0.47700000', '9->26': '0.43500000', '18->11': '0.42900000', '18->15': '0.39900000', '18->16': '0.48100000', '18->17': '0.48700000', '18->20': '0.49800000', '18->21': '0.49100000', '18->25': '0.49400000', '18->26': '0.45400000', '22->11': '0.47200000', '22->15': '0.48400000', '22->16': '0.22600000', '22->17': '0.48000000', '22->20': '0.47700000', '22->21': '0.45000000', '22->25': '0.49700000', '22->26': '0.49300000', '24->11': '0.42200000', '24->15': '0.43800000', '24->16': '0.49400000', '24->17': '0.49600000', '24->20': '0.46500000', '24->21': '0.46400000', '24->25': '0.48700000', '24->26': '0.43500000', '27->11': '0.44800000', '27->15': '0.48200000', '27->16': '0.46400000', '27->17': '0.49000000', '27->20': '0.35900000', '27->21': '0.49200000', '27->25': '0.47300000', '27->26': '0.46900000', '28->11': '0.49000000', '28->15': '0.48600000', '28->16': '0.48400000', '28->17': '0.43000000', '28->20': '0.40300000', '28->21': '0.48400000', '28->25': '0.46300000', '28->26': '0.22300000'}"
8,"(2, 7, 9, 11, 15, 16, 24, 27)",1,82,probe_repair,"[65, 75, 90, 105, 115, 135, 185, 200, 205, 215, 220, 285, 320, 350, 365]",80,"[1, 5]",0.28500000,0.45460000,20->2,"{'4->2': '0.49800000', '4->7': '0.42300000', '4->9': '0.49500000', '4->11': '0.46800000', '4->15': '0.46200000', '4->16': '0.46400000', '4->24': '0.49800000', '4->27': '0.40900000', '6->2': '0.48000000', '6->7': '0.46500000', '6->9': '0.49300000', '6->11': '0.29800000', '6->15': '0.47200000', '6->16': '0.47800000', '6->24': '0.43600000', '6->27': '0.47500000', '17->2': '0.43400000', '17->7': '0.44500000', '17->9': '0.48700000', '17->11': '0.45600000', '17->15': '0.48600000', '17->16': '0.42200000', '17->24': '0.44600000', '17->27': '0.47900000', '18->2': '0.48300000', '18->7': '0.42200000', '18->9': '0.41200000', '18->11': '0.47700000', '18->15': '0.48100000', '18->16': '0.45700000', '18->24': '0.46700000', '18->27': '0.47200000', '20->2': '0.28500000', '20->7': '0.45400000', '20->9': '0.49200000', '20->11': '0.48900000', '20->15': '0.49500000', '20->16': '0.46900000', '20->24': '0.34500000', '20->27': '0.48600000', '21->2': '0.45900000', '21->7': '0.44000000', '21->9': '0.46200000', '21->11': '0.49500000', '21->15': '0.42300000', '21->16': '0.46500000', '21->24': '0.49900000', '21->27': '0.47600000', '22->2': '0.46300000', '22->7': '0.48800000', '22->9': '0.47400000', '22->11': '0.48500000', '22->15': '0.47500000', '22->16': '0.48700000', '22->24': '0.38900000', '22->27': '0.45000000', '25->2': '0.45100000', '25->7': '0.46400000', '25->9': '0.39000000', '25->11': '0.48100000', '25->15': '0.42500000', '25->16': '0.47700000', '25->24': '0.45300000', '25->27': '0.45200000', '26->2': '0.47100000', '26->7': '0.36800000', '26->9': '0.49600000', '26->11': '0.46900000', '26->15': '0.49100000', '26->16': '0.38300000', '26->24': '0.40300000', '26->27': '0.46600000', '28->2': '0.48100000', '28->7': '0.41200000', '28->9': '0.47800000', '28->11': '0.37900000', '28->15': '0.46700000', '28->16': '0.44500000', '28->24': '0.49100000', '28->27': '0.49000000'}"
8,"(2, 7, 9, 11, 15, 16, 24, 27)",2,138,probe_repair,"[40, 50, 115, 135, 185, 195, 205, 215, 225, 265, 300, 310, 320, 325, 355]",80,"[1, 5]",0.25700000,0.45257500,22->7,"{'4->2': '0.42400000', '4->7': '0.34700000', '4->9': '0.46300000', '4->11': '0.37200000', '4->15': '0.49800000', '4->16': '0.48600000', '4->24': '0.49600000', '4->27': '0.47900000', '6->2': '0.46400000', '6->7': '0.27700000', '6->9': '0.49100000', '6->11': '0.46000000', '6->15': '0.48600000', '6->16': '0.47000000', '6->24': '0.49400000', '6->27': '0.34100000', '17->2': '0.49000000', '17->7': '0.49300000', '17->9': '0.49700000', '17->11': '0.43400000', '17->15': '0.45600000', '17->16': '0.48000000', '17->24': '0.47400000', '17->27': '0.48300000', '18->2': '0.46900000', '18->7': '0.33800000', '18->9': '0.28000000', '18->11': '0.44100000', '18->15': '0.46900000', '18->16': '0.48500000', '18->24': '0.47700000', '18->27': '0.46400000', '20->2': '0.45400000', '20->7': '0.41300000', '20->9': '0.45300000', '20->11': '0.44600000', '20->15': '0.43400000', '20->16': '0.47000000', '20->24': '0.47600000', '20->27': '0.32700000', '21->2': '0.48900000', '21->7': '0.47400000', '21->9': '0.48400000', '21->11': '0.49100000', '21->15': '0.48300000', '21->16': '0.46700000', '21->24': '0.47900000', '21->27': '0.46000000', '22->2': '0.48000000', '22->7': '0.25700000', '22->9': '0.48300000', '22->11': '0.44000000', '22->15': '0.46200000', '22->16': '0.46400000', '22->24': '0.48600000', '22->27': '0.45100000', '25->2': '0.49700000', '25->7': '0.44000000', '25->9': '0.47200000', '25->11': '0.48900000', '25->15': '0.46700000', '25->16': '0.47700000', '25->24': '0.45500000', '25->27': '0.49000000', '26->2': '0.49700000', '26->7': '0.46400000', '26->9': '0.46800000', '26->11': '0.35900000', '26->15': '0.47700000', '26->16': '0.49100000', '26->24': '0.46900000', '26->27': '0.44800000', '28->2': '0.47000000', '28->7': '0.48900000', '28->9': '0.48100000', '28->11': '0.46200000', '28->15': '0.45000000', '28->16': '0.49800000', '28->24': '0.29600000', '28->27': '0.49900000'}"
8,"(2, 7, 9, 11, 15, 16, 24, 27)",3,222,probe_repair,"[30, 55, 75, 100, 120, 125, 130, 140, 170, 210, 250, 260, 275, 335, 340]",80,"[1, 5]",0.22900000,0.45737500,21->11,"{'4->2': '0.48800000', '4->7': '0.45500000', '4->9': '0.49500000', '4->11': '0.35800000', '4->15': '0.42400000', '4->16': '0.45800000', '4->24': '0.47800000', '4->27': '0.41900000', '6->2': '0.48000000', '6->7': '0.38500000', '6->9': '0.47900000', '6->11': '0.45800000', '6->15': '0.42200000', '6->16': '0.46400000', '6->24': '0.48200000', '6->27': '0.49100000', '17->2': '0.47800000', '17->7': '0.47300000', '17->9': '0.46700000', '17->11': '0.44200000', '17->15': '0.40800000', '17->16': '0.50000000', '17->24': '0.48400000', '17->27': '0.46900000', '18->2': '0.45700000', '18->7': '0.45200000', '18->9': '0.48800000', '18->11': '0.49900000', '18->15': '0.46700000', '18->16': '0.48100000', '18->24': '0.48300000', '18->27': '0.41000000', '20->2': '0.47300000', '20->7': '0.47800000', '20->9': '0.44000000', '20->11': '0.49500000', '20->15': '0.43500000', '20->16': '0.49900000', '20->24': '0.40700000', '20->27': '0.47600000', '21->2': '0.48100000', '21->7': '0.48600000', '21->9': '0.43200000', '21->11': '0.22900000', '21->15': '0.34700000', '21->16': '0.44700000', '21->24': '0.48700000', '21->27': '0.47400000', '22->2': '0.48700000', '22->7': '0.44600000', '22->9': '0.47400000', '22->11': '0.46100000', '22->15': '0.48300000', '22->16': '0.46700000', '22->24': '0.45100000', '22->27': '0.47200000', '25->2': '0.40400000', '25->7': '0.47900000', '25->9': '0.48300000', '25->11': '0.44800000', '25->15': '0.47200000', '25->16': '0.47000000', '25->24': '0.42200000', '25->27': '0.39500000', '26->2': '0.49600000', '26->7': '0.48500000', '26->9': '0.48300000', '26->11': '0.46400000', '26->15': '0.49000000', '26->16': '0.46400000', '26->24': '0.45400000', '26->27': '0.47700000', '28->2': '0.48600000', '28->7': '0.46300000', '28->9': '0.46700000', '28->11': '0.41800000', '28->15': '0.48000000', '28->16': '0.44200000', '28->24': '0.47200000', '28->27': '0.45500000'}"
8,"(2, 7, 9, 11, 15, 16, 24, 27)",4,255,probe_repair,"[20, 25, 30, 50, 55, 80, 115, 150, 175, 230, 250, 270, 300, 330, 335]",80,"[1, 5]",0.16800000,0.45735000,6->24,"{'4->2': '0.42600000', '4->7': '0.44300000', '4->9': '0.47300000', '4->11': '0.45200000', '4->15': '0.48800000', '4->16': '0.48400000', '4->24': '0.45800000', '4->27': '0.48500000', '6->2': '0.43200000', '6->7': '0.44900000', '6->9': '0.49900000', '6->11': '0.49800000', '6->15': '0.46200000', '6->16': '0.46200000', '6->24': '0.16800000', '6->27': '0.49700000', '17->2': '0.44800000', '17->7': '0.44700000', '17->9': '0.46300000', '17->11': '0.47800000', '17->15': '0.41000000', '17->16': '0.49400000', '17->24': '0.48400000', '17->27': '0.48300000', '18->2': '0.41700000', '18->7': '0.45000000', '18->9': '0.37200000', '18->11': '0.49500000', '18->15': '0.49100000', '18->16': '0.49300000', '18->24': '0.49500000', '18->27': '0.42800000', '20->2': '0.49900000', '20->7': '0.45200000', '20->9': '0.45800000', '20->11': '0.48100000', '20->15': '0.48700000', '20->16': '0.42100000', '20->24': '0.49300000', '20->27': '0.46600000', '21->2': '0.48900000', '21->7': '0.49800000', '21->9': '0.44800000', '21->11': '0.49900000', '21->15': '0.45900000', '21->16': '0.40100000', '21->24': '0.26100000', '21->27': '0.48800000', '22->2': '0.44000000', '22->7': '0.47700000', '22->9': '0.47100000', '22->11': '0.45200000', '22->15': '0.49200000', '22->16': '0.36000000', '22->24': '0.36400000', '22->27': '0.49900000', '25->2': '0.48600000', '25->7': '0.46500000', '25->9': '0.46700000', '25->11': '0.49200000', '25->15': '0.49800000', '25->16': '0.38600000', '25->24': '0.43800000', '25->27': '0.49900000', '26->2': '0.46600000', '26->7': '0.45500000', '26->9': '0.48500000', '26->11': '0.47600000', '26->15': '0.48400000', '26->16': '0.48000000', '26->24': '0.40600000', '26->27': '0.46900000', '28->2': '0.49300000', '28->7': '0.49600000', '28->9': '0.46400000', '28->11': '0.48500000', '28->15': '0.46900000', '28->16': '0.44100000', '28->24': '0.49300000', '28->27': '0.41600000'}"
8,"(2, 7, 9, 11, 15, 16, 24, 27)",5,60,probe_repair,"[35, 60, 110, 115, 200, 205, 215, 235, 245, 275, 280, 310, 320, 330, 340]",80,"[1, 5]",0.21500000,0.45502500,18->9,"{'4->2': '0.49300000', '4->7': '0.47600000', '4->9': '0.47400000', '4->11': '0.46500000', '4->15': '0.48700000', '4->16': '0.45700000', '4->24': '0.47100000', '4->27': '0.47600000', '6->2': '0.46400000', '6->7': '0.48900000', '6->9': '0.48300000', '6->11': '0.36200000', '6->15': '0.47000000', '6->16': '0.48400000', '6->24': '0.46800000', '6->27': '0.47500000', '17->2': '0.49700000', '17->7': '0.50000000', '17->9': '0.49200000', '17->11': '0.43900000', '17->15': '0.49700000', '17->16': '0.39500000', '17->24': '0.48100000', '17->27': '0.45600000', '18->2': '0.45600000', '18->7': '0.47500000', '18->9': '0.21500000', '18->11': '0.46000000', '18->15': '0.46800000', '18->16': '0.47800000', '18->24': '0.49600000', '18->27': '0.49500000', '20->2': '0.47200000', '20->7': '0.45900000', '20->9': '0.49700000', '20->11': '0.45200000', '20->15': '0.46000000', '20->16': '0.42000000', '20->24': '0.46800000', '20->27': '0.40100000', '21->2': '0.43400000', '21->7': '0.43700000', '21->9': '0.46900000', '21->11': '0.46200000', '21->15': '0.44800000', '21->16': '0.36800000', '21->24': '0.47600000', '21->27': '0.48100000', '22->2': '0.46500000', '22->7': '0.44200000', '22->9': '0.45400000', '22->11': '0.46500000', '22->15': '0.49500000', '22->16': '0.28500000', '22->24': '0.43700000', '22->27': '0.48200000', '25->2': '0.48900000', '25->7': '0.39200000', '25->9': '0.48600000', '25->11': '0.45100000', '25->15': '0.29700000', '25->16': '0.48700000', '25->24': '0.46300000', '25->27': '0.49800000', '26->2': '0.47900000', '26->7': '0.46800000', '26->9': '0.48400000', '26->11': '0.49300000', '26->15': '0.48100000', '26->16': '0.40300000', '26->24': '0.38300000', '26->27': '0.49200000', '28->2': '0.48500000', '28->7': '0.47200000', '28->9': '0.39200000', '28->11': '0.46900000', '28->15': '0.44300000', '28->16': '0.47700000', '28->24': '0.49700000', '28->27': '0.39800000'}"
8,"(2, 7, 9, 11, 15, 16, 24, 27)",6,213,probe_repair,"[20, 55, 80, 85, 90, 125, 130, 140, 225, 270, 285, 325, 330, 355, 365]",80,"[1, 5]",0.05100000,0.43010000,22->9,"{'4->2': '0.35100000', '4->7': '0.44200000', '4->9': '0.48200000', '4->11': '0.47900000', '4->15': '0.49700000', '4->16': '0.47300000', '4->24': '0.49500000', '4->27': '0.47800000', '6->2': '0.47500000', '6->7': '0.42200000', '6->9': '0.45600000', '6->11': '0.41500000', '6->15': '0.43900000', '6->16': '0.46500000', '6->24': '0.47900000', '6->27': '0.28600000', '17->2': '0.41100000', '17->7': '0.38400000', '17->9': '0.47200000', '17->11': '0.48100000', '17->15': '0.48300000', '17->16': '0.47300000', '17->24': '0.35700000', '17->27': '0.40600000', '18->2': '0.42700000', '18->7': '0.50000000', '18->9': '0.45800000', '18->11': '0.38300000', '18->15': '0.47500000', '18->16': '0.13300000', '18->24': '0.47700000', '18->27': '0.49000000', '20->2': '0.48300000', '20->7': '0.48400000', '20->9': '0.46200000', '20->11': '0.42300000', '20->15': '0.48700000', '20->16': '0.11300000', '20->24': '0.42700000', '20->27': '0.47800000', '21->2': '0.36400000', '21->7': '0.30900000', '21->9': '0.47100000', '21->11': '0.44400000', '21->15': '0.45800000', '21->16': '0.44600000', '21->24': '0.46800000', '21->27': '0.49500000', '22->2': '0.45400000', '22->7': '0.49700000', '22->9': '0.05100000', '22->11': '0.48000000', '22->15': '0.48600000', '22->16': '0.49600000', '22->24': '0.48800000', '22->27': '0.49500000', '25->2': '0.23000000', '25->7': '0.48900000', '25->9': '0.49900000', '25->11': '0.40800000', '25->15': '0.38000000', '25->16': '0.48600000', '25->24': '0.45600000', '25->27': '0.49100000', '26->2': '0.48900000', '26->7': '0.48200000', '26->9': '0.49800000', '26->11': '0.48900000', '26->15': '0.39500000', '26->16': '0.25700000', '26->24': '0.31900000', '26->27': '0.38800000', '28->2': '0.49000000', '28->7': '0.44700000', '28->9': '0.44700000', '28->11': '0.25600000', '28->15': '0.48800000', '28->16': '0.37200000', '28->24': '0.48000000', '28->27': '0.46900000'}"
8,"(2, 7, 9, 11, 15, 16, 24, 27)",7,149,probe_repair,"[15, 30, 40, 75, 95, 110, 170, 185, 195, 275, 280, 290, 295, 330, 355]",80,"[1, 5]",0.20300000,0.44580000,25->16,"{'4->2': '0.36700000', '4->7': '0.48800000', '4->9': '0.45400000', '4->11': '0.46700000', '4->15': '0.47100000', '4->16': '0.48100000', '4->24': '0.49700000', '4->27': '0.44200000', '6->2': '0.49700000', '6->7': '0.45200000', '6->9': '0.48200000', '6->11': '0.47300000', '6->15': '0.47100000', '6->16': '0.49700000', '6->24': '0.46900000', '6->27': '0.44200000', '17->2': '0.46700000', '17->7': '0.47000000', '17->9': '0.46400000', '17->11': '0.49100000', '17->15': '0.49500000', '17->16': '0.41100000', '17->24': '0.47300000', '17->27': '0.42800000', '18->2': '0.48200000', '18->7': '0.36700000', '18->9': '0.44900000', '18->11': '0.49000000', '18->15': '0.47400000', '18->16': '0.47200000', '18->24': '0.41200000', '18->27': '0.42500000', '20->2': '0.49300000', '20->7': '0.49400000', '20->9': '0.48200000', '20->11': '0.49900000', '20->15': '0.34700000', '20->16': '0.39100000', '20->24': '0.33700000', '20->27': '0.41000000', '21->2': '0.39600000', '21->7': '0.46700000', '21->9': '0.39500000', '21->11': '0.49200000', '21->15': '0.46600000', '21->16': '0.47000000', '21->24': '0.46000000', '21->27': '0.43700000', '22->2': '0.27400000', '22->7': '0.49500000', '22->9': '0.46300000', '22->11': '0.46600000', '22->15': '0.46200000', '22->16': '0.28000000', '22->24': '0.49400000', '22->27': '0.46900000', '25->2': '0.45500000', '25->7': '0.48200000', '25->9': '0.49200000', '25->11': '0.47500000', '25->15': '0.47100000', '25->16': '0.20300000', '25->24': '0.46500000', '25->27': '0.47600000', '26->2': '0.46900000', '26->7': '0.42600000', '26->9': '0.35400000', '26->11': '0.41700000', '26->15': '0.47900000', '26->16': '0.41500000', '26->24': '0.34500000', '26->27': '0.47600000', '28->2': '0.47600000', '28->7': '0.46700000', '28->9': '0.48700000', '28->11': '0.42600000', '28->15': '0.49800000', '28->16': '0.47400000', '28->24': '0.38400000', '28->27': '0.39300000'}"
8,"(2, 7, 9, 11, 15, 16, 24, 27)",8,58,probe_repair,"[35, 60, 110, 115, 200, 205, 215, 235, 245, 275, 280, 310, 320, 330, 340]",80,"[1, 5]",0.18600000,0.45105000,18->9,"{'4->2': '0.41300000', '4->7': '0.46400000', '4->9': '0.45600000', '4->11': '0.46900000', '4->15': '0.46100000', '4->16': '0.48700000', '4->24': '0.46100000', '4->27': '0.44000000', '6->2': '0.49800000', '6->7': '0.45500000', '6->9': '0.48300000', '6->11': '0.32000000', '6->15': '0.41800000', '6->16': '0.45200000', '6->24': '0.47800000', '6->27': '0.48700000', '17->2': '0.46900000', '17->7': '0.49200000', '17->9': '0.46800000', '17->11': '0.49300000', '17->15': '0.48300000', '17->16': '0.36500000', '17->24': '0.45500000', '17->27': '0.48800000', '18->2': '0.46900000', '18->7': '0.45600000', '18->9': '0.18600000', '18->11': '0.48900000', '18->15': '0.43500000', '18->16': '0.49500000', '18->24': '0.49700000', '18->27': '0.49200000', '20->2': '0.48800000', '20->7': '0.48500000', '20->9': '0.48900000', '20->11': '0.42400000', '20->15': '0.45400000', '20->16': '0.39200000', '20->24': '0.48800000', '20->27': '0.45700000', '21->2': '0.40100000', '21->7': '0.44000000', '21->9': '0.42800000', '21->11': '0.49100000', '21->15': '0.44300000', '21->16': '0.43700000', '21->24': '0.49900000', '21->27': '0.43200000', '22->2': '0.47100000', '22->7': '0.48000000', '22->9': '0.48600000', '22->11': '0.48900000', '22->15': '0.45100000', '22->16': '0.26300000', '22->24': '0.47900000', '22->27': '0.49200000', '25->2': '0.49200000', '25->7': '0.40900000', '25->9': '0.49900000', '25->11': '0.50000000', '25->15': '0.23400000', '25->16': '0.48800000', '25->24': '0.43200000', '25->27': '0.49700000', '26->2': '0.49900000', '26->7': '0.43600000', '26->9': '0.45400000', '26->11': '0.47900000', '26->15': '0.49500000', '26->16': '0.46500000', '26->24': '0.34500000', '26->27': '0.49800000', '28->2': '0.48400000', '28->7': '0.45300000', '28->9': '0.34900000', '28->11': '0.49800000', '28->15': '0.37600000', '28->16': '0.47400000', '28->24': '0.46600000', '28->27': '0.42900000'}"
8,"(2, 7, 9, 11, 15, 16, 24, 27)",9,257,probe_repair,"[20, 25, 30, 50, 55, 80, 115, 150, 175, 230, 250, 270, 300, 330, 335]",80,"[1, 5]",0.22400000,0.45037500,21->24,"{'4->2': '0.36200000', '4->7': '0.49300000', '4->9': '0.45500000', '4->11': '0.49600000', '4->15': '0.48200000', '4->16': '0.45000000', '4->24': '0.48800000', '4->27': '0.49100000', '6->2': '0.34300000', '6->7': '0.47600000', '6->9': '0.45400000', '6->11': '0.48500000', '6->15': '0.46700000', '6->16': '0.46900000', '6->24': '0.26500000', '6->27': '0.50000000', '17->2': '0.44600000', '17->7': '0.44900000', '17->9': '0.34100000', '17->11': '0.48200000', '17->15': '0.46600000', '17->16': '0.48000000', '17->24': '0.48800000', '17->27': '0.49700000', '18->2': '0.44400000', '18->7': '0.49300000', '18->9': '0.30700000', '18->11': '0.49200000', '18->15': '0.30200000', '18->16': '0.47400000', '18->24': '0.49000000', '18->27': '0.47900000', '20->2': '0.44200000', '20->7': '0.49500000', '20->9': '0.46300000', '20->11': '0.42600000', '20->15': '0.46600000', '20->16': '0.47800000', '20->24': '0.49400000', '20->27': '0.48500000', '21->2': '0.49400000', '21->7': '0.49900000', '21->9': '0.46700000', '21->11': '0.49400000', '21->15': '0.39600000', '21->16': '0.35600000', '21->24': '0.22400000', '21->27': '0.49700000', '22->2': '0.46600000', '22->7': '0.48700000', '22->9': '0.39900000', '22->11': '0.48400000', '22->15': '0.49800000', '22->16': '0.28000000', '22->24': '0.43000000', '22->27': '0.48500000', '25->2': '0.47900000', '25->7': '0.49600000', '25->9': '0.43600000', '25->11': '0.48700000', '25->15': '0.47500000', '25->16': '0.32300000', '25->24': '0.42900000', '25->27': '0.50000000', '26->2': '0.46000000', '26->7': '0.49900000', '26->9': '0.46100000', '26->11': '0.49200000', '26->15': '0.49600000', '26->16': '0.49000000', '26->24': '0.34400000', '26->27': '0.49100000', '28->2': '0.44800000', '28->7': '0.49500000', '28->9': '0.33300000', '28->11': '0.48000000', '28->15': '0.49800000', '28->16': '0.43400000', '28->24': '0.47600000', '28->27': '0.49700000'}"
8,"(2, 7, 9, 11, 15, 16, 24, 27)",10,115,probe_repair,"[15, 30, 50, 55, 70, 100, 110, 135, 185, 230, 240, 250, 300, 315, 325]",80,"[1, 5]",0.19100000,0.45907500,25->16,"{'4->2': '0.42900000', '4->7': '0.49000000', '4->9': '0.45800000', '4->11': '0.41100000', '4->15': '0.45100000', '4->16': '0.45500000', '4->24': '0.44900000', '4->27': '0.42600000', '6->2': '0.48700000', '6->7': '0.47000000', '6->9': '0.48600000', '6->11': '0.46700000', '6->15': '0.44100000', '6->16': '0.46700000', '6->24': '0.46500000', '6->27': '0.48800000', '17->2': '0.46900000', '17->7': '0.41200000', '17->9': '0.39600000', '17->11': '0.46700000', '17->15': '0.49100000', '17->16': '0.40700000', '17->24': '0.49900000', '17->27': '0.48800000', '18->2': '0.48500000', '18->7': '0.49000000', '18->9': '0.41200000', '18->11': '0.47500000', '18->15': '0.48100000', '18->16': '0.46900000', '18->24': '0.45900000', '18->27': '0.48600000', '20->2': '0.43100000', '20->7': '0.46200000', '20->9': '0.48600000', '20->11': '0.47700000', '20->15': '0.49100000', '20->16': '0.41500000', '20->24': '0.46500000', '20->27': '0.46000000', '21->2': '0.45900000', '21->7': '0.44200000', '21->9': '0.49000000', '21->11': '0.49700000', '21->15': '0.43900000', '21->16': '0.49700000', '21->24': '0.49700000', '21->27': '0.49200000', '22->2': '0.37600000', '22->7': '0.45100000', '22->9': '0.49900000', '22->11': '0.44200000', '22->15': '0.47000000', '22->16': '0.44800000', '22->24': '0.44800000', '22->27': '0.46900000', '25->2': '0.48900000', '25->7': '0.47400000', '25->9': '0.35800000', '25->11': '0.47300000', '25->15': '0.46100000', '25->16': '0.19100000', '25->24': '0.48500000', '25->27': '0.48600000', '26->2': '0.49000000', '26->7': '0.46100000', '26->9': '0.49700000', '26->11': '0.29800000', '26->15': '0.47000000', '26->16': '0.47000000', '26->24': '0.47200000', '26->27': '0.49900000', '28->2': '0.49100000', '28->7': '0.49400000', '28->9': '0.45600000', '28->11': '0.47700000', '28->15': '0.48700000', '28->16': '0.49700000', '28->24': '0.44700000', '28->27': '0.47400000'}"
8,"(5, 6, 9, 16, 18, 21, 22, 26)",1,76,probe_repair,"[5, 30, 55, 130, 135, 165, 180, 220, 225, 230, 265, 295, 300, 325, 355]",88,[1],0.35400000,0.45929545,24->5,"{'2->5': '0.46300000', '2->6': '0.48800000', '2->9': '0.47000000', '2->16': '0.50000000', '2->18': '0.48700000', '2->21': '0.47000000', '2->22': '0.49600000', '2->26': '0.49000000', '4->5': '0.48700000', '4->6': '0.42600000', '4->9': '0.46800000', '4->16': '0.46000000', '4->18': '0.47100000', '4->21': '0.49000000', '4->22': '0.46400000', '4->26': '0.44800000', '7->5': '0.36200000', '7->6': '0.45300000', '7->9': '0.44900000', '7->16': '0.47100000', '7->18': '0.49800000', '7->21': '0.48700000', '7->22': '0.38900000', '7->26': '0.36100000', '11->5': '0.47900000', '11->6': '0.49000000', '11->9': '0.46400000', '11->16': '0.49600000', '11->18': '0.48700000', '11->21': '0.36400000', '11->22': '0.45800000', '11->26': '0.50000000', '15->5': '0.47600000', '15->6': '0.47100000', '15->9': '0.48500000', '15->16': '0.49100000', '15->18': '0.37800000', '15->21': '0.47500000', '15->22': '0.49500000', '15->26': '0.49300000', '17->5': '0.45800000', '17->6': '0.49300000', '17->9': '0.48700000', '17->16': '0.47700000', '17->18': '0.49000000', '17->21': '0.42500000', '17->22': '0.46700000', '17->26': '0.36700000', '20->5': '0.46100000', '20->6': '0.47200000', '20->9': '0.49400000', '20->16': '0.45600000', '20->18': '0.46700000', '20->21': '0.45800000', '20->22': '0.45000000', '20->26': '0.48400000', '24->5': '0.35400000', '24->6': '0.45900000', '24->9': '0.46900000', '24->16': '0.35700000', '24->18': '0.35400000', '24->21': '0.47100000', '24->22': '0.49300000', '24->26': '0.49500000', '25->5': '0.40000000', '25->6': '0.37700000', '25->9': '0.47900000', '25->16': '0.40500000', '25->18': '0.49000000', '25->21': '0.49100000', '25->22': '0.48500000', '25->26': '0.48700000', '27->5': '0.46600000', '27->6': '0.48300000', '27->9': '0.46100000', '27->16': '0.47100000', '27->18': '0.40800000', '27->21': '0.41700000', '27->22': '0.43300000', '27->26': '0.46300000', '28->5': '0.47400000', '28->6': '0.46700000', '28->9': '0.46100000', '28->16': '0.49500000', '28->18': '0.50000000', '28->21': '0.48900000', '28->22': '0.45700000', '28->26': '0.45100000'}"
8,"(5, 6, 9, 16, 18, 21, 22, 26)",2,77,probe_repair,"[10, 20, 60, 90, 100, 120, 150, 175, 185, 205, 215, 230, 235, 300, 325]",88,[1],0.14300000,0.43161364,27->9,"{'2->5': '0.23600000', '2->6': '0.44900000', '2->9': '0.43500000', '2->16': '0.44700000', '2->18': '0.49600000', '2->21': '0.48700000', '2->22': '0.48500000', '2->26': '0.45500000', '4->5': '0.49700000', '4->6': '0.30600000', '4->9': '0.43200000', '4->16': '0.41800000', '4->18': '0.47300000', '4->21': '0.49000000', '4->22': '0.49400000', '4->26': '0.29200000', '7->5': '0.49700000', '7->6': '0.48800000', '7->9': '0.26000000', '7->16': '0.48200000', '7->18': '0.36500000', '7->21': '0.50000000', '7->22': '0.42800000', '7->26': '0.36400000', '11->5': '0.47500000', '11->6': '0.46800000', '11->9': '0.49000000', '11->16': '0.18400000', '11->18': '0.31700000', '11->21': '0.41400000', '11->22': '0.47800000', '11->26': '0.46400000', '15->5': '0.40400000', '15->6': '0.49900000', '15->9': '0.40500000', '15->16': '0.49500000', '15->18': '0.47800000', '15->21': '0.47900000', '15->22': '0.48700000', '15->26': '0.27100000', '17->5': '0.46800000', '17->6': '0.49300000', '17->9': '0.30900000', '17->16': '0.47700000', '17->18': '0.37200000', '17->21': '0.47100000', '17->22': '0.44300000', '17->26': '0.48100000', '20->5': '0.36400000', '20->6': '0.45100000', '20->9': '0.42300000', '20->16': '0.35900000', '20->18': '0.48000000', '20->21': '0.43500000', '20->22': '0.49100000', '20->26': '0.26900000', '24->5': '0.40900000', '24->6': '0.47600000', '24->9': '0.47400000', '24->16': '0.48800000', '24->18': '0.40700000', '24->21': '0.48600000', '24->22': '0.49000000', '24->26': '0.46600000', '25->5': '0.42200000', '25->6': '0.45900000', '25->9': '0.40900000', '25->16': '0.43900000', '25->18': '0.29000000', '25->21': '0.49500000', '25->22': '0.41100000', '25->26': '0.46700000', '27->5': '0.47600000', '27->6': '0.49900000', '27->9': '0.14300000', '27->16': '0.48100000', '27->18': '0.49400000', '27->21': '0.49500000', '27->22': '0.47900000', '27->26': '0.48100000', '28->5': '0.28500000', '28->6': '0.48400000', '28->9': '0.47400000', '28->16': '0.35200000', '28->18': '0.45300000', '28->21': '0.47200000', '28->22': '0.47000000', '28->26': '0.48600000'}"
8,"(5, 6, 9, 16, 18, 21, 22, 26)",3,123,probe_repair,"[10, 25, 120, 135, 150, 155, 190, 225, 230, 245, 250, 265, 275, 285, 355]",88,[1],0.05100000,0.44406818,4->18,"{'2->5': '0.40000000', '2->6': '0.49500000', '2->9': '0.46900000', '2->16': '0.47500000', '2->18': '0.43000000', '2->21': '0.43100000', '2->22': '0.32300000', '2->26': '0.45300000', '4->5': '0.48900000', '4->6': '0.49000000', '4->9': '0.49800000', '4->16': '0.48800000', '4->18': '0.05100000', '4->21': '0.45800000', '4->22': '0.50000000', '4->26': '0.47200000', '7->5': '0.49500000', '7->6': '0.46600000', '7->9': '0.49000000', '7->16': '0.49200000', '7->18': '0.48500000', '7->21': '0.40000000', '7->22': '0.11000000', '7->26': '0.45800000', '11->5': '0.49500000', '11->6': '0.46800000', '11->9': '0.38800000', '11->16': '0.48200000', '11->18': '0.43500000', '11->21': '0.46600000', '11->22': '0.49000000', '11->26': '0.49000000', '15->5': '0.18000000', '15->6': '0.47700000', '15->9': '0.48900000', '15->16': '0.47100000', '15->18': '0.49800000', '15->21': '0.47700000', '15->22': '0.46900000', '15->26': '0.45300000', '17->5': '0.46700000', '17->6': '0.48600000', '17->9': '0.49000000', '17->16': '0.49200000', '17->18': '0.46300000', '17->21': '0.45600000', '17->22': '0.48000000', '17->26': '0.38600000', '20->5': '0.49400000', '20->6': '0.45100000', '20->9': '0.49900000', '20->16': '0.46700000', '20->18': '0.46200000', '20->21': '0.46900000', '20->22': '0.35500000', '20->26': '0.48900000', '24->5': '0.25900000', '24->6': '0.46800000', '24->9': '0.48800000', '24->16': '0.42400000', '24->18': '0.44300000', '24->21': '0.42200000', '24->22': '0.48800000', '24->26': '0.43600000', '25->5': '0.49700000', '25->6': '0.44400000', '25->9': '0.45800000', '25->16': '0.40200000', '25->18': '0.39700000', '25->21': '0.49800000', '25->22': '0.40000000', '25->26': '0.48200000', '27->5': '0.46100000', '27->6': '0.48600000', '27->9': '0.45400000', '27->16': '0.47400000', '27->18': '0.49700000', '27->21': '0.44800000', '27->22': '0.43800000', '27->26': '0.39400000', '28->5': '0.40000000', '28->6': '0.47300000', '28->9': '0.42900000', '28->16': '0.42900000', '28->18': '0.46600000', '28->21': '0.36900000', '28->22': '0.48100000', '28->26': '0.42100000'}"
8,"(5, 6, 9, 16, 18, 21, 22, 26)",4,93,probe_repair,"[30, 50, 90, 100, 120, 130, 140, 240, 250, 255, 260, 295, 305, 325, 360]",88,[1],0.14700000,0.42968182,15->21,"{'2->5': '0.45400000', '2->6': '0.44700000', '2->9': '0.48300000', '2->16': '0.49100000', '2->18': '0.49400000', '2->21': '0.48300000', '2->22': '0.44100000', '2->26': '0.43900000', '4->5': '0.49100000', '4->6': '0.31800000', '4->9': '0.38800000', '4->16': '0.48200000', '4->18': '0.45100000', '4->21': '0.47600000', '4->22': '0.48200000', '4->26': '0.43000000', '7->5': '0.45300000', '7->6': '0.49400000', '7->9': '0.40800000', '7->16': '0.45800000', '7->18': '0.49900000', '7->21': '0.27000000', '7->22': '0.40400000', '7->26': '0.47400000', '11->5': '0.45000000', '11->6': '0.42100000', '11->9': '0.48900000', '11->16': '0.45300000', '11->18': '0.46400000', '11->21': '0.41700000', '11->22': '0.41100000', '11->26': '0.43900000', '15->5': '0.48000000', '15->6': '0.45100000', '15->9': '0.47900000', '15->16': '0.48100000', '15->18': '0.49800000', '15->21': '0.14700000', '15->22': '0.48300000', '15->26': '0.37700000', '17->5': '0.45700000', '17->6': '0.34000000', '17->9': '0.42400000', '17->16': '0.44200000', '17->18': '0.48500000', '17->21': '0.46200000', '17->22': '0.23800000', '17->26': '0.48000000', '20->5': '0.48800000', '20->6': '0.42700000', '20->9': '0.33900000', '20->16': '0.29500000', '20->18': '0.44400000', '20->21': '0.46900000', '20->22': '0.48500000', '20->26': '0.47300000', '24->5': '0.48700000', '24->6': '0.49800000', '24->9': '0.46800000', '24->16': '0.49000000', '24->18': '0.45100000', '24->21': '0.38200000', '24->22': '0.30800000', '24->26': '0.29400000', '25->5': '0.49500000', '25->6': '0.49000000', '25->9': '0.32600000', '25->16': '0.44800000', '25->18': '0.46100000', '25->21': '0.30400000', '25->22': '0.28800000', '25->26': '0.49000000', '27->5': '0.46400000', '27->6': '0.47700000', '27->9': '0.47500000', '27->16': '0.45500000', '27->18': '0.35200000', '27->21': '0.40700000', '27->22': '0.44700000', '27->26': '0.32700000', '28->5': '0.48900000', '28->6': '0.44800000', '28->9': '0.43600000', '28->16': '0.45600000', '28->18': '0.47300000', '28->21': '0.27600000', '28->22': '0.47400000', '28->26': '0.27800000'}"
8,"(5, 6, 9, 16, 18, 21, 22, 26)",5,30,probe_repair,"[10, 25, 30, 40, 45, 100, 140, 150, 210, 215, 255, 270, 315, 340, 360]",88,[1],0.20100000,0.44793182,7->6,"{'2->5': '0.47600000', '2->6': '0.42100000', '2->9': '0.49500000', '2->16': '0.44100000', '2->18': '0.42400000', '2->21': '0.43900000', '2->22': '0.47100000', '2->26': '0.43500000', '4->5': '0.42500000', '4->6': '0.45400000', '4->9': '0.46200000', '4->16': '0.46400000', '4->18': '0.35100000', '4->21': '0.43200000', '4->22': '0.42600000', '4->26': '0.47200000', '7->5': '0.45200000', '7->6': '0.20100000', '7->9': '0.47700000', '7->16': '0.47100000', '7->18': '0.35000000', '7->21': '0.44300000', '7->22': '0.49900000', '7->26': '0.49100000', '11->5': '0.48600000', '11->6': '0.42900000', '11->9': '0.43900000', '11->16': '0.49500000', '11->18': '0.46200000', '11->21': '0.44900000', '11->22': '0.48900000', '11->26': '0.33100000', '15->5': '0.49400000', '15->6': '0.43700000', '15->9': '0.29300000', '15->16': '0.48700000', '15->18': '0.45400000', '15->21': '0.49500000', '15->22': '0.49500000', '15->26': '0.48100000', '17->5': '0.47300000', '17->6': '0.49200000', '17->9': '0.45600000', '17->16': '0.46600000', '17->18': '0.43300000', '17->21': '0.48800000', '17->22': '0.47400000', '17->26': '0.40000000', '20->5': '0.42200000', '20->6': '0.46500000', '20->9': '0.49900000', '20->16': '0.47700000', '20->18': '0.45600000', '20->21': '0.48100000', '20->22': '0.47700000', '20->26': '0.47300000', '24->5': '0.47600000', '24->6': '0.39900000', '24->9': '0.49500000', '24->16': '0.49500000', '24->18': '0.45800000', '24->21': '0.44100000', '24->22': '0.37300000', '24->26': '0.47300000', '25->5': '0.47900000', '25->6': '0.49800000', '25->9': '0.43800000', '25->16': '0.36800000', '25->18': '0.48100000', '25->21': '0.45200000', '25->22': '0.49400000', '25->26': '0.42800000', '27->5': '0.47600000', '27->6': '0.48900000', '27->9': '0.45700000', '27->16': '0.46700000', '27->18': '0.45000000', '27->21': '0.40500000', '27->22': '0.38700000', '27->26': '0.40500000', '28->5': '0.38000000', '28->6': '0.41900000', '28->9': '0.46300000', '28->16': '0.47700000', '28->18': '0.39800000', '28->21': '0.49900000', '28->22': '0.41100000', '28->26': '0.46700000'}"
8,"(5, 6, 9, 16, 18, 21, 22, 26)",6,117,probe_repair,"[10, 25, 120, 135, 150, 155, 190, 225, 230, 245, 250, 265, 275, 285, 355]",88,[1],0.03300000,0.42540909,7->22,"{'2->5': '0.12700000', '2->6': '0.44800000', '2->9': '0.42000000', '2->16': '0.44600000', '2->18': '0.44700000', '2->21': '0.46800000', '2->22': '0.49400000', '2->26': '0.49400000', '4->5': '0.49500000', '4->6': '0.39000000', '4->9': '0.44600000', '4->16': '0.46400000', '4->18': '0.11500000', '4->21': '0.48400000', '4->22': '0.47400000', '4->26': '0.44000000', '7->5': '0.48600000', '7->6': '0.45900000', '7->9': '0.49700000', '7->16': '0.47500000', '7->18': '0.47800000', '7->21': '0.44900000', '7->22': '0.03300000', '7->26': '0.46900000', '11->5': '0.48400000', '11->6': '0.47300000', '11->9': '0.39700000', '11->16': '0.45300000', '11->18': '0.36600000', '11->21': '0.38300000', '11->22': '0.48700000', '11->26': '0.43500000', '15->5': '0.03800000', '15->6': '0.48500000', '15->9': '0.49100000', '15->16': '0.47900000', '15->18': '0.47200000', '15->21': '0.49100000', '15->22': '0.49700000', '15->26': '0.49300000', '17->5': '0.40000000', '17->6': '0.46900000', '17->9': '0.48700000', '17->16': '0.42900000', '17->18': '0.48000000', '17->21': '0.43700000', '17->22': '0.43900000', '17->26': '0.21300000', '20->5': '0.47900000', '20->6': '0.47600000', '20->9': '0.38200000', '20->16': '0.45400000', '20->18': '0.45300000', '20->21': '0.43800000', '20->22': '0.33400000', '20->26': '0.45200000', '24->5': '0.18700000', '24->6': '0.43800000', '24->9': '0.48600000', '24->16': '0.40800000', '24->18': '0.37900000', '24->21': '0.46400000', '24->22': '0.49600000', '24->26': '0.47000000', '25->5': '0.46600000', '25->6': '0.43900000', '25->9': '0.44100000', '25->16': '0.49100000', '25->18': '0.38400000', '25->21': '0.49900000', '25->22': '0.42100000', '25->26': '0.40700000', '27->5': '0.42800000', '27->6': '0.49500000', '27->9': '0.45100000', '27->16': '0.49300000', '27->18': '0.47800000', '27->21': '0.44100000', '27->22': '0.47100000', '27->26': '0.33900000', '28->5': '0.34500000', '28->6': '0.44800000', '28->9': '0.40200000', '28->16': '0.36200000', '28->18': '0.48500000', '28->21': '0.33600000', '28->22': '0.48200000', '28->26': '0.36000000'}"
8,"(5, 6, 9, 16, 18, 21, 22, 26)",7,53,probe_repair,"[5, 100, 120, 160, 190, 205, 215, 225, 240, 270, 280, 310, 325, 360, 365]",88,[1],0.16800000,0.44584091,11->21,"{'2->5': '0.46900000', '2->6': '0.43400000', '2->9': '0.45200000', '2->16': '0.46600000', '2->18': '0.49700000', '2->21': '0.45000000', '2->22': '0.45200000', '2->26': '0.44200000', '4->5': '0.49600000', '4->6': '0.44700000', '4->9': '0.49300000', '4->16': '0.27700000', '4->18': '0.44200000', '4->21': '0.45300000', '4->22': '0.43500000', '4->26': '0.38900000', '7->5': '0.39400000', '7->6': '0.44500000', '7->9': '0.42500000', '7->16': '0.47300000', '7->18': '0.46600000', '7->21': '0.40700000', '7->22': '0.49900000', '7->26': '0.30900000', '11->5': '0.49100000', '11->6': '0.46800000', '11->9': '0.42600000', '11->16': '0.49200000', '11->18': '0.49700000', '11->21': '0.16800000', '11->22': '0.48000000', '11->26': '0.45200000', '15->5': '0.47900000', '15->6': '0.38200000', '15->9': '0.48400000', '15->16': '0.46800000', '15->18': '0.46100000', '15->21': '0.49600000', '15->22': '0.47200000', '15->26': '0.43800000', '17->5': '0.46600000', '17->6': '0.42300000', '17->9': '0.48100000', '17->16': '0.49500000', '17->18': '0.49000000', '17->21': '0.34300000', '17->22': '0.48700000', '17->26': '0.48900000', '20->5': '0.44200000', '20->6': '0.49100000', '20->9': '0.41500000', '20->16': '0.47900000', '20->18': '0.48800000', '20->21': '0.42100000', '20->22': '0.48100000', '20->26': '0.49900000', '24->5': '0.42700000', '24->6': '0.33000000', '24->9': '0.48200000', '24->16': '0.46800000', '24->18': '0.38300000', '24->21': '0.43200000', '24->22': '0.29800000', '24->26': '0.47200000', '25->5': '0.41400000', '25->6': '0.45300000', '25->9': '0.48700000', '25->16': '0.49300000', '25->18': '0.42600000', '25->21': '0.40700000', '25->22': '0.46900000', '25->26': '0.45500000', '27->5': '0.42700000', '27->6': '0.37200000', '27->9': '0.48200000', '27->16': '0.46000000', '27->18': '0.49700000', '27->21': '0.36600000', '27->22': '0.49000000', '27->26': '0.49200000', '28->5': '0.45600000', '28->6': '0.44900000', '28->9': '0.47700000', '28->16': '0.37300000', '28->18': '0.49200000', '28->21': '0.49500000', '28->22': '0.45900000', '28->26': '0.49500000'}"
8,"(5, 6, 9, 16, 18, 21, 22, 26)",8,61,probe_repair,"[10, 15, 25, 75, 140, 155, 210, 215, 220, 250, 265, 275, 305, 315, 325]",88,[1],0.14700000,0.43884091,20->16,"{'2->5': '0.49900000', '2->6': '0.46400000', '2->9': '0.36800000', '2->16': '0.20200000', '2->18': '0.39100000', '2->21': '0.48600000', '2->22': '0.43800000', '2->26': '0.46800000', '4->5': '0.44200000', '4->6': '0.47100000', '4->9': '0.23700000', '4->16': '0.48900000', '4->18': '0.49000000', '4->21': '0.46700000', '4->22': '0.40500000', '4->26': '0.49300000', '7->5': '0.48300000', '7->6': '0.44800000', '7->9': '0.48600000', '7->16': '0.48800000', '7->18': '0.49700000', '7->21': '0.49400000', '7->22': '0.49800000', '7->26': '0.46800000', '11->5': '0.41900000', '11->6': '0.48200000', '11->9': '0.45800000', '11->16': '0.48200000', '11->18': '0.20700000', '11->21': '0.49400000', '11->22': '0.47400000', '11->26': '0.49800000', '15->5': '0.48900000', '15->6': '0.49800000', '15->9': '0.33600000', '15->16': '0.49200000', '15->18': '0.43900000', '15->21': '0.42400000', '15->22': '0.44000000', '15->26': '0.40400000', '17->5': '0.41200000', '17->6': '0.48500000', '17->9': '0.34300000', '17->16': '0.47100000', '17->18': '0.49600000', '17->21': '0.30900000', '17->22': '0.34900000', '17->26': '0.49700000', '20->5': '0.48200000', '20->6': '0.45700000', '20->9': '0.38900000', '20->16': '0.14700000', '20->18': '0.48600000', '20->21': '0.45500000', '20->22': '0.47500000', '20->26': '0.39300000', '24->5': '0.42100000', '24->6': '0.45600000', '24->9': '0.49200000', '24->16': '0.27800000', '24->18': '0.45300000', '24->21': '0.48000000', '24->22': '0.49600000', '24->26': '0.36400000', '25->5': '0.24400000', '25->6': '0.42300000', '25->9': '0.40300000', '25->16': '0.47100000', '25->18': '0.49400000', '25->21': '0.49900000', '25->22': '0.47900000', '25->26': '0.43900000', '27->5': '0.44500000', '27->6': '0.46800000', '27->9': '0.49800000', '27->16': '0.48200000', '27->18': '0.45900000', '27->21': '0.49600000', '27->22': '0.44200000', '27->26': '0.50000000', '28->5': '0.49700000', '28->6': '0.43400000', '28->9': '0.36000000', '28->16': '0.46800000', '28->18': '0.46900000', '28->21': '0.48000000', '28->22': '0.46000000', '28->26': '0.41400000'}"
8,"(5, 6, 9, 16, 18, 21, 22, 26)",9,44,probe_repair,"[5, 30, 40, 65, 100, 125, 130, 225, 240, 260, 275, 310, 315, 325, 335]",88,[1],0.01000000,0.44668182,17->5,"{'2->5': '0.45600000', '2->6': '0.49500000', '2->9': '0.48500000', '2->16': '0.43100000', '2->18': '0.48000000', '2->21': '0.49100000', '2->22': '0.42300000', '2->26': '0.45100000', '4->5': '0.42800000', '4->6': '0.45700000', '4->9': '0.49300000', '4->16': '0.48100000', '4->18': '0.47600000', '4->21': '0.43100000', '4->22': '0.41700000', '4->26': '0.48500000', '7->5': '0.48000000', '7->6': '0.34900000', '7->9': '0.49900000', '7->16': '0.46500000', '7->18': '0.47000000', '7->21': '0.48900000', '7->22': '0.49700000', '7->26': '0.48500000', '11->5': '0.48600000', '11->6': '0.49700000', '11->9': '0.47700000', '11->16': '0.48300000', '11->18': '0.44600000', '11->21': '0.48700000', '11->22': '0.48700000', '11->26': '0.49500000', '15->5': '0.45800000', '15->6': '0.22700000', '15->9': '0.45500000', '15->16': '0.44900000', '15->18': '0.43000000', '15->21': '0.39500000', '15->22': '0.46500000', '15->26': '0.47500000', '17->5': '0.01000000', '17->6': '0.48500000', '17->9': '0.48700000', '17->16': '0.48700000', '17->18': '0.47800000', '17->21': '0.49300000', '17->22': '0.46900000', '17->26': '0.49900000', '20->5': '0.48700000', '20->6': '0.47000000', '20->9': '0.48400000', '20->16': '0.38200000', '20->18': '0.45900000', '20->21': '0.47800000', '20->22': '0.42000000', '20->26': '0.43000000', '24->5': '0.48600000', '24->6': '0.47500000', '24->9': '0.41900000', '24->16': '0.47100000', '24->18': '0.50000000', '24->21': '0.11100000', '24->22': '0.38300000', '24->26': '0.48500000', '25->5': '0.48900000', '25->6': '0.47800000', '25->9': '0.38800000', '25->16': '0.49800000', '25->18': '0.48700000', '25->21': '0.44400000', '25->22': '0.39400000', '25->26': '0.47400000', '27->5': '0.41800000', '27->6': '0.40700000', '27->9': '0.46100000', '27->16': '0.44900000', '27->18': '0.49000000', '27->21': '0.28500000', '27->22': '0.40500000', '27->26': '0.43900000', '28->5': '0.45000000', '28->6': '0.49100000', '28->9': '0.49700000', '28->16': '0.47900000', '28->18': '0.49200000', '28->21': '0.48700000', '28->22': '0.49100000', '28->26': '0.24100000'}"
8,"(5, 6, 9, 16, 18, 21, 22, 26)",10,35,probe_repair,"[10, 25, 30, 40, 45, 100, 140, 150, 210, 215, 255, 270, 315, 340, 360]",88,[1],0.26100000,0.45702273,7->6,"{'2->5': '0.48300000', '2->6': '0.47800000', '2->9': '0.46600000', '2->16': '0.42000000', '2->18': '0.45700000', '2->21': '0.49000000', '2->22': '0.47000000', '2->26': '0.48200000', '4->5': '0.44300000', '4->6': '0.50000000', '4->9': '0.45600000', '4->16': '0.48600000', '4->18': '0.42300000', '4->21': '0.39000000', '4->22': '0.46800000', '4->26': '0.47400000', '7->5': '0.48400000', '7->6': '0.26100000', '7->9': '0.49500000', '7->16': '0.47100000', '7->18': '0.26600000', '7->21': '0.46100000', '7->22': '0.49500000', '7->26': '0.48100000', '11->5': '0.48000000', '11->6': '0.47700000', '11->9': '0.44900000', '11->16': '0.49100000', '11->18': '0.45400000', '11->21': '0.44500000', '11->22': '0.48500000', '11->26': '0.34500000', '15->5': '0.49700000', '15->6': '0.49400000', '15->9': '0.36400000', '15->16': '0.47800000', '15->18': '0.47500000', '15->21': '0.49000000', '15->22': '0.48200000', '15->26': '0.49200000', '17->5': '0.44600000', '17->6': '0.46700000', '17->9': '0.46700000', '17->16': '0.48300000', '17->18': '0.46600000', '17->21': '0.49900000', '17->22': '0.47300000', '17->26': '0.46900000', '20->5': '0.40300000', '20->6': '0.49000000', '20->9': '0.46800000', '20->16': '0.47800000', '20->18': '0.46300000', '20->21': '0.43200000', '20->22': '0.46000000', '20->26': '0.49200000', '24->5': '0.49300000', '24->6': '0.42400000', '24->9': '0.49600000', '24->16': '0.49200000', '24->18': '0.48100000', '24->21': '0.46000000', '24->22': '0.35200000', '24->26': '0.48000000', '25->5': '0.49300000', '25->6': '0.46200000', '25->9': '0.47200000', '25->16': '0.32400000', '25->18': '0.45100000', '25->21': '0.50000000', '25->22': '0.44200000', '25->26': '0.46800000', '27->5': '0.49100000', '27->6': '0.48200000', '27->9': '0.48800000', '27->16': '0.48200000', '27->18': '0.48900000', '27->21': '0.49600000', '27->22': '0.31000000', '27->26': '0.37000000', '28->5': '0.36900000', '28->6': '0.46400000', '28->9': '0.46600000', '28->16': '0.48200000', '28->18': '0.45500000', '28->21': '0.49800000', '28->22': '0.43600000', '28->26': '0.49600000'}"
8,"(5, 11, 17, 18, 22, 24, 27, 28)",1,70,probe_repair,"[5, 20, 25, 50, 80, 100, 180, 185, 200, 225, 245, 280, 300, 330, 365]",88,[1],0.21200000,0.46075000,4->17,"{'2->5': '0.48400000', '2->11': '0.49100000', '2->17': '0.36000000', '2->18': '0.50000000', '2->22': '0.45800000', '2->24': '0.49200000', '2->27': '0.49200000', '2->28': '0.45300000', '4->5': '0.49000000', '4->11': '0.47300000', '4->17': '0.21200000', '4->18': '0.49600000', '4->22': '0.48200000', '4->24': '0.46200000', '4->27': '0.48600000', '4->28': '0.49100000', '6->5': '0.40300000', '6->11': '0.39000000', '6->17': '0.45100000', '6->18': '0.47900000', '6->22': '0.49700000', '6->24': '0.46300000', '6->27': '0.48100000', '6->28': '0.49400000', '7->5': '0.43200000', '7->11': '0.48500000', '7->17': '0.47600000', '7->18': '0.45800000', '7->22': '0.48800000', '7->24': '0.48600000', '7->27': '0.48200000', '7->28': '0.49300000', '9->5': '0.44400000', '9->11': '0.48100000', '9->17': '0.46600000', '9->18': '0.49200000', '9->22': '0.49800000', '9->24': '0.48600000', '9->27': '0.49600000', '9->28': '0.44100000', '15->5': '0.26700000', '15->11': '0.46800000', '15->17': '0.48100000', '15->18': '0.47700000', '15->22': '0.45100000', '15->24': '0.44300000', '15->27': '0.48700000', '15->28': '0.40000000', '16->5': '0.46000000', '16->11': '0.47700000', '16->17': '0.47400000', '16->18': '0.45200000', '16->22': '0.46800000', '16->24': '0.50000000', '16->27': '0.46600000', '16->28': '0.49300000', '20->5': '0.25800000', '20->11': '0.49300000', '20->17': '0.49400000', '20->18': '0.50000000', '20->22': '0.47800000', '20->24': '0.49600000', '20->27': '0.44800000', '20->28': '0.47700000', '21->5': '0.48200000', '21->11': '0.43900000', '21->17': '0.44000000', '21->18': '0.46200000', '21->22': '0.49400000', '21->24': '0.46800000', '21->27': '0.46600000', '21->28': '0.48900000', '25->5': '0.48100000', '25->11': '0.47000000', '25->17': '0.45700000', '25->18': '0.48700000', '25->22': '0.47500000', '25->24': '0.33700000', '25->27': '0.48300000', '25->28': '0.42400000', '26->5': '0.47800000', '26->11': '0.45900000', '26->17': '0.46600000', '26->18': '0.44600000', '26->22': '0.46200000', '26->24': '0.45800000', '26->27': '0.47800000', '26->28': '0.45300000'}"
8,"(5, 11, 17, 18, 22, 24, 27, 28)",2,72,probe_repair,"[5, 20, 25, 50, 80, 100, 180, 185, 200, 225, 245, 280, 300, 330, 365]",88,[1],0.29700000,0.45872727,15->5,"{'2->5': '0.47800000', '2->11': '0.49700000', '2->17': '0.39000000', '2->18': '0.49000000', '2->22': '0.42800000', '2->24': '0.49800000', '2->27': '0.48600000', '2->28': '0.46700000', '4->5': '0.47500000', '4->11': '0.42800000', '4->17': '0.34500000', '4->18': '0.47900000', '4->22': '0.47300000', '4->24': '0.43500000', '4->27': '0.42300000', '4->28': '0.47200000', '6->5': '0.35400000', '6->11': '0.45300000', '6->17': '0.38600000', '6->18': '0.48400000', '6->22': '0.47200000', '6->24': '0.45600000', '6->27': '0.48000000', '6->28': '0.45300000', '7->5': '0.48400000', '7->11': '0.47900000', '7->17': '0.50000000', '7->18': '0.48000000', '7->22': '0.49200000', '7->24': '0.49800000', '7->27': '0.48000000', '7->28': '0.47500000', '9->5': '0.49900000', '9->11': '0.46000000', '9->17': '0.49100000', '9->18': '0.48100000', '9->22': '0.48700000', '9->24': '0.48300000', '9->27': '0.46500000', '9->28': '0.46200000', '15->5': '0.29700000', '15->11': '0.43200000', '15->17': '0.42700000', '15->18': '0.43500000', '15->22': '0.46500000', '15->24': '0.46700000', '15->27': '0.48500000', '15->28': '0.45200000', '16->5': '0.48600000', '16->11': '0.47900000', '16->17': '0.41400000', '16->18': '0.46400000', '16->22': '0.47600000', '16->24': '0.49400000', '16->27': '0.49200000', '16->28': '0.43100000', '20->5': '0.34100000', '20->11': '0.47600000', '20->17': '0.48500000', '20->18': '0.49500000', '20->22': '0.48500000', '20->24': '0.47500000', '20->27': '0.49100000', '20->28': '0.47200000', '21->5': '0.46400000', '21->11': '0.40700000', '21->17': '0.48000000', '21->18': '0.43200000', '21->22': '0.48800000', '21->24': '0.49400000', '21->27': '0.45200000', '21->28': '0.47500000', '25->5': '0.50000000', '25->11': '0.44100000', '25->17': '0.46200000', '25->18': '0.47400000', '25->22': '0.47600000', '25->24': '0.40000000', '25->27': '0.44800000', '25->28': '0.37300000', '26->5': '0.44900000', '26->11': '0.47400000', '26->17': '0.39500000', '26->18': '0.46700000', '26->22': '0.44500000', '26->24': '0.47100000', '26->27': '0.48700000', '26->28': '0.48000000'}"
8,"(5, 11, 17, 18, 22, 24, 27, 28)",3,1,baseline,"[5, 30, 55, 80, 105, 130, 155, 180, 205, 230, 255, 280, 305, 330, 355]",88,[1],0.05500000,0.43997727,15->5,"{'2->5': '0.47700000', '2->11': '0.47400000', '2->17': '0.32300000', '2->18': '0.38100000', '2->22': '0.49500000', '2->24': '0.23500000', '2->27': '0.44900000', '2->28': '0.49800000', '4->5': '0.48700000', '4->11': '0.43600000', '4->17': '0.42900000', '4->18': '0.48900000', '4->22': '0.28500000', '4->24': '0.49500000', '4->27': '0.46700000', '4->28': '0.48000000', '6->5': '0.48300000', '6->11': '0.48400000', '6->17': '0.41900000', '6->18': '0.47100000', '6->22': '0.21300000', '6->24': '0.48300000', '6->27': '0.49100000', '6->28': '0.44800000', '7->5': '0.49200000', '7->11': '0.49100000', '7->17': '0.47600000', '7->18': '0.49000000', '7->22': '0.43600000', '7->24': '0.28400000', '7->27': '0.44200000', '7->28': '0.46500000', '9->5': '0.41400000', '9->11': '0.35500000', '9->17': '0.49200000', '9->18': '0.49200000', '9->22': '0.49800000', '9->24': '0.43000000', '9->27': '0.48000000', '9->28': '0.49100000', '15->5': '0.05500000', '15->11': '0.48000000', '15->17': '0.48900000', '15->18': '0.48700000', '15->22': '0.43700000', '15->24': '0.47700000', '15->27': '0.48300000', '15->28': '0.49400000', '16->5': '0.47500000', '16->11': '0.33000000', '16->17': '0.46100000', '16->18': '0.49700000', '16->22': '0.47700000', '16->24': '0.48100000', '16->27': '0.37100000', '16->28': '0.35000000', '20->5': '0.47500000', '20->11': '0.49800000', '20->17': '0.49900000', '20->18': '0.22300000', '20->22': '0.45700000', '20->24': '0.41700000', '20->27': '0.47700000', '20->28': '0.47800000', '21->5': '0.31100000', '21->11': '0.45200000', '21->17': '0.46300000', '21->18': '0.41900000', '21->22': '0.49300000', '21->24': '0.46100000', '21->27': '0.48500000', '21->28': '0.49400000', '25->5': '0.48800000', '25->11': '0.49900000', '25->17': '0.48000000', '25->18': '0.42000000', '25->22': '0.49800000', '25->24': '0.42200000', '25->27': '0.46600000', '25->28': '0.45100000', '26->5': '0.48000000', '26->11': '0.41700000', '26->17': '0.27000000', '26->18': '0.48800000', '26->22': '0.42800000', '26->24': '0.41400000', '26->27': '0.46400000', '26->28': '0.46700000'}"
8,"(5, 11, 17, 18, 22, 24, 27, 28)",4,66,probe_repair,"[35, 50, 65, 75, 85, 115, 125, 190, 200, 235, 250, 275, 285, 330, 335]",88,[1],0.28600000,0.46084091,4->18,"{'2->5': '0.48900000', '2->11': '0.49600000', '2->17': '0.49300000', '2->18': '0.47100000', '2->22': '0.46700000', '2->24': '0.48100000', '2->27': '0.49300000', '2->28': '0.47600000', '4->5': '0.47400000', '4->11': '0.46300000', '4->17': '0.42800000', '4->18': '0.28600000', '4->22': '0.42800000', '4->24': '0.45000000', '4->27': '0.49000000', '4->28': '0.48500000', '6->5': '0.44600000', '6->11': '0.47500000', '6->17': '0.46800000', '6->18': '0.45800000', '6->22': '0.43200000', '6->24': '0.48600000', '6->27': '0.44400000', '6->28': '0.42100000', '7->5': '0.48600000', '7->11': '0.47100000', '7->17': '0.48800000', '7->18': '0.45600000', '7->22': '0.50000000', '7->24': '0.47200000', '7->27': '0.49000000', '7->28': '0.46100000', '9->5': '0.41800000', '9->11': '0.45100000', '9->17': '0.47000000', '9->18': '0.49800000', '9->22': '0.37800000', '9->24': '0.47400000', '9->27': '0.49000000', '9->28': '0.48300000', '15->5': '0.47100000', '15->11': '0.47800000', '15->17': '0.45300000', '15->18': '0.37900000', '15->22': '0.48100000', '15->24': '0.44100000', '15->27': '0.49500000', '15->28': '0.49000000', '16->5': '0.48100000', '16->11': '0.48200000', '16->17': '0.48300000', '16->18': '0.45100000', '16->22': '0.48700000', '16->24': '0.43700000', '16->27': '0.44500000', '16->28': '0.48800000', '20->5': '0.49400000', '20->11': '0.39900000', '20->17': '0.38400000', '20->18': '0.47000000', '20->22': '0.40800000', '20->24': '0.49000000', '20->27': '0.48600000', '20->28': '0.48100000', '21->5': '0.48900000', '21->11': '0.49400000', '21->17': '0.48500000', '21->18': '0.35500000', '21->22': '0.37500000', '21->24': '0.39500000', '21->27': '0.46700000', '21->28': '0.47800000', '25->5': '0.46400000', '25->11': '0.48900000', '25->17': '0.47000000', '25->18': '0.49400000', '25->22': '0.48400000', '25->24': '0.47800000', '25->27': '0.49600000', '25->28': '0.43300000', '26->5': '0.46400000', '26->11': '0.48100000', '26->17': '0.43400000', '26->18': '0.48800000', '26->22': '0.42200000', '26->24': '0.40200000', '26->27': '0.47800000', '26->28': '0.49900000'}"
8,"(5, 11, 17, 18, 22, 24, 27, 28)",5,29,probe_repair,"[45, 50, 60, 85, 105, 110, 115, 190, 210, 230, 245, 265, 280, 295, 340]",88,[1],0.10200000,0.43336364,21->22,"{'2->5': '0.43000000', '2->11': '0.39700000', '2->17': '0.49600000', '2->18': '0.48200000', '2->22': '0.41800000', '2->24': '0.41200000', '2->27': '0.47200000', '2->28': '0.33100000', '4->5': '0.44300000', '4->11': '0.39600000', '4->17': '0.33500000', '4->18': '0.22900000', '4->22': '0.44300000', '4->24': '0.48700000', '4->27': '0.46700000', '4->28': '0.48800000', '6->5': '0.49800000', '6->11': '0.45100000', '6->17': '0.50000000', '6->18': '0.48000000', '6->22': '0.49400000', '6->24': '0.48800000', '6->27': '0.39800000', '6->28': '0.49500000', '7->5': '0.48700000', '7->11': '0.48000000', '7->17': '0.46900000', '7->18': '0.35300000', '7->22': '0.46300000', '7->24': '0.47700000', '7->27': '0.44300000', '7->28': '0.47200000', '9->5': '0.44400000', '9->11': '0.40100000', '9->17': '0.47000000', '9->18': '0.29200000', '9->22': '0.25800000', '9->24': '0.41800000', '9->27': '0.45800000', '9->28': '0.42100000', '15->5': '0.49200000', '15->11': '0.49700000', '15->17': '0.47800000', '15->18': '0.44800000', '15->22': '0.44000000', '15->24': '0.48600000', '15->27': '0.44400000', '15->28': '0.48500000', '16->5': '0.49700000', '16->11': '0.33800000', '16->17': '0.47700000', '16->18': '0.49500000', '16->22': '0.44900000', '16->24': '0.47300000', '16->27': '0.32700000', '16->28': '0.29400000', '20->5': '0.49500000', '20->11': '0.42200000', '20->17': '0.47700000', '20->18': '0.46100000', '20->22': '0.49500000', '20->24': '0.48300000', '20->27': '0.20500000', '20->28': '0.39000000', '21->5': '0.44000000', '21->11': '0.40100000', '21->17': '0.48800000', '21->18': '0.49400000', '21->22': '0.10200000', '21->24': '0.44800000', '21->27': '0.45600000', '21->28': '0.45500000', '25->5': '0.47400000', '25->11': '0.47300000', '25->17': '0.48000000', '25->18': '0.48400000', '25->22': '0.47000000', '25->24': '0.49400000', '25->27': '0.44000000', '25->28': '0.13300000', '26->5': '0.48000000', '26->11': '0.43700000', '26->17': '0.49400000', '26->18': '0.46000000', '26->22': '0.47000000', '26->24': '0.43400000', '26->27': '0.45600000', '26->28': '0.28900000'}"
8,"(5, 11, 17, 18, 22, 24, 27, 28)",6,22,probe_repair,"[45, 100, 120, 135, 140, 145, 155, 170, 175, 200, 230, 260, 265, 285, 310]",88,[1],0.33000000,0.46288636,15->18,"{'2->5': '0.49200000', '2->11': '0.48300000', '2->17': '0.49200000', '2->18': '0.45200000', '2->22': '0.44800000', '2->24': '0.47400000', '2->27': '0.47000000', '2->28': '0.47700000', '4->5': '0.48900000', '4->11': '0.46600000', '4->17': '0.48900000', '4->18': '0.42900000', '4->22': '0.48700000', '4->24': '0.46700000', '4->27': '0.49300000', '4->28': '0.46200000', '6->5': '0.33900000', '6->11': '0.48000000', '6->17': '0.48900000', '6->18': '0.45300000', '6->22': '0.47100000', '6->24': '0.46700000', '6->27': '0.47700000', '6->28': '0.38600000', '7->5': '0.43800000', '7->11': '0.45500000', '7->17': '0.48800000', '7->18': '0.49600000', '7->22': '0.47800000', '7->24': '0.49600000', '7->27': '0.36000000', '7->28': '0.48700000', '9->5': '0.46300000', '9->11': '0.41000000', '9->17': '0.46300000', '9->18': '0.49100000', '9->22': '0.48500000', '9->24': '0.48300000', '9->27': '0.48300000', '9->28': '0.47400000', '15->5': '0.49600000', '15->11': '0.46500000', '15->17': '0.48800000', '15->18': '0.33000000', '15->22': '0.46400000', '15->24': '0.45600000', '15->27': '0.42000000', '15->28': '0.47700000', '16->5': '0.45800000', '16->11': '0.43900000', '16->17': '0.46400000', '16->18': '0.46600000', '16->22': '0.49800000', '16->24': '0.49400000', '16->27': '0.50000000', '16->28': '0.47700000', '20->5': '0.48800000', '20->11': '0.46700000', '20->17': '0.43000000', '20->18': '0.48600000', '20->22': '0.49800000', '20->24': '0.47600000', '20->27': '0.48000000', '20->28': '0.45900000', '21->5': '0.38600000', '21->11': '0.47100000', '21->17': '0.48800000', '21->18': '0.45200000', '21->22': '0.36600000', '21->24': '0.49000000', '21->27': '0.46800000', '21->28': '0.45100000', '25->5': '0.45300000', '25->11': '0.49000000', '25->17': '0.46900000', '25->18': '0.48300000', '25->22': '0.49500000', '25->24': '0.49700000', '25->27': '0.49500000', '25->28': '0.49000000', '26->5': '0.40900000', '26->11': '0.48800000', '26->17': '0.36500000', '26->18': '0.47900000', '26->22': '0.41100000', '26->24': '0.47500000', '26->27': '0.49700000', '26->28': '0.40800000'}"
8,"(5, 11, 17, 18, 22, 24, 27, 28)",7,132,probe_repair,"[15, 35, 55, 80, 150, 170, 185, 190, 210, 235, 275, 290, 300, 325, 345]",88,[1],0.25700000,0.45313636,7->27,"{'2->5': '0.35900000', '2->11': '0.48000000', '2->17': '0.47300000', '2->18': '0.47100000', '2->22': '0.46700000', '2->24': '0.39100000', '2->27': '0.49100000', '2->28': '0.36000000', '4->5': '0.45500000', '4->11': '0.46200000', '4->17': '0.49300000', '4->18': '0.47700000', '4->22': '0.41500000', '4->24': '0.46500000', '4->27': '0.37100000', '4->28': '0.40400000', '6->5': '0.47200000', '6->11': '0.48700000', '6->17': '0.46800000', '6->18': '0.49600000', '6->22': '0.45400000', '6->24': '0.47200000', '6->27': '0.48000000', '6->28': '0.44700000', '7->5': '0.49300000', '7->11': '0.46400000', '7->17': '0.48900000', '7->18': '0.45300000', '7->22': '0.49700000', '7->24': '0.48500000', '7->27': '0.25700000', '7->28': '0.46800000', '9->5': '0.49000000', '9->11': '0.38100000', '9->17': '0.45200000', '9->18': '0.48400000', '9->22': '0.47400000', '9->24': '0.37200000', '9->27': '0.46200000', '9->28': '0.41900000', '15->5': '0.39400000', '15->11': '0.47300000', '15->17': '0.43200000', '15->18': '0.46200000', '15->22': '0.47600000', '15->24': '0.48400000', '15->27': '0.32600000', '15->28': '0.48700000', '16->5': '0.48900000', '16->11': '0.45600000', '16->17': '0.47700000', '16->18': '0.33300000', '16->22': '0.48300000', '16->24': '0.48100000', '16->27': '0.46300000', '16->28': '0.44800000', '20->5': '0.41800000', '20->11': '0.48900000', '20->17': '0.40400000', '20->18': '0.43800000', '20->22': '0.46200000', '20->24': '0.47200000', '20->27': '0.49600000', '20->28': '0.45900000', '21->5': '0.48600000', '21->11': '0.45900000', '21->17': '0.50000000', '21->18': '0.41000000', '21->22': '0.42000000', '21->24': '0.50000000', '21->27': '0.49200000', '21->28': '0.35900000', '25->5': '0.49500000', '25->11': '0.46800000', '25->17': '0.48900000', '25->18': '0.46300000', '25->22': '0.48100000', '25->24': '0.49700000', '25->27': '0.47500000', '25->28': '0.48400000', '26->5': '0.48800000', '26->11': '0.44900000', '26->17': '0.48400000', '26->18': '0.49600000', '26->22': '0.49000000', '26->24': '0.32000000', '26->27': '0.44000000', '26->28': '0.47900000'}"
8,"(5, 11, 17, 18, 22, 24, 27, 28)",8,20,baseline,"[5, 30, 55, 80, 105, 130, 155, 180, 205, 230, 255, 280, 305, 330, 355]",88,[1],0.15400000,0.44922727,15->5,"{'2->5': '0.49400000', '2->11': '0.47900000', '2->17': '0.43600000', '2->18': '0.46000000', '2->22': '0.43200000', '2->24': '0.30600000', '2->27': '0.40000000', '2->28': '0.48700000', '4->5': '0.47900000', '4->11': '0.49800000', '4->17': '0.49500000', '4->18': '0.48100000', '4->22': '0.22100000', '4->24': '0.49500000', '4->27': '0.46700000', '4->28': '0.48600000', '6->5': '0.40700000', '6->11': '0.48400000', '6->17': '0.41900000', '6->18': '0.45100000', '6->22': '0.36100000', '6->24': '0.47900000', '6->27': '0.49500000', '6->28': '0.48400000', '7->5': '0.48000000', '7->11': '0.49300000', '7->17': '0.46800000', '7->18': '0.48000000', '7->22': '0.49800000', '7->24': '0.31400000', '7->27': '0.49600000', '7->28': '0.48500000', '9->5': '0.43400000', '9->11': '0.49700000', '9->17': '0.47600000', '9->18': '0.49000000', '9->22': '0.49000000', '9->24': '0.47000000', '9->27': '0.47200000', '9->28': '0.47900000', '15->5': '0.15400000', '15->11': '0.47300000', '15->17': '0.43800000', '15->18': '0.49000000', '15->22': '0.40200000', '15->24': '0.45600000', '15->27': '0.47200000', '15->28': '0.48900000', '16->5': '0.48500000', '16->11': '0.32600000', '16->17': '0.44900000', '16->18': '0.48100000', '16->22': '0.46900000', '16->24': '0.49100000', '16->27': '0.41100000', '16->28': '0.45000000', '20->5': '0.45500000', '20->11': '0.45800000', '20->17': '0.48900000', '20->18': '0.42500000', '20->22': '0.47100000', '20->24': '0.48300000', '20->27': '0.48700000', '20->28': '0.48200000', '21->5': '0.36300000', '21->11': '0.47000000', '21->17': '0.46900000', '21->18': '0.45300000', '21->22': '0.49500000', '21->24': '0.47300000', '21->27': '0.44900000', '21->28': '0.47800000', '25->5': '0.47900000', '25->11': '0.46400000', '25->17': '0.48300000', '25->18': '0.49500000', '25->22': '0.43700000', '25->24': '0.40100000', '25->27': '0.24100000', '25->28': '0.50000000', '26->5': '0.47300000', '26->11': '0.46800000', '26->17': '0.19100000', '26->18': '0.48700000', '26->22': '0.45500000', '26->24': '0.42500000', '26->27': '0.49300000', '26->28': '0.48600000'}"
8,"(5, 11, 17, 18, 22, 24, 27, 28)",9,82,probe_repair,"[10, 20, 30, 40, 85, 110, 115, 155, 185, 190, 230, 250, 270, 305, 340]",88,[1],0.18300000,0.44938636,21->17,"{'2->5': '0.45300000', '2->11': '0.42600000', '2->17': '0.37900000', '2->18': '0.41500000', '2->22': '0.39700000', '2->24': '0.48500000', '2->27': '0.46500000', '2->28': '0.45800000', '4->5': '0.47400000', '4->11': '0.44700000', '4->17': '0.49400000', '4->18': '0.48000000', '4->22': '0.47000000', '4->24': '0.47600000', '4->27': '0.32400000', '4->28': '0.48500000', '6->5': '0.50000000', '6->11': '0.49500000', '6->17': '0.50000000', '6->18': '0.47800000', '6->22': '0.42000000', '6->24': '0.48400000', '6->27': '0.48000000', '6->28': '0.46700000', '7->5': '0.47200000', '7->11': '0.47300000', '7->17': '0.43600000', '7->18': '0.28000000', '7->22': '0.46600000', '7->24': '0.28400000', '7->27': '0.43800000', '7->28': '0.47100000', '9->5': '0.46100000', '9->11': '0.47600000', '9->17': '0.49300000', '9->18': '0.47300000', '9->22': '0.48100000', '9->24': '0.46500000', '9->27': '0.44900000', '9->28': '0.45800000', '15->5': '0.31500000', '15->11': '0.49400000', '15->17': '0.46900000', '15->18': '0.46100000', '15->22': '0.41700000', '15->24': '0.49100000', '15->27': '0.44500000', '15->28': '0.39000000', '16->5': '0.46000000', '16->11': '0.48100000', '16->17': '0.46400000', '16->18': '0.46600000', '16->22': '0.28800000', '16->24': '0.49200000', '16->27': '0.48800000', '16->28': '0.44500000', '20->5': '0.42100000', '20->11': '0.46400000', '20->17': '0.49100000', '20->18': '0.42300000', '20->22': '0.47100000', '20->24': '0.47100000', '20->27': '0.48900000', '20->28': '0.47800000', '21->5': '0.46100000', '21->11': '0.49800000', '21->17': '0.18300000', '21->18': '0.49300000', '21->22': '0.47100000', '21->24': '0.46700000', '21->27': '0.45100000', '21->28': '0.49000000', '25->5': '0.47600000', '25->11': '0.49900000', '25->17': '0.35000000', '25->18': '0.45800000', '25->22': '0.45600000', '25->24': '0.49800000', '25->27': '0.47600000', '25->28': '0.44700000', '26->5': '0.40800000', '26->11': '0.47900000', '26->17': '0.37400000', '26->18': '0.40400000', '26->22': '0.46000000', '26->24': '0.49000000', '26->27': '0.47200000', '26->28': '0.48300000'}"
8,"(5, 11, 17, 18, 22, 24, 27, 28)",10,130,probe_repair,"[15, 35, 55, 80, 150, 170, 185, 190, 210, 235, 275, 290, 300, 325, 345]",88,[1],0.17800000,0.45822727,16->18,"{'2->5': '0.33600000', '2->11': '0.47900000', '2->17': '0.49600000', '2->18': '0.49200000', '2->22': '0.45200000', '2->24': '0.44400000', '2->27': '0.49000000', '2->28': '0.48700000', '4->5': '0.48500000', '4->11': '0.45800000', '4->17': '0.46500000', '4->18': '0.49700000', '4->22': '0.46500000', '4->24': '0.49100000', '4->27': '0.42900000', '4->28': '0.40000000', '6->5': '0.47200000', '6->11': '0.49500000', '6->17': '0.46000000', '6->18': '0.46400000', '6->22': '0.48600000', '6->24': '0.49400000', '6->27': '0.45800000', '6->28': '0.49700000', '7->5': '0.48000000', '7->11': '0.44900000', '7->17': '0.47400000', '7->18': '0.46200000', '7->22': '0.48600000', '7->24': '0.47200000', '7->27': '0.32600000', '7->28': '0.45500000', '9->5': '0.49400000', '9->11': '0.39100000', '9->17': '0.49200000', '9->18': '0.42600000', '9->22': '0.47800000', '9->24': '0.38800000', '9->27': '0.45800000', '9->28': '0.48900000', '15->5': '0.32400000', '15->11': '0.47500000', '15->17': '0.47800000', '15->18': '0.49200000', '15->22': '0.42800000', '15->24': '0.49800000', '15->27': '0.39200000', '15->28': '0.48500000', '16->5': '0.48200000', '16->11': '0.43700000', '16->17': '0.47600000', '16->18': '0.17800000', '16->22': '0.48600000', '16->24': '0.48600000', '16->27': '0.46200000', '16->28': '0.44100000', '20->5': '0.45900000', '20->11': '0.49000000', '20->17': '0.47700000', '20->18': '0.46500000', '20->22': '0.48100000', '20->24': '0.43700000', '20->27': '0.48100000', '20->28': '0.47400000', '21->5': '0.49400000', '21->11': '0.46300000', '21->17': '0.48000000', '21->18': '0.44800000', '21->22': '0.47000000', '21->24': '0.49600000', '21->27': '0.47600000', '21->28': '0.39500000', '25->5': '0.43600000', '25->11': '0.49900000', '25->17': '0.50000000', '25->18': '0.49800000', '25->22': '0.43400000', '25->24': '0.47600000', '25->27': '0.48400000', '25->28': '0.48300000', '26->5': '0.45900000', '26->11': '0.50000000', '26->17': '0.47700000', '26->18': '0.49100000', '26->22': '0.48100000', '26->24': '0.28300000', '26->27': '0.48700000', '26->28': '0.41800000'}"
8,"(1, 5, 6, 7, 9, 16, 25, 26)",1,45,probe_repair,"[5, 10, 35, 45, 95, 110, 180, 225, 230, 275, 290, 305, 310, 330, 360]",96,[],0.02300000,0.43160417,2->9,"{'2->1': '0.48600000', '2->5': '0.45600000', '2->6': '0.49800000', '2->7': '0.50000000', '2->9': '0.02300000', '2->16': '0.48500000', '2->25': '0.46300000', '2->26': '0.49200000', '4->1': '0.48400000', '4->5': '0.48600000', '4->6': '0.49000000', '4->7': '0.49000000', '4->9': '0.48300000', '4->16': '0.46300000', '4->25': '0.34900000', '4->26': '0.47600000', '11->1': '0.49300000', '11->5': '0.48100000', '11->6': '0.43900000', '11->7': '0.48700000', '11->9': '0.35600000', '11->16': '0.49200000', '11->25': '0.27600000', '11->26': '0.40100000', '15->1': '0.46200000', '15->5': '0.23400000', '15->6': '0.48800000', '15->7': '0.39200000', '15->9': '0.47100000', '15->16': '0.47100000', '15->25': '0.47300000', '15->26': '0.31600000', '17->1': '0.48000000', '17->5': '0.45400000', '17->6': '0.46000000', '17->7': '0.48000000', '17->9': '0.47500000', '17->16': '0.44900000', '17->25': '0.37100000', '17->26': '0.46600000', '18->1': '0.26500000', '18->5': '0.48700000', '18->6': '0.49300000', '18->7': '0.47700000', '18->9': '0.49400000', '18->16': '0.39600000', '18->25': '0.42200000', '18->26': '0.47300000', '20->1': '0.39500000', '20->5': '0.46100000', '20->6': '0.18900000', '20->7': '0.49500000', '20->9': '0.48200000', '20->16': '0.47000000', '20->25': '0.44600000', '20->26': '0.44100000', '21->1': '0.49300000', '21->5': '0.22900000', '21->6': '0.47300000', '21->7': '0.49700000', '21->9': '0.49600000', '21->16': '0.33400000', '21->25': '0.49200000', '21->26': '0.43500000', '22->1': '0.49900000', '22->5': '0.41900000', '22->6': '0.49700000', '22->7': '0.49100000', '22->9': '0.17000000', '22->16': '0.48000000', '22->25': '0.33800000', '22->26': '0.47500000', '24->1': '0.47600000', '24->5': '0.46200000', '24->6': '0.42200000', '24->7': '0.32800000', '24->9': '0.42500000', '24->16': '0.45500000', '24->25': '0.44500000', '24->26': '0.43400000', '27->1': '0.42600000', '27->5': '0.49400000', '27->6': '0.47200000', '27->7': '0.19600000', '27->9': '0.40500000', '27->16': '0.45700000', '27->25': '0.49700000', '27->26': '0.45800000', '28->1': '0.47900000', '28->5': '0.47300000', '28->6': '0.45100000', '28->7': '0.46500000', '28->9': '0.47000000', '28->16': '0.49000000', '28->25': '0.40400000', '28->26': '0.15500000'}"
8,"(1, 5, 6, 7, 9, 16, 25, 26)",2,53,probe_repair,"[15, 40, 45, 95, 135, 170, 190, 200, 205, 210, 230, 245, 340, 345, 365]",96,[],0.12400000,0.43793750,21->25,"{'2->1': '0.45900000', '2->5': '0.48300000', '2->6': '0.41700000', '2->7': '0.49900000', '2->9': '0.48400000', '2->16': '0.44000000', '2->25': '0.38200000', '2->26': '0.42300000', '4->1': '0.37700000', '4->5': '0.49900000', '4->6': '0.49700000', '4->7': '0.49900000', '4->9': '0.41800000', '4->16': '0.46200000', '4->25': '0.13400000', '4->26': '0.45700000', '11->1': '0.44000000', '11->5': '0.48600000', '11->6': '0.49800000', '11->7': '0.49400000', '11->9': '0.49100000', '11->16': '0.35900000', '11->25': '0.32300000', '11->26': '0.44000000', '15->1': '0.45500000', '15->5': '0.48700000', '15->6': '0.48500000', '15->7': '0.45500000', '15->9': '0.37400000', '15->16': '0.44800000', '15->25': '0.48200000', '15->26': '0.41500000', '17->1': '0.42600000', '17->5': '0.45200000', '17->6': '0.43000000', '17->7': '0.45800000', '17->9': '0.48100000', '17->16': '0.49500000', '17->25': '0.42900000', '17->26': '0.44400000', '18->1': '0.47200000', '18->5': '0.49400000', '18->6': '0.44400000', '18->7': '0.30400000', '18->9': '0.49700000', '18->16': '0.45700000', '18->25': '0.26300000', '18->26': '0.42800000', '20->1': '0.33000000', '20->5': '0.49400000', '20->6': '0.47600000', '20->7': '0.46400000', '20->9': '0.49500000', '20->16': '0.42500000', '20->25': '0.48700000', '20->26': '0.47400000', '21->1': '0.38700000', '21->5': '0.49500000', '21->6': '0.47900000', '21->7': '0.48300000', '21->9': '0.44200000', '21->16': '0.49400000', '21->25': '0.12400000', '21->26': '0.49900000', '22->1': '0.39800000', '22->5': '0.45800000', '22->6': '0.43000000', '22->7': '0.47200000', '22->9': '0.46900000', '22->16': '0.48700000', '22->25': '0.49700000', '22->26': '0.29400000', '24->1': '0.49500000', '24->5': '0.45500000', '24->6': '0.47700000', '24->7': '0.45500000', '24->9': '0.45000000', '24->16': '0.49400000', '24->25': '0.18000000', '24->26': '0.48700000', '27->1': '0.44300000', '27->5': '0.27100000', '27->6': '0.45700000', '27->7': '0.42500000', '27->9': '0.26200000', '27->16': '0.47400000', '27->25': '0.48200000', '27->26': '0.43700000', '28->1': '0.47700000', '28->5': '0.47100000', '28->6': '0.41500000', '28->7': '0.41100000', '28->9': '0.47800000', '28->16': '0.48000000', '28->25': '0.49400000', '28->26': '0.48300000'}"
8,"(1, 5, 6, 7, 9, 16, 25, 26)",3,37,probe_repair,"[15, 50, 75, 120, 135, 145, 180, 200, 225, 245, 305, 310, 325, 340, 365]",96,[],0.04400000,0.42016667,15->26,"{'2->1': '0.48000000', '2->5': '0.50000000', '2->6': '0.46800000', '2->7': '0.48200000', '2->9': '0.23900000', '2->16': '0.37500000', '2->25': '0.49300000', '2->26': '0.41600000', '4->1': '0.37000000', '4->5': '0.41200000', '4->6': '0.38600000', '4->7': '0.43200000', '4->9': '0.48900000', '4->16': '0.18100000', '4->25': '0.49900000', '4->26': '0.43800000', '11->1': '0.45200000', '11->5': '0.22000000', '11->6': '0.46600000', '11->7': '0.38600000', '11->9': '0.44100000', '11->16': '0.46900000', '11->25': '0.43300000', '11->26': '0.49400000', '15->1': '0.45000000', '15->5': '0.47000000', '15->6': '0.43200000', '15->7': '0.48800000', '15->9': '0.46700000', '15->16': '0.44700000', '15->25': '0.49100000', '15->26': '0.04400000', '17->1': '0.44700000', '17->5': '0.48500000', '17->6': '0.41500000', '17->7': '0.48900000', '17->9': '0.48800000', '17->16': '0.49000000', '17->25': '0.47000000', '17->26': '0.07700000', '18->1': '0.47700000', '18->5': '0.46700000', '18->6': '0.42500000', '18->7': '0.43900000', '18->9': '0.30400000', '18->16': '0.44200000', '18->25': '0.46400000', '18->26': '0.40900000', '20->1': '0.49500000', '20->5': '0.16300000', '20->6': '0.35100000', '20->7': '0.41300000', '20->9': '0.40800000', '20->16': '0.49400000', '20->25': '0.44000000', '20->26': '0.47900000', '21->1': '0.32500000', '21->5': '0.32300000', '21->6': '0.38700000', '21->7': '0.40300000', '21->9': '0.42600000', '21->16': '0.48200000', '21->25': '0.49600000', '21->26': '0.45500000', '22->1': '0.46900000', '22->5': '0.49900000', '22->6': '0.49100000', '22->7': '0.47300000', '22->9': '0.22200000', '22->16': '0.47600000', '22->25': '0.49000000', '22->26': '0.48100000', '24->1': '0.44600000', '24->5': '0.44000000', '24->6': '0.31200000', '24->7': '0.45200000', '24->9': '0.49100000', '24->16': '0.43100000', '24->25': '0.23700000', '24->26': '0.49800000', '27->1': '0.47400000', '27->5': '0.49000000', '27->6': '0.47800000', '27->7': '0.49200000', '27->9': '0.22300000', '27->16': '0.42100000', '27->25': '0.29100000', '27->26': '0.48400000', '28->1': '0.46000000', '28->5': '0.47000000', '28->6': '0.41200000', '28->7': '0.48200000', '28->9': '0.26900000', '28->16': '0.44900000', '28->25': '0.48500000', '28->26': '0.41000000'}"
8,"(1, 5, 6, 7, 9, 16, 25, 26)",4,55,probe_repair,"[15, 40, 45, 95, 135, 170, 190, 200, 205, 210, 230, 245, 340, 345, 365]",96,[],0.26700000,0.45087500,21->1,"{'2->1': '0.49900000', '2->5': '0.48700000', '2->6': '0.30500000', '2->7': '0.46700000', '2->9': '0.49800000', '2->16': '0.41600000', '2->25': '0.39400000', '2->26': '0.48100000', '4->1': '0.32100000', '4->5': '0.49700000', '4->6': '0.49100000', '4->7': '0.46900000', '4->9': '0.48200000', '4->16': '0.49600000', '4->25': '0.37800000', '4->26': '0.44500000', '11->1': '0.44400000', '11->5': '0.41600000', '11->6': '0.42800000', '11->7': '0.45800000', '11->9': '0.47700000', '11->16': '0.42900000', '11->25': '0.46500000', '11->26': '0.43200000', '15->1': '0.48000000', '15->5': '0.47200000', '15->6': '0.46800000', '15->7': '0.46800000', '15->9': '0.36500000', '15->16': '0.48700000', '15->25': '0.49300000', '15->26': '0.41000000', '17->1': '0.39400000', '17->5': '0.49600000', '17->6': '0.42200000', '17->7': '0.47800000', '17->9': '0.47900000', '17->16': '0.49900000', '17->25': '0.49500000', '17->26': '0.49000000', '18->1': '0.47900000', '18->5': '0.47500000', '18->6': '0.43700000', '18->7': '0.32100000', '18->9': '0.47800000', '18->16': '0.49800000', '18->25': '0.47800000', '18->26': '0.42900000', '20->1': '0.38000000', '20->5': '0.48400000', '20->6': '0.49400000', '20->7': '0.47800000', '20->9': '0.44300000', '20->16': '0.46300000', '20->25': '0.48900000', '20->26': '0.47200000', '21->1': '0.26700000', '21->5': '0.45900000', '21->6': '0.40900000', '21->7': '0.49500000', '21->9': '0.43600000', '21->16': '0.48400000', '21->25': '0.36400000', '21->26': '0.45500000', '22->1': '0.38800000', '22->5': '0.46000000', '22->6': '0.40000000', '22->7': '0.46800000', '22->9': '0.45700000', '22->16': '0.49300000', '22->25': '0.48500000', '22->26': '0.43200000', '24->1': '0.46300000', '24->5': '0.47100000', '24->6': '0.47100000', '24->7': '0.46300000', '24->9': '0.48800000', '24->16': '0.45200000', '24->25': '0.42600000', '24->26': '0.47300000', '27->1': '0.47000000', '27->5': '0.42000000', '27->6': '0.49400000', '27->7': '0.35800000', '27->9': '0.32700000', '27->16': '0.47500000', '27->25': '0.49700000', '27->26': '0.41800000', '28->1': '0.48500000', '28->5': '0.46300000', '28->6': '0.43300000', '28->7': '0.49300000', '28->9': '0.49200000', '28->16': '0.45600000', '28->25': '0.48000000', '28->26': '0.49500000'}"
8,"(1, 5, 6, 7, 9, 16, 25, 26)",5,54,probe_repair,"[15, 40, 45, 95, 135, 170, 190, 200, 205, 210, 230, 245, 340, 345, 365]",96,[],0.29000000,0.44814583,4->1,"{'2->1': '0.48500000', '2->5': '0.46700000', '2->6': '0.41700000', '2->7': '0.47900000', '2->9': '0.48600000', '2->16': '0.45000000', '2->25': '0.39000000', '2->26': '0.46500000', '4->1': '0.29000000', '4->5': '0.49200000', '4->6': '0.40800000', '4->7': '0.49800000', '4->9': '0.44100000', '4->16': '0.47100000', '4->25': '0.39300000', '4->26': '0.48400000', '11->1': '0.45300000', '11->5': '0.34700000', '11->6': '0.41300000', '11->7': '0.48700000', '11->9': '0.48400000', '11->16': '0.40600000', '11->25': '0.44600000', '11->26': '0.45300000', '15->1': '0.45600000', '15->5': '0.43400000', '15->6': '0.45800000', '15->7': '0.49800000', '15->9': '0.40900000', '15->16': '0.49900000', '15->25': '0.46500000', '15->26': '0.38400000', '17->1': '0.33200000', '17->5': '0.48400000', '17->6': '0.40800000', '17->7': '0.47200000', '17->9': '0.45900000', '17->16': '0.45100000', '17->25': '0.48500000', '17->26': '0.49400000', '18->1': '0.45600000', '18->5': '0.47600000', '18->6': '0.47800000', '18->7': '0.30400000', '18->9': '0.49700000', '18->16': '0.48300000', '18->25': '0.44100000', '18->26': '0.47400000', '20->1': '0.35700000', '20->5': '0.43900000', '20->6': '0.47700000', '20->7': '0.49500000', '20->9': '0.49800000', '20->16': '0.44000000', '20->25': '0.48600000', '20->26': '0.48300000', '21->1': '0.33600000', '21->5': '0.42800000', '21->6': '0.48000000', '21->7': '0.49400000', '21->9': '0.43900000', '21->16': '0.49900000', '21->25': '0.29500000', '21->26': '0.41400000', '22->1': '0.44000000', '22->5': '0.44800000', '22->6': '0.48400000', '22->7': '0.48400000', '22->9': '0.47300000', '22->16': '0.46100000', '22->25': '0.49900000', '22->26': '0.35400000', '24->1': '0.49000000', '24->5': '0.47400000', '24->6': '0.41800000', '24->7': '0.49200000', '24->9': '0.48100000', '24->16': '0.42100000', '24->25': '0.46900000', '24->26': '0.47800000', '27->1': '0.45400000', '27->5': '0.34600000', '27->6': '0.45600000', '27->7': '0.41200000', '27->9': '0.32900000', '27->16': '0.46100000', '27->25': '0.49300000', '27->26': '0.44600000', '28->1': '0.48500000', '28->5': '0.48300000', '28->6': '0.44500000', '28->7': '0.45300000', '28->9': '0.49200000', '28->16': '0.48400000', '28->25': '0.48800000', '28->26': '0.46700000'}"
8,"(1, 5, 6, 7, 9, 16, 25, 26)",6,2,baseline,"[5, 30, 55, 80, 105, 130, 155, 180, 205, 230, 255, 280, 305, 330, 355]",96,[],0.12100000,0.44931250,15->5,"{'2->1': '0.42800000', '2->5': '0.46800000', '2->6': '0.49200000', '2->7': '0.46600000', '2->9': '0.45900000', '2->16': '0.46900000', '2->25': '0.41500000', '2->26': '0.28800000', '4->1': '0.46800000', '4->5': '0.49800000', '4->6': '0.36000000', '4->7': '0.44600000', '4->9': '0.49500000', '4->16': '0.46500000', '4->25': '0.47100000', '4->26': '0.49200000', '11->1': '0.49000000', '11->5': '0.47800000', '11->6': '0.48800000', '11->7': '0.49600000', '11->9': '0.38100000', '11->16': '0.44300000', '11->25': '0.45300000', '11->26': '0.47200000', '15->1': '0.41700000', '15->5': '0.12100000', '15->6': '0.49500000', '15->7': '0.45500000', '15->9': '0.48400000', '15->16': '0.47200000', '15->25': '0.46400000', '15->26': '0.43700000', '17->1': '0.46000000', '17->5': '0.47400000', '17->6': '0.46400000', '17->7': '0.43800000', '17->9': '0.48500000', '17->16': '0.42500000', '17->25': '0.49300000', '17->26': '0.25200000', '18->1': '0.47900000', '18->5': '0.48700000', '18->6': '0.49700000', '18->7': '0.47100000', '18->9': '0.48600000', '18->16': '0.44400000', '18->25': '0.48400000', '18->26': '0.47300000', '20->1': '0.49900000', '20->5': '0.48900000', '20->6': '0.45500000', '20->7': '0.48300000', '20->9': '0.45000000', '20->16': '0.48600000', '20->25': '0.49600000', '20->26': '0.47900000', '21->1': '0.48100000', '21->5': '0.37700000', '21->6': '0.49500000', '21->7': '0.49900000', '21->9': '0.39600000', '21->16': '0.45600000', '21->25': '0.45400000', '21->26': '0.31100000', '22->1': '0.39900000', '22->5': '0.46700000', '22->6': '0.31300000', '22->7': '0.46100000', '22->9': '0.49200000', '22->16': '0.48000000', '22->25': '0.47600000', '22->26': '0.46900000', '24->1': '0.49300000', '24->5': '0.48300000', '24->6': '0.46100000', '24->7': '0.43500000', '24->9': '0.46800000', '24->16': '0.48400000', '24->25': '0.45600000', '24->26': '0.33700000', '27->1': '0.30300000', '27->5': '0.48900000', '27->6': '0.49900000', '27->7': '0.49500000', '27->9': '0.49000000', '27->16': '0.42200000', '27->25': '0.33000000', '27->26': '0.46300000', '28->1': '0.44800000', '28->5': '0.47800000', '28->6': '0.44400000', '28->7': '0.49600000', '28->9': '0.46500000', '28->16': '0.32500000', '28->25': '0.47500000', '28->26': '0.49400000'}"
8,"(1, 5, 6, 7, 9, 16, 25, 26)",7,57,probe_repair,"[15, 40, 45, 95, 135, 170, 190, 200, 205, 210, 230, 245, 340, 345, 365]",96,[],0.19700000,0.44852083,21->25,"{'2->1': '0.45800000', '2->5': '0.49600000', '2->6': '0.30400000', '2->7': '0.48400000', '2->9': '0.48500000', '2->16': '0.42300000', '2->25': '0.40300000', '2->26': '0.49400000', '4->1': '0.34000000', '4->5': '0.50000000', '4->6': '0.49000000', '4->7': '0.49800000', '4->9': '0.48700000', '4->16': '0.48700000', '4->25': '0.32300000', '4->26': '0.49400000', '11->1': '0.48100000', '11->5': '0.35500000', '11->6': '0.44700000', '11->7': '0.49900000', '11->9': '0.46600000', '11->16': '0.42000000', '11->25': '0.45400000', '11->26': '0.45900000', '15->1': '0.45000000', '15->5': '0.42400000', '15->6': '0.45600000', '15->7': '0.47600000', '15->9': '0.34500000', '15->16': '0.49100000', '15->25': '0.48900000', '15->26': '0.47000000', '17->1': '0.30100000', '17->5': '0.48700000', '17->6': '0.45100000', '17->7': '0.48900000', '17->9': '0.46200000', '17->16': '0.48400000', '17->25': '0.46200000', '17->26': '0.49300000', '18->1': '0.44000000', '18->5': '0.48800000', '18->6': '0.48000000', '18->7': '0.26600000', '18->9': '0.47900000', '18->16': '0.46700000', '18->25': '0.43300000', '18->26': '0.42800000', '20->1': '0.46100000', '20->5': '0.48100000', '20->6': '0.46900000', '20->7': '0.49500000', '20->9': '0.44800000', '20->16': '0.41200000', '20->25': '0.47600000', '20->26': '0.45100000', '21->1': '0.38000000', '21->5': '0.45200000', '21->6': '0.47000000', '21->7': '0.45600000', '21->9': '0.41300000', '21->16': '0.48900000', '21->25': '0.19700000', '21->26': '0.49600000', '22->1': '0.44000000', '22->5': '0.45400000', '22->6': '0.49800000', '22->7': '0.46600000', '22->9': '0.49500000', '22->16': '0.47300000', '22->25': '0.49700000', '22->26': '0.38000000', '24->1': '0.49900000', '24->5': '0.45500000', '24->6': '0.46500000', '24->7': '0.46500000', '24->9': '0.48800000', '24->16': '0.49400000', '24->25': '0.41800000', '24->26': '0.45900000', '27->1': '0.46200000', '27->5': '0.37000000', '27->6': '0.48200000', '27->7': '0.40000000', '27->9': '0.29500000', '27->16': '0.47700000', '27->25': '0.45500000', '27->26': '0.41200000', '28->1': '0.48700000', '28->5': '0.47500000', '28->6': '0.46700000', '28->7': '0.39700000', '28->9': '0.47200000', '28->16': '0.49400000', '28->25': '0.47200000', '28->26': '0.49100000'}"
8,"(1, 5, 6, 7, 9, 16, 25, 26)",8,24,probe_repair,"[25, 40, 45, 75, 85, 110, 130, 135, 155, 160, 210, 225, 260, 325, 330]",96,[],0.23400000,0.44741667,2->26,"{'2->1': '0.45400000', '2->5': '0.41600000', '2->6': '0.45600000', '2->7': '0.46400000', '2->9': '0.47100000', '2->16': '0.35500000', '2->25': '0.44100000', '2->26': '0.23400000', '4->1': '0.47400000', '4->5': '0.44800000', '4->6': '0.47200000', '4->7': '0.36400000', '4->9': '0.48700000', '4->16': '0.37100000', '4->25': '0.49900000', '4->26': '0.40400000', '11->1': '0.47500000', '11->5': '0.49300000', '11->6': '0.48500000', '11->7': '0.44100000', '11->9': '0.43400000', '11->16': '0.48200000', '11->25': '0.48000000', '11->26': '0.44900000', '15->1': '0.36000000', '15->5': '0.44000000', '15->6': '0.47600000', '15->7': '0.49800000', '15->9': '0.46900000', '15->16': '0.46900000', '15->25': '0.48900000', '15->26': '0.49000000', '17->1': '0.37000000', '17->5': '0.44200000', '17->6': '0.47000000', '17->7': '0.49200000', '17->9': '0.45300000', '17->16': '0.40300000', '17->25': '0.44100000', '17->26': '0.48200000', '18->1': '0.39800000', '18->5': '0.49800000', '18->6': '0.48000000', '18->7': '0.48200000', '18->9': '0.47900000', '18->16': '0.45500000', '18->25': '0.37900000', '18->26': '0.41000000', '20->1': '0.36900000', '20->5': '0.49100000', '20->6': '0.47900000', '20->7': '0.47700000', '20->9': '0.47600000', '20->16': '0.45200000', '20->25': '0.45200000', '20->26': '0.48100000', '21->1': '0.43100000', '21->5': '0.49900000', '21->6': '0.46900000', '21->7': '0.42700000', '21->9': '0.49800000', '21->16': '0.45600000', '21->25': '0.44800000', '21->26': '0.48100000', '22->1': '0.48300000', '22->5': '0.45700000', '22->6': '0.38100000', '22->7': '0.44700000', '22->9': '0.49600000', '22->16': '0.39200000', '22->25': '0.47200000', '22->26': '0.49500000', '24->1': '0.44300000', '24->5': '0.48300000', '24->6': '0.40500000', '24->7': '0.47100000', '24->9': '0.44000000', '24->16': '0.37200000', '24->25': '0.48400000', '24->26': '0.46500000', '27->1': '0.48400000', '27->5': '0.45800000', '27->6': '0.49200000', '27->7': '0.48200000', '27->9': '0.46500000', '27->16': '0.37300000', '27->25': '0.47300000', '27->26': '0.30400000', '28->1': '0.39500000', '28->5': '0.49100000', '28->6': '0.29500000', '28->7': '0.46100000', '28->9': '0.48600000', '28->16': '0.45000000', '28->25': '0.47800000', '28->26': '0.41900000'}"
8,"(1, 5, 6, 7, 9, 16, 25, 26)",9,3,baseline,"[5, 30, 55, 80, 105, 130, 155, 180, 205, 230, 255, 280, 305, 330, 355]",96,[],0.08300000,0.45043750,15->5,"{'2->1': '0.40500000', '2->5': '0.48700000', '2->6': '0.48900000', '2->7': '0.48100000', '2->9': '0.46400000', '2->16': '0.48400000', '2->25': '0.43800000', '2->26': '0.28700000', '4->1': '0.49900000', '4->5': '0.48900000', '4->6': '0.39100000', '4->7': '0.49100000', '4->9': '0.49800000', '4->16': '0.46600000', '4->25': '0.46200000', '4->26': '0.48100000', '11->1': '0.39900000', '11->5': '0.48900000', '11->6': '0.46900000', '11->7': '0.49700000', '11->9': '0.36600000', '11->16': '0.36800000', '11->25': '0.49600000', '11->26': '0.49500000', '15->1': '0.42900000', '15->5': '0.08300000', '15->6': '0.46300000', '15->7': '0.47500000', '15->9': '0.50000000', '15->16': '0.49000000', '15->25': '0.49400000', '15->26': '0.45500000', '17->1': '0.43400000', '17->5': '0.49800000', '17->6': '0.47200000', '17->7': '0.46400000', '17->9': '0.46500000', '17->16': '0.41700000', '17->25': '0.46100000', '17->26': '0.18600000', '18->1': '0.49400000', '18->5': '0.44600000', '18->6': '0.49000000', '18->7': '0.49400000', '18->9': '0.49100000', '18->16': '0.47300000', '18->25': '0.47700000', '18->26': '0.46800000', '20->1': '0.47200000', '20->5': '0.47600000', '20->6': '0.49800000', '20->7': '0.46200000', '20->9': '0.48300000', '20->16': '0.48300000', '20->25': '0.47900000', '20->26': '0.45000000', '21->1': '0.48200000', '21->5': '0.38400000', '21->6': '0.45400000', '21->7': '0.49400000', '21->9': '0.39900000', '21->16': '0.47700000', '21->25': '0.44100000', '21->26': '0.41000000', '22->1': '0.46500000', '22->5': '0.49300000', '22->6': '0.39300000', '22->7': '0.49100000', '22->9': '0.47600000', '22->16': '0.48200000', '22->25': '0.49200000', '22->26': '0.43100000', '24->1': '0.48700000', '24->5': '0.49500000', '24->6': '0.46100000', '24->7': '0.40300000', '24->9': '0.46400000', '24->16': '0.47000000', '24->25': '0.45800000', '24->26': '0.33100000', '27->1': '0.27900000', '27->5': '0.49300000', '27->6': '0.47700000', '27->7': '0.47700000', '27->9': '0.47800000', '27->16': '0.42400000', '27->25': '0.29200000', '27->26': '0.48500000', '28->1': '0.46800000', '28->5': '0.46800000', '28->6': '0.47800000', '28->7': '0.48600000', '28->9': '0.48900000', '28->16': '0.37100000', '28->25': '0.44100000', '28->26': '0.49000000'}"
8,"(1, 5, 6, 7, 9, 16, 25, 26)",10,33,probe_repair,"[35, 45, 50, 60, 65, 120, 135, 140, 230, 240, 285, 300, 305, 330, 335]",96,[],0.26000000,0.45260417,20->26,"{'2->1': '0.45300000', '2->5': '0.47500000', '2->6': '0.48700000', '2->7': '0.44100000', '2->9': '0.45200000', '2->16': '0.48800000', '2->25': '0.44600000', '2->26': '0.35300000', '4->1': '0.46100000', '4->5': '0.48100000', '4->6': '0.44700000', '4->7': '0.45300000', '4->9': '0.35000000', '4->16': '0.49000000', '4->25': '0.46800000', '4->26': '0.45900000', '11->1': '0.50000000', '11->5': '0.40400000', '11->6': '0.49800000', '11->7': '0.48600000', '11->9': '0.49300000', '11->16': '0.46500000', '11->25': '0.49900000', '11->26': '0.40800000', '15->1': '0.49300000', '15->5': '0.47300000', '15->6': '0.45900000', '15->7': '0.49900000', '15->9': '0.44600000', '15->16': '0.46000000', '15->25': '0.48400000', '15->26': '0.44700000', '17->1': '0.27800000', '17->5': '0.46200000', '17->6': '0.46200000', '17->7': '0.49800000', '17->9': '0.48100000', '17->16': '0.46900000', '17->25': '0.45100000', '17->26': '0.49000000', '18->1': '0.48700000', '18->5': '0.43300000', '18->6': '0.45100000', '18->7': '0.48500000', '18->9': '0.46200000', '18->16': '0.48200000', '18->25': '0.49400000', '18->26': '0.30500000', '20->1': '0.48400000', '20->5': '0.50000000', '20->6': '0.40600000', '20->7': '0.45200000', '20->9': '0.46300000', '20->16': '0.48500000', '20->25': '0.43500000', '20->26': '0.26000000', '21->1': '0.48900000', '21->5': '0.49900000', '21->6': '0.42700000', '21->7': '0.49300000', '21->9': '0.49400000', '21->16': '0.46800000', '21->25': '0.45000000', '21->26': '0.47300000', '22->1': '0.36200000', '22->5': '0.43800000', '22->6': '0.46000000', '22->7': '0.46200000', '22->9': '0.32300000', '22->16': '0.45100000', '22->25': '0.47700000', '22->26': '0.47200000', '24->1': '0.48900000', '24->5': '0.43900000', '24->6': '0.48900000', '24->7': '0.48500000', '24->9': '0.48400000', '24->16': '0.46200000', '24->25': '0.48600000', '24->26': '0.46900000', '27->1': '0.39500000', '27->5': '0.47300000', '27->6': '0.43300000', '27->7': '0.29900000', '27->9': '0.49000000', '27->16': '0.49000000', '27->25': '0.47200000', '27->26': '0.48300000', '28->1': '0.41000000', '28->5': '0.49800000', '28->6': '0.43800000', '28->7': '0.42600000', '28->9': '0.49700000', '28->16': '0.44700000', '28->25': '0.47100000', '28->26': '0.29400000'}"
8,"(2, 4, 5, 6, 9, 11, 17, 18)",1,105,probe_repair,"[20, 65, 90, 95, 125, 170, 175, 185, 210, 225, 240, 245, 290, 310, 355]",88,[1],0.19600000,0.46270455,28->6,"{'7->2': '0.46400000', '7->4': '0.47200000', '7->5': '0.49900000', '7->6': '0.39500000', '7->9': '0.48400000', '7->11': '0.43400000', '7->17': '0.39700000', '7->18': '0.43100000', '15->2': '0.46000000', '15->4': '0.47200000', '15->5': '0.41300000', '15->6': '0.48700000', '15->9': '0.42600000', '15->11': '0.49200000', '15->17': '0.48500000', '15->18': '0.49700000', '16->2': '0.44400000', '16->4': '0.45400000', '16->5': '0.48700000', '16->6': '0.49900000', '16->9': '0.45200000', '16->11': '0.49800000', '16->17': '0.46900000', '16->18': '0.38700000', '20->2': '0.49400000', '20->4': '0.49000000', '20->5': '0.47100000', '20->6': '0.49300000', '20->9': '0.39000000', '20->11': '0.42800000', '20->17': '0.44700000', '20->18': '0.49500000', '21->2': '0.42700000', '21->4': '0.49100000', '21->5': '0.49200000', '21->6': '0.46000000', '21->9': '0.46300000', '21->11': '0.49500000', '21->17': '0.48200000', '21->18': '0.47800000', '22->2': '0.49600000', '22->4': '0.50000000', '22->5': '0.49500000', '22->6': '0.49100000', '22->9': '0.45800000', '22->11': '0.47800000', '22->17': '0.49500000', '22->18': '0.48900000', '24->2': '0.45000000', '24->4': '0.47200000', '24->5': '0.49500000', '24->6': '0.38500000', '24->9': '0.49200000', '24->11': '0.44000000', '24->17': '0.49300000', '24->18': '0.44900000', '25->2': '0.48000000', '25->4': '0.46600000', '25->5': '0.46900000', '25->6': '0.49500000', '25->9': '0.33400000', '25->11': '0.48600000', '25->17': '0.46300000', '25->18': '0.49300000', '26->2': '0.41300000', '26->4': '0.49900000', '26->5': '0.49200000', '26->6': '0.48800000', '26->9': '0.48900000', '26->11': '0.48300000', '26->17': '0.50000000', '26->18': '0.44800000', '27->2': '0.48500000', '27->4': '0.47900000', '27->5': '0.47200000', '27->6': '0.48000000', '27->9': '0.44100000', '27->11': '0.45500000', '27->17': '0.49400000', '27->18': '0.47400000', '28->2': '0.45900000', '28->4': '0.41700000', '28->5': '0.49200000', '28->6': '0.19600000', '28->9': '0.48100000', '28->11': '0.38100000', '28->17': '0.45600000', '28->18': '0.48600000'}"
8,"(2, 4, 5, 6, 9, 11, 17, 18)",2,107,probe_repair,"[20, 65, 90, 95, 125, 170, 175, 185, 210, 225, 240, 245, 290, 310, 355]",88,[1],0.19500000,0.45877273,28->6,"{'7->2': '0.47900000', '7->4': '0.38500000', '7->5': '0.47400000', '7->6': '0.42600000', '7->9': '0.48900000', '7->11': '0.48700000', '7->17': '0.37000000', '7->18': '0.48200000', '15->2': '0.48600000', '15->4': '0.47800000', '15->5': '0.41900000', '15->6': '0.47300000', '15->9': '0.36200000', '15->11': '0.48600000', '15->17': '0.46700000', '15->18': '0.49700000', '16->2': '0.48700000', '16->4': '0.38100000', '16->5': '0.49800000', '16->6': '0.45400000', '16->9': '0.41300000', '16->11': '0.43700000', '16->17': '0.49200000', '16->18': '0.44800000', '20->2': '0.46200000', '20->4': '0.45800000', '20->5': '0.48500000', '20->6': '0.45500000', '20->9': '0.49400000', '20->11': '0.48200000', '20->17': '0.48300000', '20->18': '0.47500000', '21->2': '0.36200000', '21->4': '0.48800000', '21->5': '0.48300000', '21->6': '0.49300000', '21->9': '0.49800000', '21->11': '0.48400000', '21->17': '0.49300000', '21->18': '0.49500000', '22->2': '0.44600000', '22->4': '0.48400000', '22->5': '0.47900000', '22->6': '0.47500000', '22->9': '0.45600000', '22->11': '0.47200000', '22->17': '0.49900000', '22->18': '0.46100000', '24->2': '0.48600000', '24->4': '0.43600000', '24->5': '0.45900000', '24->6': '0.31300000', '24->9': '0.46200000', '24->11': '0.46000000', '24->17': '0.49900000', '24->18': '0.49300000', '25->2': '0.46200000', '25->4': '0.47800000', '25->5': '0.47500000', '25->6': '0.46100000', '25->9': '0.30800000', '25->11': '0.47200000', '25->17': '0.49300000', '25->18': '0.49900000', '26->2': '0.49900000', '26->4': '0.46700000', '26->5': '0.46000000', '26->6': '0.47400000', '26->9': '0.47700000', '26->11': '0.44700000', '26->17': '0.48800000', '26->18': '0.46200000', '27->2': '0.44000000', '27->4': '0.45600000', '27->5': '0.39500000', '27->6': '0.49500000', '27->9': '0.40600000', '27->11': '0.49200000', '27->17': '0.48100000', '27->18': '0.49300000', '28->2': '0.48800000', '28->4': '0.44000000', '28->5': '0.48900000', '28->6': '0.19500000', '28->9': '0.48400000', '28->11': '0.38800000', '28->17': '0.47300000', '28->18': '0.49500000'}"
8,"(2, 4, 5, 6, 9, 11, 17, 18)",3,131,probe_repair,"[5, 20, 90, 165, 170, 175, 185, 200, 250, 270, 285, 300, 325, 355, 365]",88,[1],0.22800000,0.45456818,21->17,"{'7->2': '0.37500000', '7->4': '0.39300000', '7->5': '0.43600000', '7->6': '0.47400000', '7->9': '0.47500000', '7->11': '0.44900000', '7->17': '0.38600000', '7->18': '0.48200000', '15->2': '0.48100000', '15->4': '0.37900000', '15->5': '0.49200000', '15->6': '0.41000000', '15->9': '0.49500000', '15->11': '0.47700000', '15->17': '0.48000000', '15->18': '0.47600000', '16->2': '0.46500000', '16->4': '0.40100000', '16->5': '0.45000000', '16->6': '0.49800000', '16->9': '0.48100000', '16->11': '0.49700000', '16->17': '0.47000000', '16->18': '0.47800000', '20->2': '0.48300000', '20->4': '0.47300000', '20->5': '0.43200000', '20->6': '0.47000000', '20->9': '0.46100000', '20->11': '0.45500000', '20->17': '0.43200000', '20->18': '0.48600000', '21->2': '0.48900000', '21->4': '0.46500000', '21->5': '0.48600000', '21->6': '0.37600000', '21->9': '0.49300000', '21->11': '0.49700000', '21->17': '0.22800000', '21->18': '0.47000000', '22->2': '0.49100000', '22->4': '0.49700000', '22->5': '0.44800000', '22->6': '0.47000000', '22->9': '0.46300000', '22->11': '0.44100000', '22->17': '0.41200000', '22->18': '0.41400000', '24->2': '0.49400000', '24->4': '0.47400000', '24->5': '0.43300000', '24->6': '0.48300000', '24->9': '0.38000000', '24->11': '0.44200000', '24->17': '0.47500000', '24->18': '0.46700000', '25->2': '0.45200000', '25->4': '0.29400000', '25->5': '0.46900000', '25->6': '0.49300000', '25->9': '0.37000000', '25->11': '0.49200000', '25->17': '0.48900000', '25->18': '0.48700000', '26->2': '0.50000000', '26->4': '0.45600000', '26->5': '0.48700000', '26->6': '0.47300000', '26->9': '0.47600000', '26->11': '0.48400000', '26->17': '0.49300000', '26->18': '0.36700000', '27->2': '0.47800000', '27->4': '0.49200000', '27->5': '0.43700000', '27->6': '0.45300000', '27->9': '0.47400000', '27->11': '0.45800000', '27->17': '0.41100000', '27->18': '0.48700000', '28->2': '0.44700000', '28->4': '0.45900000', '28->5': '0.44000000', '28->6': '0.38600000', '28->9': '0.48500000', '28->11': '0.46700000', '28->17': '0.47600000', '28->18': '0.49000000'}"
8,"(2, 4, 5, 6, 9, 11, 17, 18)",4,42,probe_repair,"[25, 30, 65, 75, 80, 90, 115, 120, 205, 210, 215, 225, 230, 260, 285]",88,[1],0.26900000,0.46072727,28->2,"{'7->2': '0.45700000', '7->4': '0.46100000', '7->5': '0.48800000', '7->6': '0.43000000', '7->9': '0.46100000', '7->11': '0.43700000', '7->17': '0.46800000', '7->18': '0.45200000', '15->2': '0.49600000', '15->4': '0.48200000', '15->5': '0.45700000', '15->6': '0.49500000', '15->9': '0.42800000', '15->11': '0.48600000', '15->17': '0.46700000', '15->18': '0.48300000', '16->2': '0.48900000', '16->4': '0.49900000', '16->5': '0.48400000', '16->6': '0.49400000', '16->9': '0.46300000', '16->11': '0.49900000', '16->17': '0.27600000', '16->18': '0.49400000', '20->2': '0.41700000', '20->4': '0.48100000', '20->5': '0.49000000', '20->6': '0.46400000', '20->9': '0.49100000', '20->11': '0.49900000', '20->17': '0.45400000', '20->18': '0.46000000', '21->2': '0.47500000', '21->4': '0.46500000', '21->5': '0.44200000', '21->6': '0.44800000', '21->9': '0.47100000', '21->11': '0.45900000', '21->17': '0.49800000', '21->18': '0.34600000', '22->2': '0.49500000', '22->4': '0.49900000', '22->5': '0.47400000', '22->6': '0.45000000', '22->9': '0.31300000', '22->11': '0.35700000', '22->17': '0.33000000', '22->18': '0.49800000', '24->2': '0.49200000', '24->4': '0.50000000', '24->5': '0.46300000', '24->6': '0.44300000', '24->9': '0.46800000', '24->11': '0.49400000', '24->17': '0.43300000', '24->18': '0.48300000', '25->2': '0.43900000', '25->4': '0.48900000', '25->5': '0.47600000', '25->6': '0.46000000', '25->9': '0.48700000', '25->11': '0.49700000', '25->17': '0.34000000', '25->18': '0.49200000', '26->2': '0.44300000', '26->4': '0.46500000', '26->5': '0.43000000', '26->6': '0.49800000', '26->9': '0.42100000', '26->11': '0.49900000', '26->17': '0.47600000', '26->18': '0.48200000', '27->2': '0.49500000', '27->4': '0.45900000', '27->5': '0.49600000', '27->6': '0.44600000', '27->9': '0.48300000', '27->11': '0.48500000', '27->17': '0.46800000', '27->18': '0.47600000', '28->2': '0.26900000', '28->4': '0.49500000', '28->5': '0.47400000', '28->6': '0.46000000', '28->9': '0.47300000', '28->11': '0.49900000', '28->17': '0.47400000', '28->18': '0.50000000'}"
8,"(2, 4, 5, 6, 9, 11, 17, 18)",5,66,probe_repair,"[25, 65, 85, 105, 145, 155, 175, 185, 215, 230, 255, 310, 315, 345, 365]",88,[1],0.23300000,0.44988636,24->18,"{'7->2': '0.29200000', '7->4': '0.48800000', '7->5': '0.48900000', '7->6': '0.44300000', '7->9': '0.48800000', '7->11': '0.47200000', '7->17': '0.42700000', '7->18': '0.25900000', '15->2': '0.36300000', '15->4': '0.45100000', '15->5': '0.45200000', '15->6': '0.49800000', '15->9': '0.44700000', '15->11': '0.48700000', '15->17': '0.49200000', '15->18': '0.49400000', '16->2': '0.48900000', '16->4': '0.44100000', '16->5': '0.47200000', '16->6': '0.31000000', '16->9': '0.45700000', '16->11': '0.37900000', '16->17': '0.44600000', '16->18': '0.46800000', '20->2': '0.46300000', '20->4': '0.46500000', '20->5': '0.39200000', '20->6': '0.48800000', '20->9': '0.46700000', '20->11': '0.47900000', '20->17': '0.49000000', '20->18': '0.47000000', '21->2': '0.46600000', '21->4': '0.44800000', '21->5': '0.47500000', '21->6': '0.47100000', '21->9': '0.45800000', '21->11': '0.47600000', '21->17': '0.40900000', '21->18': '0.45900000', '22->2': '0.48100000', '22->4': '0.49100000', '22->5': '0.45600000', '22->6': '0.48400000', '22->9': '0.46700000', '22->11': '0.26700000', '22->17': '0.45800000', '22->18': '0.47200000', '24->2': '0.49200000', '24->4': '0.47800000', '24->5': '0.47900000', '24->6': '0.44700000', '24->9': '0.47400000', '24->11': '0.44600000', '24->17': '0.47300000', '24->18': '0.23300000', '25->2': '0.47200000', '25->4': '0.50000000', '25->5': '0.42500000', '25->6': '0.48100000', '25->9': '0.49800000', '25->11': '0.48600000', '25->17': '0.49700000', '25->18': '0.49100000', '26->2': '0.47900000', '26->4': '0.48100000', '26->5': '0.49800000', '26->6': '0.49600000', '26->9': '0.49100000', '26->11': '0.47700000', '26->17': '0.41400000', '26->18': '0.34200000', '27->2': '0.48800000', '27->4': '0.49000000', '27->5': '0.46900000', '27->6': '0.43900000', '27->9': '0.47800000', '27->11': '0.25200000', '27->17': '0.49300000', '27->18': '0.48500000', '28->2': '0.48600000', '28->4': '0.24200000', '28->5': '0.47100000', '28->6': '0.47700000', '28->9': '0.48600000', '28->11': '0.38000000', '28->17': '0.49500000', '28->18': '0.45300000'}"
8,"(2, 4, 5, 6, 9, 11, 17, 18)",6,101,probe_repair,"[20, 65, 90, 95, 125, 170, 175, 185, 210, 225, 240, 245, 290, 310, 355]",88,[1],0.22100000,0.44820455,21->2,"{'7->2': '0.46800000', '7->4': '0.41400000', '7->5': '0.48900000', '7->6': '0.43300000', '7->9': '0.46600000', '7->11': '0.42600000', '7->17': '0.44500000', '7->18': '0.47900000', '15->2': '0.46500000', '15->4': '0.48300000', '15->5': '0.30000000', '15->6': '0.47000000', '15->9': '0.24900000', '15->11': '0.46900000', '15->17': '0.48800000', '15->18': '0.49600000', '16->2': '0.48700000', '16->4': '0.48500000', '16->5': '0.47200000', '16->6': '0.48600000', '16->9': '0.33700000', '16->11': '0.48300000', '16->17': '0.46200000', '16->18': '0.42400000', '20->2': '0.40200000', '20->4': '0.49000000', '20->5': '0.49500000', '20->6': '0.44900000', '20->9': '0.47600000', '20->11': '0.42200000', '20->17': '0.44900000', '20->18': '0.44300000', '21->2': '0.22100000', '21->4': '0.36100000', '21->5': '0.45800000', '21->6': '0.49800000', '21->9': '0.48700000', '21->11': '0.44900000', '21->17': '0.47200000', '21->18': '0.49200000', '22->2': '0.37800000', '22->4': '0.49000000', '22->5': '0.45500000', '22->6': '0.49500000', '22->9': '0.47600000', '22->11': '0.48400000', '22->17': '0.44300000', '22->18': '0.49300000', '24->2': '0.41400000', '24->4': '0.45600000', '24->5': '0.45500000', '24->6': '0.32300000', '24->9': '0.48200000', '24->11': '0.48000000', '24->17': '0.48500000', '24->18': '0.32700000', '25->2': '0.49100000', '25->4': '0.48500000', '25->5': '0.47400000', '25->6': '0.46000000', '25->9': '0.45300000', '25->11': '0.49100000', '25->17': '0.47400000', '25->18': '0.49400000', '26->2': '0.43400000', '26->4': '0.49800000', '26->5': '0.48500000', '26->6': '0.49700000', '26->9': '0.47600000', '26->11': '0.42200000', '26->17': '0.49500000', '26->18': '0.45100000', '27->2': '0.44700000', '27->4': '0.43900000', '27->5': '0.38000000', '27->6': '0.48400000', '27->9': '0.38300000', '27->11': '0.49900000', '27->17': '0.49600000', '27->18': '0.50000000', '28->2': '0.47300000', '28->4': '0.47300000', '28->5': '0.48400000', '28->6': '0.25000000', '28->9': '0.48100000', '28->11': '0.24900000', '28->17': '0.45400000', '28->18': '0.49400000'}"
8,"(2, 4, 5, 6, 9, 11, 17, 18)",7,106,probe_repair,"[20, 65, 90, 95, 125, 170, 175, 185, 210, 225, 240, 245, 290, 310, 355]",88,[1],0.20300000,0.45427273,28->6,"{'7->2': '0.44700000', '7->4': '0.49700000', '7->5': '0.48400000', '7->6': '0.45200000', '7->9': '0.40300000', '7->11': '0.45500000', '7->17': '0.36800000', '7->18': '0.48000000', '15->2': '0.41200000', '15->4': '0.48400000', '15->5': '0.38900000', '15->6': '0.49900000', '15->9': '0.25800000', '15->11': '0.45000000', '15->17': '0.46500000', '15->18': '0.48700000', '16->2': '0.49800000', '16->4': '0.49200000', '16->5': '0.47300000', '16->6': '0.43100000', '16->9': '0.42000000', '16->11': '0.43400000', '16->17': '0.47300000', '16->18': '0.32100000', '20->2': '0.41200000', '20->4': '0.49600000', '20->5': '0.41300000', '20->6': '0.48900000', '20->9': '0.49400000', '20->11': '0.45000000', '20->17': '0.46100000', '20->18': '0.46300000', '21->2': '0.38700000', '21->4': '0.47500000', '21->5': '0.48600000', '21->6': '0.49000000', '21->9': '0.48500000', '21->11': '0.47300000', '21->17': '0.48200000', '21->18': '0.48400000', '22->2': '0.43000000', '22->4': '0.44200000', '22->5': '0.49900000', '22->6': '0.46700000', '22->9': '0.49600000', '22->11': '0.48600000', '22->17': '0.48100000', '22->18': '0.48100000', '24->2': '0.47600000', '24->4': '0.44200000', '24->5': '0.49700000', '24->6': '0.43500000', '24->9': '0.43800000', '24->11': '0.45600000', '24->17': '0.47300000', '24->18': '0.49500000', '25->2': '0.44100000', '25->4': '0.45500000', '25->5': '0.43400000', '25->6': '0.43000000', '25->9': '0.36300000', '25->11': '0.48500000', '25->17': '0.48000000', '25->18': '0.50000000', '26->2': '0.35100000', '26->4': '0.49100000', '26->5': '0.48600000', '26->6': '0.49200000', '26->9': '0.48100000', '26->11': '0.48900000', '26->17': '0.49600000', '26->18': '0.46000000', '27->2': '0.49500000', '27->4': '0.43100000', '27->5': '0.46600000', '27->6': '0.46800000', '27->9': '0.44100000', '27->11': '0.47500000', '27->17': '0.48800000', '27->18': '0.49200000', '28->2': '0.49000000', '28->4': '0.43000000', '28->5': '0.47700000', '28->6': '0.20300000', '28->9': '0.49200000', '28->11': '0.32400000', '28->17': '0.49300000', '28->18': '0.47100000'}"
8,"(2, 4, 5, 6, 9, 11, 17, 18)",8,69,probe_repair,"[30, 55, 85, 95, 160, 165, 205, 220, 255, 260, 265, 295, 300, 330, 340]",88,[1],0.26300000,0.44904545,22->6,"{'7->2': '0.30900000', '7->4': '0.43700000', '7->5': '0.49600000', '7->6': '0.45800000', '7->9': '0.43300000', '7->11': '0.42100000', '7->17': '0.43000000', '7->18': '0.47000000', '15->2': '0.48800000', '15->4': '0.49600000', '15->5': '0.48300000', '15->6': '0.49900000', '15->9': '0.49400000', '15->11': '0.36000000', '15->17': '0.43300000', '15->18': '0.40100000', '16->2': '0.47200000', '16->4': '0.46600000', '16->5': '0.42700000', '16->6': '0.43300000', '16->9': '0.45800000', '16->11': '0.49800000', '16->17': '0.49500000', '16->18': '0.49700000', '20->2': '0.48400000', '20->4': '0.47400000', '20->5': '0.45700000', '20->6': '0.43500000', '20->9': '0.48400000', '20->11': '0.46200000', '20->17': '0.38700000', '20->18': '0.49500000', '21->2': '0.32800000', '21->4': '0.48200000', '21->5': '0.43300000', '21->6': '0.46100000', '21->9': '0.49600000', '21->11': '0.38800000', '21->17': '0.46300000', '21->18': '0.38900000', '22->2': '0.44000000', '22->4': '0.49800000', '22->5': '0.44700000', '22->6': '0.26300000', '22->9': '0.47200000', '22->11': '0.45800000', '22->17': '0.49300000', '22->18': '0.49300000', '24->2': '0.40900000', '24->4': '0.48700000', '24->5': '0.46400000', '24->6': '0.40800000', '24->9': '0.46900000', '24->11': '0.49100000', '24->17': '0.49400000', '24->18': '0.45400000', '25->2': '0.44400000', '25->4': '0.46200000', '25->5': '0.48100000', '25->6': '0.45700000', '25->9': '0.47400000', '25->11': '0.47600000', '25->17': '0.31900000', '25->18': '0.46100000', '26->2': '0.43300000', '26->4': '0.40900000', '26->5': '0.48200000', '26->6': '0.46000000', '26->9': '0.42900000', '26->11': '0.39900000', '26->17': '0.31000000', '26->18': '0.47200000', '27->2': '0.47000000', '27->4': '0.48400000', '27->5': '0.48500000', '27->6': '0.48900000', '27->9': '0.49400000', '27->11': '0.32200000', '27->17': '0.44700000', '27->18': '0.46900000', '28->2': '0.47900000', '28->4': '0.46700000', '28->5': '0.42600000', '28->6': '0.49600000', '28->9': '0.49900000', '28->11': '0.47500000', '28->17': '0.47000000', '28->18': '0.36400000'}"
8,"(2, 4, 5, 6, 9, 11, 17, 18)",9,29,probe_repair,"[45, 50, 95, 105, 135, 145, 155, 175, 185, 200, 215, 225, 280, 285, 290]",88,[1],0.24100000,0.44002273,25->18,"{'7->2': '0.46300000', '7->4': '0.43300000', '7->5': '0.48800000', '7->6': '0.49000000', '7->9': '0.42900000', '7->11': '0.47300000', '7->17': '0.24400000', '7->18': '0.41600000', '15->2': '0.24200000', '15->4': '0.43800000', '15->5': '0.46900000', '15->6': '0.41300000', '15->9': '0.47000000', '15->11': '0.34000000', '15->17': '0.49700000', '15->18': '0.40100000', '16->2': '0.49700000', '16->4': '0.47900000', '16->5': '0.33600000', '16->6': '0.49400000', '16->9': '0.45100000', '16->11': '0.42300000', '16->17': '0.45200000', '16->18': '0.47400000', '20->2': '0.40800000', '20->4': '0.46600000', '20->5': '0.48700000', '20->6': '0.44900000', '20->9': '0.49600000', '20->11': '0.39000000', '20->17': '0.44300000', '20->18': '0.48300000', '21->2': '0.45200000', '21->4': '0.43000000', '21->5': '0.41900000', '21->6': '0.44300000', '21->9': '0.37000000', '21->11': '0.41600000', '21->17': '0.45900000', '21->18': '0.39700000', '22->2': '0.46100000', '22->4': '0.46900000', '22->5': '0.48200000', '22->6': '0.39400000', '22->9': '0.41500000', '22->11': '0.44100000', '22->17': '0.48400000', '22->18': '0.43200000', '24->2': '0.44400000', '24->4': '0.46600000', '24->5': '0.33100000', '24->6': '0.37300000', '24->9': '0.41000000', '24->11': '0.41800000', '24->17': '0.38700000', '24->18': '0.48700000', '25->2': '0.49200000', '25->4': '0.45800000', '25->5': '0.48900000', '25->6': '0.48300000', '25->9': '0.45000000', '25->11': '0.48000000', '25->17': '0.45100000', '25->18': '0.24100000', '26->2': '0.44400000', '26->4': '0.45800000', '26->5': '0.47900000', '26->6': '0.48500000', '26->9': '0.49800000', '26->11': '0.40800000', '26->17': '0.48900000', '26->18': '0.42100000', '27->2': '0.49000000', '27->4': '0.42600000', '27->5': '0.49900000', '27->6': '0.44300000', '27->9': '0.50000000', '27->11': '0.45200000', '27->17': '0.42100000', '27->18': '0.44900000', '28->2': '0.46900000', '28->4': '0.49100000', '28->5': '0.48200000', '28->6': '0.45800000', '28->9': '0.33900000', '28->11': '0.43100000', '28->17': '0.47000000', '28->18': '0.46200000'}"
8,"(2, 4, 5, 6, 9, 11, 17, 18)",10,103,probe_repair,"[20, 65, 90, 95, 125, 170, 175, 185, 210, 225, 240, 245, 290, 310, 355]",88,[1],0.22500000,0.45586364,28->6,"{'7->2': '0.49600000', '7->4': '0.38800000', '7->5': '0.49700000', '7->6': '0.48300000', '7->9': '0.45000000', '7->11': '0.48800000', '7->17': '0.40500000', '7->18': '0.49700000', '15->2': '0.46600000', '15->4': '0.46400000', '15->5': '0.36300000', '15->6': '0.49900000', '15->9': '0.35200000', '15->11': '0.49600000', '15->17': '0.46300000', '15->18': '0.49700000', '16->2': '0.49100000', '16->4': '0.48300000', '16->5': '0.47600000', '16->6': '0.48800000', '16->9': '0.44100000', '16->11': '0.46700000', '16->17': '0.48000000', '16->18': '0.40800000', '20->2': '0.45700000', '20->4': '0.45500000', '20->5': '0.49400000', '20->6': '0.46400000', '20->9': '0.42500000', '20->11': '0.44500000', '20->17': '0.47800000', '20->18': '0.44800000', '21->2': '0.26100000', '21->4': '0.46300000', '21->5': '0.49200000', '21->6': '0.45000000', '21->9': '0.49500000', '21->11': '0.43900000', '21->17': '0.45000000', '21->18': '0.50000000', '22->2': '0.44200000', '22->4': '0.48200000', '22->5': '0.43900000', '22->6': '0.47900000', '22->9': '0.47800000', '22->11': '0.49600000', '22->17': '0.46900000', '22->18': '0.49300000', '24->2': '0.49500000', '24->4': '0.45900000', '24->5': '0.47400000', '24->6': '0.42400000', '24->9': '0.48300000', '24->11': '0.46300000', '24->17': '0.48000000', '24->18': '0.45000000', '25->2': '0.49400000', '25->4': '0.46400000', '25->5': '0.45300000', '25->6': '0.47900000', '25->9': '0.30200000', '25->11': '0.46800000', '25->17': '0.47100000', '25->18': '0.46900000', '26->2': '0.45800000', '26->4': '0.46200000', '26->5': '0.48900000', '26->6': '0.49300000', '26->9': '0.48400000', '26->11': '0.48600000', '26->17': '0.49500000', '26->18': '0.39900000', '27->2': '0.48100000', '27->4': '0.42300000', '27->5': '0.42800000', '27->6': '0.46800000', '27->9': '0.39500000', '27->11': '0.48500000', '27->17': '0.48000000', '27->18': '0.47200000', '28->2': '0.47800000', '28->4': '0.44800000', '28->5': '0.46900000', '28->6': '0.22500000', '28->9': '0.46400000', '28->11': '0.38200000', '28->17': '0.44500000', '28->18': '0.44700000'}"
8,"(1, 2, 5, 6, 7, 15, 20, 21)",1,44,probe_repair,"[60, 80, 85, 100, 110, 120, 210, 230, 235, 280, 285, 295, 345, 355, 360]",96,[],0.17100000,0.44737500,9->2,"{'4->1': '0.45900000', '4->2': '0.49100000', '4->5': '0.43400000', '4->6': '0.48500000', '4->7': '0.49000000', '4->15': '0.47500000', '4->20': '0.47800000', '4->21': '0.47100000', '9->1': '0.44500000', '9->2': '0.17100000', '9->5': '0.49200000', '9->6': '0.42100000', '9->7': '0.47000000', '9->15': '0.48300000', '9->20': '0.49000000', '9->21': '0.48900000', '11->1': '0.47500000', '11->2': '0.48100000', '11->5': '0.47600000', '11->6': '0.44100000', '11->7': '0.48600000', '11->15': '0.46100000', '11->20': '0.34400000', '11->21': '0.45900000', '16->1': '0.45900000', '16->2': '0.49500000', '16->5': '0.47400000', '16->6': '0.41100000', '16->7': '0.41800000', '16->15': '0.45500000', '16->20': '0.46400000', '16->21': '0.33700000', '17->1': '0.31000000', '17->2': '0.46600000', '17->5': '0.44900000', '17->6': '0.49800000', '17->7': '0.47700000', '17->15': '0.49800000', '17->20': '0.47300000', '17->21': '0.47600000', '18->1': '0.49100000', '18->2': '0.45700000', '18->5': '0.47400000', '18->6': '0.34300000', '18->7': '0.42400000', '18->15': '0.48500000', '18->20': '0.37000000', '18->21': '0.42900000', '22->1': '0.46800000', '22->2': '0.48400000', '22->5': '0.46500000', '22->6': '0.39800000', '22->7': '0.46300000', '22->15': '0.43800000', '22->20': '0.45100000', '22->21': '0.48800000', '24->1': '0.41700000', '24->2': '0.48500000', '24->5': '0.46600000', '24->6': '0.33100000', '24->7': '0.43200000', '24->15': '0.49500000', '24->20': '0.44800000', '24->21': '0.48700000', '25->1': '0.43900000', '25->2': '0.21700000', '25->5': '0.48400000', '25->6': '0.49900000', '25->7': '0.41800000', '25->15': '0.46700000', '25->20': '0.43600000', '25->21': '0.46300000', '26->1': '0.47100000', '26->2': '0.40700000', '26->5': '0.46800000', '26->6': '0.45900000', '26->7': '0.36800000', '26->15': '0.47100000', '26->20': '0.49800000', '26->21': '0.49500000', '27->1': '0.37500000', '27->2': '0.48300000', '27->5': '0.48000000', '27->6': '0.47900000', '27->7': '0.38600000', '27->15': '0.49500000', '27->20': '0.44400000', '27->21': '0.49700000', '28->1': '0.37700000', '28->2': '0.40100000', '28->5': '0.45800000', '28->6': '0.49500000', '28->7': '0.45200000', '28->15': '0.47700000', '28->20': '0.43600000', '28->21': '0.43700000'}"
8,"(1, 2, 5, 6, 7, 15, 20, 21)",2,29,probe_repair,"[35, 55, 125, 130, 145, 150, 155, 180, 225, 245, 260, 265, 295, 325, 355]",96,[],0.04000000,0.44114583,28->21,"{'4->1': '0.26300000', '4->2': '0.43100000', '4->5': '0.43400000', '4->6': '0.47700000', '4->7': '0.46200000', '4->15': '0.49700000', '4->20': '0.45200000', '4->21': '0.48700000', '9->1': '0.46900000', '9->2': '0.42900000', '9->5': '0.48200000', '9->6': '0.44500000', '9->7': '0.49800000', '9->15': '0.45100000', '9->20': '0.49600000', '9->21': '0.42900000', '11->1': '0.48900000', '11->2': '0.36900000', '11->5': '0.45000000', '11->6': '0.48100000', '11->7': '0.18400000', '11->15': '0.46900000', '11->20': '0.43400000', '11->21': '0.45900000', '16->1': '0.47700000', '16->2': '0.46700000', '16->5': '0.47600000', '16->6': '0.48500000', '16->7': '0.48000000', '16->15': '0.45300000', '16->20': '0.37600000', '16->21': '0.48500000', '17->1': '0.30800000', '17->2': '0.48200000', '17->5': '0.48500000', '17->6': '0.49800000', '17->7': '0.46100000', '17->15': '0.35200000', '17->20': '0.46100000', '17->21': '0.40600000', '18->1': '0.38800000', '18->2': '0.47800000', '18->5': '0.38500000', '18->6': '0.44800000', '18->7': '0.47700000', '18->15': '0.50000000', '18->20': '0.46100000', '18->21': '0.48200000', '22->1': '0.45000000', '22->2': '0.35200000', '22->5': '0.47100000', '22->6': '0.47200000', '22->7': '0.38900000', '22->15': '0.47400000', '22->20': '0.48900000', '22->21': '0.47400000', '24->1': '0.43600000', '24->2': '0.49200000', '24->5': '0.45300000', '24->6': '0.48800000', '24->7': '0.33100000', '24->15': '0.43000000', '24->20': '0.48300000', '24->21': '0.40200000', '25->1': '0.34900000', '25->2': '0.39500000', '25->5': '0.47400000', '25->6': '0.49100000', '25->7': '0.49200000', '25->15': '0.46100000', '25->20': '0.44200000', '25->21': '0.48500000', '26->1': '0.46300000', '26->2': '0.49100000', '26->5': '0.37200000', '26->6': '0.47700000', '26->7': '0.47400000', '26->15': '0.13700000', '26->20': '0.40400000', '26->21': '0.48900000', '27->1': '0.48200000', '27->2': '0.38200000', '27->5': '0.49700000', '27->6': '0.41200000', '27->7': '0.49700000', '27->15': '0.44800000', '27->20': '0.49500000', '27->21': '0.47000000', '28->1': '0.46000000', '28->2': '0.48400000', '28->5': '0.49500000', '28->6': '0.43600000', '28->7': '0.48900000', '28->15': '0.48000000', '28->20': '0.49300000', '28->21': '0.04000000'}"
8,"(1, 2, 5, 6, 7, 15, 20, 21)",3,5,baseline,"[5, 30, 55, 80, 105, 130, 155, 180, 205, 230, 255, 280, 305, 330, 355]",96,[],0.19400000,0.45216667,24->2,"{'4->1': '0.48800000', '4->2': '0.41000000', '4->5': '0.47900000', '4->6': '0.42600000', '4->7': '0.49100000', '4->15': '0.43600000', '4->20': '0.42900000', '4->21': '0.39000000', '9->1': '0.46900000', '9->2': '0.48500000', '9->5': '0.46000000', '9->6': '0.46900000', '9->7': '0.33600000', '9->15': '0.48100000', '9->20': '0.46200000', '9->21': '0.42100000', '11->1': '0.40000000', '11->2': '0.45800000', '11->5': '0.47500000', '11->6': '0.46800000', '11->7': '0.48100000', '11->15': '0.46600000', '11->20': '0.46500000', '11->21': '0.49000000', '16->1': '0.49200000', '16->2': '0.48800000', '16->5': '0.48500000', '16->6': '0.45200000', '16->7': '0.44500000', '16->15': '0.46800000', '16->20': '0.49100000', '16->21': '0.49600000', '17->1': '0.40500000', '17->2': '0.43700000', '17->5': '0.46600000', '17->6': '0.47100000', '17->7': '0.47800000', '17->15': '0.40500000', '17->20': '0.46200000', '17->21': '0.43500000', '18->1': '0.49500000', '18->2': '0.46700000', '18->5': '0.49200000', '18->6': '0.48900000', '18->7': '0.47600000', '18->15': '0.47500000', '18->20': '0.24400000', '18->21': '0.48100000', '22->1': '0.49800000', '22->2': '0.45400000', '22->5': '0.48900000', '22->6': '0.41200000', '22->7': '0.49100000', '22->15': '0.38600000', '22->20': '0.49900000', '22->21': '0.48200000', '24->1': '0.45200000', '24->2': '0.19400000', '24->5': '0.46700000', '24->6': '0.47800000', '24->7': '0.41900000', '24->15': '0.43600000', '24->20': '0.45300000', '24->21': '0.48200000', '25->1': '0.45700000', '25->2': '0.39300000', '25->5': '0.48800000', '25->6': '0.48100000', '25->7': '0.49800000', '25->15': '0.49900000', '25->20': '0.47000000', '25->21': '0.46500000', '26->1': '0.48500000', '26->2': '0.37700000', '26->5': '0.49000000', '26->6': '0.47900000', '26->7': '0.45400000', '26->15': '0.43500000', '26->20': '0.46000000', '26->21': '0.36700000', '27->1': '0.27100000', '27->2': '0.34900000', '27->5': '0.48400000', '27->6': '0.49700000', '27->7': '0.49800000', '27->15': '0.46500000', '27->20': '0.43200000', '27->21': '0.49100000', '28->1': '0.48200000', '28->2': '0.45800000', '28->5': '0.46300000', '28->6': '0.44000000', '28->7': '0.41300000', '28->15': '0.47600000', '28->20': '0.47900000', '28->21': '0.49000000'}"
8,"(1, 2, 5, 6, 7, 15, 20, 21)",4,43,probe_repair,"[60, 80, 85, 100, 110, 120, 210, 230, 235, 280, 285, 295, 345, 355, 360]",96,[],0.20700000,0.45129167,9->2,"{'4->1': '0.49300000', '4->2': '0.48900000', '4->5': '0.46800000', '4->6': '0.48500000', '4->7': '0.46400000', '4->15': '0.48900000', '4->20': '0.46800000', '4->21': '0.43900000', '9->1': '0.45900000', '9->2': '0.20700000', '9->5': '0.47200000', '9->6': '0.45700000', '9->7': '0.46800000', '9->15': '0.45900000', '9->20': '0.49000000', '9->21': '0.45900000', '11->1': '0.43100000', '11->2': '0.47300000', '11->5': '0.47800000', '11->6': '0.49700000', '11->7': '0.49200000', '11->15': '0.48300000', '11->20': '0.33000000', '11->21': '0.45500000', '16->1': '0.46100000', '16->2': '0.46700000', '16->5': '0.45400000', '16->6': '0.27900000', '16->7': '0.41800000', '16->15': '0.47300000', '16->20': '0.49800000', '16->21': '0.34700000', '17->1': '0.35200000', '17->2': '0.47600000', '17->5': '0.43500000', '17->6': '0.49600000', '17->7': '0.47900000', '17->15': '0.44000000', '17->20': '0.46100000', '17->21': '0.42200000', '18->1': '0.49900000', '18->2': '0.41500000', '18->5': '0.49000000', '18->6': '0.43900000', '18->7': '0.48000000', '18->15': '0.49900000', '18->20': '0.49600000', '18->21': '0.46500000', '22->1': '0.49900000', '22->2': '0.47300000', '22->5': '0.35400000', '22->6': '0.26900000', '22->7': '0.44800000', '22->15': '0.42500000', '22->20': '0.49800000', '22->21': '0.49900000', '24->1': '0.47300000', '24->2': '0.47900000', '24->5': '0.48600000', '24->6': '0.39900000', '24->7': '0.47800000', '24->15': '0.48300000', '24->20': '0.45800000', '24->21': '0.49500000', '25->1': '0.49900000', '25->2': '0.26100000', '25->5': '0.45800000', '25->6': '0.47100000', '25->7': '0.42800000', '25->15': '0.47700000', '25->20': '0.40000000', '25->21': '0.49300000', '26->1': '0.41900000', '26->2': '0.45300000', '26->5': '0.46200000', '26->6': '0.43500000', '26->7': '0.45400000', '26->15': '0.41900000', '26->20': '0.49200000', '26->21': '0.49700000', '27->1': '0.40400000', '27->2': '0.47600000', '27->5': '0.47300000', '27->6': '0.46200000', '27->7': '0.45700000', '27->15': '0.48200000', '27->20': '0.44500000', '27->21': '0.46600000', '28->1': '0.40100000', '28->2': '0.47500000', '28->5': '0.47000000', '28->6': '0.49100000', '28->7': '0.43800000', '28->15': '0.49900000', '28->20': '0.45000000', '28->21': '0.45500000'}"
8,"(1, 2, 5, 6, 7, 15, 20, 21)",5,28,probe_repair,"[35, 65, 90, 105, 120, 155, 160, 200, 225, 240, 245, 295, 310, 345, 355]",96,[],0.19900000,0.44612500,4->21,"{'4->1': '0.41700000', '4->2': '0.49500000', '4->5': '0.50000000', '4->6': '0.46700000', '4->7': '0.48200000', '4->15': '0.42500000', '4->20': '0.47400000', '4->21': '0.19900000', '9->1': '0.48600000', '9->2': '0.42000000', '9->5': '0.48300000', '9->6': '0.47600000', '9->7': '0.45900000', '9->15': '0.21400000', '9->20': '0.47900000', '9->21': '0.48000000', '11->1': '0.47400000', '11->2': '0.31800000', '11->5': '0.44900000', '11->6': '0.45400000', '11->7': '0.49900000', '11->15': '0.42000000', '11->20': '0.48900000', '11->21': '0.48600000', '16->1': '0.46100000', '16->2': '0.45900000', '16->5': '0.32000000', '16->6': '0.47900000', '16->7': '0.45000000', '16->15': '0.49700000', '16->20': '0.48000000', '16->21': '0.46300000', '17->1': '0.46900000', '17->2': '0.41500000', '17->5': '0.38200000', '17->6': '0.41500000', '17->7': '0.46800000', '17->15': '0.41500000', '17->20': '0.42200000', '17->21': '0.48500000', '18->1': '0.46100000', '18->2': '0.46100000', '18->5': '0.48600000', '18->6': '0.49900000', '18->7': '0.46200000', '18->15': '0.43700000', '18->20': '0.49200000', '18->21': '0.47300000', '22->1': '0.45300000', '22->2': '0.36100000', '22->5': '0.48400000', '22->6': '0.48100000', '22->7': '0.40000000', '22->15': '0.42500000', '22->20': '0.49200000', '22->21': '0.49100000', '24->1': '0.48200000', '24->2': '0.48000000', '24->5': '0.43100000', '24->6': '0.45000000', '24->7': '0.48900000', '24->15': '0.50000000', '24->20': '0.46100000', '24->21': '0.48000000', '25->1': '0.40000000', '25->2': '0.49400000', '25->5': '0.48500000', '25->6': '0.44800000', '25->7': '0.44500000', '25->15': '0.47000000', '25->20': '0.47900000', '25->21': '0.48600000', '26->1': '0.48500000', '26->2': '0.33900000', '26->5': '0.47800000', '26->6': '0.47900000', '26->7': '0.47400000', '26->15': '0.48900000', '26->20': '0.42600000', '26->21': '0.47100000', '27->1': '0.25900000', '27->2': '0.47700000', '27->5': '0.48000000', '27->6': '0.44300000', '27->7': '0.45600000', '27->15': '0.46700000', '27->20': '0.36600000', '27->21': '0.46900000', '28->1': '0.47800000', '28->2': '0.27200000', '28->5': '0.31700000', '28->6': '0.48200000', '28->7': '0.42100000', '28->15': '0.40400000', '28->20': '0.47300000', '28->21': '0.46000000'}"
8,"(1, 2, 5, 6, 7, 15, 20, 21)",6,14,baseline,"[5, 30, 55, 80, 105, 130, 155, 180, 205, 230, 255, 280, 305, 330, 355]",96,[],0.21800000,0.45083333,24->2,"{'4->1': '0.49100000', '4->2': '0.46100000', '4->5': '0.49800000', '4->6': '0.44300000', '4->7': '0.48600000', '4->15': '0.42100000', '4->20': '0.48000000', '4->21': '0.42500000', '9->1': '0.46800000', '9->2': '0.47600000', '9->5': '0.44500000', '9->6': '0.47200000', '9->7': '0.47500000', '9->15': '0.46000000', '9->20': '0.49700000', '9->21': '0.44200000', '11->1': '0.46300000', '11->2': '0.49700000', '11->5': '0.48400000', '11->6': '0.45100000', '11->7': '0.48200000', '11->15': '0.49100000', '11->20': '0.45400000', '11->21': '0.49100000', '16->1': '0.48500000', '16->2': '0.49100000', '16->5': '0.48600000', '16->6': '0.47500000', '16->7': '0.46200000', '16->15': '0.49900000', '16->20': '0.50000000', '16->21': '0.43700000', '17->1': '0.42600000', '17->2': '0.43200000', '17->5': '0.49900000', '17->6': '0.44000000', '17->7': '0.48100000', '17->15': '0.31200000', '17->20': '0.46100000', '17->21': '0.47800000', '18->1': '0.45300000', '18->2': '0.43700000', '18->5': '0.48200000', '18->6': '0.44700000', '18->7': '0.46200000', '18->15': '0.47900000', '18->20': '0.35600000', '18->21': '0.46500000', '22->1': '0.44200000', '22->2': '0.49600000', '22->5': '0.47700000', '22->6': '0.32000000', '22->7': '0.48900000', '22->15': '0.35200000', '22->20': '0.48900000', '22->21': '0.46000000', '24->1': '0.50000000', '24->2': '0.21800000', '24->5': '0.47900000', '24->6': '0.45400000', '24->7': '0.39900000', '24->15': '0.40600000', '24->20': '0.48100000', '24->21': '0.47800000', '25->1': '0.44000000', '25->2': '0.35400000', '25->5': '0.47900000', '25->6': '0.47200000', '25->7': '0.44700000', '25->15': '0.44400000', '25->20': '0.47700000', '25->21': '0.42200000', '26->1': '0.47200000', '26->2': '0.37200000', '26->5': '0.46100000', '26->6': '0.46800000', '26->7': '0.45900000', '26->15': '0.41000000', '26->20': '0.45900000', '26->21': '0.35000000', '27->1': '0.25500000', '27->2': '0.38300000', '27->5': '0.48000000', '27->6': '0.48900000', '27->7': '0.49200000', '27->15': '0.48500000', '27->20': '0.43400000', '27->21': '0.48900000', '28->1': '0.43700000', '28->2': '0.48100000', '28->5': '0.49200000', '28->6': '0.43300000', '28->7': '0.43200000', '28->15': '0.44300000', '28->20': '0.46800000', '28->21': '0.46300000'}"
8,"(1, 2, 5, 6, 7, 15, 20, 21)",7,12,baseline,"[5, 30, 55, 80, 105, 130, 155, 180, 205, 230, 255, 280, 305, 330, 355]",96,[],0.25400000,0.45718750,27->1,"{'4->1': '0.49900000', '4->2': '0.42500000', '4->5': '0.49000000', '4->6': '0.45100000', '4->7': '0.48600000', '4->15': '0.39700000', '4->20': '0.45600000', '4->21': '0.39900000', '9->1': '0.45600000', '9->2': '0.49800000', '9->5': '0.40900000', '9->6': '0.49200000', '9->7': '0.37500000', '9->15': '0.45200000', '9->20': '0.48900000', '9->21': '0.45200000', '11->1': '0.45400000', '11->2': '0.48800000', '11->5': '0.45500000', '11->6': '0.50000000', '11->7': '0.45900000', '11->15': '0.46400000', '11->20': '0.49100000', '11->21': '0.48200000', '16->1': '0.48300000', '16->2': '0.44100000', '16->5': '0.46400000', '16->6': '0.48100000', '16->7': '0.47400000', '16->15': '0.46100000', '16->20': '0.45800000', '16->21': '0.46700000', '17->1': '0.39900000', '17->2': '0.42100000', '17->5': '0.46400000', '17->6': '0.45700000', '17->7': '0.47800000', '17->15': '0.41100000', '17->20': '0.46000000', '17->21': '0.45700000', '18->1': '0.46800000', '18->2': '0.42000000', '18->5': '0.45500000', '18->6': '0.45000000', '18->7': '0.45900000', '18->15': '0.48600000', '18->20': '0.47300000', '18->21': '0.46800000', '22->1': '0.45900000', '22->2': '0.47500000', '22->5': '0.46200000', '22->6': '0.41500000', '22->7': '0.47600000', '22->15': '0.39700000', '22->20': '0.45600000', '22->21': '0.47500000', '24->1': '0.49400000', '24->2': '0.29600000', '24->5': '0.49100000', '24->6': '0.44400000', '24->7': '0.39900000', '24->15': '0.48200000', '24->20': '0.41300000', '24->21': '0.47800000', '25->1': '0.46300000', '25->2': '0.43900000', '25->5': '0.48400000', '25->6': '0.47700000', '25->7': '0.49800000', '25->15': '0.49500000', '25->20': '0.49200000', '25->21': '0.44900000', '26->1': '0.44600000', '26->2': '0.28800000', '26->5': '0.49100000', '26->6': '0.47800000', '26->7': '0.49900000', '26->15': '0.47400000', '26->20': '0.49500000', '26->21': '0.38000000', '27->1': '0.25400000', '27->2': '0.45800000', '27->5': '0.49700000', '27->6': '0.49200000', '27->7': '0.47300000', '27->15': '0.49600000', '27->20': '0.48500000', '27->21': '0.49800000', '28->1': '0.46200000', '28->2': '0.48000000', '28->5': '0.48300000', '28->6': '0.44400000', '28->7': '0.45500000', '28->15': '0.49600000', '28->20': '0.49100000', '28->21': '0.49200000'}"
8,"(1, 2, 5, 6, 7, 15, 20, 21)",8,18,baseline,"[5, 30, 55, 80, 105, 130, 155, 180, 205, 230, 255, 280, 305, 330, 355]",96,[],0.19900000,0.45462500,24->2,"{'4->1': '0.43800000', '4->2': '0.44800000', '4->5': '0.43900000', '4->6': '0.41000000', '4->7': '0.46300000', '4->15': '0.40200000', '4->20': '0.46900000', '4->21': '0.45800000', '9->1': '0.43800000', '9->2': '0.47600000', '9->5': '0.49900000', '9->6': '0.47000000', '9->7': '0.41300000', '9->15': '0.45600000', '9->20': '0.46500000', '9->21': '0.44600000', '11->1': '0.43700000', '11->2': '0.47900000', '11->5': '0.49000000', '11->6': '0.48100000', '11->7': '0.47200000', '11->15': '0.47500000', '11->20': '0.49200000', '11->21': '0.49500000', '16->1': '0.49700000', '16->2': '0.45100000', '16->5': '0.48000000', '16->6': '0.49700000', '16->7': '0.50000000', '16->15': '0.49900000', '16->20': '0.45600000', '16->21': '0.47900000', '17->1': '0.46000000', '17->2': '0.41400000', '17->5': '0.39500000', '17->6': '0.48800000', '17->7': '0.46700000', '17->15': '0.46200000', '17->20': '0.46300000', '17->21': '0.49400000', '18->1': '0.47400000', '18->2': '0.46600000', '18->5': '0.46100000', '18->6': '0.39000000', '18->7': '0.48500000', '18->15': '0.48600000', '18->20': '0.38500000', '18->21': '0.47200000', '22->1': '0.48600000', '22->2': '0.47200000', '22->5': '0.48100000', '22->6': '0.40600000', '22->7': '0.46700000', '22->15': '0.34400000', '22->20': '0.47300000', '22->21': '0.45800000', '24->1': '0.47300000', '24->2': '0.19900000', '24->5': '0.47200000', '24->6': '0.48100000', '24->7': '0.42200000', '24->15': '0.43900000', '24->20': '0.48200000', '24->21': '0.49300000', '25->1': '0.40400000', '25->2': '0.36000000', '25->5': '0.47500000', '25->6': '0.49200000', '25->7': '0.46300000', '25->15': '0.48800000', '25->20': '0.48300000', '25->21': '0.48200000', '26->1': '0.49300000', '26->2': '0.32500000', '26->5': '0.46000000', '26->6': '0.48100000', '26->7': '0.49800000', '26->15': '0.44100000', '26->20': '0.47000000', '26->21': '0.37900000', '27->1': '0.25000000', '27->2': '0.41400000', '27->5': '0.48500000', '27->6': '0.49800000', '27->7': '0.46900000', '27->15': '0.47600000', '27->20': '0.48100000', '27->21': '0.47200000', '28->1': '0.44200000', '28->2': '0.49200000', '28->5': '0.46100000', '28->6': '0.45600000', '28->7': '0.43100000', '28->15': '0.49200000', '28->20': '0.48500000', '28->21': '0.46600000'}"
8,"(1, 2, 5, 6, 7, 15, 20, 21)",9,42,probe_repair,"[60, 80, 85, 100, 110, 120, 210, 230, 235, 280, 285, 295, 345, 355, 360]",96,[],0.16600000,0.44372917,9->2,"{'4->1': '0.47600000', '4->2': '0.47000000', '4->5': '0.45500000', '4->6': '0.49200000', '4->7': '0.44300000', '4->15': '0.48000000', '4->20': '0.45900000', '4->21': '0.47600000', '9->1': '0.48600000', '9->2': '0.16600000', '9->5': '0.46100000', '9->6': '0.49600000', '9->7': '0.48100000', '9->15': '0.48600000', '9->20': '0.49100000', '9->21': '0.47800000', '11->1': '0.44800000', '11->2': '0.42400000', '11->5': '0.44500000', '11->6': '0.46600000', '11->7': '0.46700000', '11->15': '0.42400000', '11->20': '0.33500000', '11->21': '0.49400000', '16->1': '0.46300000', '16->2': '0.43100000', '16->5': '0.44600000', '16->6': '0.37300000', '16->7': '0.43400000', '16->15': '0.42300000', '16->20': '0.48800000', '16->21': '0.28500000', '17->1': '0.23700000', '17->2': '0.49500000', '17->5': '0.47600000', '17->6': '0.49500000', '17->7': '0.44400000', '17->15': '0.49300000', '17->20': '0.45600000', '17->21': '0.43900000', '18->1': '0.46600000', '18->2': '0.46800000', '18->5': '0.49900000', '18->6': '0.39800000', '18->7': '0.40500000', '18->15': '0.49800000', '18->20': '0.45300000', '18->21': '0.48400000', '22->1': '0.47500000', '22->2': '0.47500000', '22->5': '0.45000000', '22->6': '0.27100000', '22->7': '0.37000000', '22->15': '0.44100000', '22->20': '0.47000000', '22->21': '0.48100000', '24->1': '0.46300000', '24->2': '0.49700000', '24->5': '0.49600000', '24->6': '0.35100000', '24->7': '0.48600000', '24->15': '0.48300000', '24->20': '0.37600000', '24->21': '0.44300000', '25->1': '0.45600000', '25->2': '0.24200000', '25->5': '0.47700000', '25->6': '0.47000000', '25->7': '0.49100000', '25->15': '0.45600000', '25->20': '0.41700000', '25->21': '0.44400000', '26->1': '0.49200000', '26->2': '0.39800000', '26->5': '0.47300000', '26->6': '0.43400000', '26->7': '0.41900000', '26->15': '0.44200000', '26->20': '0.48900000', '26->21': '0.48600000', '27->1': '0.32900000', '27->2': '0.49900000', '27->5': '0.49600000', '27->6': '0.43500000', '27->7': '0.42800000', '27->15': '0.43900000', '27->20': '0.45600000', '27->21': '0.47300000', '28->1': '0.36700000', '28->2': '0.40700000', '28->5': '0.44000000', '28->6': '0.49700000', '28->7': '0.44200000', '28->15': '0.49900000', '28->20': '0.43200000', '28->21': '0.49700000'}"
8,"(1, 2, 5, 6, 7, 15, 20, 21)",10,37,probe_repair,"[60, 80, 85, 100, 110, 120, 210, 230, 235, 280, 285, 295, 345, 355, 360]",96,[],0.07300000,0.43062500,25->2,"{'4->1': '0.48300000', '4->2': '0.38100000', '4->5': '0.43400000', '4->6': '0.48500000', '4->7': '0.47400000', '4->15': '0.49900000', '4->20': '0.49800000', '4->21': '0.48500000', '9->1': '0.47000000', '9->2': '0.20000000', '9->5': '0.47700000', '9->6': '0.47400000', '9->7': '0.47700000', '9->15': '0.47000000', '9->20': '0.35700000', '9->21': '0.48000000', '11->1': '0.41400000', '11->2': '0.46400000', '11->5': '0.44500000', '11->6': '0.40400000', '11->7': '0.47500000', '11->15': '0.47200000', '11->20': '0.15700000', '11->21': '0.44000000', '16->1': '0.47900000', '16->2': '0.48900000', '16->5': '0.45800000', '16->6': '0.42700000', '16->7': '0.41400000', '16->15': '0.46700000', '16->20': '0.46600000', '16->21': '0.11900000', '17->1': '0.31900000', '17->2': '0.46900000', '17->5': '0.42600000', '17->6': '0.43700000', '17->7': '0.48400000', '17->15': '0.47300000', '17->20': '0.50000000', '17->21': '0.45100000', '18->1': '0.42100000', '18->2': '0.43700000', '18->5': '0.48200000', '18->6': '0.32700000', '18->7': '0.49600000', '18->15': '0.48700000', '18->20': '0.41600000', '18->21': '0.45700000', '22->1': '0.48000000', '22->2': '0.44200000', '22->5': '0.44100000', '22->6': '0.21800000', '22->7': '0.49900000', '22->15': '0.36400000', '22->20': '0.39700000', '22->21': '0.49800000', '24->1': '0.47200000', '24->2': '0.49800000', '24->5': '0.49300000', '24->6': '0.17400000', '24->7': '0.46700000', '24->15': '0.48000000', '24->20': '0.36500000', '24->21': '0.47400000', '25->1': '0.46900000', '25->2': '0.07300000', '25->5': '0.47600000', '25->6': '0.46500000', '25->7': '0.43600000', '25->15': '0.46700000', '25->20': '0.47200000', '25->21': '0.46500000', '26->1': '0.45000000', '26->2': '0.47000000', '26->5': '0.48900000', '26->6': '0.36600000', '26->7': '0.21100000', '26->15': '0.49400000', '26->20': '0.47700000', '26->21': '0.46600000', '27->1': '0.44100000', '27->2': '0.47100000', '27->5': '0.45800000', '27->6': '0.48900000', '27->7': '0.45000000', '27->15': '0.44700000', '27->20': '0.47400000', '27->21': '0.47500000', '28->1': '0.46100000', '28->2': '0.44100000', '28->5': '0.38800000', '28->6': '0.49500000', '28->7': '0.32600000', '28->15': '0.46100000', '28->20': '0.40000000', '28->21': '0.33900000'}"
8,"(2, 5, 6, 11, 15, 16, 17, 26)",1,45,probe_repair,"[5, 40, 85, 100, 135, 140, 155, 160, 205, 245, 260, 285, 300, 335, 345]",88,[1],0.15100000,0.44181818,18->15,"{'4->2': '0.35600000', '4->5': '0.49600000', '4->6': '0.44200000', '4->11': '0.41000000', '4->15': '0.47800000', '4->16': '0.45900000', '4->17': '0.23300000', '4->26': '0.49600000', '7->2': '0.46500000', '7->5': '0.49900000', '7->6': '0.47500000', '7->11': '0.44500000', '7->15': '0.48900000', '7->16': '0.49200000', '7->17': '0.50000000', '7->26': '0.43700000', '9->2': '0.48700000', '9->5': '0.46100000', '9->6': '0.48900000', '9->11': '0.40100000', '9->15': '0.16300000', '9->16': '0.48000000', '9->17': '0.43800000', '9->26': '0.49300000', '18->2': '0.46700000', '18->5': '0.49100000', '18->6': '0.37700000', '18->11': '0.46900000', '18->15': '0.15100000', '18->16': '0.43600000', '18->17': '0.47200000', '18->26': '0.44300000', '20->2': '0.38200000', '20->5': '0.44400000', '20->6': '0.48400000', '20->11': '0.46400000', '20->15': '0.42400000', '20->16': '0.44500000', '20->17': '0.48300000', '20->26': '0.48800000', '21->2': '0.48500000', '21->5': '0.49500000', '21->6': '0.46900000', '21->11': '0.48900000', '21->15': '0.40900000', '21->16': '0.45200000', '21->17': '0.28600000', '21->26': '0.48300000', '22->2': '0.39800000', '22->5': '0.44800000', '22->6': '0.48200000', '22->11': '0.45200000', '22->15': '0.40600000', '22->16': '0.28300000', '22->17': '0.43700000', '22->26': '0.46800000', '24->2': '0.48000000', '24->5': '0.43600000', '24->6': '0.45800000', '24->11': '0.41600000', '24->15': '0.36800000', '24->16': '0.49300000', '24->17': '0.48300000', '24->26': '0.47000000', '25->2': '0.48100000', '25->5': '0.43300000', '25->6': '0.47300000', '25->11': '0.45500000', '25->15': '0.49100000', '25->16': '0.46000000', '25->17': '0.40200000', '25->26': '0.46900000', '27->2': '0.49000000', '27->5': '0.46200000', '27->6': '0.48000000', '27->11': '0.46400000', '27->15': '0.46400000', '27->16': '0.49300000', '27->17': '0.49900000', '27->26': '0.46200000', '28->2': '0.30800000', '28->5': '0.44800000', '28->6': '0.49800000', '28->11': '0.49000000', '28->15': '0.48800000', '28->16': '0.48500000', '28->17': '0.46100000', '28->26': '0.17400000'}"
8,"(2, 5, 6, 11, 15, 16, 17, 26)",2,61,probe_repair,"[20, 65, 90, 100, 175, 190, 210, 215, 290, 295, 305, 325, 335, 355, 365]",88,[1],0.21300000,0.44095455,27->16,"{'4->2': '0.47000000', '4->5': '0.48400000', '4->6': '0.39400000', '4->11': '0.31200000', '4->15': '0.42200000', '4->16': '0.48500000', '4->17': '0.48700000', '4->26': '0.48200000', '7->2': '0.37400000', '7->5': '0.34600000', '7->6': '0.33400000', '7->11': '0.45800000', '7->15': '0.49600000', '7->16': '0.49900000', '7->17': '0.38900000', '7->26': '0.49800000', '9->2': '0.43900000', '9->5': '0.39900000', '9->6': '0.40100000', '9->11': '0.41300000', '9->15': '0.47700000', '9->16': '0.45600000', '9->17': '0.39000000', '9->26': '0.48700000', '18->2': '0.46500000', '18->5': '0.34900000', '18->6': '0.21900000', '18->11': '0.49700000', '18->15': '0.46300000', '18->16': '0.46400000', '18->17': '0.41200000', '18->26': '0.47900000', '20->2': '0.43400000', '20->5': '0.49400000', '20->6': '0.45000000', '20->11': '0.45200000', '20->15': '0.46400000', '20->16': '0.49500000', '20->17': '0.48900000', '20->26': '0.47200000', '21->2': '0.28900000', '21->5': '0.46900000', '21->6': '0.47900000', '21->11': '0.47900000', '21->15': '0.47900000', '21->16': '0.46400000', '21->17': '0.37800000', '21->26': '0.40900000', '22->2': '0.42200000', '22->5': '0.49200000', '22->6': '0.45800000', '22->11': '0.43200000', '22->15': '0.43200000', '22->16': '0.49300000', '22->17': '0.33100000', '22->26': '0.33000000', '24->2': '0.48900000', '24->5': '0.46900000', '24->6': '0.49100000', '24->11': '0.38700000', '24->15': '0.48700000', '24->16': '0.49800000', '24->17': '0.46800000', '24->26': '0.49700000', '25->2': '0.48700000', '25->5': '0.47300000', '25->6': '0.40300000', '25->11': '0.48900000', '25->15': '0.49100000', '25->16': '0.43600000', '25->17': '0.45400000', '25->26': '0.47100000', '27->2': '0.48000000', '27->5': '0.42000000', '27->6': '0.49600000', '27->11': '0.42600000', '27->15': '0.47600000', '27->16': '0.21300000', '27->17': '0.48700000', '27->26': '0.45800000', '28->2': '0.45700000', '28->5': '0.45500000', '28->6': '0.44900000', '28->11': '0.45500000', '28->15': '0.40700000', '28->16': '0.47800000', '28->17': '0.37000000', '28->26': '0.46100000'}"
8,"(2, 5, 6, 11, 15, 16, 17, 26)",3,87,probe_repair,"[20, 40, 50, 55, 95, 130, 165, 175, 210, 240, 250, 265, 285, 335, 340]",88,[1],0.12500000,0.45090909,21->11,"{'4->2': '0.49700000', '4->5': '0.31700000', '4->6': '0.47700000', '4->11': '0.42300000', '4->15': '0.46300000', '4->16': '0.47200000', '4->17': '0.48600000', '4->26': '0.37300000', '7->2': '0.41400000', '7->5': '0.49800000', '7->6': '0.46600000', '7->11': '0.40600000', '7->15': '0.46600000', '7->16': '0.49300000', '7->17': '0.49900000', '7->26': '0.43000000', '9->2': '0.39000000', '9->5': '0.44800000', '9->6': '0.48800000', '9->11': '0.49200000', '9->15': '0.40200000', '9->16': '0.47900000', '9->17': '0.49300000', '9->26': '0.39600000', '18->2': '0.48200000', '18->5': '0.43200000', '18->6': '0.25400000', '18->11': '0.44200000', '18->15': '0.49800000', '18->16': '0.46300000', '18->17': '0.49900000', '18->26': '0.49400000', '20->2': '0.49200000', '20->5': '0.46800000', '20->6': '0.46400000', '20->11': '0.50000000', '20->15': '0.49000000', '20->16': '0.46500000', '20->17': '0.45100000', '20->26': '0.31600000', '21->2': '0.49900000', '21->5': '0.47900000', '21->6': '0.44900000', '21->11': '0.12500000', '21->15': '0.49500000', '21->16': '0.48200000', '21->17': '0.39600000', '21->26': '0.48100000', '22->2': '0.49900000', '22->5': '0.47700000', '22->6': '0.44500000', '22->11': '0.48900000', '22->15': '0.47900000', '22->16': '0.50000000', '22->17': '0.46200000', '22->26': '0.43300000', '24->2': '0.48400000', '24->5': '0.41400000', '24->6': '0.40200000', '24->11': '0.44600000', '24->15': '0.44600000', '24->16': '0.47700000', '24->17': '0.49500000', '24->26': '0.47800000', '25->2': '0.48000000', '25->5': '0.43200000', '25->6': '0.47400000', '25->11': '0.45200000', '25->15': '0.45600000', '25->16': '0.38300000', '25->17': '0.47900000', '25->26': '0.46200000', '27->2': '0.45300000', '27->5': '0.37700000', '27->6': '0.49700000', '27->11': '0.45100000', '27->15': '0.49900000', '27->16': '0.49200000', '27->17': '0.32600000', '27->26': '0.46700000', '28->2': '0.42100000', '28->5': '0.46100000', '28->6': '0.49100000', '28->11': '0.42100000', '28->15': '0.49700000', '28->16': '0.50000000', '28->17': '0.45600000', '28->26': '0.44300000'}"
8,"(2, 5, 6, 11, 15, 16, 17, 26)",4,86,probe_repair,"[20, 40, 50, 55, 95, 130, 165, 175, 210, 240, 250, 265, 285, 335, 340]",88,[1],0.07100000,0.45304545,21->11,"{'4->2': '0.49600000', '4->5': '0.34600000', '4->6': '0.46200000', '4->11': '0.42200000', '4->15': '0.49400000', '4->16': '0.49700000', '4->17': '0.47500000', '4->26': '0.33800000', '7->2': '0.44300000', '7->5': '0.49500000', '7->6': '0.46100000', '7->11': '0.49100000', '7->15': '0.47900000', '7->16': '0.48400000', '7->17': '0.47200000', '7->26': '0.45300000', '9->2': '0.33100000', '9->5': '0.44700000', '9->6': '0.46900000', '9->11': '0.44900000', '9->15': '0.38500000', '9->16': '0.49800000', '9->17': '0.46800000', '9->26': '0.36100000', '18->2': '0.47900000', '18->5': '0.48100000', '18->6': '0.34100000', '18->11': '0.48500000', '18->15': '0.49300000', '18->16': '0.49800000', '18->17': '0.47000000', '18->26': '0.48300000', '20->2': '0.48900000', '20->5': '0.47300000', '20->6': '0.48500000', '20->11': '0.44700000', '20->15': '0.48700000', '20->16': '0.40400000', '20->17': '0.49600000', '20->26': '0.29700000', '21->2': '0.48300000', '21->5': '0.47900000', '21->6': '0.48500000', '21->11': '0.07100000', '21->15': '0.48700000', '21->16': '0.46600000', '21->17': '0.44200000', '21->26': '0.49700000', '22->2': '0.49100000', '22->5': '0.48500000', '22->6': '0.46300000', '22->11': '0.46100000', '22->15': '0.48300000', '22->16': '0.48800000', '22->17': '0.47000000', '22->26': '0.41300000', '24->2': '0.49400000', '24->5': '0.41600000', '24->6': '0.42600000', '24->11': '0.42800000', '24->15': '0.43800000', '24->16': '0.49700000', '24->17': '0.48300000', '24->26': '0.44600000', '25->2': '0.42900000', '25->5': '0.37500000', '25->6': '0.49900000', '25->11': '0.48500000', '25->15': '0.49300000', '25->16': '0.47400000', '25->17': '0.49800000', '25->26': '0.43300000', '27->2': '0.49000000', '27->5': '0.40400000', '27->6': '0.49600000', '27->11': '0.49400000', '27->15': '0.49400000', '27->16': '0.49300000', '27->17': '0.38100000', '27->26': '0.43400000', '28->2': '0.42900000', '28->5': '0.49900000', '28->6': '0.47300000', '28->11': '0.47100000', '28->15': '0.48500000', '28->16': '0.47400000', '28->17': '0.47400000', '28->26': '0.37500000'}"
8,"(2, 5, 6, 11, 15, 16, 17, 26)",5,75,probe_repair,"[5, 60, 75, 190, 200, 230, 250, 270, 275, 280, 295, 300, 305, 340, 360]",88,[1],0.22400000,0.45236364,18->26,"{'4->2': '0.44900000', '4->5': '0.49900000', '4->6': '0.48700000', '4->11': '0.41500000', '4->15': '0.47300000', '4->16': '0.44400000', '4->17': '0.41000000', '4->26': '0.47300000', '7->2': '0.41600000', '7->5': '0.47400000', '7->6': '0.49600000', '7->11': '0.48600000', '7->15': '0.49600000', '7->16': '0.26300000', '7->17': '0.45100000', '7->26': '0.44800000', '9->2': '0.45100000', '9->5': '0.49500000', '9->6': '0.23300000', '9->11': '0.46700000', '9->15': '0.43700000', '9->16': '0.48600000', '9->17': '0.45200000', '9->26': '0.47500000', '18->2': '0.47200000', '18->5': '0.40800000', '18->6': '0.47400000', '18->11': '0.47600000', '18->15': '0.50000000', '18->16': '0.48300000', '18->17': '0.45100000', '18->26': '0.22400000', '20->2': '0.48800000', '20->5': '0.48200000', '20->6': '0.47800000', '20->11': '0.45600000', '20->15': '0.47800000', '20->16': '0.46900000', '20->17': '0.41500000', '20->26': '0.47000000', '21->2': '0.47200000', '21->5': '0.49800000', '21->6': '0.48600000', '21->11': '0.36800000', '21->15': '0.49000000', '21->16': '0.48700000', '21->17': '0.27500000', '21->26': '0.49400000', '22->2': '0.48500000', '22->5': '0.44100000', '22->6': '0.42900000', '22->11': '0.47700000', '22->15': '0.46500000', '22->16': '0.48800000', '22->17': '0.39600000', '22->26': '0.46700000', '24->2': '0.48600000', '24->5': '0.49000000', '24->6': '0.50000000', '24->11': '0.47400000', '24->15': '0.38400000', '24->16': '0.41700000', '24->17': '0.45100000', '24->26': '0.45400000', '25->2': '0.46300000', '25->5': '0.49500000', '25->6': '0.47700000', '25->11': '0.47300000', '25->15': '0.48100000', '25->16': '0.48200000', '25->17': '0.49200000', '25->26': '0.47100000', '27->2': '0.49500000', '27->5': '0.46500000', '27->6': '0.48100000', '27->11': '0.31500000', '27->15': '0.47500000', '27->16': '0.49800000', '27->17': '0.38400000', '27->26': '0.47100000', '28->2': '0.49100000', '28->5': '0.49500000', '28->6': '0.44900000', '28->11': '0.46300000', '28->15': '0.38300000', '28->16': '0.36800000', '28->17': '0.48200000', '28->26': '0.48500000'}"
8,"(2, 5, 6, 11, 15, 16, 17, 26)",6,114,probe_repair,"[15, 25, 30, 45, 50, 80, 120, 125, 250, 260, 285, 315, 330, 345, 360]",88,[1],0.25400000,0.45968182,7->17,"{'4->2': '0.48000000', '4->5': '0.49800000', '4->6': '0.47000000', '4->11': '0.41800000', '4->15': '0.45000000', '4->16': '0.44700000', '4->17': '0.47100000', '4->26': '0.32200000', '7->2': '0.46300000', '7->5': '0.44700000', '7->6': '0.43500000', '7->11': '0.46700000', '7->15': '0.46300000', '7->16': '0.46800000', '7->17': '0.25400000', '7->26': '0.49900000', '9->2': '0.47400000', '9->5': '0.48400000', '9->6': '0.48600000', '9->11': '0.46800000', '9->15': '0.47000000', '9->16': '0.37100000', '9->17': '0.46700000', '9->26': '0.49800000', '18->2': '0.43300000', '18->5': '0.46500000', '18->6': '0.48500000', '18->11': '0.35300000', '18->15': '0.45900000', '18->16': '0.48800000', '18->17': '0.47800000', '18->26': '0.45100000', '20->2': '0.46800000', '20->5': '0.49800000', '20->6': '0.49800000', '20->11': '0.49000000', '20->15': '0.45600000', '20->16': '0.47100000', '20->17': '0.49300000', '20->26': '0.48400000', '21->2': '0.44600000', '21->5': '0.47400000', '21->6': '0.46400000', '21->11': '0.46200000', '21->15': '0.46200000', '21->16': '0.38500000', '21->17': '0.46700000', '21->26': '0.50000000', '22->2': '0.45400000', '22->5': '0.46200000', '22->6': '0.47600000', '22->11': '0.45800000', '22->15': '0.37800000', '22->16': '0.42100000', '22->17': '0.48500000', '22->26': '0.49800000', '24->2': '0.48900000', '24->5': '0.44700000', '24->6': '0.48500000', '24->11': '0.49700000', '24->15': '0.43900000', '24->16': '0.49800000', '24->17': '0.46800000', '24->26': '0.45500000', '25->2': '0.43800000', '25->5': '0.49800000', '25->6': '0.41200000', '25->11': '0.46000000', '25->15': '0.42800000', '25->16': '0.48300000', '25->17': '0.44100000', '25->26': '0.48800000', '27->2': '0.48700000', '27->5': '0.49300000', '27->6': '0.46500000', '27->11': '0.49500000', '27->15': '0.42100000', '27->16': '0.47400000', '27->17': '0.49400000', '27->26': '0.49300000', '28->2': '0.47900000', '28->5': '0.45500000', '28->6': '0.46100000', '28->11': '0.49700000', '28->15': '0.46500000', '28->16': '0.49600000', '28->17': '0.47600000', '28->26': '0.34300000'}"
8,"(2, 5, 6, 11, 15, 16, 17, 26)",7,77,probe_repair,"[5, 10, 35, 45, 80, 85, 130, 145, 150, 180, 240, 270, 275, 305, 340]",88,[1],0.09500000,0.44197727,7->6,"{'4->2': '0.47700000', '4->5': '0.43900000', '4->6': '0.48300000', '4->11': '0.45900000', '4->15': '0.42100000', '4->16': '0.46800000', '4->17': '0.43400000', '4->26': '0.46300000', '7->2': '0.48100000', '7->5': '0.47100000', '7->6': '0.09500000', '7->11': '0.47300000', '7->15': '0.49500000', '7->16': '0.43600000', '7->17': '0.49800000', '7->26': '0.46900000', '9->2': '0.46600000', '9->5': '0.37600000', '9->6': '0.24000000', '9->11': '0.48400000', '9->15': '0.49600000', '9->16': '0.47500000', '9->17': '0.45900000', '9->26': '0.45200000', '18->2': '0.49800000', '18->5': '0.46200000', '18->6': '0.34400000', '18->11': '0.49600000', '18->15': '0.49800000', '18->16': '0.43300000', '18->17': '0.46300000', '18->26': '0.49600000', '20->2': '0.43800000', '20->5': '0.47600000', '20->6': '0.41200000', '20->11': '0.45800000', '20->15': '0.48200000', '20->16': '0.25700000', '20->17': '0.47900000', '20->26': '0.48400000', '21->2': '0.46400000', '21->5': '0.48000000', '21->6': '0.45200000', '21->11': '0.48600000', '21->15': '0.46200000', '21->16': '0.41700000', '21->17': '0.49100000', '21->26': '0.49000000', '22->2': '0.47300000', '22->5': '0.43500000', '22->6': '0.49300000', '22->11': '0.49500000', '22->15': '0.28500000', '22->16': '0.49600000', '22->17': '0.44600000', '22->26': '0.47300000', '24->2': '0.46900000', '24->5': '0.18500000', '24->6': '0.49900000', '24->11': '0.45900000', '24->15': '0.44300000', '24->16': '0.41400000', '24->17': '0.45200000', '24->26': '0.42100000', '25->2': '0.48800000', '25->5': '0.47600000', '25->6': '0.44400000', '25->11': '0.47400000', '25->15': '0.42400000', '25->16': '0.41100000', '25->17': '0.49100000', '25->26': '0.49000000', '27->2': '0.46900000', '27->5': '0.47900000', '27->6': '0.39700000', '27->11': '0.42300000', '27->15': '0.49100000', '27->16': '0.45600000', '27->17': '0.45800000', '27->26': '0.11900000', '28->2': '0.45600000', '28->5': '0.36600000', '28->6': '0.49600000', '28->11': '0.47000000', '28->15': '0.43000000', '28->16': '0.47500000', '28->17': '0.36700000', '28->26': '0.47800000'}"
8,"(2, 5, 6, 11, 15, 16, 17, 26)",8,90,probe_repair,"[20, 40, 50, 55, 95, 130, 165, 175, 210, 240, 250, 265, 285, 335, 340]",88,[1],0.08500000,0.45295455,21->11,"{'4->2': '0.47500000', '4->5': '0.39700000', '4->6': '0.47700000', '4->11': '0.44700000', '4->15': '0.47900000', '4->16': '0.47000000', '4->17': '0.48000000', '4->26': '0.31500000', '7->2': '0.39700000', '7->5': '0.47300000', '7->6': '0.46100000', '7->11': '0.44300000', '7->15': '0.46900000', '7->16': '0.44200000', '7->17': '0.48200000', '7->26': '0.49700000', '9->2': '0.37100000', '9->5': '0.48500000', '9->6': '0.45700000', '9->11': '0.49900000', '9->15': '0.45300000', '9->16': '0.49800000', '9->17': '0.49000000', '9->26': '0.41300000', '18->2': '0.46400000', '18->5': '0.46600000', '18->6': '0.28800000', '18->11': '0.48400000', '18->15': '0.47800000', '18->16': '0.47300000', '18->17': '0.49500000', '18->26': '0.49400000', '20->2': '0.49700000', '20->5': '0.49700000', '20->6': '0.48100000', '20->11': '0.49500000', '20->15': '0.48700000', '20->16': '0.46600000', '20->17': '0.46600000', '20->26': '0.26500000', '21->2': '0.48500000', '21->5': '0.49900000', '21->6': '0.46900000', '21->11': '0.08500000', '21->15': '0.49900000', '21->16': '0.45400000', '21->17': '0.43600000', '21->26': '0.48900000', '22->2': '0.48000000', '22->5': '0.48400000', '22->6': '0.44600000', '22->11': '0.48400000', '22->15': '0.48400000', '22->16': '0.49300000', '22->17': '0.47900000', '22->26': '0.41200000', '24->2': '0.47200000', '24->5': '0.44200000', '24->6': '0.42800000', '24->11': '0.43000000', '24->15': '0.49400000', '24->16': '0.49500000', '24->17': '0.48900000', '24->26': '0.46000000', '25->2': '0.49400000', '25->5': '0.37200000', '25->6': '0.48200000', '25->11': '0.44600000', '25->15': '0.44200000', '25->16': '0.40700000', '25->17': '0.48900000', '25->26': '0.41600000', '27->2': '0.49800000', '27->5': '0.38800000', '27->6': '0.49800000', '27->11': '0.49200000', '27->15': '0.44200000', '27->16': '0.49300000', '27->17': '0.38300000', '27->26': '0.39600000', '28->2': '0.45800000', '28->5': '0.49200000', '28->6': '0.47000000', '28->11': '0.47200000', '28->15': '0.48600000', '28->16': '0.48900000', '28->17': '0.48900000', '28->26': '0.31200000'}"
8,"(2, 5, 6, 11, 15, 16, 17, 26)",9,127,probe_repair,"[5, 50, 80, 100, 105, 150, 180, 185, 205, 220, 300, 315, 335, 340, 360]",88,[1],0.28900000,0.45631818,7->16,"{'4->2': '0.49300000', '4->5': '0.41500000', '4->6': '0.45900000', '4->11': '0.47900000', '4->15': '0.40900000', '4->16': '0.48600000', '4->17': '0.48600000', '4->26': '0.49700000', '7->2': '0.47800000', '7->5': '0.46400000', '7->6': '0.49800000', '7->11': '0.48200000', '7->15': '0.42800000', '7->16': '0.28900000', '7->17': '0.45100000', '7->26': '0.49600000', '9->2': '0.43800000', '9->5': '0.45800000', '9->6': '0.48600000', '9->11': '0.44600000', '9->15': '0.44200000', '9->16': '0.48900000', '9->17': '0.48100000', '9->26': '0.48200000', '18->2': '0.44600000', '18->5': '0.47000000', '18->6': '0.39200000', '18->11': '0.49200000', '18->15': '0.40800000', '18->16': '0.44500000', '18->17': '0.48900000', '18->26': '0.49200000', '20->2': '0.45800000', '20->5': '0.45600000', '20->6': '0.48600000', '20->11': '0.42200000', '20->15': '0.43600000', '20->16': '0.48700000', '20->17': '0.37100000', '20->26': '0.47000000', '21->2': '0.48500000', '21->5': '0.45500000', '21->6': '0.48500000', '21->11': '0.49900000', '21->15': '0.47500000', '21->16': '0.38400000', '21->17': '0.46800000', '21->26': '0.44700000', '22->2': '0.46700000', '22->5': '0.46700000', '22->6': '0.41500000', '22->11': '0.48700000', '22->15': '0.34900000', '22->16': '0.46600000', '22->17': '0.46800000', '22->26': '0.48300000', '24->2': '0.48600000', '24->5': '0.49400000', '24->6': '0.42200000', '24->11': '0.47200000', '24->15': '0.44400000', '24->16': '0.43100000', '24->17': '0.49300000', '24->26': '0.48600000', '25->2': '0.48700000', '25->5': '0.41500000', '25->6': '0.41300000', '25->11': '0.48900000', '25->15': '0.44100000', '25->16': '0.46200000', '25->17': '0.46400000', '25->26': '0.43100000', '27->2': '0.45100000', '27->5': '0.41900000', '27->6': '0.48900000', '27->11': '0.47100000', '27->15': '0.33900000', '27->16': '0.41600000', '27->17': '0.49800000', '27->26': '0.48100000', '28->2': '0.47800000', '28->5': '0.42200000', '28->6': '0.47000000', '28->11': '0.43800000', '28->15': '0.45600000', '28->16': '0.46700000', '28->17': '0.49900000', '28->26': '0.48000000'}"
8,"(2, 5, 6, 11, 15, 16, 17, 26)",10,69,probe_repair,"[5, 60, 75, 190, 200, 230, 250, 270, 275, 280, 295, 300, 305, 340, 360]",88,[1],0.14600000,0.43975000,7->16,"{'4->2': '0.46600000', '4->5': '0.42000000', '4->6': '0.47600000', '4->11': '0.46200000', '4->15': '0.48000000', '4->16': '0.38900000', '4->17': '0.35500000', '4->26': '0.38600000', '7->2': '0.35900000', '7->5': '0.47900000', '7->6': '0.47500000', '7->11': '0.49100000', '7->15': '0.49100000', '7->16': '0.14600000', '7->17': '0.44200000', '7->26': '0.39100000', '9->2': '0.45500000', '9->5': '0.47900000', '9->6': '0.35300000', '9->11': '0.45500000', '9->15': '0.48700000', '9->16': '0.49000000', '9->17': '0.43600000', '9->26': '0.47300000', '18->2': '0.47700000', '18->5': '0.41300000', '18->6': '0.45900000', '18->11': '0.44700000', '18->15': '0.47500000', '18->16': '0.43600000', '18->17': '0.49600000', '18->26': '0.37100000', '20->2': '0.46800000', '20->5': '0.44000000', '20->6': '0.43200000', '20->11': '0.49400000', '20->15': '0.49000000', '20->16': '0.45500000', '20->17': '0.23900000', '20->26': '0.48800000', '21->2': '0.38100000', '21->5': '0.43900000', '21->6': '0.45700000', '21->11': '0.35300000', '21->15': '0.48700000', '21->16': '0.48200000', '21->17': '0.37000000', '21->26': '0.42100000', '22->2': '0.47100000', '22->5': '0.47300000', '22->6': '0.44500000', '22->11': '0.49900000', '22->15': '0.47100000', '22->16': '0.45200000', '22->17': '0.42000000', '22->26': '0.44900000', '24->2': '0.49800000', '24->5': '0.46000000', '24->6': '0.47800000', '24->11': '0.49200000', '24->15': '0.36400000', '24->16': '0.39100000', '24->17': '0.48700000', '24->26': '0.46400000', '25->2': '0.46000000', '25->5': '0.48800000', '25->6': '0.45400000', '25->11': '0.48000000', '25->15': '0.48400000', '25->16': '0.47500000', '25->17': '0.45500000', '25->26': '0.41400000', '27->2': '0.37500000', '27->5': '0.36100000', '27->6': '0.49900000', '27->11': '0.28900000', '27->15': '0.48500000', '27->16': '0.47000000', '27->17': '0.35400000', '27->26': '0.46100000', '28->2': '0.50000000', '28->5': '0.47000000', '28->6': '0.44400000', '28->11': '0.49200000', '28->15': '0.43800000', '28->16': '0.29900000', '28->17': '0.46700000', '28->26': '0.46400000'}"
8,"(1, 5, 6, 7, 9, 15, 22, 24)",1,69,probe_repair,"[30, 35, 65, 80, 85, 100, 110, 125, 140, 155, 160, 210, 275, 325, 330]",96,[],0.00500000,0.44333333,20->5,"{'2->1': '0.46300000', '2->5': '0.43900000', '2->6': '0.48700000', '2->7': '0.49200000', '2->9': '0.26900000', '2->15': '0.35200000', '2->22': '0.47400000', '2->24': '0.49600000', '4->1': '0.45700000', '4->5': '0.49700000', '4->6': '0.45100000', '4->7': '0.43400000', '4->9': '0.44500000', '4->15': '0.39800000', '4->22': '0.45200000', '4->24': '0.46400000', '11->1': '0.17000000', '11->5': '0.49600000', '11->6': '0.49800000', '11->7': '0.41100000', '11->9': '0.49800000', '11->15': '0.45100000', '11->22': '0.49700000', '11->24': '0.45900000', '16->1': '0.44900000', '16->5': '0.48700000', '16->6': '0.47500000', '16->7': '0.44200000', '16->9': '0.48500000', '16->15': '0.42400000', '16->22': '0.45800000', '16->24': '0.48200000', '17->1': '0.26100000', '17->5': '0.47700000', '17->6': '0.45300000', '17->7': '0.48000000', '17->9': '0.47900000', '17->15': '0.39200000', '17->22': '0.36000000', '17->24': '0.42200000', '18->1': '0.41800000', '18->5': '0.49800000', '18->6': '0.41800000', '18->7': '0.48700000', '18->9': '0.46600000', '18->15': '0.49100000', '18->22': '0.41900000', '18->24': '0.49500000', '20->1': '0.49700000', '20->5': '0.00500000', '20->6': '0.47700000', '20->7': '0.48800000', '20->9': '0.48900000', '20->15': '0.49200000', '20->22': '0.47200000', '20->24': '0.49200000', '21->1': '0.44200000', '21->5': '0.24200000', '21->6': '0.36200000', '21->7': '0.49300000', '21->9': '0.48600000', '21->15': '0.48100000', '21->22': '0.46500000', '21->24': '0.40700000', '25->1': '0.46100000', '25->5': '0.45900000', '25->6': '0.45700000', '25->7': '0.48800000', '25->9': '0.46700000', '25->15': '0.49200000', '25->22': '0.49800000', '25->24': '0.47400000', '26->1': '0.48700000', '26->5': '0.44900000', '26->6': '0.46900000', '26->7': '0.39800000', '26->9': '0.47300000', '26->15': '0.42400000', '26->22': '0.40000000', '26->24': '0.46200000', '27->1': '0.48700000', '27->5': '0.35500000', '27->6': '0.44700000', '27->7': '0.45000000', '27->9': '0.46700000', '27->15': '0.42200000', '27->22': '0.45000000', '27->24': '0.49000000', '28->1': '0.49500000', '28->5': '0.46300000', '28->6': '0.49500000', '28->7': '0.41000000', '28->9': '0.48500000', '28->15': '0.42800000', '28->22': '0.36800000', '28->24': '0.43200000'}"
8,"(1, 5, 6, 7, 9, 15, 22, 24)",2,21,probe_repair,"[15, 75, 95, 100, 130, 135, 160, 165, 260, 275, 285, 295, 300, 335, 360]",96,[],0.23100000,0.44150000,18->24,"{'2->1': '0.48900000', '2->5': '0.41300000', '2->6': '0.49300000', '2->7': '0.38000000', '2->9': '0.48900000', '2->15': '0.45000000', '2->22': '0.41400000', '2->24': '0.47400000', '4->1': '0.45100000', '4->5': '0.46900000', '4->6': '0.47300000', '4->7': '0.49800000', '4->9': '0.34300000', '4->15': '0.40200000', '4->22': '0.48400000', '4->24': '0.47800000', '11->1': '0.45500000', '11->5': '0.46300000', '11->6': '0.35100000', '11->7': '0.47400000', '11->9': '0.49500000', '11->15': '0.45000000', '11->22': '0.47600000', '11->24': '0.48400000', '16->1': '0.37000000', '16->5': '0.31800000', '16->6': '0.33800000', '16->7': '0.39100000', '16->9': '0.42200000', '16->15': '0.42900000', '16->22': '0.45300000', '16->24': '0.41100000', '17->1': '0.49800000', '17->5': '0.41400000', '17->6': '0.44000000', '17->7': '0.48900000', '17->9': '0.44200000', '17->15': '0.49100000', '17->22': '0.47700000', '17->24': '0.47300000', '18->1': '0.48400000', '18->5': '0.47400000', '18->6': '0.42400000', '18->7': '0.44900000', '18->9': '0.45400000', '18->15': '0.47500000', '18->22': '0.45900000', '18->24': '0.23100000', '20->1': '0.47700000', '20->5': '0.47500000', '20->6': '0.49900000', '20->7': '0.46400000', '20->9': '0.28700000', '20->15': '0.34600000', '20->22': '0.48800000', '20->24': '0.43600000', '21->1': '0.36400000', '21->5': '0.47200000', '21->6': '0.48200000', '21->7': '0.48100000', '21->9': '0.49800000', '21->15': '0.43300000', '21->22': '0.43300000', '21->24': '0.47900000', '25->1': '0.49400000', '25->5': '0.49200000', '25->6': '0.46200000', '25->7': '0.48500000', '25->9': '0.47600000', '25->15': '0.44100000', '25->22': '0.42300000', '25->24': '0.46900000', '26->1': '0.46800000', '26->5': '0.45800000', '26->6': '0.47800000', '26->7': '0.44300000', '26->9': '0.50000000', '26->15': '0.49100000', '26->22': '0.44700000', '26->24': '0.39300000', '27->1': '0.49100000', '27->5': '0.37300000', '27->6': '0.49700000', '27->7': '0.41200000', '27->9': '0.36100000', '27->15': '0.48000000', '27->22': '0.45000000', '27->24': '0.40800000', '28->1': '0.39300000', '28->5': '0.40100000', '28->6': '0.29900000', '28->7': '0.34600000', '28->9': '0.47700000', '28->15': '0.47800000', '28->22': '0.42000000', '28->24': '0.41000000'}"
8,"(1, 5, 6, 7, 9, 15, 22, 24)",3,23,probe_repair,"[15, 75, 95, 100, 130, 135, 160, 165, 260, 275, 285, 295, 300, 335, 360]",96,[],0.32200000,0.46577083,28->6,"{'2->1': '0.49000000', '2->5': '0.41000000', '2->6': '0.49200000', '2->7': '0.48900000', '2->9': '0.49000000', '2->15': '0.46100000', '2->22': '0.48100000', '2->24': '0.49100000', '4->1': '0.44700000', '4->5': '0.47900000', '4->6': '0.44300000', '4->7': '0.46000000', '4->9': '0.48500000', '4->15': '0.48800000', '4->22': '0.48400000', '4->24': '0.49800000', '11->1': '0.48800000', '11->5': '0.49400000', '11->6': '0.45800000', '11->7': '0.49700000', '11->9': '0.44200000', '11->15': '0.49300000', '11->22': '0.44300000', '11->24': '0.45300000', '16->1': '0.38900000', '16->5': '0.41300000', '16->6': '0.34900000', '16->7': '0.46600000', '16->9': '0.49700000', '16->15': '0.48400000', '16->22': '0.49800000', '16->24': '0.49400000', '17->1': '0.45000000', '17->5': '0.43200000', '17->6': '0.46400000', '17->7': '0.43100000', '17->9': '0.46800000', '17->15': '0.48500000', '17->22': '0.46500000', '17->24': '0.49300000', '18->1': '0.49400000', '18->5': '0.46000000', '18->6': '0.44400000', '18->7': '0.49100000', '18->9': '0.45600000', '18->15': '0.49500000', '18->22': '0.49700000', '18->24': '0.36700000', '20->1': '0.45100000', '20->5': '0.49100000', '20->6': '0.47500000', '20->7': '0.41800000', '20->9': '0.42300000', '20->15': '0.49400000', '20->22': '0.48200000', '20->24': '0.48800000', '21->1': '0.45200000', '21->5': '0.49400000', '21->6': '0.49600000', '21->7': '0.42500000', '21->9': '0.46200000', '21->15': '0.49900000', '21->22': '0.46700000', '21->24': '0.49100000', '25->1': '0.50000000', '25->5': '0.47400000', '25->6': '0.47200000', '25->7': '0.39500000', '25->9': '0.48800000', '25->15': '0.49100000', '25->22': '0.47700000', '25->24': '0.42900000', '26->1': '0.45900000', '26->5': '0.40300000', '26->6': '0.49700000', '26->7': '0.47000000', '26->9': '0.47300000', '26->15': '0.49800000', '26->22': '0.46000000', '26->24': '0.43000000', '27->1': '0.49100000', '27->5': '0.45700000', '27->6': '0.49700000', '27->7': '0.47400000', '27->9': '0.49700000', '27->15': '0.47600000', '27->22': '0.42600000', '27->24': '0.47800000', '28->1': '0.46200000', '28->5': '0.48800000', '28->6': '0.32200000', '28->7': '0.43900000', '28->9': '0.49000000', '28->15': '0.49100000', '28->22': '0.47100000', '28->24': '0.49300000'}"
8,"(1, 5, 6, 7, 9, 15, 22, 24)",4,68,probe_repair,"[30, 45, 80, 100, 115, 150, 160, 230, 240, 245, 260, 265, 300, 310, 345]",96,[],0.30500000,0.46129167,28->9,"{'2->1': '0.48900000', '2->5': '0.42300000', '2->6': '0.49100000', '2->7': '0.50000000', '2->9': '0.43300000', '2->15': '0.48200000', '2->22': '0.46200000', '2->24': '0.47000000', '4->1': '0.48300000', '4->5': '0.47900000', '4->6': '0.46900000', '4->7': '0.46200000', '4->9': '0.49100000', '4->15': '0.43400000', '4->22': '0.49600000', '4->24': '0.49400000', '11->1': '0.35500000', '11->5': '0.47100000', '11->6': '0.49500000', '11->7': '0.43600000', '11->9': '0.48700000', '11->15': '0.41200000', '11->22': '0.47400000', '11->24': '0.40200000', '16->1': '0.47400000', '16->5': '0.46600000', '16->6': '0.46600000', '16->7': '0.42300000', '16->9': '0.49000000', '16->15': '0.38700000', '16->22': '0.49300000', '16->24': '0.49300000', '17->1': '0.49500000', '17->5': '0.49300000', '17->6': '0.48100000', '17->7': '0.49200000', '17->9': '0.49700000', '17->15': '0.48000000', '17->22': '0.42600000', '17->24': '0.48200000', '18->1': '0.48800000', '18->5': '0.48400000', '18->6': '0.46400000', '18->7': '0.35700000', '18->9': '0.42200000', '18->15': '0.48700000', '18->22': '0.48500000', '18->24': '0.49500000', '20->1': '0.46800000', '20->5': '0.45400000', '20->6': '0.48600000', '20->7': '0.46900000', '20->9': '0.41200000', '20->15': '0.49900000', '20->22': '0.49500000', '20->24': '0.48500000', '21->1': '0.46900000', '21->5': '0.46300000', '21->6': '0.32300000', '21->7': '0.48200000', '21->9': '0.47700000', '21->15': '0.46000000', '21->22': '0.48200000', '21->24': '0.46800000', '25->1': '0.39400000', '25->5': '0.47000000', '25->6': '0.48400000', '25->7': '0.47300000', '25->9': '0.49600000', '25->15': '0.48300000', '25->22': '0.40700000', '25->24': '0.42100000', '26->1': '0.44000000', '26->5': '0.42200000', '26->6': '0.40000000', '26->7': '0.39500000', '26->9': '0.49800000', '26->15': '0.48900000', '26->22': '0.49300000', '26->24': '0.44100000', '27->1': '0.48100000', '27->5': '0.49700000', '27->6': '0.44900000', '27->7': '0.49000000', '27->9': '0.49100000', '27->15': '0.47600000', '27->22': '0.48600000', '27->24': '0.48200000', '28->1': '0.48900000', '28->5': '0.42900000', '28->6': '0.47700000', '28->7': '0.35400000', '28->9': '0.30500000', '28->15': '0.49600000', '28->22': '0.49800000', '28->24': '0.47600000'}"
8,"(1, 5, 6, 7, 9, 15, 22, 24)",5,50,probe_repair,"[10, 15, 30, 35, 80, 110, 135, 140, 205, 260, 280, 300, 310, 345, 365]",96,[],0.15300000,0.45441667,26->9,"{'2->1': '0.46200000', '2->5': '0.39800000', '2->6': '0.47000000', '2->7': '0.49900000', '2->9': '0.46600000', '2->15': '0.48100000', '2->22': '0.46700000', '2->24': '0.49300000', '4->1': '0.43500000', '4->5': '0.48100000', '4->6': '0.47500000', '4->7': '0.43600000', '4->9': '0.48500000', '4->15': '0.46400000', '4->22': '0.48800000', '4->24': '0.46200000', '11->1': '0.43800000', '11->5': '0.42200000', '11->6': '0.47600000', '11->7': '0.42100000', '11->9': '0.48200000', '11->15': '0.33300000', '11->22': '0.47100000', '11->24': '0.41300000', '16->1': '0.49700000', '16->5': '0.47700000', '16->6': '0.40700000', '16->7': '0.50000000', '16->9': '0.40900000', '16->15': '0.45000000', '16->22': '0.46400000', '16->24': '0.45200000', '17->1': '0.45200000', '17->5': '0.46600000', '17->6': '0.30800000', '17->7': '0.44100000', '17->9': '0.49800000', '17->15': '0.45700000', '17->22': '0.49500000', '17->24': '0.49100000', '18->1': '0.43500000', '18->5': '0.40300000', '18->6': '0.33700000', '18->7': '0.40200000', '18->9': '0.43500000', '18->15': '0.49800000', '18->22': '0.49000000', '18->24': '0.47800000', '20->1': '0.47500000', '20->5': '0.36900000', '20->6': '0.47900000', '20->7': '0.45600000', '20->9': '0.46500000', '20->15': '0.47000000', '20->22': '0.48000000', '20->24': '0.47600000', '21->1': '0.47500000', '21->5': '0.49300000', '21->6': '0.44300000', '21->7': '0.48200000', '21->9': '0.45100000', '21->15': '0.46800000', '21->22': '0.43200000', '21->24': '0.49600000', '25->1': '0.46300000', '25->5': '0.46300000', '25->6': '0.49700000', '25->7': '0.49000000', '25->9': '0.45300000', '25->15': '0.41200000', '25->22': '0.40000000', '25->24': '0.47400000', '26->1': '0.49100000', '26->5': '0.49500000', '26->6': '0.47500000', '26->7': '0.48400000', '26->9': '0.15300000', '26->15': '0.43400000', '26->22': '0.46000000', '26->24': '0.46200000', '27->1': '0.49500000', '27->5': '0.49700000', '27->6': '0.44900000', '27->7': '0.44200000', '27->9': '0.48300000', '27->15': '0.44200000', '27->22': '0.47000000', '27->24': '0.41200000', '28->1': '0.47700000', '28->5': '0.45900000', '28->6': '0.47900000', '28->7': '0.44600000', '28->9': '0.44500000', '28->15': '0.49600000', '28->22': '0.48800000', '28->24': '0.46800000'}"
8,"(1, 5, 6, 7, 9, 15, 22, 24)",6,66,probe_repair,"[30, 45, 80, 100, 115, 150, 160, 230, 240, 245, 260, 265, 300, 310, 345]",96,[],0.34300000,0.46325000,21->6,"{'2->1': '0.49500000', '2->5': '0.43300000', '2->6': '0.47900000', '2->7': '0.47600000', '2->9': '0.47300000', '2->15': '0.46200000', '2->22': '0.48000000', '2->24': '0.48800000', '4->1': '0.47600000', '4->5': '0.49600000', '4->6': '0.44800000', '4->7': '0.48500000', '4->9': '0.47600000', '4->15': '0.48100000', '4->22': '0.46300000', '4->24': '0.48700000', '11->1': '0.39400000', '11->5': '0.45000000', '11->6': '0.45000000', '11->7': '0.42300000', '11->9': '0.47000000', '11->15': '0.47500000', '11->22': '0.48500000', '11->24': '0.38300000', '16->1': '0.50000000', '16->5': '0.49000000', '16->6': '0.47800000', '16->7': '0.49700000', '16->9': '0.44800000', '16->15': '0.42900000', '16->22': '0.48300000', '16->24': '0.48700000', '17->1': '0.49600000', '17->5': '0.49600000', '17->6': '0.49000000', '17->7': '0.47500000', '17->9': '0.45800000', '17->15': '0.49700000', '17->22': '0.45100000', '17->24': '0.49500000', '18->1': '0.46200000', '18->5': '0.47200000', '18->6': '0.44000000', '18->7': '0.45900000', '18->9': '0.39200000', '18->15': '0.41300000', '18->22': '0.46700000', '18->24': '0.47300000', '20->1': '0.43000000', '20->5': '0.41200000', '20->6': '0.48200000', '20->7': '0.45300000', '20->9': '0.43000000', '20->15': '0.48300000', '20->22': '0.49700000', '20->24': '0.48300000', '21->1': '0.49700000', '21->5': '0.47100000', '21->6': '0.34300000', '21->7': '0.49800000', '21->9': '0.45700000', '21->15': '0.48600000', '21->22': '0.49600000', '21->24': '0.46800000', '25->1': '0.49400000', '25->5': '0.47000000', '25->6': '0.46400000', '25->7': '0.47100000', '25->9': '0.48800000', '25->15': '0.47300000', '25->22': '0.49900000', '25->24': '0.49100000', '26->1': '0.36700000', '26->5': '0.45900000', '26->6': '0.38100000', '26->7': '0.46200000', '26->9': '0.45500000', '26->15': '0.49400000', '26->22': '0.47200000', '26->24': '0.38200000', '27->1': '0.49100000', '27->5': '0.49700000', '27->6': '0.43500000', '27->7': '0.45800000', '27->9': '0.46100000', '27->15': '0.47400000', '27->22': '0.45200000', '27->24': '0.48000000', '28->1': '0.47700000', '28->5': '0.49900000', '28->6': '0.49700000', '28->7': '0.36400000', '28->9': '0.41100000', '28->15': '0.44800000', '28->22': '0.50000000', '28->24': '0.44400000'}"
8,"(1, 5, 6, 7, 9, 15, 22, 24)",7,53,probe_repair,"[5, 10, 35, 65, 95, 110, 125, 145, 155, 235, 280, 285, 295, 300, 355]",96,[],0.06400000,0.43487500,20->22,"{'2->1': '0.31200000', '2->5': '0.38200000', '2->6': '0.48200000', '2->7': '0.44100000', '2->9': '0.40000000', '2->15': '0.49500000', '2->22': '0.47900000', '2->24': '0.41700000', '4->1': '0.48000000', '4->5': '0.45600000', '4->6': '0.39400000', '4->7': '0.43300000', '4->9': '0.48600000', '4->15': '0.40300000', '4->22': '0.47900000', '4->24': '0.47500000', '11->1': '0.48000000', '11->5': '0.42600000', '11->6': '0.27800000', '11->7': '0.48300000', '11->9': '0.48800000', '11->15': '0.39700000', '11->22': '0.47700000', '11->24': '0.48100000', '16->1': '0.40100000', '16->5': '0.40500000', '16->6': '0.41900000', '16->7': '0.49200000', '16->9': '0.40500000', '16->15': '0.43800000', '16->22': '0.49400000', '16->24': '0.46600000', '17->1': '0.47900000', '17->5': '0.45500000', '17->6': '0.46900000', '17->7': '0.47600000', '17->9': '0.35100000', '17->15': '0.44400000', '17->22': '0.46400000', '17->24': '0.45000000', '18->1': '0.49300000', '18->5': '0.49700000', '18->6': '0.47900000', '18->7': '0.33400000', '18->9': '0.40900000', '18->15': '0.41600000', '18->22': '0.47800000', '18->24': '0.49600000', '20->1': '0.43100000', '20->5': '0.45900000', '20->6': '0.47100000', '20->7': '0.48600000', '20->9': '0.48900000', '20->15': '0.48200000', '20->22': '0.06400000', '20->24': '0.47800000', '21->1': '0.33600000', '21->5': '0.46800000', '21->6': '0.44600000', '21->7': '0.38500000', '21->9': '0.48600000', '21->15': '0.49300000', '21->22': '0.48100000', '21->24': '0.46100000', '25->1': '0.40900000', '25->5': '0.45700000', '25->6': '0.49900000', '25->7': '0.49000000', '25->9': '0.46700000', '25->15': '0.40200000', '25->22': '0.44800000', '25->24': '0.40600000', '26->1': '0.44200000', '26->5': '0.43000000', '26->6': '0.27200000', '26->7': '0.48300000', '26->9': '0.38600000', '26->15': '0.34100000', '26->22': '0.40900000', '26->24': '0.47900000', '27->1': '0.37500000', '27->5': '0.47900000', '27->6': '0.49300000', '27->7': '0.49000000', '27->9': '0.48100000', '27->15': '0.37800000', '27->22': '0.48200000', '27->24': '0.31800000', '28->1': '0.39300000', '28->5': '0.47500000', '28->6': '0.31700000', '28->7': '0.47600000', '28->9': '0.41700000', '28->15': '0.46800000', '28->22': '0.24800000', '28->24': '0.48800000'}"
8,"(1, 5, 6, 7, 9, 15, 22, 24)",8,61,probe_repair,"[30, 45, 80, 100, 115, 150, 160, 230, 240, 245, 260, 265, 300, 310, 345]",96,[],0.29000000,0.45137500,26->6,"{'2->1': '0.44400000', '2->5': '0.37800000', '2->6': '0.46200000', '2->7': '0.43500000', '2->9': '0.49800000', '2->15': '0.42900000', '2->22': '0.46300000', '2->24': '0.48900000', '4->1': '0.34200000', '4->5': '0.47000000', '4->6': '0.49600000', '4->7': '0.47300000', '4->9': '0.45800000', '4->15': '0.43700000', '4->22': '0.44500000', '4->24': '0.40100000', '11->1': '0.49300000', '11->5': '0.47900000', '11->6': '0.45100000', '11->7': '0.45800000', '11->9': '0.46900000', '11->15': '0.48600000', '11->22': '0.49400000', '11->24': '0.37200000', '16->1': '0.49900000', '16->5': '0.47100000', '16->6': '0.44700000', '16->7': '0.49600000', '16->9': '0.46900000', '16->15': '0.41200000', '16->22': '0.45800000', '16->24': '0.45000000', '17->1': '0.47200000', '17->5': '0.48600000', '17->6': '0.44400000', '17->7': '0.46900000', '17->9': '0.46800000', '17->15': '0.46500000', '17->22': '0.40500000', '17->24': '0.49500000', '18->1': '0.46500000', '18->5': '0.47300000', '18->6': '0.39700000', '18->7': '0.48200000', '18->9': '0.37700000', '18->15': '0.47000000', '18->22': '0.48200000', '18->24': '0.48600000', '20->1': '0.37800000', '20->5': '0.40600000', '20->6': '0.47800000', '20->7': '0.44100000', '20->9': '0.42800000', '20->15': '0.46300000', '20->22': '0.44700000', '20->24': '0.44900000', '21->1': '0.48600000', '21->5': '0.47600000', '21->6': '0.30200000', '21->7': '0.47500000', '21->9': '0.47000000', '21->15': '0.48500000', '21->22': '0.49900000', '21->24': '0.48900000', '25->1': '0.49100000', '25->5': '0.47900000', '25->6': '0.49100000', '25->7': '0.49800000', '25->9': '0.42500000', '25->15': '0.45800000', '25->22': '0.41000000', '25->24': '0.35800000', '26->1': '0.34000000', '26->5': '0.43000000', '26->6': '0.29000000', '26->7': '0.49700000', '26->9': '0.47600000', '26->15': '0.48100000', '26->22': '0.48700000', '26->24': '0.42900000', '27->1': '0.44600000', '27->5': '0.49400000', '27->6': '0.40200000', '27->7': '0.47300000', '27->9': '0.48800000', '27->15': '0.46500000', '27->22': '0.40700000', '27->24': '0.43900000', '28->1': '0.49700000', '28->5': '0.48900000', '28->6': '0.41900000', '28->7': '0.46800000', '28->9': '0.39100000', '28->15': '0.43400000', '28->22': '0.49600000', '28->24': '0.45200000'}"
8,"(1, 5, 6, 7, 9, 15, 22, 24)",9,46,probe_repair,"[10, 15, 30, 35, 80, 110, 135, 140, 205, 260, 280, 300, 310, 345, 365]",96,[],0.26400000,0.45120833,26->9,"{'2->1': '0.38400000', '2->5': '0.37200000', '2->6': '0.42000000', '2->7': '0.49100000', '2->9': '0.46400000', '2->15': '0.46300000', '2->22': '0.47500000', '2->24': '0.49300000', '4->1': '0.48300000', '4->5': '0.46700000', '4->6': '0.48300000', '4->7': '0.41400000', '4->9': '0.49900000', '4->15': '0.49000000', '4->22': '0.50000000', '4->24': '0.37400000', '11->1': '0.38100000', '11->5': '0.33700000', '11->6': '0.45900000', '11->7': '0.45800000', '11->9': '0.48300000', '11->15': '0.41000000', '11->22': '0.48600000', '11->24': '0.44800000', '16->1': '0.48000000', '16->5': '0.48800000', '16->6': '0.44400000', '16->7': '0.42900000', '16->9': '0.45800000', '16->15': '0.44300000', '16->22': '0.49500000', '16->24': '0.42700000', '17->1': '0.43000000', '17->5': '0.48200000', '17->6': '0.40400000', '17->7': '0.48900000', '17->9': '0.42600000', '17->15': '0.43100000', '17->22': '0.49700000', '17->24': '0.48700000', '18->1': '0.45000000', '18->5': '0.42200000', '18->6': '0.32200000', '18->7': '0.46900000', '18->9': '0.47800000', '18->15': '0.48500000', '18->22': '0.49900000', '18->24': '0.45900000', '20->1': '0.48200000', '20->5': '0.30600000', '20->6': '0.48600000', '20->7': '0.42300000', '20->9': '0.48000000', '20->15': '0.37900000', '20->22': '0.45100000', '20->24': '0.46300000', '21->1': '0.49100000', '21->5': '0.48500000', '21->6': '0.42500000', '21->7': '0.48000000', '21->9': '0.43900000', '21->15': '0.48000000', '21->22': '0.49200000', '21->24': '0.44800000', '25->1': '0.45700000', '25->5': '0.44900000', '25->6': '0.41900000', '25->7': '0.49000000', '25->9': '0.46100000', '25->15': '0.47200000', '25->22': '0.36800000', '25->24': '0.47800000', '26->1': '0.37600000', '26->5': '0.48000000', '26->6': '0.49200000', '26->7': '0.45900000', '26->9': '0.26400000', '26->15': '0.43500000', '26->22': '0.46900000', '26->24': '0.40100000', '27->1': '0.47300000', '27->5': '0.48300000', '27->6': '0.43700000', '27->7': '0.46000000', '27->9': '0.48700000', '27->15': '0.47000000', '27->22': '0.47400000', '27->24': '0.49400000', '28->1': '0.48900000', '28->5': '0.47300000', '28->6': '0.46900000', '28->7': '0.46000000', '28->9': '0.46300000', '28->15': '0.47200000', '28->22': '0.42200000', '28->24': '0.48200000'}"
8,"(1, 5, 6, 7, 9, 15, 22, 24)",10,52,probe_repair,"[10, 15, 30, 35, 80, 110, 135, 140, 205, 260, 280, 300, 310, 345, 365]",96,[],0.30100000,0.45750000,26->9,"{'2->1': '0.45400000', '2->5': '0.37000000', '2->6': '0.48000000', '2->7': '0.49900000', '2->9': '0.40200000', '2->15': '0.45500000', '2->22': '0.44900000', '2->24': '0.47100000', '4->1': '0.48300000', '4->5': '0.45100000', '4->6': '0.48500000', '4->7': '0.41400000', '4->9': '0.47900000', '4->15': '0.49800000', '4->22': '0.48000000', '4->24': '0.45400000', '11->1': '0.46600000', '11->5': '0.41200000', '11->6': '0.46800000', '11->7': '0.49900000', '11->9': '0.49400000', '11->15': '0.41500000', '11->22': '0.48100000', '11->24': '0.37900000', '16->1': '0.46800000', '16->5': '0.47400000', '16->6': '0.41400000', '16->7': '0.42500000', '16->9': '0.38600000', '16->15': '0.49500000', '16->22': '0.47500000', '16->24': '0.47500000', '17->1': '0.45000000', '17->5': '0.49800000', '17->6': '0.35400000', '17->7': '0.42300000', '17->9': '0.46800000', '17->15': '0.46700000', '17->22': '0.49500000', '17->24': '0.48500000', '18->1': '0.44500000', '18->5': '0.46300000', '18->6': '0.30300000', '18->7': '0.48200000', '18->9': '0.45700000', '18->15': '0.48800000', '18->22': '0.48400000', '18->24': '0.46000000', '20->1': '0.46500000', '20->5': '0.39500000', '20->6': '0.46900000', '20->7': '0.45200000', '20->9': '0.46500000', '20->15': '0.48000000', '20->22': '0.49200000', '20->24': '0.47800000', '21->1': '0.48100000', '21->5': '0.43100000', '21->6': '0.48100000', '21->7': '0.49000000', '21->9': '0.46300000', '21->15': '0.48400000', '21->22': '0.46200000', '21->24': '0.48600000', '25->1': '0.43400000', '25->5': '0.49400000', '25->6': '0.45800000', '25->7': '0.49700000', '25->9': '0.47000000', '25->15': '0.42100000', '25->22': '0.39900000', '25->24': '0.45700000', '26->1': '0.40100000', '26->5': '0.49100000', '26->6': '0.49700000', '26->7': '0.49600000', '26->9': '0.30100000', '26->15': '0.41000000', '26->22': '0.47200000', '26->24': '0.47400000', '27->1': '0.48700000', '27->5': '0.45100000', '27->6': '0.41700000', '27->7': '0.47200000', '27->9': '0.47700000', '27->15': '0.48000000', '27->22': '0.49800000', '27->24': '0.48600000', '28->1': '0.47900000', '28->5': '0.44300000', '28->6': '0.45900000', '28->7': '0.45000000', '28->9': '0.46100000', '28->15': '0.49800000', '28->22': '0.49000000', '28->24': '0.45400000'}"
8,"(5, 9, 11, 16, 24, 25, 26, 28)",1,42,probe_repair,"[15, 60, 100, 105, 125, 130, 140, 150, 160, 200, 245, 265, 285, 330, 360]",88,[1],0.22900000,0.46215909,17->26,"{'2->5': '0.36600000', '2->9': '0.35500000', '2->11': '0.48300000', '2->16': '0.49200000', '2->24': '0.41300000', '2->25': '0.47100000', '2->26': '0.49900000', '2->28': '0.45500000', '4->5': '0.49800000', '4->9': '0.43100000', '4->11': '0.48300000', '4->16': '0.47600000', '4->24': '0.49900000', '4->25': '0.49100000', '4->26': '0.48900000', '4->28': '0.47300000', '6->5': '0.48500000', '6->9': '0.44200000', '6->11': '0.45600000', '6->16': '0.44500000', '6->24': '0.45400000', '6->25': '0.46600000', '6->26': '0.43200000', '6->28': '0.47400000', '7->5': '0.47600000', '7->9': '0.25300000', '7->11': '0.49700000', '7->16': '0.47800000', '7->24': '0.49300000', '7->25': '0.49700000', '7->26': '0.40900000', '7->28': '0.49300000', '15->5': '0.47900000', '15->9': '0.46800000', '15->11': '0.48800000', '15->16': '0.48500000', '15->24': '0.49800000', '15->25': '0.39000000', '15->26': '0.46000000', '15->28': '0.42200000', '17->5': '0.49600000', '17->9': '0.49900000', '17->11': '0.49100000', '17->16': '0.44800000', '17->24': '0.49100000', '17->25': '0.44500000', '17->26': '0.22900000', '17->28': '0.47700000', '18->5': '0.47300000', '18->9': '0.49200000', '18->11': '0.49200000', '18->16': '0.49100000', '18->24': '0.45000000', '18->25': '0.48200000', '18->26': '0.49600000', '18->28': '0.49400000', '20->5': '0.42600000', '20->9': '0.40300000', '20->11': '0.49900000', '20->16': '0.40800000', '20->24': '0.47700000', '20->25': '0.47500000', '20->26': '0.46900000', '20->28': '0.44900000', '21->5': '0.49200000', '21->9': '0.42900000', '21->11': '0.49100000', '21->16': '0.48200000', '21->24': '0.40700000', '21->25': '0.49900000', '21->26': '0.47500000', '21->28': '0.46500000', '22->5': '0.47200000', '22->9': '0.48700000', '22->11': '0.47300000', '22->16': '0.48800000', '22->24': '0.46700000', '22->25': '0.44900000', '22->26': '0.49500000', '22->28': '0.44100000', '27->5': '0.46800000', '27->9': '0.48100000', '27->11': '0.49700000', '27->16': '0.46800000', '27->24': '0.47100000', '27->25': '0.46100000', '27->26': '0.49100000', '27->28': '0.45500000'}"
8,"(5, 9, 11, 16, 24, 25, 26, 28)",2,39,probe_repair,"[15, 60, 100, 105, 125, 130, 140, 150, 160, 200, 245, 265, 285, 330, 360]",88,[1],0.18700000,0.46161364,17->26,"{'2->5': '0.35700000', '2->9': '0.45600000', '2->11': '0.49200000', '2->16': '0.46900000', '2->24': '0.42400000', '2->25': '0.47200000', '2->26': '0.47000000', '2->28': '0.48200000', '4->5': '0.48900000', '4->9': '0.49600000', '4->11': '0.45800000', '4->16': '0.46900000', '4->24': '0.45800000', '4->25': '0.46600000', '4->26': '0.47800000', '4->28': '0.49800000', '6->5': '0.43900000', '6->9': '0.48400000', '6->11': '0.49400000', '6->16': '0.46500000', '6->24': '0.47200000', '6->25': '0.49000000', '6->26': '0.45000000', '6->28': '0.47800000', '7->5': '0.47400000', '7->9': '0.32100000', '7->11': '0.49500000', '7->16': '0.48000000', '7->24': '0.48100000', '7->25': '0.49300000', '7->26': '0.48100000', '7->28': '0.46100000', '15->5': '0.43000000', '15->9': '0.44500000', '15->11': '0.44700000', '15->16': '0.48800000', '15->24': '0.48100000', '15->25': '0.41700000', '15->26': '0.42100000', '15->28': '0.49300000', '17->5': '0.49400000', '17->9': '0.49100000', '17->11': '0.47300000', '17->16': '0.48200000', '17->24': '0.49700000', '17->25': '0.49300000', '17->26': '0.18700000', '17->28': '0.46300000', '18->5': '0.40000000', '18->9': '0.48100000', '18->11': '0.47900000', '18->16': '0.49000000', '18->24': '0.48100000', '18->25': '0.47900000', '18->26': '0.48700000', '18->28': '0.46900000', '20->5': '0.45400000', '20->9': '0.24700000', '20->11': '0.47700000', '20->16': '0.36400000', '20->24': '0.47700000', '20->25': '0.49300000', '20->26': '0.47300000', '20->28': '0.48100000', '21->5': '0.45000000', '21->9': '0.44900000', '21->11': '0.48100000', '21->16': '0.46800000', '21->24': '0.43900000', '21->25': '0.49900000', '21->26': '0.49700000', '21->28': '0.44100000', '22->5': '0.48400000', '22->9': '0.49900000', '22->11': '0.46100000', '22->16': '0.48000000', '22->24': '0.49300000', '22->25': '0.45500000', '22->26': '0.44300000', '22->28': '0.45300000', '27->5': '0.48700000', '27->9': '0.48000000', '27->11': '0.49400000', '27->16': '0.47900000', '27->24': '0.48800000', '27->25': '0.49000000', '27->26': '0.44800000', '27->28': '0.43800000'}"
8,"(5, 9, 11, 16, 24, 25, 26, 28)",3,41,probe_repair,"[15, 60, 100, 105, 125, 130, 140, 150, 160, 200, 245, 265, 285, 330, 360]",88,[1],0.15200000,0.45995455,17->26,"{'2->5': '0.39900000', '2->9': '0.43200000', '2->11': '0.49600000', '2->16': '0.47700000', '2->24': '0.46800000', '2->25': '0.49200000', '2->26': '0.43800000', '2->28': '0.48000000', '4->5': '0.49500000', '4->9': '0.47600000', '4->11': '0.48200000', '4->16': '0.48100000', '4->24': '0.48000000', '4->25': '0.46400000', '4->26': '0.48200000', '4->28': '0.47800000', '6->5': '0.46400000', '6->9': '0.47300000', '6->11': '0.45100000', '6->16': '0.49800000', '6->24': '0.46500000', '6->25': '0.48900000', '6->26': '0.44900000', '6->28': '0.45100000', '7->5': '0.48300000', '7->9': '0.29000000', '7->11': '0.49800000', '7->16': '0.47300000', '7->24': '0.47600000', '7->25': '0.47400000', '7->26': '0.46800000', '7->28': '0.49200000', '15->5': '0.43900000', '15->9': '0.48800000', '15->11': '0.46000000', '15->16': '0.49900000', '15->24': '0.49600000', '15->25': '0.42200000', '15->26': '0.42600000', '15->28': '0.45400000', '17->5': '0.46900000', '17->9': '0.47200000', '17->11': '0.45800000', '17->16': '0.49700000', '17->24': '0.47200000', '17->25': '0.48000000', '17->26': '0.15200000', '17->28': '0.47600000', '18->5': '0.31200000', '18->9': '0.48300000', '18->11': '0.48700000', '18->16': '0.47600000', '18->24': '0.48700000', '18->25': '0.49900000', '18->26': '0.45100000', '18->28': '0.47700000', '20->5': '0.47200000', '20->9': '0.23300000', '20->11': '0.45500000', '20->16': '0.40000000', '20->24': '0.48300000', '20->25': '0.48900000', '20->26': '0.47100000', '20->28': '0.46500000', '21->5': '0.49600000', '21->9': '0.43900000', '21->11': '0.48900000', '21->16': '0.49200000', '21->24': '0.48700000', '21->25': '0.48300000', '21->26': '0.42700000', '21->28': '0.44100000', '22->5': '0.48600000', '22->9': '0.46700000', '22->11': '0.45900000', '22->16': '0.49800000', '22->24': '0.49700000', '22->25': '0.45300000', '22->26': '0.49300000', '22->28': '0.45700000', '27->5': '0.49100000', '27->9': '0.33000000', '27->11': '0.50000000', '27->16': '0.47700000', '27->24': '0.49200000', '27->25': '0.46000000', '27->26': '0.49000000', '27->28': '0.45800000'}"
8,"(5, 9, 11, 16, 24, 25, 26, 28)",4,119,probe_repair,"[35, 40, 55, 75, 135, 160, 180, 210, 220, 240, 255, 260, 270, 335, 345]",88,[1],0.23700000,0.46400000,2->26,"{'2->5': '0.48400000', '2->9': '0.45500000', '2->11': '0.49300000', '2->16': '0.48600000', '2->24': '0.47300000', '2->25': '0.43700000', '2->26': '0.23700000', '2->28': '0.45300000', '4->5': '0.48500000', '4->9': '0.48800000', '4->11': '0.48200000', '4->16': '0.47500000', '4->24': '0.49000000', '4->25': '0.49200000', '4->26': '0.37600000', '4->28': '0.44600000', '6->5': '0.41400000', '6->9': '0.45500000', '6->11': '0.47300000', '6->16': '0.46200000', '6->24': '0.47300000', '6->25': '0.49900000', '6->26': '0.47700000', '6->28': '0.42100000', '7->5': '0.48600000', '7->9': '0.47900000', '7->11': '0.44100000', '7->16': '0.48800000', '7->24': '0.43700000', '7->25': '0.49700000', '7->26': '0.37300000', '7->28': '0.48900000', '15->5': '0.46900000', '15->9': '0.40400000', '15->11': '0.49000000', '15->16': '0.49900000', '15->24': '0.44000000', '15->25': '0.48800000', '15->26': '0.48000000', '15->28': '0.40200000', '17->5': '0.49000000', '17->9': '0.49900000', '17->11': '0.46900000', '17->16': '0.47800000', '17->24': '0.29500000', '17->25': '0.47500000', '17->26': '0.46300000', '17->28': '0.40900000', '18->5': '0.42400000', '18->9': '0.49100000', '18->11': '0.48100000', '18->16': '0.45200000', '18->24': '0.49500000', '18->25': '0.48700000', '18->26': '0.45900000', '18->28': '0.45900000', '20->5': '0.47200000', '20->9': '0.49900000', '20->11': '0.47900000', '20->16': '0.44800000', '20->24': '0.47900000', '20->25': '0.49700000', '20->26': '0.48300000', '20->28': '0.49700000', '21->5': '0.49900000', '21->9': '0.49200000', '21->11': '0.47600000', '21->16': '0.43500000', '21->24': '0.46200000', '21->25': '0.49200000', '21->26': '0.44800000', '21->28': '0.45600000', '22->5': '0.49200000', '22->9': '0.49500000', '22->11': '0.49500000', '22->16': '0.48200000', '22->24': '0.43500000', '22->25': '0.49700000', '22->26': '0.45300000', '22->28': '0.47900000', '27->5': '0.45900000', '27->9': '0.48400000', '27->11': '0.47400000', '27->16': '0.49500000', '27->24': '0.43400000', '27->25': '0.47800000', '27->26': '0.48600000', '27->28': '0.46600000'}"
8,"(5, 9, 11, 16, 24, 25, 26, 28)",5,117,probe_repair,"[35, 40, 55, 75, 135, 160, 180, 210, 220, 240, 255, 260, 270, 335, 345]",88,[1],0.04700000,0.44406818,2->26,"{'2->5': '0.44600000', '2->9': '0.47900000', '2->11': '0.48300000', '2->16': '0.49600000', '2->24': '0.48700000', '2->25': '0.47100000', '2->26': '0.04700000', '2->28': '0.46100000', '4->5': '0.44400000', '4->9': '0.49100000', '4->11': '0.46700000', '4->16': '0.49400000', '4->24': '0.43300000', '4->25': '0.48500000', '4->26': '0.29300000', '4->28': '0.42900000', '6->5': '0.44600000', '6->9': '0.49500000', '6->11': '0.37100000', '6->16': '0.45600000', '6->24': '0.40700000', '6->25': '0.42700000', '6->26': '0.49100000', '6->28': '0.48900000', '7->5': '0.42200000', '7->9': '0.42900000', '7->11': '0.41500000', '7->16': '0.42800000', '7->24': '0.43100000', '7->25': '0.45900000', '7->26': '0.23300000', '7->28': '0.49700000', '15->5': '0.45200000', '15->9': '0.29700000', '15->11': '0.49900000', '15->16': '0.39600000', '15->24': '0.46900000', '15->25': '0.45300000', '15->26': '0.48900000', '15->28': '0.39300000', '17->5': '0.49100000', '17->9': '0.48800000', '17->11': '0.48000000', '17->16': '0.49900000', '17->24': '0.26000000', '17->25': '0.45600000', '17->26': '0.42600000', '17->28': '0.31000000', '18->5': '0.48500000', '18->9': '0.40600000', '18->11': '0.47600000', '18->16': '0.43100000', '18->24': '0.45800000', '18->25': '0.49000000', '18->26': '0.46400000', '18->28': '0.36800000', '20->5': '0.46700000', '20->9': '0.46800000', '20->11': '0.46800000', '20->16': '0.49700000', '20->24': '0.45000000', '20->25': '0.39200000', '20->26': '0.46600000', '20->28': '0.44400000', '21->5': '0.48600000', '21->9': '0.49700000', '21->11': '0.42700000', '21->16': '0.48600000', '21->24': '0.46700000', '21->25': '0.47700000', '21->26': '0.42700000', '21->28': '0.44100000', '22->5': '0.49100000', '22->9': '0.47600000', '22->11': '0.45600000', '22->16': '0.48500000', '22->24': '0.42400000', '22->25': '0.49600000', '22->26': '0.41800000', '22->28': '0.49400000', '27->5': '0.49100000', '27->9': '0.49600000', '27->11': '0.46400000', '27->16': '0.49100000', '27->24': '0.42000000', '27->25': '0.48400000', '27->26': '0.41800000', '27->28': '0.47600000'}"
8,"(5, 9, 11, 16, 24, 25, 26, 28)",6,130,probe_repair,"[25, 60, 95, 160, 170, 175, 200, 210, 215, 225, 265, 280, 290, 345, 355]",88,[1],0.29500000,0.45725000,6->24,"{'2->5': '0.48600000', '2->9': '0.49500000', '2->11': '0.47900000', '2->16': '0.33400000', '2->24': '0.46100000', '2->25': '0.42900000', '2->26': '0.38900000', '2->28': '0.49500000', '4->5': '0.45100000', '4->9': '0.45200000', '4->11': '0.46000000', '4->16': '0.44900000', '4->24': '0.49200000', '4->25': '0.47200000', '4->26': '0.47000000', '4->28': '0.47200000', '6->5': '0.46400000', '6->9': '0.48100000', '6->11': '0.41900000', '6->16': '0.36400000', '6->24': '0.29500000', '6->25': '0.45700000', '6->26': '0.49500000', '6->28': '0.48100000', '7->5': '0.46600000', '7->9': '0.49900000', '7->11': '0.37700000', '7->16': '0.48800000', '7->24': '0.46900000', '7->25': '0.46100000', '7->26': '0.36500000', '7->28': '0.43300000', '15->5': '0.47500000', '15->9': '0.49000000', '15->11': '0.49000000', '15->16': '0.49500000', '15->24': '0.46800000', '15->25': '0.47000000', '15->26': '0.49800000', '15->28': '0.49600000', '17->5': '0.47500000', '17->9': '0.50000000', '17->11': '0.49000000', '17->16': '0.42900000', '17->24': '0.42800000', '17->25': '0.47000000', '17->26': '0.45200000', '17->28': '0.46000000', '18->5': '0.47200000', '18->9': '0.48500000', '18->11': '0.49700000', '18->16': '0.42800000', '18->24': '0.48700000', '18->25': '0.49700000', '18->26': '0.32700000', '18->28': '0.42900000', '20->5': '0.35600000', '20->9': '0.45500000', '20->11': '0.49300000', '20->16': '0.48600000', '20->24': '0.48700000', '20->25': '0.45700000', '20->26': '0.49100000', '20->28': '0.49100000', '21->5': '0.48500000', '21->9': '0.44200000', '21->11': '0.48000000', '21->16': '0.44900000', '21->24': '0.49800000', '21->25': '0.39000000', '21->26': '0.45600000', '21->28': '0.46600000', '22->5': '0.48300000', '22->9': '0.43800000', '22->11': '0.49600000', '22->16': '0.48900000', '22->24': '0.46400000', '22->25': '0.49600000', '22->26': '0.47200000', '22->28': '0.49600000', '27->5': '0.37400000', '27->9': '0.48500000', '27->11': '0.49900000', '27->16': '0.34200000', '27->24': '0.49900000', '27->25': '0.44300000', '27->26': '0.42100000', '27->28': '0.45100000'}"
8,"(5, 9, 11, 16, 24, 25, 26, 28)",7,125,probe_repair,"[25, 60, 95, 160, 170, 175, 200, 210, 215, 225, 265, 280, 290, 345, 355]",88,[1],0.23100000,0.44325000,22->16,"{'2->5': '0.43000000', '2->9': '0.48700000', '2->11': '0.49500000', '2->16': '0.25000000', '2->24': '0.46900000', '2->25': '0.49700000', '2->26': '0.40700000', '2->28': '0.44500000', '4->5': '0.43300000', '4->9': '0.46000000', '4->11': '0.48400000', '4->16': '0.49100000', '4->24': '0.42800000', '4->25': '0.37000000', '4->26': '0.43800000', '4->28': '0.48800000', '6->5': '0.49100000', '6->9': '0.41800000', '6->11': '0.50000000', '6->16': '0.23700000', '6->24': '0.42800000', '6->25': '0.49000000', '6->26': '0.50000000', '6->28': '0.39800000', '7->5': '0.45100000', '7->9': '0.48000000', '7->11': '0.40000000', '7->16': '0.49100000', '7->24': '0.46000000', '7->25': '0.47800000', '7->26': '0.24200000', '7->28': '0.46400000', '15->5': '0.45400000', '15->9': '0.49300000', '15->11': '0.48300000', '15->16': '0.46800000', '15->24': '0.49900000', '15->25': '0.48700000', '15->26': '0.47300000', '15->28': '0.47700000', '17->5': '0.48700000', '17->9': '0.47800000', '17->11': '0.36400000', '17->16': '0.29700000', '17->24': '0.49000000', '17->25': '0.44000000', '17->26': '0.49800000', '17->28': '0.42200000', '18->5': '0.47900000', '18->9': '0.50000000', '18->11': '0.25800000', '18->16': '0.42500000', '18->24': '0.49000000', '18->25': '0.48200000', '18->26': '0.30000000', '18->28': '0.48000000', '20->5': '0.43000000', '20->9': '0.49700000', '20->11': '0.46300000', '20->16': '0.43800000', '20->24': '0.49100000', '20->25': '0.48700000', '20->26': '0.47700000', '20->28': '0.47500000', '21->5': '0.40300000', '21->9': '0.40000000', '21->11': '0.47200000', '21->16': '0.35300000', '21->24': '0.40800000', '21->25': '0.42400000', '21->26': '0.46800000', '21->28': '0.47200000', '22->5': '0.46100000', '22->9': '0.49000000', '22->11': '0.47800000', '22->16': '0.23100000', '22->24': '0.47200000', '22->25': '0.49000000', '22->26': '0.49800000', '22->28': '0.42800000', '27->5': '0.40000000', '27->9': '0.48300000', '27->11': '0.47900000', '27->16': '0.46400000', '27->24': '0.42900000', '27->25': '0.41700000', '27->26': '0.44900000', '27->28': '0.45500000'}"
8,"(5, 9, 11, 16, 24, 25, 26, 28)",8,123,probe_repair,"[35, 40, 55, 75, 135, 160, 180, 210, 220, 240, 255, 260, 270, 335, 345]",88,[1],0.19000000,0.45865909,2->26,"{'2->5': '0.47700000', '2->9': '0.46000000', '2->11': '0.45800000', '2->16': '0.48100000', '2->24': '0.45600000', '2->25': '0.48800000', '2->26': '0.19000000', '2->28': '0.48800000', '4->5': '0.43600000', '4->9': '0.49100000', '4->11': '0.48300000', '4->16': '0.48600000', '4->24': '0.46700000', '4->25': '0.49900000', '4->26': '0.37700000', '4->28': '0.47500000', '6->5': '0.49700000', '6->9': '0.46800000', '6->11': '0.44400000', '6->16': '0.46300000', '6->24': '0.46200000', '6->25': '0.47400000', '6->26': '0.48600000', '6->28': '0.50000000', '7->5': '0.40500000', '7->9': '0.43400000', '7->11': '0.48800000', '7->16': '0.46300000', '7->24': '0.42200000', '7->25': '0.47200000', '7->26': '0.32200000', '7->28': '0.47800000', '15->5': '0.46800000', '15->9': '0.47900000', '15->11': '0.48900000', '15->16': '0.48800000', '15->24': '0.42900000', '15->25': '0.40300000', '15->26': '0.47500000', '15->28': '0.42900000', '17->5': '0.49700000', '17->9': '0.49600000', '17->11': '0.49800000', '17->16': '0.46500000', '17->24': '0.22200000', '17->25': '0.44000000', '17->26': '0.41600000', '17->28': '0.41200000', '18->5': '0.38500000', '18->9': '0.47200000', '18->11': '0.49400000', '18->16': '0.47500000', '18->24': '0.46000000', '18->25': '0.49600000', '18->26': '0.48200000', '18->28': '0.43000000', '20->5': '0.47400000', '20->9': '0.44100000', '20->11': '0.49900000', '20->16': '0.43400000', '20->24': '0.49100000', '20->25': '0.47100000', '20->26': '0.47100000', '20->28': '0.45700000', '21->5': '0.48900000', '21->9': '0.48400000', '21->11': '0.44000000', '21->16': '0.44500000', '21->24': '0.48000000', '21->25': '0.47000000', '21->26': '0.46400000', '21->28': '0.49400000', '22->5': '0.49900000', '22->9': '0.44000000', '22->11': '0.49000000', '22->16': '0.49700000', '22->24': '0.47000000', '22->25': '0.47200000', '22->26': '0.41600000', '22->28': '0.48800000', '27->5': '0.45700000', '27->9': '0.49800000', '27->11': '0.49400000', '27->16': '0.49100000', '27->24': '0.39400000', '27->25': '0.49000000', '27->26': '0.49600000', '27->28': '0.47600000'}"
8,"(5, 9, 11, 16, 24, 25, 26, 28)",9,18,baseline,"[5, 30, 55, 80, 105, 130, 155, 180, 205, 230, 255, 280, 305, 330, 355]",88,[1],0.09300000,0.44997727,15->5,"{'2->5': '0.49800000', '2->9': '0.43500000', '2->11': '0.49500000', '2->16': '0.46200000', '2->24': '0.32100000', '2->25': '0.47100000', '2->26': '0.34900000', '2->28': '0.48900000', '4->5': '0.49400000', '4->9': '0.48300000', '4->11': '0.44100000', '4->16': '0.48800000', '4->24': '0.45500000', '4->25': '0.41700000', '4->26': '0.47900000', '4->28': '0.49900000', '6->5': '0.42100000', '6->9': '0.46600000', '6->11': '0.46600000', '6->16': '0.44100000', '6->24': '0.46600000', '6->25': '0.49600000', '6->26': '0.46800000', '6->28': '0.45200000', '7->5': '0.48700000', '7->9': '0.47400000', '7->11': '0.48600000', '7->16': '0.42300000', '7->24': '0.42200000', '7->25': '0.46200000', '7->26': '0.49000000', '7->28': '0.45600000', '15->5': '0.09300000', '15->9': '0.48000000', '15->11': '0.45000000', '15->16': '0.49900000', '15->24': '0.46800000', '15->25': '0.48800000', '15->26': '0.42400000', '15->28': '0.48800000', '17->5': '0.47500000', '17->9': '0.46400000', '17->11': '0.50000000', '17->16': '0.42300000', '17->24': '0.33000000', '17->25': '0.48200000', '17->26': '0.25200000', '17->28': '0.46200000', '18->5': '0.47300000', '18->9': '0.47800000', '18->11': '0.41800000', '18->16': '0.44500000', '18->24': '0.49000000', '18->25': '0.49200000', '18->26': '0.49200000', '18->28': '0.47600000', '20->5': '0.47300000', '20->9': '0.45600000', '20->11': '0.49800000', '20->16': '0.49300000', '20->24': '0.41600000', '20->25': '0.48400000', '20->26': '0.48200000', '20->28': '0.46000000', '21->5': '0.37400000', '21->9': '0.48700000', '21->11': '0.49500000', '21->16': '0.39800000', '21->24': '0.49900000', '21->25': '0.46900000', '21->26': '0.30100000', '21->28': '0.46500000', '22->5': '0.47500000', '22->9': '0.50000000', '22->11': '0.43800000', '22->16': '0.47100000', '22->24': '0.34000000', '22->25': '0.41400000', '22->26': '0.48600000', '22->28': '0.49800000', '27->5': '0.47800000', '27->9': '0.46300000', '27->11': '0.44100000', '27->16': '0.46400000', '27->24': '0.41300000', '27->25': '0.32900000', '27->26': '0.48700000', '27->28': '0.45700000'}"
8,"(5, 9, 11, 16, 24, 25, 26, 28)",10,124,probe_repair,"[35, 40, 55, 75, 135, 160, 180, 210, 220, 240, 255, 260, 270, 335, 345]",88,[1],0.22800000,0.45902273,17->24,"{'2->5': '0.47500000', '2->9': '0.46800000', '2->11': '0.48800000', '2->16': '0.48300000', '2->24': '0.46800000', '2->25': '0.46000000', '2->26': '0.23600000', '2->28': '0.43400000', '4->5': '0.47100000', '4->9': '0.48200000', '4->11': '0.47800000', '4->16': '0.49700000', '4->24': '0.49000000', '4->25': '0.49800000', '4->26': '0.35200000', '4->28': '0.44600000', '6->5': '0.44000000', '6->9': '0.45500000', '6->11': '0.44700000', '6->16': '0.48000000', '6->24': '0.43100000', '6->25': '0.49500000', '6->26': '0.47100000', '6->28': '0.49500000', '7->5': '0.47300000', '7->9': '0.47200000', '7->11': '0.44000000', '7->16': '0.47900000', '7->24': '0.41800000', '7->25': '0.46600000', '7->26': '0.34000000', '7->28': '0.48800000', '15->5': '0.49700000', '15->9': '0.42600000', '15->11': '0.46800000', '15->16': '0.45500000', '15->24': '0.43800000', '15->25': '0.47200000', '15->26': '0.47000000', '15->28': '0.44800000', '17->5': '0.49900000', '17->9': '0.46600000', '17->11': '0.49000000', '17->16': '0.45500000', '17->24': '0.22800000', '17->25': '0.45800000', '17->26': '0.47200000', '17->28': '0.39200000', '18->5': '0.40500000', '18->9': '0.49200000', '18->11': '0.45400000', '18->16': '0.48700000', '18->24': '0.44200000', '18->25': '0.46600000', '18->26': '0.47400000', '18->28': '0.40600000', '20->5': '0.45900000', '20->9': '0.44200000', '20->11': '0.49200000', '20->16': '0.44700000', '20->24': '0.45400000', '20->25': '0.47000000', '20->26': '0.48600000', '20->28': '0.46000000', '21->5': '0.47400000', '21->9': '0.48900000', '21->11': '0.45900000', '21->16': '0.48800000', '21->24': '0.48300000', '21->25': '0.49500000', '21->26': '0.49300000', '21->28': '0.45500000', '22->5': '0.46500000', '22->9': '0.49000000', '22->11': '0.48600000', '22->16': '0.49500000', '22->24': '0.45400000', '22->25': '0.48600000', '22->26': '0.48600000', '22->28': '0.47800000', '27->5': '0.48600000', '27->9': '0.49100000', '27->11': '0.49900000', '27->16': '0.47600000', '27->24': '0.43300000', '27->25': '0.45300000', '27->26': '0.45900000', '27->28': '0.43500000'}"
