k,real_k,effective_k,virtual_stream_count,target_effective_k,sample_index,position_combination,selected_candidate_count,common_route_count,excluded_illegal_positions,authorized_max_ber,authorized_position_bers,security_min_route_min_ber,security_avg_route_min_ber,worst_route,optimizer,usage_ratio,usage_counts,selected_candidate_ids,selected_probe_sets
8,8,8,0,8,1,"(11, 15, 16, 17, 20, 21, 25, 26)",10,80,"[1, 5]",0.00000000,"[0.00000000, 0.00000000, 0.00000000, 0.00000000, 0.00000000, 0.00000000, 0.00000000, 0.00000000]",0.29500000,0.45200000,28->21,best_single_fallback,"[0.00000000, 0.00000000, 0.00000000, 0.00000000, 1.00000000, 0.00000000, 0.00000000, 0.00000000, 0.00000000, 0.00000000]","[0, 0, 0, 0, 1000, 0, 0, 0, 0, 0]","[110, 163, 109, 84, 46, 137, 3, 252, 29, 50]","[15, 35, 60, 70, 130, 145, 165, 220, 280, 290, 300, 315, 330, 340, 350] | [25, 60, 95, 100, 135, 140, 170, 180, 185, 190, 200, 245, 310, 340, 355] | [15, 35, 60, 70, 130, 145, 165, 220, 280, 290, 300, 315, 330, 340, 350] | [20, 35, 50, 85, 90, 100, 105, 125, 200, 255, 290, 300, 315, 325, 330] | [25, 30, 75, 135, 155, 180, 195, 215, 225, 255, 265, 310, 345, 350, 355] | [5, 10, 20, 85, 160, 165, 180, 200, 205, 210, 290, 310, 335, 340, 350] | [5, 30, 55, 80, 105, 130, 155, 180, 205, 230, 255, 280, 305, 330, 355] | [30, 75, 85, 140, 155, 185, 195, 200, 275, 285, 305, 325, 335, 340, 350] | [65, 70, 115, 135, 140, 160, 185, 195, 205, 265, 270, 315, 335, 345, 365] | [25, 30, 75, 135, 155, 180, 195, 215, 225, 255, 265, 310, 345, 350, 355]"
8,8,8,0,8,2,"(2, 7, 9, 11, 15, 16, 24, 27)",10,80,"[1, 5]",0.00000000,"[0.00000000, 0.00000000, 0.00000000, 0.00000000, 0.00000000, 0.00000000, 0.00000000, 0.00000000]",0.28300000,0.45800000,17->24,best_single_fallback,"[0.00000000, 0.00000000, 0.00000000, 0.00000000, 0.00000000, 0.00000000, 0.00000000, 1.00000000, 0.00000000, 0.00000000]","[0, 0, 0, 0, 0, 0, 0, 1000, 0, 0]","[1, 12, 117, 29, 16, 232, 21, 8, 278, 144]","[5, 30, 55, 80, 105, 130, 155, 180, 205, 230, 255, 280, 305, 330, 355] | [5, 30, 55, 80, 105, 130, 155, 180, 205, 230, 255, 280, 305, 330, 355] | [15, 40, 45, 50, 55, 130, 135, 145, 155, 175, 200, 290, 300, 305, 325] | [15, 20, 70, 90, 135, 220, 230, 265, 280, 290, 300, 310, 340, 345, 360] | [5, 30, 55, 80, 105, 130, 155, 180, 205, 230, 255, 280, 305, 330, 355] | [40, 75, 155, 160, 170, 185, 205, 215, 230, 255, 270, 305, 325, 345, 360] | [10, 30, 35, 45, 70, 85, 140, 175, 275, 280, 285, 290, 325, 330, 355] | [5, 30, 55, 80, 105, 130, 155, 180, 205, 230, 255, 280, 305, 330, 355] | [10, 50, 95, 105, 185, 195, 230, 240, 250, 275, 280, 285, 335, 345, 350] | [45, 55, 80, 165, 170, 175, 185, 190, 195, 250, 285, 305, 335, 345, 360]"
8,8,8,0,8,3,"(5, 6, 9, 16, 18, 21, 22, 26)",10,88,[1],0.00000000,"[0.00000000, 0.00000000, 0.00000000, 0.00000000, 0.00000000, 0.00000000, 0.00000000, 0.00000000]",0.25700000,0.45470455,11->18,best_single_fallback,"[0.00000000, 0.00000000, 0.00000000, 1.00000000, 0.00000000, 0.00000000, 0.00000000, 0.00000000, 0.00000000, 0.00000000]","[0, 0, 0, 1000, 0, 0, 0, 0, 0, 0]","[29, 6, 11, 79, 47, 133, 48, 1, 46, 2]","[10, 25, 30, 40, 45, 100, 140, 150, 210, 215, 255, 270, 315, 340, 360] | [5, 30, 55, 80, 105, 130, 155, 180, 205, 230, 255, 280, 305, 330, 355] | [5, 30, 55, 80, 105, 130, 155, 180, 205, 230, 255, 280, 305, 330, 355] | [10, 20, 60, 90, 100, 120, 150, 175, 185, 205, 215, 230, 235, 300, 325] | [5, 25, 45, 55, 80, 90, 150, 160, 165, 175, 200, 205, 240, 275, 340] | [10, 20, 25, 85, 115, 130, 135, 160, 185, 190, 225, 245, 295, 325, 355] | [5, 25, 45, 55, 80, 90, 150, 160, 165, 175, 200, 205, 240, 275, 340] | [5, 30, 55, 80, 105, 130, 155, 180, 205, 230, 255, 280, 305, 330, 355] | [5, 25, 45, 55, 80, 90, 150, 160, 165, 175, 200, 205, 240, 275, 340] | [5, 30, 55, 80, 105, 130, 155, 180, 205, 230, 255, 280, 305, 330, 355]"
8,8,8,0,8,4,"(5, 11, 17, 18, 22, 24, 27, 28)",10,88,[1],0.00000000,"[0.00000000, 0.00000000, 0.00000000, 0.00000000, 0.00000000, 0.00000000, 0.00000000, 0.00000000]",0.27600000,0.45995455,26->17,best_single_fallback,"[0.00000000, 0.00000000, 1.00000000, 0.00000000, 0.00000000, 0.00000000, 0.00000000, 0.00000000, 0.00000000, 0.00000000]","[0, 0, 1000, 0, 0, 0, 0, 0, 0, 0]","[47, 74, 88, 125, 127, 1, 48, 55, 129, 128]","[35, 65, 135, 145, 170, 185, 210, 215, 225, 260, 265, 270, 295, 305, 365] | [5, 20, 25, 50, 80, 100, 180, 185, 200, 225, 245, 280, 300, 330, 365] | [40, 45, 80, 85, 125, 130, 145, 150, 205, 210, 250, 275, 300, 325, 340] | [15, 35, 55, 80, 150, 170, 185, 190, 210, 235, 275, 290, 300, 325, 345] | [15, 35, 55, 80, 150, 170, 185, 190, 210, 235, 275, 290, 300, 325, 345] | [5, 30, 55, 80, 105, 130, 155, 180, 205, 230, 255, 280, 305, 330, 355] | [35, 65, 135, 145, 170, 185, 210, 215, 225, 260, 265, 270, 295, 305, 365] | [50, 65, 85, 105, 155, 180, 190, 220, 245, 250, 285, 295, 315, 345, 355] | [15, 35, 55, 80, 150, 170, 185, 190, 210, 235, 275, 290, 300, 325, 345] | [15, 35, 55, 80, 150, 170, 185, 190, 210, 235, 275, 290, 300, 325, 345]"
8,8,8,0,8,5,"(1, 5, 6, 7, 9, 16, 25, 26)",10,96,[],0.00000000,"[0.00000000, 0.00000000, 0.00000000, 0.00000000, 0.00000000, 0.00000000, 0.00000000, 0.00000000]",0.26800000,0.45416667,17->1,best_single_fallback,"[0.00000000, 0.00000000, 0.00000000, 1.00000000, 0.00000000, 0.00000000, 0.00000000, 0.00000000, 0.00000000, 0.00000000]","[0, 0, 0, 1000, 0, 0, 0, 0, 0, 0]","[53, 45, 21, 36, 32, 4, 11, 6, 17, 33]","[15, 40, 45, 95, 135, 170, 190, 200, 205, 210, 230, 245, 340, 345, 365] | [5, 10, 35, 45, 95, 110, 180, 225, 230, 275, 290, 305, 310, 330, 360] | [25, 40, 45, 75, 85, 110, 130, 135, 155, 160, 210, 225, 260, 325, 330] | [35, 45, 50, 60, 65, 120, 135, 140, 230, 240, 285, 300, 305, 330, 335] | [35, 45, 50, 60, 65, 120, 135, 140, 230, 240, 285, 300, 305, 330, 335] | [5, 30, 55, 80, 105, 130, 155, 180, 205, 230, 255, 280, 305, 330, 355] | [5, 30, 55, 80, 105, 130, 155, 180, 205, 230, 255, 280, 305, 330, 355] | [5, 30, 55, 80, 105, 130, 155, 180, 205, 230, 255, 280, 305, 330, 355] | [5, 30, 55, 80, 105, 130, 155, 180, 205, 230, 255, 280, 305, 330, 355] | [35, 45, 50, 60, 65, 120, 135, 140, 230, 240, 285, 300, 305, 330, 335]"
8,8,8,0,8,6,"(2, 4, 5, 6, 9, 11, 17, 18)",10,88,[1],0.00000000,"[0.00000000, 0.00000000, 0.00000000, 0.00000000, 0.00000000, 0.00000000, 0.00000000, 0.00000000]",0.30200000,0.45995455,15->9,best_single_fallback,"[0.00000000, 0.00000000, 0.00000000, 0.00000000, 0.00000000, 0.00000000, 0.00000000, 1.00000000, 0.00000000, 0.00000000]","[0, 0, 0, 0, 0, 0, 0, 1000, 0, 0]","[101, 10, 1, 106, 29, 123, 69, 114, 102, 37]","[20, 65, 90, 95, 125, 170, 175, 185, 210, 225, 240, 245, 290, 310, 355] | [5, 30, 55, 80, 105, 130, 155, 180, 205, 230, 255, 280, 305, 330, 355] | [5, 30, 55, 80, 105, 130, 155, 180, 205, 230, 255, 280, 305, 330, 355] | [20, 65, 90, 95, 125, 170, 175, 185, 210, 225, 240, 245, 290, 310, 355] | [45, 50, 95, 105, 135, 145, 155, 175, 185, 200, 215, 225, 280, 285, 290] | [15, 25, 30, 45, 65, 120, 135, 160, 165, 220, 255, 290, 295, 325, 340] | [30, 55, 85, 95, 160, 165, 205, 220, 255, 260, 265, 295, 300, 330, 340] | [30, 35, 40, 90, 95, 110, 120, 170, 190, 205, 235, 245, 260, 270, 355] | [20, 65, 90, 95, 125, 170, 175, 185, 210, 225, 240, 245, 290, 310, 355] | [25, 30, 65, 75, 80, 90, 115, 120, 205, 210, 215, 225, 230, 260, 285]"
8,8,8,0,8,7,"(1, 2, 5, 6, 7, 15, 20, 21)",10,96,[],0.00000000,"[0.00000000, 0.00000000, 0.00000000, 0.00000000, 0.00000000, 0.00000000, 0.00000000, 0.00000000]",0.24500000,0.45283333,25->2,best_single_fallback,"[0.00000000, 0.00000000, 0.00000000, 0.00000000, 1.00000000, 0.00000000, 0.00000000, 0.00000000, 0.00000000, 0.00000000]","[0, 0, 0, 0, 1000, 0, 0, 0, 0, 0]","[21, 6, 15, 3, 43, 10, 29, 44, 41, 37]","[35, 65, 90, 105, 120, 155, 160, 200, 225, 240, 245, 295, 310, 345, 355] | [5, 30, 55, 80, 105, 130, 155, 180, 205, 230, 255, 280, 305, 330, 355] | [5, 30, 55, 80, 105, 130, 155, 180, 205, 230, 255, 280, 305, 330, 355] | [5, 30, 55, 80, 105, 130, 155, 180, 205, 230, 255, 280, 305, 330, 355] | [60, 80, 85, 100, 110, 120, 210, 230, 235, 280, 285, 295, 345, 355, 360] | [5, 30, 55, 80, 105, 130, 155, 180, 205, 230, 255, 280, 305, 330, 355] | [35, 55, 125, 130, 145, 150, 155, 180, 225, 245, 260, 265, 295, 325, 355] | [60, 80, 85, 100, 110, 120, 210, 230, 235, 280, 285, 295, 345, 355, 360] | [60, 80, 85, 100, 110, 120, 210, 230, 235, 280, 285, 295, 345, 355, 360] | [60, 80, 85, 100, 110, 120, 210, 230, 235, 280, 285, 295, 345, 355, 360]"
8,8,8,0,8,8,"(2, 5, 6, 11, 15, 16, 17, 26)",10,88,[1],0.00000000,"[0.00000000, 0.00000000, 0.00000000, 0.00000000, 0.00000000, 0.00000000, 0.00000000, 0.00000000]",0.31900000,0.45320455,24->15,best_single_fallback,"[0.00000000, 0.00000000, 0.00000000, 0.00000000, 0.00000000, 0.00000000, 0.00000000, 0.00000000, 0.00000000, 1.00000000]","[0, 0, 0, 0, 0, 0, 0, 0, 0, 1000]","[138, 117, 77, 133, 32, 136, 68, 92, 78, 33]","[80, 100, 115, 145, 165, 170, 190, 210, 230, 235, 265, 270, 275, 345, 360] | [5, 15, 25, 50, 110, 115, 165, 225, 240, 245, 255, 280, 310, 325, 340] | [5, 10, 35, 45, 80, 85, 130, 145, 150, 180, 240, 270, 275, 305, 340] | [80, 100, 115, 145, 165, 170, 190, 210, 230, 235, 265, 270, 275, 345, 360] | [45, 50, 90, 95, 125, 140, 185, 225, 250, 260, 270, 295, 330, 335, 355] | [80, 100, 115, 145, 165, 170, 190, 210, 230, 235, 265, 270, 275, 345, 360] | [20, 65, 90, 100, 175, 190, 210, 215, 290, 295, 305, 325, 335, 355, 365] | [20, 40, 50, 55, 95, 130, 165, 175, 210, 240, 250, 265, 285, 335, 340] | [5, 10, 35, 45, 80, 85, 130, 145, 150, 180, 240, 270, 275, 305, 340] | [45, 50, 90, 95, 125, 140, 185, 225, 250, 260, 270, 295, 330, 335, 355]"
8,8,8,0,8,9,"(1, 5, 6, 7, 9, 15, 22, 24)",10,96,[],0.00000000,"[0.00000000, 0.00000000, 0.00000000, 0.00000000, 0.00000000, 0.00000000, 0.00000000, 0.00000000]",0.35200000,0.45729167,27->6,best_single_fallback,"[0.00000000, 0.00000000, 0.00000000, 1.00000000, 0.00000000, 0.00000000, 0.00000000, 0.00000000, 0.00000000, 0.00000000]","[0, 0, 0, 1000, 0, 0, 0, 0, 0, 0]","[45, 28, 69, 65, 37, 21, 63, 36, 61, 29]","[10, 15, 30, 35, 80, 110, 135, 140, 205, 260, 280, 300, 310, 345, 365] | [15, 75, 95, 100, 130, 135, 160, 165, 260, 275, 285, 295, 300, 335, 360] | [30, 35, 65, 80, 85, 100, 110, 125, 140, 155, 160, 210, 275, 325, 330] | [30, 45, 80, 100, 115, 150, 160, 230, 240, 245, 260, 265, 300, 310, 345] | [25, 30, 35, 45, 50, 55, 60, 85, 95, 130, 155, 210, 225, 345, 355] | [15, 75, 95, 100, 130, 135, 160, 165, 260, 275, 285, 295, 300, 335, 360] | [30, 45, 80, 100, 115, 150, 160, 230, 240, 245, 260, 265, 300, 310, 345] | [10, 15, 40, 45, 50, 90, 180, 210, 225, 240, 260, 280, 335, 340, 360] | [30, 45, 80, 100, 115, 150, 160, 230, 240, 245, 260, 265, 300, 310, 345] | [10, 15, 40, 45, 50, 90, 180, 210, 225, 240, 260, 280, 335, 340, 360]"
8,8,8,0,8,10,"(5, 9, 11, 16, 24, 25, 26, 28)",10,88,[1],0.00000000,"[0.00000000, 0.00000000, 0.00000000, 0.00000000, 0.00000000, 0.00000000, 0.00000000, 0.00000000]",0.33600000,0.45981818,2->26,best_single_fallback,"[0.00000000, 0.00000000, 0.00000000, 1.00000000, 0.00000000, 0.00000000, 0.00000000, 0.00000000, 0.00000000, 0.00000000]","[0, 0, 0, 1000, 0, 0, 0, 0, 0, 0]","[40, 99, 21, 115, 123, 97, 111, 95, 37, 118]","[15, 60, 100, 105, 125, 130, 140, 150, 160, 200, 245, 265, 285, 330, 360] | [10, 120, 125, 135, 140, 155, 190, 210, 235, 245, 270, 290, 300, 325, 330] | [25, 95, 105, 110, 140, 155, 180, 185, 190, 200, 270, 295, 310, 335, 365] | [30, 40, 100, 110, 135, 140, 145, 170, 180, 190, 230, 290, 315, 330, 355] | [35, 40, 55, 75, 135, 160, 180, 210, 220, 240, 255, 260, 270, 335, 345] | [10, 120, 125, 135, 140, 155, 190, 210, 235, 245, 270, 290, 300, 325, 330] | [30, 40, 100, 110, 135, 140, 145, 170, 180, 190, 230, 290, 315, 330, 355] | [10, 120, 125, 135, 140, 155, 190, 210, 235, 245, 270, 290, 300, 325, 330] | [15, 60, 100, 105, 125, 130, 140, 150, 160, 200, 245, 265, 285, 330, 360] | [35, 40, 55, 75, 135, 160, 180, 210, 220, 240, 255, 260, 270, 335, 345]"
8,8,8,0,8,11,"(4, 7, 11, 16, 20, 21, 25, 28)",10,80,"[1, 5]",0.00000000,"[0.00000000, 0.00000000, 0.00000000, 0.00000000, 0.00000000, 0.00000000, 0.00000000, 0.00000000]",0.30600000,0.45907500,9->25,best_single_fallback,"[0.00000000, 0.00000000, 0.00000000, 0.00000000, 0.00000000, 1.00000000, 0.00000000, 0.00000000, 0.00000000, 0.00000000]","[0, 0, 0, 0, 0, 1000, 0, 0, 0, 0]","[325, 294, 307, 171, 129, 84, 288, 277, 246, 77]","[15, 25, 50, 70, 85, 150, 155, 170, 175, 200, 240, 285, 315, 330, 345] | [15, 30, 35, 100, 105, 130, 140, 150, 190, 230, 240, 255, 290, 295, 320] | [5, 20, 30, 60, 65, 100, 115, 120, 235, 265, 275, 295, 315, 330, 355] | [25, 55, 70, 75, 130, 155, 185, 190, 205, 210, 225, 230, 240, 285, 315] | [50, 95, 170, 175, 205, 235, 255, 265, 275, 285, 295, 305, 310, 330, 360] | [20, 80, 125, 130, 135, 140, 155, 170, 200, 255, 310, 335, 340, 355, 365] | [10, 35, 40, 70, 75, 90, 120, 160, 175, 190, 220, 260, 280, 295, 330] | [40, 55, 75, 90, 95, 105, 115, 120, 155, 160, 235, 285, 290, 300, 330] | [20, 30, 70, 90, 120, 155, 170, 225, 240, 265, 275, 295, 305, 355, 360] | [20, 80, 125, 130, 135, 140, 155, 170, 200, 255, 310, 335, 340, 355, 365]"
8,8,8,0,8,12,"(4, 9, 17, 18, 20, 22, 24, 27)",10,80,"[1, 5]",0.00000000,"[0.00000000, 0.00000000, 0.00000000, 0.00000000, 0.00000000, 0.00000000, 0.00000000, 0.00000000]",0.31000000,0.45572500,28->20,best_single_fallback,"[0.00000000, 0.00000000, 0.00000000, 0.00000000, 0.00000000, 0.00000000, 1.00000000, 0.00000000, 0.00000000, 0.00000000]","[0, 0, 0, 0, 0, 0, 1000, 0, 0, 0]","[209, 261, 237, 300, 206, 229, 52, 298, 214, 97]","[30, 50, 100, 115, 125, 160, 170, 210, 230, 240, 245, 315, 330, 335, 340] | [25, 35, 65, 80, 110, 130, 155, 200, 235, 245, 275, 300, 330, 360, 365] | [5, 50, 95, 110, 120, 150, 160, 215, 225, 275, 295, 310, 325, 340, 360] | [10, 25, 40, 145, 160, 165, 185, 190, 195, 220, 260, 265, 280, 315, 350] | [30, 50, 100, 115, 125, 160, 170, 210, 230, 240, 245, 315, 330, 335, 340] | [50, 55, 80, 90, 105, 115, 185, 190, 210, 240, 250, 270, 275, 345, 355] | [25, 70, 90, 105, 115, 150, 165, 170, 215, 225, 260, 265, 280, 315, 320] | [10, 25, 40, 145, 160, 165, 185, 190, 195, 220, 260, 265, 280, 315, 350] | [30, 50, 95, 125, 145, 155, 190, 235, 240, 255, 260, 265, 290, 335, 365] | [10, 55, 70, 75, 85, 110, 170, 185, 195, 260, 290, 300, 305, 315, 360]"
8,8,8,0,8,13,"(1, 5, 6, 7, 22, 24, 26, 28)",10,96,[],0.00000000,"[0.00000000, 0.00000000, 0.00000000, 0.00000000, 0.00000000, 0.00000000, 0.00000000, 0.00000000]",0.26200000,0.44866667,21->6,best_single_fallback,"[0.00000000, 0.00000000, 0.00000000, 0.00000000, 1.00000000, 0.00000000, 0.00000000, 0.00000000, 0.00000000, 0.00000000]","[0, 0, 0, 0, 1000, 0, 0, 0, 0, 0]","[37, 32, 22, 30, 34, 21, 36, 6, 15, 18]","[45, 55, 60, 80, 85, 100, 115, 180, 220, 225, 250, 275, 280, 300, 345] | [10, 25, 30, 35, 50, 65, 85, 115, 130, 230, 250, 265, 285, 305, 325] | [10, 25, 105, 130, 165, 175, 200, 220, 225, 250, 265, 290, 305, 330, 360] | [10, 25, 30, 35, 50, 65, 85, 115, 130, 230, 250, 265, 285, 305, 325] | [10, 25, 30, 35, 50, 65, 85, 115, 130, 230, 250, 265, 285, 305, 325] | [10, 25, 105, 130, 165, 175, 200, 220, 225, 250, 265, 290, 305, 330, 360] | [10, 25, 30, 35, 50, 65, 85, 115, 130, 230, 250, 265, 285, 305, 325] | [5, 30, 55, 80, 105, 130, 155, 180, 205, 230, 255, 280, 305, 330, 355] | [5, 30, 55, 80, 105, 130, 155, 180, 205, 230, 255, 280, 305, 330, 355] | [5, 30, 55, 80, 105, 130, 155, 180, 205, 230, 255, 280, 305, 330, 355]"
8,8,8,0,8,14,"(15, 17, 18, 20, 25, 26, 27, 28)",10,80,"[1, 5]",0.00000000,"[0.00000000, 0.00000000, 0.00000000, 0.00000000, 0.00000000, 0.00000000, 0.00000000, 0.00000000]",0.34500000,0.45792500,21->15,best_single_fallback,"[0.00000000, 0.00000000, 0.00000000, 0.00000000, 0.00000000, 0.00000000, 0.00000000, 0.00000000, 0.00000000, 1.00000000]","[0, 0, 0, 0, 0, 0, 0, 0, 0, 1000]","[72, 181, 202, 291, 133, 229, 183, 287, 69, 233]","[15, 25, 35, 55, 135, 160, 175, 215, 220, 230, 260, 280, 300, 315, 335] | [20, 35, 65, 85, 95, 100, 105, 145, 215, 225, 275, 285, 315, 330, 365] | [15, 25, 35, 55, 70, 100, 200, 205, 210, 235, 270, 275, 290, 320, 360] | [20, 90, 145, 160, 165, 175, 185, 190, 230, 250, 270, 280, 285, 315, 355] | [20, 40, 50, 60, 90, 105, 155, 225, 260, 285, 290, 305, 320, 345, 355] | [20, 40, 60, 85, 135, 160, 175, 200, 235, 240, 245, 260, 265, 275, 325] | [20, 35, 65, 85, 95, 100, 105, 145, 215, 225, 275, 285, 315, 330, 365] | [20, 90, 145, 160, 165, 175, 185, 190, 230, 250, 270, 280, 285, 315, 355] | [15, 25, 35, 55, 135, 160, 175, 215, 220, 230, 260, 280, 300, 315, 335] | [20, 40, 60, 85, 135, 160, 175, 200, 235, 240, 245, 260, 265, 275, 325]"
8,8,8,0,8,15,"(5, 6, 11, 15, 18, 24, 25, 27)",10,88,[1],0.00000000,"[0.00000000, 0.00000000, 0.00000000, 0.00000000, 0.00000000, 0.00000000, 0.00000000, 0.00000000]",0.27500000,0.45036364,2->24,best_single_fallback,"[0.00000000, 0.00000000, 0.00000000, 1.00000000, 0.00000000, 0.00000000, 0.00000000, 0.00000000, 0.00000000, 0.00000000]","[0, 0, 0, 1000, 0, 0, 0, 0, 0, 0]","[43, 125, 68, 13, 77, 93, 37, 29, 61, 53]","[30, 35, 40, 60, 85, 95, 110, 145, 175, 215, 220, 255, 315, 325, 360] | [10, 30, 35, 40, 85, 125, 135, 245, 270, 275, 290, 300, 325, 330, 345] | [45, 60, 110, 135, 140, 145, 175, 185, 220, 225, 255, 265, 280, 310, 335] | [5, 30, 55, 80, 105, 130, 155, 180, 205, 230, 255, 280, 305, 330, 355] | [25, 30, 35, 65, 80, 90, 130, 145, 160, 185, 240, 255, 285, 300, 335] | [5, 20, 40, 95, 110, 115, 140, 165, 190, 230, 275, 340, 355, 360, 365] | [30, 35, 40, 60, 85, 95, 110, 145, 175, 215, 220, 255, 315, 325, 360] | [10, 40, 55, 60, 65, 125, 140, 155, 160, 165, 180, 190, 270, 305, 360] | [45, 60, 110, 135, 140, 145, 175, 185, 220, 225, 255, 265, 280, 310, 335] | [15, 25, 30, 60, 140, 145, 165, 175, 185, 205, 245, 275, 290, 315, 340]"
8,8,8,0,8,16,"(1, 6, 7, 9, 11, 15, 17, 27)",10,88,[5],0.00000000,"[0.00000000, 0.00000000, 0.00000000, 0.00000000, 0.00000000, 0.00000000, 0.00000000, 0.00000000]",0.27500000,0.46256818,16->9,best_single_fallback,"[0.00000000, 0.00000000, 0.00000000, 1.00000000, 0.00000000, 0.00000000, 0.00000000, 0.00000000, 0.00000000, 0.00000000]","[0, 0, 0, 1000, 0, 0, 0, 0, 0, 0]","[60, 149, 69, 54, 93, 1, 99, 153, 98, 45]","[15, 30, 40, 65, 85, 120, 135, 140, 185, 200, 235, 285, 295, 345, 355] | [50, 55, 70, 75, 90, 115, 130, 175, 190, 210, 225, 280, 330, 345, 360] | [5, 25, 80, 140, 160, 175, 200, 205, 225, 230, 250, 265, 295, 325, 355] | [15, 30, 40, 65, 85, 120, 135, 140, 185, 200, 235, 285, 295, 345, 355] | [40, 60, 70, 75, 90, 100, 125, 160, 180, 250, 260, 285, 300, 335, 355] | [5, 30, 55, 80, 105, 130, 155, 180, 205, 230, 255, 280, 305, 330, 355] | [40, 60, 70, 75, 90, 100, 125, 160, 180, 250, 260, 285, 300, 335, 355] | [50, 55, 70, 75, 90, 115, 130, 175, 190, 210, 225, 280, 330, 345, 360] | [40, 60, 70, 75, 90, 100, 125, 160, 180, 250, 260, 285, 300, 335, 355] | [95, 115, 120, 125, 135, 150, 165, 180, 190, 260, 275, 285, 300, 330, 345]"
8,8,8,0,8,17,"(2, 7, 11, 15, 16, 17, 24, 27)",10,80,"[1, 5]",0.00000000,"[0.00000000, 0.00000000, 0.00000000, 0.00000000, 0.00000000, 0.00000000, 0.00000000, 0.00000000]",0.32100000,0.45497500,18->24,best_single_fallback,"[0.00000000, 0.00000000, 0.00000000, 0.00000000, 0.00000000, 1.00000000, 0.00000000, 0.00000000, 0.00000000, 0.00000000]","[0, 0, 0, 0, 0, 1000, 0, 0, 0, 0]","[508, 322, 453, 181, 349, 950, 1257, 573, 266, 1241]","[25, 35, 50, 85, 90, 105, 135, 150, 170, 225, 235, 275, 295, 315, 325] | [20, 55, 60, 65, 75, 110, 115, 120, 200, 230, 285, 300, 315, 355, 365] | [10, 80, 95, 110, 135, 155, 170, 195, 235, 245, 260, 265, 280, 295, 300] | [10, 20, 45, 55, 65, 70, 80, 125, 235, 240, 255, 295, 300, 325, 360] | [15, 20, 25, 65, 70, 75, 125, 140, 150, 160, 180, 225, 245, 285, 310] | [40, 60, 110, 115, 125, 130, 185, 200, 230, 250, 305, 325, 350, 355, 365] | [5, 75, 100, 105, 225, 235, 250, 260, 270, 275, 285, 310, 315, 345, 350] | [10, 15, 40, 120, 135, 140, 185, 200, 210, 265, 270, 315, 350, 355, 365] | [20, 25, 40, 65, 85, 150, 160, 170, 175, 180, 195, 250, 270, 350, 365] | [20, 60, 85, 95, 175, 185, 195, 215, 220, 225, 250, 280, 300, 345, 365]"
8,8,8,0,8,18,"(2, 6, 9, 15, 22, 24, 25, 27)",10,80,"[1, 5]",0.00000000,"[0.00000000, 0.00000000, 0.00000000, 0.00000000, 0.00000000, 0.00000000, 0.00000000, 0.00000000]",0.26300000,0.45615000,26->27,best_single_fallback,"[0.00000000, 0.00000000, 0.00000000, 1.00000000, 0.00000000, 0.00000000, 0.00000000, 0.00000000, 0.00000000, 0.00000000]","[0, 0, 0, 1000, 0, 0, 0, 0, 0, 0]","[427, 1480, 415, 450, 205, 240, 740, 1155, 1482, 1299]","[5, 30, 35, 70, 115, 120, 160, 170, 220, 235, 285, 310, 325, 355, 365] | [5, 10, 25, 35, 70, 120, 125, 160, 170, 205, 260, 265, 275, 295, 340] | [20, 25, 70, 80, 95, 125, 130, 155, 195, 205, 235, 280, 295, 305, 330] | [10, 25, 30, 85, 120, 130, 195, 200, 215, 230, 265, 270, 275, 350, 360] | [35, 45, 70, 75, 115, 140, 145, 255, 260, 280, 285, 340, 355, 360, 365] | [40, 50, 60, 75, 110, 120, 170, 180, 285, 290, 295, 305, 320, 355, 360] | [10, 35, 40, 45, 70, 110, 145, 175, 190, 250, 275, 300, 325, 355, 365] | [10, 70, 90, 110, 115, 120, 150, 165, 190, 210, 215, 225, 290, 295, 310] | [5, 10, 25, 35, 70, 120, 125, 160, 170, 205, 260, 265, 275, 295, 340] | [10, 15, 35, 40, 45, 55, 65, 145, 150, 200, 245, 255, 270, 275, 280]"
8,8,8,0,8,19,"(4, 5, 7, 16, 20, 21, 22, 24)",10,88,[1],0.00000000,"[0.00000000, 0.00000000, 0.00000000, 0.00000000, 0.00000000, 0.00000000, 0.00000000, 0.00000000]",0.34700000,0.46331818,18->7,best_single_fallback,"[0.00000000, 0.00000000, 0.00000000, 1.00000000, 0.00000000, 0.00000000, 0.00000000, 0.00000000, 0.00000000, 0.00000000]","[0, 0, 0, 1000, 0, 0, 0, 0, 0, 0]","[482, 632, 604, 321, 398, 234, 400, 397, 55, 601]","[5, 30, 65, 120, 145, 155, 160, 190, 205, 230, 235, 245, 255, 270, 295] | [20, 45, 55, 125, 130, 140, 155, 170, 220, 240, 260, 280, 300, 315, 335] | [30, 90, 115, 140, 145, 150, 165, 200, 230, 255, 265, 280, 325, 335, 345] | [5, 55, 95, 120, 125, 180, 265, 285, 295, 300, 310, 325, 340, 360, 365] | [25, 40, 65, 90, 105, 160, 165, 210, 220, 230, 255, 285, 300, 315, 355] | [10, 35, 90, 95, 145, 150, 185, 220, 260, 270, 285, 300, 330, 335, 340] | [25, 40, 65, 90, 105, 160, 165, 210, 220, 230, 255, 285, 300, 315, 355] | [25, 40, 65, 90, 105, 160, 165, 210, 220, 230, 255, 285, 300, 315, 355] | [10, 75, 105, 135, 150, 160, 180, 190, 200, 220, 225, 275, 325, 330, 365] | [30, 90, 115, 140, 145, 150, 165, 200, 230, 255, 265, 280, 325, 335, 345]"
8,8,8,0,8,20,"(2, 4, 7, 17, 18, 21, 22, 24)",10,80,"[1, 5]",0.00000000,"[0.00000000, 0.00000000, 0.00000000, 0.00000000, 0.00000000, 0.00000000, 0.00000000, 0.00000000]",0.31200000,0.45640000,16->4,best_single_fallback,"[0.00000000, 0.00000000, 0.00000000, 1.00000000, 0.00000000, 0.00000000, 0.00000000, 0.00000000, 0.00000000, 0.00000000]","[0, 0, 0, 1000, 0, 0, 0, 0, 0, 0]","[773, 825, 829, 1435, 605, 827, 1, 142, 356, 1009]","[40, 55, 105, 110, 115, 155, 165, 190, 200, 240, 255, 270, 315, 335, 340] | [10, 25, 45, 75, 105, 150, 165, 185, 190, 200, 230, 245, 265, 280, 320] | [15, 55, 85, 120, 160, 180, 185, 205, 260, 280, 320, 330, 335, 340, 355] | [25, 35, 50, 55, 65, 95, 120, 145, 190, 195, 210, 215, 260, 285, 330] | [25, 75, 125, 160, 175, 190, 225, 230, 235, 245, 260, 275, 325, 345, 355] | [10, 25, 45, 75, 105, 150, 165, 185, 190, 200, 230, 245, 265, 280, 320] | [5, 30, 55, 80, 105, 130, 155, 180, 205, 230, 255, 280, 305, 330, 355] | [25, 30, 50, 85, 90, 100, 120, 160, 165, 175, 180, 195, 215, 245, 260] | [20, 30, 60, 70, 95, 120, 155, 185, 200, 235, 245, 265, 285, 295, 350] | [15, 55, 75, 80, 115, 125, 130, 165, 185, 225, 330, 340, 345, 360, 365]"
8,8,8,0,8,21,"(4, 6, 9, 16, 22, 24, 27, 28)",10,80,"[1, 5]",0.00000000,"[0.00000000, 0.00000000, 0.00000000, 0.00000000, 0.00000000, 0.00000000, 0.00000000, 0.00000000]",0.27300000,0.45855000,11->24,best_single_fallback,"[0.00000000, 0.00000000, 0.00000000, 0.00000000, 0.00000000, 0.00000000, 0.00000000, 0.00000000, 1.00000000, 0.00000000]","[0, 0, 0, 0, 0, 0, 0, 0, 1000, 0]","[1425, 1257, 1258, 1595, 429, 800, 944, 1213, 754, 1564]","[5, 20, 95, 120, 125, 135, 145, 165, 195, 230, 285, 305, 320, 330, 350] | [5, 15, 40, 55, 65, 80, 85, 110, 130, 135, 155, 220, 255, 325, 350] | [5, 15, 40, 55, 65, 80, 85, 110, 130, 135, 155, 220, 255, 325, 350] | [5, 20, 45, 60, 130, 135, 180, 195, 245, 250, 260, 290, 310, 330, 340] | [10, 20, 25, 90, 115, 135, 140, 145, 180, 210, 290, 300, 320, 330, 340] | [5, 25, 30, 95, 100, 120, 130, 160, 185, 215, 220, 255, 305, 315, 320] | [5, 85, 95, 115, 125, 130, 135, 170, 185, 200, 215, 220, 275, 280, 340] | [45, 65, 75, 90, 105, 115, 165, 185, 195, 200, 205, 230, 250, 275, 340] | [15, 25, 35, 85, 125, 150, 155, 175, 195, 210, 260, 285, 290, 300, 355] | [5, 15, 40, 45, 100, 115, 180, 245, 265, 275, 300, 305, 310, 335, 340]"
8,8,8,0,8,22,"(1, 5, 9, 11, 17, 21, 22, 24)",10,96,[],0.00000000,"[0.00000000, 0.00000000, 0.00000000, 0.00000000, 0.00000000, 0.00000000, 0.00000000, 0.00000000]",0.24200000,0.45154167,4->11,best_single_fallback,"[0.00000000, 0.00000000, 0.00000000, 0.00000000, 0.00000000, 0.00000000, 0.00000000, 0.00000000, 0.00000000, 1.00000000]","[0, 0, 0, 0, 0, 0, 0, 0, 0, 1000]","[85, 255, 214, 169, 253, 258, 218, 197, 220, 88]","[50, 55, 65, 90, 110, 130, 155, 175, 205, 280, 295, 300, 325, 330, 355] | [30, 60, 65, 80, 95, 105, 175, 180, 185, 240, 250, 265, 300, 345, 365] | [5, 30, 55, 140, 145, 180, 205, 235, 240, 255, 280, 285, 305, 340, 360] | [35, 45, 50, 65, 85, 120, 130, 165, 185, 200, 205, 255, 285, 360, 365] | [30, 60, 65, 80, 95, 105, 175, 180, 185, 240, 250, 265, 300, 345, 365] | [30, 60, 65, 80, 95, 105, 175, 180, 185, 240, 250, 265, 300, 345, 365] | [5, 30, 55, 140, 145, 180, 205, 235, 240, 255, 280, 285, 305, 340, 360] | [10, 45, 50, 65, 80, 100, 140, 145, 160, 220, 230, 290, 295, 340, 345] | [5, 30, 55, 140, 145, 180, 205, 235, 240, 255, 280, 285, 305, 340, 360] | [50, 55, 65, 90, 110, 130, 155, 175, 205, 280, 295, 300, 325, 330, 355]"
8,8,8,0,8,23,"(1, 9, 11, 15, 16, 17, 18, 21)",10,88,[5],0.00000000,"[0.00000000, 0.00000000, 0.00000000, 0.00000000, 0.00000000, 0.00000000, 0.00000000, 0.00000000]",0.25800000,0.44595455,24->16,best_single_fallback,"[0.00000000, 0.00000000, 0.00000000, 0.00000000, 0.00000000, 0.00000000, 0.00000000, 0.00000000, 1.00000000, 0.00000000]","[0, 0, 0, 0, 0, 0, 0, 0, 1000, 0]","[548, 269, 368, 365, 551, 309, 276, 14, 325, 437]","[15, 85, 95, 145, 170, 175, 180, 205, 225, 230, 235, 245, 290, 310, 360] | [5, 15, 45, 60, 110, 115, 125, 130, 145, 175, 190, 205, 255, 345, 355] | [25, 30, 40, 55, 70, 120, 130, 145, 155, 195, 210, 260, 265, 305, 350] | [25, 30, 40, 55, 70, 120, 130, 145, 155, 195, 210, 260, 265, 305, 350] | [25, 75, 100, 160, 165, 190, 225, 230, 250, 255, 260, 300, 340, 350, 365] | [15, 45, 50, 135, 145, 160, 170, 180, 200, 205, 225, 230, 300, 305, 320] | [5, 15, 45, 60, 110, 115, 125, 130, 145, 175, 190, 205, 255, 345, 355] | [5, 30, 55, 80, 105, 130, 155, 180, 205, 230, 255, 280, 305, 330, 355] | [30, 35, 45, 60, 130, 135, 140, 160, 175, 230, 255, 265, 300, 305, 365] | [15, 40, 60, 80, 110, 130, 150, 205, 210, 225, 230, 255, 310, 345, 360]"
8,8,8,0,8,24,"(1, 9, 11, 17, 22, 26, 27, 28)",10,88,[5],0.00000000,"[0.00000000, 0.00000000, 0.00000000, 0.00000000, 0.00000000, 0.00000000, 0.00000000, 0.00000000]",0.29300000,0.45648864,6->26,best_single_fallback,"[0.00000000, 1.00000000, 0.00000000, 0.00000000, 0.00000000, 0.00000000, 0.00000000, 0.00000000, 0.00000000, 0.00000000]","[0, 1000, 0, 0, 0, 0, 0, 0, 0, 0]","[195, 97, 302, 240, 431, 303, 71, 461, 398, 422]","[10, 55, 65, 100, 110, 115, 145, 150, 155, 185, 200, 245, 295, 310, 365] | [10, 15, 90, 115, 120, 130, 145, 165, 170, 210, 265, 275, 280, 310, 320] | [55, 65, 125, 160, 190, 210, 245, 255, 275, 310, 320, 325, 345, 350, 355] | [55, 80, 90, 185, 195, 220, 235, 275, 290, 300, 310, 320, 340, 355, 360] | [5, 45, 70, 90, 230, 240, 275, 280, 290, 295, 300, 305, 310, 340, 345] | [55, 65, 125, 160, 190, 210, 245, 255, 275, 310, 320, 325, 345, 350, 355] | [10, 15, 30, 45, 85, 125, 130, 140, 185, 200, 220, 230, 300, 325, 360] | [65, 70, 90, 105, 130, 155, 165, 170, 250, 260, 265, 295, 300, 305, 325] | [60, 75, 105, 130, 145, 150, 160, 195, 240, 250, 255, 275, 300, 310, 355] | [50, 60, 65, 85, 110, 115, 140, 145, 190, 210, 235, 245, 265, 310, 350]"
8,8,8,0,8,25,"(2, 4, 9, 17, 18, 25, 26, 28)",10,80,"[1, 5]",0.00000000,"[0.00000000, 0.00000000, 0.00000000, 0.00000000, 0.00000000, 0.00000000, 0.00000000, 0.00000000]",0.23700000,0.45410000,7->25,best_single_fallback,"[1.00000000, 0.00000000, 0.00000000, 0.00000000, 0.00000000, 0.00000000, 0.00000000, 0.00000000, 0.00000000, 0.00000000]","[1000, 0, 0, 0, 0, 0, 0, 0, 0, 0]","[1446, 1512, 949, 1076, 1571, 1181, 77, 1450, 1516, 1569]","[40, 50, 55, 65, 125, 135, 150, 170, 195, 220, 255, 275, 300, 320, 355] | [20, 50, 70, 85, 90, 125, 135, 175, 195, 200, 250, 255, 310, 320, 365] | [50, 85, 105, 110, 120, 150, 165, 170, 205, 245, 280, 305, 325, 330, 345] | [15, 40, 65, 90, 100, 105, 130, 145, 185, 200, 230, 260, 270, 325, 365] | [5, 35, 120, 145, 160, 185, 210, 220, 245, 270, 310, 315, 325, 350, 355] | [60, 65, 75, 95, 120, 160, 210, 240, 250, 265, 275, 300, 320, 350, 365] | [30, 65, 85, 115, 140, 160, 165, 170, 180, 245, 250, 255, 265, 290, 340] | [40, 50, 55, 65, 125, 135, 150, 170, 195, 220, 255, 275, 300, 320, 355] | [20, 50, 70, 85, 90, 125, 135, 175, 195, 200, 250, 255, 310, 320, 365] | [5, 35, 120, 145, 160, 185, 210, 220, 245, 270, 310, 315, 325, 350, 355]"
8,8,8,0,8,26,"(1, 5, 6, 7, 18, 22, 27, 28)",10,96,[],0.00000000,"[0.00000000, 0.00000000, 0.00000000, 0.00000000, 0.00000000, 0.00000000, 0.00000000, 0.00000000]",0.30100000,0.45504167,25->7,best_single_fallback,"[0.00000000, 0.00000000, 1.00000000, 0.00000000, 0.00000000, 0.00000000, 0.00000000, 0.00000000, 0.00000000, 0.00000000]","[0, 0, 1000, 0, 0, 0, 0, 0, 0, 0]","[122, 26, 118, 119, 37, 69, 105, 121, 101, 21]","[75, 85, 130, 155, 165, 175, 200, 210, 225, 280, 285, 300, 305, 355, 365] | [15, 35, 45, 55, 60, 95, 120, 135, 155, 180, 220, 225, 275, 300, 355] | [75, 85, 130, 155, 165, 175, 200, 210, 225, 280, 285, 300, 305, 355, 365] | [75, 85, 130, 155, 165, 175, 200, 210, 225, 280, 285, 300, 305, 355, 365] | [30, 65, 75, 85, 100, 110, 150, 155, 170, 210, 225, 245, 290, 335, 340] | [5, 10, 35, 100, 110, 130, 145, 155, 165, 175, 185, 250, 290, 335, 360] | [40, 60, 85, 115, 130, 135, 145, 175, 185, 190, 225, 280, 290, 330, 340] | [75, 85, 130, 155, 165, 175, 200, 210, 225, 280, 285, 300, 305, 355, 365] | [40, 60, 85, 115, 130, 135, 145, 175, 185, 190, 225, 280, 290, 330, 340] | [15, 35, 45, 55, 60, 95, 120, 135, 155, 180, 220, 225, 275, 300, 355]"
8,8,8,0,8,27,"(1, 7, 11, 17, 22, 26, 27, 28)",10,88,[5],0.00000000,"[0.00000000, 0.00000000, 0.00000000, 0.00000000, 0.00000000, 0.00000000, 0.00000000, 0.00000000]",0.24900000,0.44302273,2->22,best_single_fallback,"[0.00000000, 0.00000000, 0.00000000, 1.00000000, 0.00000000, 0.00000000, 0.00000000, 0.00000000, 0.00000000, 0.00000000]","[0, 0, 0, 1000, 0, 0, 0, 0, 0, 0]","[197, 73, 90, 509, 260, 517, 91, 389, 71, 254]","[10, 15, 25, 35, 65, 70, 75, 155, 195, 240, 250, 265, 305, 350, 365] | [30, 65, 70, 110, 115, 130, 165, 190, 195, 210, 245, 260, 325, 340, 350] | [15, 30, 45, 50, 125, 140, 145, 155, 175, 195, 230, 235, 260, 310, 355] | [65, 75, 85, 145, 170, 205, 225, 230, 275, 280, 310, 320, 335, 345, 355] | [35, 80, 150, 160, 185, 205, 210, 230, 235, 245, 280, 295, 320, 350, 360] | [15, 30, 40, 45, 75, 85, 90, 100, 140, 145, 155, 175, 300, 340, 365] | [15, 30, 45, 50, 125, 140, 145, 155, 175, 195, 230, 235, 260, 310, 355] | [30, 45, 50, 55, 125, 135, 140, 170, 175, 190, 275, 285, 290, 310, 340] | [30, 65, 70, 110, 115, 130, 165, 190, 195, 210, 245, 260, 325, 340, 350] | [35, 80, 150, 160, 185, 205, 210, 230, 235, 245, 280, 295, 320, 350, 360]"
8,8,8,0,8,28,"(7, 9, 16, 17, 18, 22, 26, 28)",10,80,"[1, 5]",0.00000000,"[0.00000000, 0.00000000, 0.00000000, 0.00000000, 0.00000000, 0.00000000, 0.00000000, 0.00000000]",0.32400000,0.46432500,4->16,best_single_fallback,"[0.00000000, 0.00000000, 0.00000000, 1.00000000, 0.00000000, 0.00000000, 0.00000000, 0.00000000, 0.00000000, 0.00000000]","[0, 0, 0, 1000, 0, 0, 0, 0, 0, 0]","[1301, 440, 485, 170, 1181, 150, 1085, 154, 965, 1317]","[20, 25, 60, 75, 90, 130, 140, 145, 160, 200, 205, 265, 320, 330, 355] | [20, 40, 50, 65, 85, 95, 115, 160, 210, 215, 235, 285, 295, 320, 345] | [10, 15, 30, 35, 45, 95, 100, 125, 140, 205, 220, 240, 270, 335, 355] | [5, 15, 35, 45, 55, 95, 110, 160, 195, 215, 225, 255, 330, 335, 340] | [55, 80, 85, 125, 145, 200, 225, 250, 260, 305, 315, 345, 350, 355, 365] | [45, 70, 100, 125, 140, 145, 150, 175, 200, 205, 210, 270, 285, 315, 320] | [25, 40, 45, 50, 85, 110, 195, 205, 220, 225, 230, 280, 310, 355, 360] | [45, 70, 100, 125, 140, 145, 150, 175, 200, 205, 210, 270, 285, 315, 320] | [5, 10, 40, 65, 90, 115, 175, 180, 245, 280, 285, 290, 295, 300, 330] | [10, 15, 20, 40, 70, 160, 200, 260, 290, 310, 320, 340, 350, 355, 365]"
8,8,8,0,8,29,"(2, 5, 6, 18, 20, 25, 26, 27)",10,88,[1],0.00000000,"[0.00000000, 0.00000000, 0.00000000, 0.00000000, 0.00000000, 0.00000000, 0.00000000, 0.00000000]",0.26800000,0.45114773,7->27,best_single_fallback,"[0.00000000, 0.00000000, 0.00000000, 0.00000000, 0.00000000, 1.00000000, 0.00000000, 0.00000000, 0.00000000, 0.00000000]","[0, 0, 0, 0, 0, 1000, 0, 0, 0, 0]","[560, 445, 448, 320, 527, 411, 322, 171, 429, 183]","[15, 45, 80, 100, 120, 175, 185, 210, 215, 235, 260, 265, 275, 280, 325] | [15, 35, 60, 65, 95, 120, 140, 145, 175, 255, 280, 290, 325, 330, 345] | [15, 35, 60, 65, 95, 120, 140, 145, 175, 255, 280, 290, 325, 330, 345] | [10, 25, 50, 80, 95, 100, 120, 125, 170, 175, 205, 265, 295, 335, 355] | [35, 75, 80, 120, 150, 165, 175, 185, 190, 210, 265, 280, 305, 315, 340] | [15, 20, 25, 50, 85, 100, 125, 135, 140, 215, 235, 255, 315, 355, 365] | [10, 25, 50, 80, 95, 100, 120, 125, 170, 175, 205, 265, 295, 335, 355] | [15, 20, 35, 55, 65, 115, 120, 140, 155, 160, 210, 260, 265, 300, 315] | [20, 80, 95, 160, 180, 185, 210, 225, 230, 250, 265, 275, 290, 325, 345] | [35, 80, 105, 115, 125, 160, 185, 210, 245, 250, 260, 275, 330, 340, 355]"
8,8,8,0,8,30,"(5, 7, 9, 16, 20, 22, 25, 26)",10,88,[1],0.00000000,"[0.00000000, 0.00000000, 0.00000000, 0.00000000, 0.00000000, 0.00000000, 0.00000000, 0.00000000]",0.30900000,0.46180682,4->25,best_single_fallback,"[0.00000000, 0.00000000, 0.00000000, 0.00000000, 1.00000000, 0.00000000, 0.00000000, 0.00000000, 0.00000000, 0.00000000]","[0, 0, 0, 0, 1000, 0, 0, 0, 0, 0]","[295, 179, 197, 105, 123, 113, 261, 162, 159, 389]","[5, 25, 55, 105, 110, 155, 180, 200, 255, 265, 275, 305, 310, 335, 340] | [50, 90, 135, 165, 175, 185, 245, 255, 275, 295, 315, 325, 330, 340, 355] | [15, 50, 60, 80, 95, 115, 155, 185, 210, 225, 260, 275, 280, 345, 365] | [50, 85, 105, 130, 150, 180, 190, 210, 255, 260, 305, 330, 335, 355, 360] | [30, 45, 60, 65, 105, 170, 190, 215, 225, 230, 290, 295, 315, 340, 355] | [55, 60, 85, 105, 125, 150, 165, 200, 240, 260, 280, 285, 295, 345, 365] | [20, 25, 30, 85, 120, 140, 145, 185, 220, 230, 235, 240, 255, 300, 340] | [15, 30, 35, 45, 65, 75, 85, 175, 200, 210, 250, 310, 315, 360, 365] | [15, 30, 35, 45, 65, 75, 85, 175, 200, 210, 250, 310, 315, 360, 365] | [20, 60, 75, 90, 95, 115, 120, 135, 220, 225, 250, 260, 290, 310, 360]"
8,8,8,0,8,31,"(7, 9, 15, 16, 20, 24, 25, 26)",10,80,"[1, 5]",0.00000000,"[0.00000000, 0.00000000, 0.00000000, 0.00000000, 0.00000000, 0.00000000, 0.00000000, 0.00000000]",0.26700000,0.45422500,21->24,best_single_fallback,"[0.00000000, 0.00000000, 0.00000000, 1.00000000, 0.00000000, 0.00000000, 0.00000000, 0.00000000, 0.00000000, 0.00000000]","[0, 0, 0, 1000, 0, 0, 0, 0, 0, 0]","[1, 439, 853, 955, 509, 470, 14, 1205, 1069, 1252]","[5, 30, 55, 80, 105, 130, 155, 180, 205, 230, 255, 280, 305, 330, 355] | [5, 20, 45, 55, 80, 105, 115, 120, 195, 230, 245, 250, 260, 300, 340] | [5, 25, 75, 85, 95, 115, 130, 180, 190, 215, 220, 270, 300, 360, 365] | [30, 40, 65, 110, 150, 170, 180, 190, 215, 230, 240, 245, 270, 285, 300] | [15, 30, 45, 50, 55, 60, 65, 90, 105, 115, 130, 160, 170, 175, 205] | [65, 70, 90, 140, 205, 210, 215, 220, 235, 240, 260, 270, 275, 335, 350] | [5, 30, 55, 80, 105, 130, 155, 180, 205, 230, 255, 280, 305, 330, 355] | [20, 45, 50, 65, 90, 110, 125, 130, 135, 195, 210, 220, 255, 310, 350] | [30, 35, 50, 60, 85, 95, 155, 175, 200, 230, 250, 290, 315, 345, 365] | [15, 35, 60, 80, 95, 110, 115, 125, 155, 165, 190, 235, 295, 320, 330]"
8,8,8,0,8,32,"(1, 7, 15, 18, 20, 21, 24, 26)",10,88,[5],0.00000000,"[0.00000000, 0.00000000, 0.00000000, 0.00000000, 0.00000000, 0.00000000, 0.00000000, 0.00000000]",0.32400000,0.45711364,27->15,best_single_fallback,"[1.00000000, 0.00000000, 0.00000000, 0.00000000, 0.00000000, 0.00000000, 0.00000000, 0.00000000, 0.00000000, 0.00000000]","[1000, 0, 0, 0, 0, 0, 0, 0, 0, 0]","[48, 407, 45, 50, 71, 349, 94, 555, 165, 99]","[5, 30, 45, 50, 95, 115, 120, 170, 205, 210, 275, 285, 325, 345, 355] | [45, 165, 175, 185, 190, 195, 205, 225, 230, 275, 290, 295, 300, 320, 365] | [5, 30, 45, 50, 95, 115, 120, 170, 205, 210, 275, 285, 325, 345, 355] | [5, 30, 45, 50, 95, 115, 120, 170, 205, 210, 275, 285, 325, 345, 355] | [5, 40, 105, 150, 180, 205, 225, 230, 235, 250, 280, 290, 305, 325, 330] | [30, 35, 90, 95, 145, 150, 170, 175, 185, 195, 230, 260, 275, 305, 325] | [10, 30, 40, 55, 70, 80, 125, 145, 170, 205, 265, 275, 285, 310, 365] | [15, 50, 60, 65, 90, 160, 205, 210, 220, 295, 320, 325, 340, 355, 365] | [10, 30, 65, 70, 160, 185, 200, 220, 225, 240, 245, 285, 295, 340, 355] | [10, 30, 40, 55, 70, 80, 125, 145, 170, 205, 265, 275, 285, 310, 365]"
8,8,8,0,8,33,"(2, 4, 7, 11, 15, 17, 24, 28)",10,80,"[1, 5]",0.00000000,"[0.00000000, 0.00000000, 0.00000000, 0.00000000, 0.00000000, 0.00000000, 0.00000000, 0.00000000]",0.32300000,0.46180000,26->17,best_single_fallback,"[0.00000000, 0.00000000, 0.00000000, 1.00000000, 0.00000000, 0.00000000, 0.00000000, 0.00000000, 0.00000000, 0.00000000]","[0, 0, 0, 1000, 0, 0, 0, 0, 0, 0]","[737, 118, 1181, 178, 1283, 1244, 386, 483, 1462, 1353]","[15, 20, 45, 75, 80, 85, 110, 135, 150, 160, 175, 205, 225, 260, 270] | [30, 45, 65, 85, 115, 135, 175, 215, 220, 270, 305, 320, 325, 335, 345] | [25, 65, 115, 125, 155, 170, 180, 210, 220, 235, 280, 290, 315, 330, 365] | [25, 45, 55, 60, 85, 95, 110, 115, 130, 165, 170, 175, 265, 335, 355] | [5, 80, 120, 140, 170, 175, 180, 190, 220, 235, 250, 270, 330, 335, 345] | [5, 45, 70, 110, 125, 150, 165, 195, 235, 245, 265, 270, 280, 295, 365] | [40, 90, 100, 105, 115, 130, 175, 215, 230, 235, 250, 280, 290, 295, 305] | [15, 35, 100, 120, 125, 175, 185, 190, 220, 240, 260, 275, 300, 355, 365] | [10, 15, 45, 50, 80, 160, 170, 180, 235, 245, 260, 295, 300, 325, 360] | [15, 30, 40, 45, 65, 100, 105, 175, 230, 245, 255, 260, 285, 320, 330]"
8,8,8,0,8,34,"(4, 5, 7, 9, 17, 20, 25, 26)",10,88,[1],0.00000000,"[0.00000000, 0.00000000, 0.00000000, 0.00000000, 0.00000000, 0.00000000, 0.00000000, 0.00000000]",0.29900000,0.46162500,24->17,best_single_fallback,"[0.00000000, 0.00000000, 1.00000000, 0.00000000, 0.00000000, 0.00000000, 0.00000000, 0.00000000, 0.00000000, 0.00000000]","[0, 0, 1000, 0, 0, 0, 0, 0, 0, 0]","[86, 412, 259, 205, 257, 46, 264, 85, 254, 277]","[15, 100, 135, 175, 210, 215, 225, 240, 250, 255, 270, 275, 300, 315, 360] | [35, 80, 105, 145, 155, 185, 200, 215, 245, 270, 285, 305, 310, 330, 355] | [10, 20, 25, 35, 45, 50, 60, 110, 140, 155, 175, 220, 305, 335, 345] | [15, 30, 35, 40, 45, 80, 175, 185, 190, 260, 275, 285, 290, 325, 365] | [10, 20, 25, 35, 45, 50, 60, 110, 140, 155, 175, 220, 305, 335, 345] | [30, 50, 75, 80, 130, 140, 145, 155, 240, 245, 280, 285, 330, 355, 365] | [50, 85, 105, 120, 125, 155, 165, 170, 190, 200, 230, 325, 335, 355, 365] | [15, 100, 135, 175, 210, 215, 225, 240, 250, 255, 270, 275, 300, 315, 360] | [10, 20, 25, 35, 45, 50, 60, 110, 140, 155, 175, 220, 305, 335, 345] | [15, 25, 35, 125, 130, 160, 170, 175, 180, 210, 240, 245, 325, 335, 340]"
8,8,8,0,8,35,"(1, 2, 4, 7, 9, 16, 20, 21)",10,88,[5],0.00000000,"[0.00000000, 0.00000000, 0.00000000, 0.00000000, 0.00000000, 0.00000000, 0.00000000, 0.00000000]",0.28200000,0.45860227,17->4,best_single_fallback,"[0.00000000, 0.00000000, 0.00000000, 0.00000000, 0.00000000, 0.00000000, 0.00000000, 0.00000000, 1.00000000, 0.00000000]","[0, 0, 0, 0, 0, 0, 0, 0, 1000, 0]","[314, 315, 565, 602, 205, 498, 213, 207, 528, 220]","[5, 45, 75, 100, 150, 230, 240, 255, 290, 295, 300, 320, 330, 350, 360] | [5, 45, 75, 100, 150, 230, 240, 255, 290, 295, 300, 320, 330, 350, 360] | [5, 55, 70, 95, 130, 135, 165, 175, 195, 225, 255, 275, 335, 345, 360] | [30, 40, 90, 130, 140, 160, 170, 185, 200, 205, 255, 285, 300, 310, 330] | [10, 15, 85, 95, 115, 125, 140, 145, 245, 275, 330, 335, 345, 360, 365] | [50, 85, 110, 115, 145, 150, 185, 190, 220, 245, 285, 310, 320, 325, 345] | [15, 35, 70, 95, 100, 160, 170, 195, 205, 230, 250, 290, 310, 325, 365] | [10, 15, 85, 95, 115, 125, 140, 145, 245, 275, 330, 335, 345, 360, 365] | [25, 45, 75, 105, 140, 150, 170, 200, 210, 220, 230, 235, 275, 335, 360] | [15, 35, 70, 95, 100, 160, 170, 195, 205, 230, 250, 290, 310, 325, 365]"
8,8,8,0,8,36,"(4, 9, 11, 21, 24, 25, 26, 28)",10,80,"[1, 5]",0.00000000,"[0.00000000, 0.00000000, 0.00000000, 0.00000000, 0.00000000, 0.00000000, 0.00000000, 0.00000000]",0.29700000,0.45780000,17->4,best_single_fallback,"[0.00000000, 0.00000000, 0.00000000, 0.00000000, 0.00000000, 0.00000000, 0.00000000, 1.00000000, 0.00000000, 0.00000000]","[0, 0, 0, 0, 0, 0, 0, 1000, 0, 0]","[1373, 1525, 622, 645, 565, 309, 1141, 1115, 23, 1405]","[30, 35, 45, 60, 75, 160, 180, 185, 215, 235, 270, 290, 315, 340, 360] | [15, 65, 85, 95, 110, 115, 130, 140, 145, 165, 190, 250, 260, 270, 315] | [25, 35, 45, 55, 100, 105, 125, 170, 240, 255, 270, 295, 335, 355, 365] | [10, 70, 95, 105, 125, 145, 170, 210, 230, 240, 275, 300, 325, 335, 365] | [10, 35, 45, 50, 65, 105, 110, 115, 130, 165, 220, 260, 280, 310, 360] | [40, 55, 65, 85, 115, 165, 180, 205, 235, 240, 245, 250, 305, 320, 345] | [20, 30, 35, 55, 85, 165, 205, 270, 310, 320, 325, 330, 335, 345, 350] | [35, 50, 90, 100, 110, 130, 135, 140, 190, 210, 220, 255, 325, 330, 360] | [70, 80, 90, 105, 120, 145, 155, 160, 200, 245, 260, 270, 295, 320, 355] | [15, 45, 65, 70, 80, 115, 155, 160, 190, 230, 260, 270, 290, 295, 350]"
8,8,8,0,8,37,"(1, 4, 5, 7, 16, 21, 22, 25)",10,96,[],0.00000000,"[0.00000000, 0.00000000, 0.00000000, 0.00000000, 0.00000000, 0.00000000, 0.00000000, 0.00000000]",0.33600000,0.45958333,15->16,best_single_fallback,"[1.00000000, 0.00000000, 0.00000000, 0.00000000, 0.00000000, 0.00000000, 0.00000000, 0.00000000, 0.00000000, 0.00000000]","[1000, 0, 0, 0, 0, 0, 0, 0, 0, 0]","[102, 34, 201, 29, 53, 122, 157, 101, 99, 114]","[75, 80, 85, 130, 135, 155, 175, 180, 190, 220, 285, 295, 305, 325, 355] | [30, 100, 120, 135, 155, 180, 205, 235, 255, 285, 290, 305, 310, 335, 345] | [35, 40, 80, 95, 100, 105, 120, 130, 200, 255, 275, 295, 300, 305, 335] | [30, 100, 120, 135, 155, 180, 205, 235, 255, 285, 290, 305, 310, 335, 345] | [15, 30, 65, 115, 120, 150, 165, 185, 240, 260, 280, 285, 305, 345, 360] | [90, 100, 135, 155, 160, 225, 240, 245, 250, 255, 290, 330, 340, 355, 365] | [5, 10, 50, 65, 75, 85, 95, 110, 145, 160, 255, 260, 295, 335, 345] | [75, 80, 85, 130, 135, 155, 175, 180, 190, 220, 285, 295, 305, 325, 355] | [5, 35, 60, 90, 105, 140, 205, 210, 225, 245, 290, 300, 305, 325, 355] | [35, 50, 95, 110, 125, 200, 205, 210, 230, 240, 250, 260, 285, 305, 325]"
8,8,8,0,8,38,"(5, 7, 16, 21, 22, 26, 27, 28)",10,88,[1],0.00000000,"[0.00000000, 0.00000000, 0.00000000, 0.00000000, 0.00000000, 0.00000000, 0.00000000, 0.00000000]",0.34000000,0.45937500,25->26,best_single_fallback,"[0.00000000, 0.00000000, 0.00000000, 0.00000000, 0.00000000, 0.00000000, 0.00000000, 0.00000000, 0.00000000, 1.00000000]","[0, 0, 0, 0, 0, 0, 0, 0, 0, 1000]","[341, 547, 384, 514, 418, 525, 143, 382, 69, 554]","[40, 50, 60, 110, 115, 145, 150, 160, 180, 205, 215, 300, 315, 335, 340] | [15, 25, 30, 90, 105, 120, 135, 165, 210, 230, 270, 275, 295, 325, 335] | [10, 30, 35, 75, 95, 100, 120, 145, 190, 210, 240, 275, 305, 325, 365] | [20, 35, 85, 100, 130, 160, 170, 210, 220, 255, 280, 285, 290, 355, 360] | [10, 15, 40, 45, 80, 105, 120, 160, 185, 190, 220, 235, 280, 330, 355] | [75, 90, 130, 135, 210, 225, 240, 255, 270, 275, 280, 290, 310, 325, 330] | [50, 100, 115, 125, 155, 190, 200, 205, 245, 250, 280, 305, 325, 330, 345] | [10, 30, 35, 75, 95, 100, 120, 145, 190, 210, 240, 275, 305, 325, 365] | [30, 75, 85, 110, 125, 170, 175, 190, 215, 230, 265, 300, 305, 340, 365] | [40, 80, 90, 95, 125, 140, 155, 225, 255, 275, 280, 310, 330, 345, 355]"
8,8,8,0,8,39,"(1, 2, 5, 6, 7, 11, 16, 28)",10,96,[],0.00000000,"[0.00000000, 0.00000000, 0.00000000, 0.00000000, 0.00000000, 0.00000000, 0.00000000, 0.00000000]",0.32000000,0.45579167,27->11,best_single_fallback,"[1.00000000, 0.00000000, 0.00000000, 0.00000000, 0.00000000, 0.00000000, 0.00000000, 0.00000000, 0.00000000, 0.00000000]","[1000, 0, 0, 0, 0, 0, 0, 0, 0, 0]","[43, 106, 157, 61, 28, 205, 206, 267, 210, 37]","[50, 100, 145, 155, 165, 180, 185, 190, 230, 260, 275, 285, 310, 325, 340] | [5, 10, 15, 25, 105, 125, 165, 180, 190, 240, 245, 250, 255, 310, 355] | [15, 45, 75, 130, 150, 165, 220, 225, 240, 260, 265, 285, 295, 325, 330] | [10, 25, 30, 40, 65, 100, 115, 140, 150, 160, 275, 280, 290, 340, 360] | [40, 105, 115, 120, 160, 165, 175, 190, 205, 225, 250, 300, 305, 310, 360] | [15, 30, 50, 55, 60, 65, 120, 135, 140, 200, 230, 240, 280, 295, 325] | [15, 30, 50, 55, 60, 65, 120, 135, 140, 200, 230, 240, 280, 295, 325] | [40, 50, 60, 65, 90, 165, 205, 210, 225, 255, 275, 325, 330, 360, 365] | [15, 30, 50, 55, 60, 65, 120, 135, 140, 200, 230, 240, 280, 295, 325] | [50, 100, 145, 155, 165, 180, 185, 190, 230, 260, 275, 285, 310, 325, 340]"
8,8,8,0,8,40,"(1, 4, 7, 9, 16, 18, 22, 27)",10,88,[5],0.00000000,"[0.00000000, 0.00000000, 0.00000000, 0.00000000, 0.00000000, 0.00000000, 0.00000000, 0.00000000]",0.31500000,0.45957955,25->4,best_single_fallback,"[0.00000000, 0.00000000, 0.00000000, 0.00000000, 0.00000000, 0.00000000, 0.00000000, 0.00000000, 0.00000000, 1.00000000]","[0, 0, 0, 0, 0, 0, 0, 0, 0, 1000]","[165, 429, 386, 381, 230, 334, 373, 333, 234, 233]","[50, 100, 105, 110, 145, 150, 165, 195, 200, 225, 260, 285, 320, 325, 360] | [30, 50, 65, 100, 120, 130, 150, 160, 195, 220, 240, 265, 275, 290, 305] | [10, 80, 125, 140, 170, 180, 190, 210, 230, 235, 240, 260, 265, 280, 300] | [10, 80, 125, 140, 170, 180, 190, 210, 230, 235, 240, 260, 265, 280, 300] | [35, 40, 55, 60, 80, 110, 150, 155, 175, 225, 230, 260, 290, 305, 330] | [10, 30, 35, 45, 50, 55, 115, 160, 175, 220, 230, 255, 265, 325, 335] | [15, 80, 90, 100, 105, 120, 135, 160, 165, 230, 255, 265, 305, 320, 360] | [10, 30, 35, 45, 50, 55, 115, 160, 175, 220, 230, 255, 265, 325, 335] | [35, 40, 55, 60, 80, 110, 150, 155, 175, 225, 230, 260, 290, 305, 330] | [35, 40, 55, 60, 80, 110, 150, 155, 175, 225, 230, 260, 290, 305, 330]"
8,8,8,0,8,41,"(6, 7, 9, 11, 18, 22, 24, 25)",10,80,"[1, 5]",0.00000000,"[0.00000000, 0.00000000, 0.00000000, 0.00000000, 0.00000000, 0.00000000, 0.00000000, 0.00000000]",0.32600000,0.45982500,21->18,best_single_fallback,"[0.00000000, 0.00000000, 0.00000000, 0.00000000, 0.00000000, 1.00000000, 0.00000000, 0.00000000, 0.00000000, 0.00000000]","[0, 0, 0, 0, 0, 1000, 0, 0, 0, 0]","[1133, 715, 236, 578, 708, 168, 1419, 573, 1402, 1205]","[15, 20, 55, 100, 110, 125, 145, 150, 180, 195, 200, 225, 235, 270, 345] | [5, 10, 55, 95, 120, 150, 155, 165, 195, 230, 285, 320, 330, 350, 360] | [20, 45, 50, 120, 130, 135, 140, 160, 165, 180, 225, 230, 240, 285, 360] | [5, 45, 70, 110, 120, 140, 180, 190, 195, 200, 210, 255, 275, 295, 355] | [10, 25, 35, 50, 80, 95, 110, 125, 150, 155, 200, 255, 260, 275, 365] | [20, 25, 55, 60, 75, 110, 140, 190, 205, 210, 265, 300, 330, 340, 360] | [40, 55, 65, 75, 120, 155, 185, 200, 210, 215, 265, 280, 290, 330, 360] | [5, 45, 70, 110, 120, 140, 180, 190, 195, 200, 210, 255, 275, 295, 355] | [15, 55, 135, 170, 205, 235, 240, 260, 265, 280, 295, 325, 335, 350, 355] | [10, 55, 65, 125, 140, 195, 200, 205, 225, 230, 260, 280, 295, 325, 355]"
8,8,8,0,8,42,"(2, 7, 11, 17, 18, 22, 25, 27)",10,80,"[1, 5]",0.00000000,"[0.00000000, 0.00000000, 0.00000000, 0.00000000, 0.00000000, 0.00000000, 0.00000000, 0.00000000]",0.28800000,0.46210000,26->2,best_single_fallback,"[0.00000000, 0.00000000, 0.00000000, 0.00000000, 0.00000000, 0.00000000, 1.00000000, 0.00000000, 0.00000000, 0.00000000]","[0, 0, 0, 0, 0, 0, 1000, 0, 0, 0]","[386, 388, 1077, 586, 1261, 253, 1387, 957, 215, 368]","[10, 20, 30, 60, 85, 100, 140, 155, 250, 265, 285, 295, 320, 335, 345] | [10, 20, 30, 60, 85, 100, 140, 155, 250, 265, 285, 295, 320, 335, 345] | [20, 35, 55, 80, 95, 100, 125, 145, 160, 175, 195, 205, 315, 320, 350] | [25, 30, 40, 45, 55, 110, 170, 185, 215, 295, 315, 325, 330, 355, 365] | [10, 20, 60, 90, 140, 160, 190, 215, 245, 260, 270, 300, 320, 340, 360] | [95, 105, 110, 145, 165, 170, 195, 220, 240, 270, 275, 305, 320, 330, 335] | [5, 15, 35, 40, 45, 70, 95, 105, 110, 180, 235, 250, 260, 290, 325] | [35, 45, 60, 100, 115, 130, 150, 155, 185, 210, 245, 260, 275, 355, 360] | [5, 20, 30, 70, 115, 125, 130, 190, 235, 260, 270, 280, 285, 290, 310] | [20, 30, 35, 45, 60, 160, 170, 175, 190, 235, 260, 285, 305, 315, 345]"
8,8,8,0,8,43,"(1, 7, 11, 15, 16, 21, 22, 26)",10,88,[5],0.00000000,"[0.00000000, 0.00000000, 0.00000000, 0.00000000, 0.00000000, 0.00000000, 0.00000000, 0.00000000]",0.29800000,0.45748864,4->1,best_single_fallback,"[0.00000000, 0.00000000, 0.00000000, 1.00000000, 0.00000000, 0.00000000, 0.00000000, 0.00000000, 0.00000000, 0.00000000]","[0, 0, 0, 1000, 0, 0, 0, 0, 0, 0]","[527, 223, 510, 88, 73, 91, 415, 206, 85, 207]","[25, 45, 55, 105, 150, 160, 165, 175, 185, 240, 250, 260, 265, 300, 320] | [15, 35, 55, 145, 160, 175, 185, 190, 195, 255, 275, 290, 300, 305, 310] | [15, 25, 35, 50, 55, 75, 115, 190, 260, 265, 275, 310, 320, 335, 360] | [35, 95, 100, 105, 140, 165, 175, 200, 220, 240, 250, 295, 335, 345, 360] | [5, 10, 55, 65, 100, 115, 155, 175, 180, 200, 220, 240, 255, 300, 335] | [35, 95, 100, 105, 140, 165, 175, 200, 220, 240, 250, 295, 335, 345, 360] | [95, 105, 135, 175, 195, 230, 240, 265, 280, 285, 290, 300, 305, 310, 340] | [55, 60, 80, 105, 110, 150, 210, 220, 225, 245, 250, 300, 305, 310, 320] | [35, 95, 100, 105, 140, 165, 175, 200, 220, 240, 250, 295, 335, 345, 360] | [55, 60, 80, 105, 110, 150, 210, 220, 225, 245, 250, 300, 305, 310, 320]"
8,8,8,0,8,44,"(1, 9, 16, 17, 18, 22, 27, 28)",10,88,[5],0.00000000,"[0.00000000, 0.00000000, 0.00000000, 0.00000000, 0.00000000, 0.00000000, 0.00000000, 0.00000000]",0.31200000,0.45946591,4->9,best_single_fallback,"[0.00000000, 0.00000000, 0.00000000, 0.00000000, 0.00000000, 0.00000000, 1.00000000, 0.00000000, 0.00000000, 0.00000000]","[0, 0, 0, 0, 0, 0, 1000, 0, 0, 0]","[507, 475, 231, 539, 109, 205, 359, 429, 43, 501]","[25, 40, 55, 90, 95, 130, 160, 165, 170, 285, 290, 320, 325, 330, 335] | [35, 75, 95, 160, 170, 175, 225, 245, 260, 275, 285, 300, 325, 340, 355] | [35, 40, 50, 70, 75, 80, 95, 210, 245, 250, 255, 260, 265, 305, 360] | [10, 25, 65, 80, 85, 95, 105, 120, 130, 165, 225, 245, 300, 305, 310] | [45, 65, 70, 85, 105, 190, 210, 220, 225, 275, 305, 310, 320, 345, 355] | [30, 55, 80, 95, 135, 140, 145, 160, 240, 245, 250, 260, 305, 320, 345] | [5, 15, 105, 110, 120, 170, 180, 185, 195, 200, 205, 250, 305, 310, 325] | [25, 45, 60, 75, 90, 115, 180, 195, 205, 220, 230, 255, 290, 295, 340] | [5, 35, 50, 55, 70, 120, 135, 155, 160, 165, 240, 250, 255, 350, 360] | [25, 40, 55, 90, 95, 130, 160, 165, 170, 285, 290, 320, 325, 330, 335]"
8,8,8,0,8,45,"(4, 5, 11, 16, 17, 18, 21, 28)",10,88,[1],0.00000000,"[0.00000000, 0.00000000, 0.00000000, 0.00000000, 0.00000000, 0.00000000, 0.00000000, 0.00000000]",0.32600000,0.46001136,22->16,best_single_fallback,"[0.00000000, 0.00000000, 1.00000000, 0.00000000, 0.00000000, 0.00000000, 0.00000000, 0.00000000, 0.00000000, 0.00000000]","[0, 0, 1000, 0, 0, 0, 0, 0, 0, 0]","[150, 152, 224, 623, 213, 462, 372, 225, 407, 562]","[15, 20, 40, 100, 125, 190, 200, 235, 240, 270, 275, 290, 295, 345, 365] | [15, 20, 40, 100, 125, 190, 200, 235, 240, 270, 275, 290, 295, 345, 365] | [20, 30, 45, 95, 110, 130, 155, 170, 175, 190, 205, 225, 310, 315, 355] | [5, 10, 15, 140, 145, 155, 180, 190, 205, 230, 235, 240, 245, 265, 285] | [15, 25, 45, 90, 95, 140, 145, 170, 240, 255, 270, 285, 325, 330, 335] | [65, 100, 120, 150, 165, 170, 175, 200, 215, 245, 265, 275, 295, 335, 365] | [10, 25, 50, 60, 120, 130, 145, 165, 200, 205, 290, 300, 325, 355, 365] | [20, 30, 45, 95, 110, 130, 155, 170, 175, 190, 205, 225, 310, 315, 355] | [55, 65, 105, 115, 120, 130, 135, 150, 165, 180, 185, 205, 240, 275, 365] | [5, 25, 35, 110, 140, 165, 185, 210, 260, 265, 335, 340, 345, 355, 360]"
8,8,8,0,8,46,"(4, 7, 9, 11, 17, 22, 25, 27)",10,80,"[1, 5]",0.00000000,"[0.00000000, 0.00000000, 0.00000000, 0.00000000, 0.00000000, 0.00000000, 0.00000000, 0.00000000]",0.30500000,0.45892500,18->7,best_single_fallback,"[0.00000000, 0.00000000, 0.00000000, 0.00000000, 0.00000000, 0.00000000, 1.00000000, 0.00000000, 0.00000000, 0.00000000]","[0, 0, 0, 0, 0, 0, 1000, 0, 0, 0]","[1157, 686, 537, 1502, 1170, 541, 1530, 855, 773, 575]","[25, 55, 75, 85, 90, 95, 115, 140, 220, 270, 285, 305, 310, 315, 360] | [15, 20, 30, 40, 65, 85, 180, 185, 240, 275, 285, 320, 335, 340, 360] | [25, 55, 70, 130, 150, 190, 205, 235, 255, 260, 265, 300, 330, 335, 350] | [5, 15, 35, 55, 160, 185, 215, 230, 240, 255, 270, 305, 340, 350, 355] | [5, 35, 100, 110, 135, 145, 150, 160, 175, 195, 205, 210, 225, 240, 285] | [105, 125, 135, 140, 150, 165, 180, 190, 200, 265, 285, 295, 300, 320, 360] | [10, 15, 40, 45, 115, 135, 140, 205, 215, 220, 225, 230, 240, 285, 365] | [25, 45, 65, 70, 90, 120, 145, 155, 190, 220, 245, 285, 300, 310, 330] | [5, 30, 55, 100, 110, 125, 140, 170, 200, 230, 250, 275, 295, 305, 310] | [5, 10, 85, 90, 160, 205, 225, 240, 245, 255, 280, 285, 330, 350, 360]"
8,8,8,0,8,47,"(4, 5, 9, 16, 21, 22, 24, 27)",10,88,[1],0.00000000,"[0.00000000, 0.00000000, 0.00000000, 0.00000000, 0.00000000, 0.00000000, 0.00000000, 0.00000000]",0.28300000,0.46122727,25->5,best_single_fallback,"[0.00000000, 0.00000000, 0.00000000, 0.00000000, 0.00000000, 0.00000000, 0.00000000, 0.00000000, 1.00000000, 0.00000000]","[0, 0, 0, 0, 0, 0, 0, 0, 1000, 0]","[35, 353, 607, 593, 351, 230, 384, 349, 441, 385]","[5, 20, 35, 50, 115, 120, 140, 145, 155, 175, 190, 245, 310, 315, 330] | [15, 20, 55, 135, 145, 165, 170, 240, 275, 280, 285, 300, 325, 345, 355] | [35, 55, 85, 140, 145, 175, 180, 215, 220, 235, 240, 270, 290, 300, 325] | [5, 20, 55, 80, 85, 105, 130, 150, 175, 225, 230, 255, 300, 315, 325] | [15, 20, 55, 135, 145, 165, 170, 240, 275, 280, 285, 300, 325, 345, 355] | [10, 20, 35, 45, 115, 135, 160, 205, 255, 280, 285, 290, 310, 325, 345] | [5, 10, 50, 80, 100, 160, 165, 210, 220, 245, 255, 280, 310, 325, 360] | [15, 20, 55, 135, 145, 165, 170, 240, 275, 280, 285, 300, 325, 345, 355] | [30, 45, 50, 75, 85, 95, 150, 155, 170, 205, 210, 225, 265, 275, 330] | [5, 10, 50, 80, 100, 160, 165, 210, 220, 245, 255, 280, 310, 325, 360]"
8,8,8,0,8,48,"(2, 5, 9, 11, 15, 20, 25, 28)",10,88,[1],0.00000000,"[0.00000000, 0.00000000, 0.00000000, 0.00000000, 0.00000000, 0.00000000, 0.00000000, 0.00000000]",0.29900000,0.46012500,16->5,best_single_fallback,"[0.00000000, 0.00000000, 0.00000000, 0.00000000, 0.00000000, 0.00000000, 1.00000000, 0.00000000, 0.00000000, 0.00000000]","[0, 0, 0, 0, 0, 0, 1000, 0, 0, 0]","[109, 237, 284, 303, 117, 367, 503, 281, 387, 197]","[10, 55, 80, 90, 105, 115, 120, 150, 205, 210, 250, 255, 280, 330, 365] | [5, 10, 15, 25, 65, 100, 125, 145, 175, 210, 215, 295, 355, 360, 365] | [30, 35, 45, 60, 75, 90, 160, 180, 185, 190, 245, 260, 315, 325, 335] | [25, 30, 35, 50, 85, 100, 125, 140, 160, 165, 190, 275, 290, 315, 345] | [40, 50, 85, 90, 120, 130, 145, 170, 200, 210, 230, 280, 300, 340, 360] | [10, 20, 55, 115, 120, 125, 130, 165, 170, 175, 180, 220, 260, 315, 355] | [5, 15, 30, 45, 55, 60, 100, 125, 130, 145, 170, 220, 310, 315, 365] | [30, 35, 45, 60, 75, 90, 160, 180, 185, 190, 245, 260, 315, 325, 335] | [50, 55, 65, 80, 105, 120, 135, 145, 160, 165, 210, 235, 260, 315, 360] | [10, 15, 20, 30, 50, 140, 155, 210, 240, 270, 300, 305, 325, 335, 360]"
8,8,8,0,8,49,"(1, 4, 6, 9, 11, 17, 21, 24)",10,88,[5],0.00000000,"[0.00000000, 0.00000000, 0.00000000, 0.00000000, 0.00000000, 0.00000000, 0.00000000, 0.00000000]",0.26400000,0.44639773,2->24,best_single_fallback,"[1.00000000, 0.00000000, 0.00000000, 0.00000000, 0.00000000, 0.00000000, 0.00000000, 0.00000000, 0.00000000, 0.00000000]","[1000, 0, 0, 0, 0, 0, 0, 0, 0, 0]","[21, 604, 256, 69, 329, 590, 125, 309, 261, 332]","[10, 60, 70, 95, 140, 150, 195, 205, 225, 235, 260, 285, 295, 320, 340] | [35, 65, 70, 85, 115, 125, 180, 195, 200, 235, 250, 255, 275, 320, 330] | [25, 60, 170, 190, 200, 220, 245, 250, 260, 265, 300, 310, 335, 340, 365] | [10, 40, 75, 80, 105, 120, 145, 175, 185, 230, 240, 260, 330, 345, 350] | [40, 45, 90, 110, 130, 135, 140, 170, 175, 180, 190, 250, 295, 325, 330] | [5, 55, 65, 80, 150, 160, 185, 190, 205, 210, 230, 290, 295, 310, 335] | [65, 100, 125, 140, 170, 220, 225, 230, 255, 265, 295, 300, 330, 350, 360] | [15, 70, 75, 95, 110, 125, 190, 200, 210, 255, 260, 275, 325, 335, 360] | [15, 60, 75, 80, 85, 100, 130, 145, 180, 200, 205, 220, 260, 275, 345] | [40, 45, 90, 110, 130, 135, 140, 170, 175, 180, 190, 250, 295, 325, 330]"
8,8,8,0,8,50,"(2, 5, 9, 18, 20, 22, 24, 27)",10,88,[1],0.00000000,"[0.00000000, 0.00000000, 0.00000000, 0.00000000, 0.00000000, 0.00000000, 0.00000000, 0.00000000]",0.26300000,0.46030682,28->9,best_single_fallback,"[0.00000000, 0.00000000, 0.00000000, 0.00000000, 0.00000000, 0.00000000, 0.00000000, 0.00000000, 0.00000000, 1.00000000]","[0, 0, 0, 0, 0, 0, 0, 0, 0, 1000]","[420, 172, 261, 223, 133, 202, 173, 201, 589, 370]","[10, 25, 30, 50, 85, 100, 105, 110, 120, 205, 210, 265, 275, 300, 355] | [20, 45, 55, 60, 115, 125, 130, 145, 160, 185, 230, 280, 290, 305, 340] | [5, 20, 35, 50, 120, 140, 175, 180, 230, 245, 260, 280, 300, 355, 365] | [10, 30, 75, 115, 140, 150, 205, 210, 225, 235, 265, 275, 295, 355, 365] | [25, 40, 60, 90, 125, 130, 150, 170, 270, 285, 295, 335, 355, 360, 365] | [15, 25, 30, 45, 80, 85, 155, 165, 170, 175, 215, 220, 265, 300, 315] | [20, 35, 80, 100, 105, 110, 150, 155, 160, 185, 215, 220, 225, 310, 340] | [15, 25, 30, 45, 80, 85, 155, 165, 170, 175, 215, 220, 265, 300, 315] | [5, 10, 40, 100, 130, 160, 185, 225, 235, 245, 255, 260, 310, 330, 335] | [80, 105, 110, 145, 155, 165, 210, 220, 245, 280, 285, 300, 330, 345, 360]"
8,8,8,0,8,51,"(2, 4, 15, 16, 18, 21, 22, 26)",10,80,"[1, 5]",0.00000000,"[0.00000000, 0.00000000, 0.00000000, 0.00000000, 0.00000000, 0.00000000, 0.00000000, 0.00000000]",0.19900000,0.44867500,24->22,best_single_fallback,"[0.00000000, 0.00000000, 0.00000000, 0.00000000, 0.00000000, 0.00000000, 1.00000000, 0.00000000, 0.00000000, 0.00000000]","[0, 0, 0, 0, 0, 0, 1000, 0, 0, 0]","[965, 482, 428, 421, 824, 1464, 228, 563, 1461, 427]","[5, 20, 25, 35, 45, 100, 105, 130, 145, 165, 170, 230, 270, 285, 310] | [15, 25, 45, 90, 145, 185, 195, 225, 245, 250, 290, 310, 320, 330, 345] | [25, 40, 50, 105, 160, 190, 250, 260, 265, 270, 280, 315, 320, 330, 350] | [25, 40, 50, 105, 160, 190, 250, 260, 265, 270, 280, 315, 320, 330, 350] | [10, 40, 65, 140, 200, 205, 210, 230, 275, 290, 315, 325, 330, 345, 360] | [15, 30, 40, 45, 85, 130, 155, 160, 165, 210, 240, 250, 265, 315, 335] | [55, 70, 90, 105, 115, 145, 150, 185, 205, 215, 225, 245, 250, 285, 345] | [25, 100, 105, 110, 115, 150, 165, 185, 190, 250, 290, 295, 300, 315, 320] | [15, 30, 40, 45, 85, 130, 155, 160, 165, 210, 240, 250, 265, 315, 335] | [25, 40, 50, 105, 160, 190, 250, 260, 265, 270, 280, 315, 320, 330, 350]"
8,8,8,0,8,52,"(2, 7, 11, 16, 17, 20, 22, 24)",10,80,"[1, 5]",0.00000000,"[0.00000000, 0.00000000, 0.00000000, 0.00000000, 0.00000000, 0.00000000, 0.00000000, 0.00000000]",0.32900000,0.46022500,15->16,best_single_fallback,"[0.00000000, 0.00000000, 0.00000000, 0.00000000, 0.00000000, 0.00000000, 0.00000000, 1.00000000, 0.00000000, 0.00000000]","[0, 0, 0, 0, 0, 0, 0, 1000, 0, 0]","[370, 365, 1133, 367, 525, 1422, 539, 241, 781, 2]","[20, 50, 60, 90, 95, 100, 140, 150, 275, 280, 290, 300, 315, 330, 340] | [20, 50, 60, 90, 95, 100, 140, 150, 275, 280, 290, 300, 315, 330, 340] | [15, 20, 25, 50, 90, 100, 125, 165, 180, 205, 230, 295, 300, 305, 340] | [20, 50, 60, 90, 95, 100, 140, 150, 275, 280, 290, 300, 315, 330, 340] | [15, 20, 40, 45, 120, 125, 130, 185, 230, 240, 260, 315, 335, 345, 360] | [10, 20, 35, 85, 100, 120, 125, 170, 235, 245, 270, 320, 355, 360, 365] | [15, 20, 55, 65, 85, 90, 95, 100, 145, 160, 185, 210, 220, 230, 245] | [10, 25, 70, 85, 115, 150, 195, 230, 235, 255, 280, 290, 315, 320, 365] | [15, 25, 50, 85, 115, 125, 190, 205, 215, 240, 255, 270, 345, 350, 365] | [5, 30, 55, 80, 105, 130, 155, 180, 205, 230, 255, 280, 305, 330, 355]"
8,8,8,0,8,53,"(1, 5, 6, 7, 9, 15, 25, 26)",10,96,[],0.00000000,"[0.00000000, 0.00000000, 0.00000000, 0.00000000, 0.00000000, 0.00000000, 0.00000000, 0.00000000]",0.28700000,0.45702083,17->9,best_single_fallback,"[1.00000000, 0.00000000, 0.00000000, 0.00000000, 0.00000000, 0.00000000, 0.00000000, 0.00000000, 0.00000000, 0.00000000]","[1000, 0, 0, 0, 0, 0, 0, 0, 0, 0]","[100, 149, 141, 127, 125, 109, 27, 93, 14, 69]","[40, 50, 65, 90, 155, 160, 185, 190, 200, 205, 225, 260, 290, 310, 340] | [15, 25, 40, 60, 110, 115, 120, 125, 140, 190, 230, 265, 325, 330, 340] | [25, 30, 40, 45, 85, 90, 100, 175, 190, 200, 230, 260, 335, 355, 365] | [15, 25, 90, 115, 135, 145, 170, 175, 200, 210, 230, 260, 290, 295, 355] | [15, 25, 90, 115, 135, 145, 170, 175, 200, 210, 230, 260, 290, 295, 355] | [30, 45, 55, 75, 90, 100, 120, 140, 170, 190, 250, 265, 275, 285, 340] | [50, 65, 80, 110, 200, 210, 240, 255, 260, 265, 285, 300, 335, 345, 355] | [40, 50, 65, 90, 155, 160, 185, 190, 200, 205, 225, 260, 290, 310, 340] | [5, 30, 55, 80, 105, 130, 155, 180, 205, 230, 255, 280, 305, 330, 355] | [10, 45, 75, 100, 130, 135, 155, 165, 190, 205, 230, 235, 265, 290, 305]"
8,8,8,0,8,54,"(1, 2, 9, 18, 20, 21, 24, 25)",10,88,[5],0.00000000,"[0.00000000, 0.00000000, 0.00000000, 0.00000000, 0.00000000, 0.00000000, 0.00000000, 0.00000000]",0.25900000,0.45230682,6->1,best_single_fallback,"[0.00000000, 0.00000000, 1.00000000, 0.00000000, 0.00000000, 0.00000000, 0.00000000, 0.00000000, 0.00000000, 0.00000000]","[0, 0, 1000, 0, 0, 0, 0, 0, 0, 0]","[421, 286, 332, 373, 391, 560, 132, 396, 224, 545]","[30, 40, 45, 50, 60, 65, 195, 210, 235, 240, 250, 285, 325, 340, 345] | [5, 60, 75, 100, 105, 155, 175, 200, 210, 220, 255, 290, 320, 325, 330] | [30, 40, 50, 70, 80, 95, 105, 155, 165, 180, 210, 220, 230, 255, 300] | [5, 15, 40, 50, 115, 140, 150, 165, 185, 210, 260, 305, 330, 350, 355] | [60, 65, 95, 100, 115, 150, 170, 185, 205, 220, 230, 250, 305, 325, 345] | [25, 40, 60, 85, 105, 120, 125, 130, 145, 170, 205, 230, 260, 345, 365] | [40, 55, 75, 100, 115, 135, 155, 180, 190, 225, 245, 260, 300, 310, 340] | [60, 65, 95, 100, 115, 150, 170, 185, 205, 220, 230, 250, 305, 325, 345] | [15, 30, 45, 105, 130, 180, 240, 245, 260, 285, 295, 300, 330, 340, 365] | [5, 10, 40, 60, 65, 90, 100, 105, 115, 140, 165, 175, 250, 255, 335]"
8,8,8,0,8,55,"(2, 7, 11, 16, 21, 24, 25, 27)",10,80,"[1, 5]",0.00000000,"[0.00000000, 0.00000000, 0.00000000, 0.00000000, 0.00000000, 0.00000000, 0.00000000, 0.00000000]",0.30600000,0.46172500,18->21,best_single_fallback,"[0.00000000, 0.00000000, 1.00000000, 0.00000000, 0.00000000, 0.00000000, 0.00000000, 0.00000000, 0.00000000, 0.00000000]","[0, 0, 1000, 0, 0, 0, 0, 0, 0, 0]","[308, 997, 225, 328, 317, 617, 301, 329, 98, 796]","[20, 25, 55, 85, 105, 155, 165, 175, 200, 210, 275, 280, 285, 315, 345] | [5, 50, 65, 90, 115, 130, 155, 165, 175, 190, 210, 220, 245, 330, 360] | [5, 10, 90, 105, 110, 120, 125, 160, 175, 205, 210, 215, 260, 355, 360] | [30, 40, 45, 55, 85, 90, 95, 105, 120, 135, 250, 280, 295, 310, 335] | [55, 65, 70, 165, 190, 205, 210, 230, 240, 270, 300, 310, 320, 325, 360] | [30, 45, 50, 55, 65, 75, 145, 175, 185, 250, 255, 260, 275, 290, 360] | [20, 25, 55, 85, 105, 155, 165, 175, 200, 210, 275, 280, 285, 315, 345] | [30, 40, 45, 55, 85, 90, 95, 105, 120, 135, 250, 280, 295, 310, 335] | [15, 70, 155, 160, 170, 175, 190, 200, 205, 215, 270, 275, 320, 330, 360] | [30, 80, 130, 155, 200, 205, 215, 230, 250, 260, 275, 295, 315, 320, 335]"
8,8,8,0,8,56,"(1, 4, 5, 17, 18, 20, 24, 27)",10,96,[],0.00000000,"[0.00000000, 0.00000000, 0.00000000, 0.00000000, 0.00000000, 0.00000000, 0.00000000, 0.00000000]",0.27300000,0.45227083,26->1,best_single_fallback,"[0.00000000, 0.00000000, 0.00000000, 0.00000000, 0.00000000, 1.00000000, 0.00000000, 0.00000000, 0.00000000, 0.00000000]","[0, 0, 0, 0, 0, 1000, 0, 0, 0, 0]","[72, 77, 45, 71, 53, 108, 189, 141, 69, 57]","[15, 40, 65, 85, 90, 105, 115, 140, 155, 225, 250, 260, 265, 275, 355] | [30, 110, 120, 165, 170, 225, 250, 260, 265, 285, 290, 305, 340, 345, 360] | [30, 85, 100, 120, 125, 145, 170, 210, 285, 305, 325, 330, 335, 355, 365] | [15, 40, 65, 85, 90, 105, 115, 140, 155, 225, 250, 260, 265, 275, 355] | [80, 100, 115, 140, 165, 170, 175, 185, 205, 210, 235, 245, 295, 310, 355] | [10, 25, 30, 55, 115, 135, 160, 170, 185, 230, 240, 280, 285, 300, 310] | [5, 60, 95, 105, 115, 160, 175, 210, 245, 265, 275, 300, 335, 340, 345] | [10, 30, 45, 75, 120, 125, 155, 165, 190, 220, 250, 265, 285, 295, 365] | [15, 40, 65, 85, 90, 105, 115, 140, 155, 225, 250, 260, 265, 275, 355] | [80, 100, 115, 140, 165, 170, 175, 185, 205, 210, 235, 245, 295, 310, 355]"
8,8,8,0,8,57,"(4, 5, 6, 7, 15, 20, 21, 26)",10,88,[1],0.00000000,"[0.00000000, 0.00000000, 0.00000000, 0.00000000, 0.00000000, 0.00000000, 0.00000000, 0.00000000]",0.26700000,0.44550000,11->21,best_single_fallback,"[0.00000000, 0.00000000, 1.00000000, 0.00000000, 0.00000000, 0.00000000, 0.00000000, 0.00000000, 0.00000000, 0.00000000]","[0, 0, 1000, 0, 0, 0, 0, 0, 0, 0]","[552, 550, 125, 509, 338, 590, 581, 506, 373, 383]","[5, 60, 65, 90, 115, 145, 170, 185, 200, 210, 230, 250, 285, 305, 335] | [5, 60, 65, 90, 115, 145, 170, 185, 200, 210, 230, 250, 285, 305, 335] | [25, 30, 85, 90, 95, 185, 205, 225, 240, 250, 265, 275, 285, 335, 365] | [30, 35, 75, 105, 115, 125, 170, 175, 185, 215, 220, 230, 270, 300, 345] | [25, 40, 105, 125, 145, 155, 185, 225, 230, 240, 265, 285, 300, 315, 335] | [35, 80, 100, 130, 135, 140, 200, 240, 270, 275, 295, 300, 325, 360, 365] | [30, 40, 55, 60, 85, 95, 110, 115, 130, 200, 235, 245, 260, 305, 365] | [35, 50, 85, 100, 105, 140, 150, 165, 180, 185, 230, 240, 260, 280, 335] | [45, 90, 95, 100, 110, 215, 220, 230, 260, 270, 285, 295, 325, 340, 360] | [5, 15, 20, 55, 60, 85, 175, 180, 225, 235, 265, 310, 330, 345, 355]"
8,8,8,0,8,58,"(4, 7, 9, 11, 17, 18, 27, 28)",10,80,"[1, 5]",0.00000000,"[0.00000000, 0.00000000, 0.00000000, 0.00000000, 0.00000000, 0.00000000, 0.00000000, 0.00000000]",0.26400000,0.45865000,25->4,best_single_fallback,"[0.00000000, 0.00000000, 0.00000000, 0.00000000, 0.00000000, 0.00000000, 0.00000000, 1.00000000, 0.00000000, 0.00000000]","[0, 0, 0, 0, 0, 0, 0, 1000, 0, 0]","[726, 91, 1421, 613, 1261, 273, 288, 1074, 165, 725]","[30, 35, 60, 65, 75, 160, 175, 195, 260, 285, 305, 310, 335, 360, 365] | [65, 70, 95, 120, 135, 165, 170, 185, 200, 230, 240, 250, 295, 315, 350] | [60, 70, 95, 120, 135, 140, 180, 200, 220, 250, 270, 310, 320, 340, 345] | [20, 30, 55, 65, 80, 95, 110, 145, 155, 230, 235, 250, 260, 305, 345] | [10, 15, 25, 40, 55, 100, 125, 140, 175, 200, 220, 230, 290, 335, 345] | [10, 80, 95, 120, 175, 210, 220, 245, 250, 260, 270, 295, 305, 345, 350] | [35, 90, 125, 145, 155, 175, 180, 220, 250, 285, 290, 335, 340, 360, 365] | [5, 65, 90, 115, 140, 160, 190, 210, 215, 260, 265, 305, 330, 340, 365] | [25, 30, 40, 60, 130, 135, 145, 175, 200, 205, 280, 285, 295, 320, 325] | [30, 35, 60, 65, 75, 160, 175, 195, 260, 285, 305, 310, 335, 360, 365]"
8,8,8,0,8,59,"(1, 5, 11, 20, 21, 25, 26, 28)",10,96,[],0.00000000,"[0.00000000, 0.00000000, 0.00000000, 0.00000000, 0.00000000, 0.00000000, 0.00000000, 0.00000000]",0.23800000,0.45795833,2->5,best_single_fallback,"[0.00000000, 0.00000000, 0.00000000, 0.00000000, 0.00000000, 0.00000000, 1.00000000, 0.00000000, 0.00000000, 0.00000000]","[0, 0, 0, 0, 0, 0, 1000, 0, 0, 0]","[40, 230, 168, 109, 165, 142, 233, 42, 76, 228]","[5, 30, 115, 140, 145, 155, 180, 225, 230, 245, 255, 260, 300, 325, 365] | [5, 25, 105, 145, 150, 155, 160, 175, 220, 255, 260, 265, 285, 295, 310] | [25, 40, 75, 85, 120, 125, 130, 145, 155, 165, 235, 245, 260, 290, 360] | [10, 25, 30, 85, 105, 120, 180, 205, 220, 235, 260, 295, 355, 360, 365] | [25, 40, 75, 85, 120, 125, 130, 145, 155, 165, 235, 245, 260, 290, 360] | [45, 55, 60, 75, 80, 100, 125, 150, 155, 165, 235, 240, 250, 260, 295] | [5, 25, 105, 145, 150, 155, 160, 175, 220, 255, 260, 265, 285, 295, 310] | [5, 30, 115, 140, 145, 155, 180, 225, 230, 245, 255, 260, 300, 325, 365] | [5, 25, 40, 45, 90, 105, 120, 160, 190, 230, 250, 280, 290, 310, 345] | [65, 80, 85, 100, 105, 125, 145, 150, 245, 250, 335, 340, 345, 355, 360]"
8,8,8,0,8,60,"(1, 5, 6, 15, 17, 20, 27, 28)",10,96,[],0.00000000,"[0.00000000, 0.00000000, 0.00000000, 0.00000000, 0.00000000, 0.00000000, 0.00000000, 0.00000000]",0.34800000,0.45795833,7->6,best_single_fallback,"[0.00000000, 0.00000000, 0.00000000, 0.00000000, 0.00000000, 0.00000000, 1.00000000, 0.00000000, 0.00000000, 0.00000000]","[0, 0, 0, 0, 0, 0, 1000, 0, 0, 0]","[157, 37, 109, 24, 69, 42, 91, 64, 40, 21]","[30, 35, 45, 55, 130, 135, 210, 225, 260, 265, 275, 280, 295, 325, 355] | [40, 50, 65, 130, 150, 160, 170, 175, 180, 190, 260, 280, 290, 360, 365] | [60, 80, 110, 120, 125, 140, 150, 160, 175, 200, 260, 280, 285, 330, 365] | [5, 35, 40, 100, 115, 150, 175, 180, 200, 220, 245, 255, 260, 275, 295] | [50, 75, 85, 110, 115, 120, 125, 145, 150, 190, 205, 275, 285, 335, 355] | [40, 50, 65, 130, 150, 160, 170, 175, 180, 190, 260, 280, 290, 360, 365] | [5, 50, 65, 85, 105, 115, 130, 145, 165, 210, 240, 245, 290, 330, 360] | [10, 35, 45, 50, 80, 125, 145, 160, 175, 250, 260, 280, 285, 295, 325] | [40, 50, 65, 130, 150, 160, 170, 175, 180, 190, 260, 280, 290, 360, 365] | [5, 35, 40, 100, 115, 150, 175, 180, 200, 220, 245, 255, 260, 275, 295]"
8,8,8,0,8,61,"(6, 7, 15, 18, 22, 24, 25, 28)",10,80,"[1, 5]",0.00000000,"[0.00000000, 0.00000000, 0.00000000, 0.00000000, 0.00000000, 0.00000000, 0.00000000, 0.00000000]",0.27200000,0.46060000,27->28,best_single_fallback,"[0.00000000, 0.00000000, 0.00000000, 0.00000000, 0.00000000, 0.00000000, 0.00000000, 1.00000000, 0.00000000, 0.00000000]","[0, 0, 0, 0, 0, 0, 0, 1000, 0, 0]","[19, 613, 1014, 661, 413, 893, 982, 932, 1, 288]","[5, 30, 55, 80, 105, 130, 155, 180, 205, 230, 255, 280, 305, 330, 355] | [20, 30, 40, 70, 75, 100, 140, 175, 180, 210, 220, 330, 335, 340, 345] | [50, 75, 100, 120, 125, 155, 160, 180, 185, 205, 235, 305, 320, 325, 355] | [65, 120, 155, 160, 185, 250, 260, 275, 280, 295, 305, 310, 315, 325, 360] | [45, 50, 55, 60, 70, 75, 85, 125, 155, 165, 175, 240, 310, 340, 365] | [5, 35, 45, 50, 80, 95, 170, 185, 230, 250, 280, 320, 325, 335, 345] | [25, 30, 40, 90, 125, 130, 145, 160, 210, 235, 275, 290, 300, 315, 340] | [45, 90, 105, 140, 175, 190, 215, 225, 265, 270, 295, 305, 310, 335, 345] | [5, 30, 55, 80, 105, 130, 155, 180, 205, 230, 255, 280, 305, 330, 355] | [35, 50, 55, 90, 105, 110, 205, 240, 255, 265, 285, 305, 320, 325, 335]"
8,8,8,0,8,62,"(4, 6, 7, 11, 16, 21, 24, 26)",10,80,"[1, 5]",0.00000000,"[0.00000000, 0.00000000, 0.00000000, 0.00000000, 0.00000000, 0.00000000, 0.00000000, 0.00000000]",0.33000000,0.45530000,18->16,best_single_fallback,"[0.00000000, 0.00000000, 0.00000000, 0.00000000, 0.00000000, 1.00000000, 0.00000000, 0.00000000, 0.00000000, 0.00000000]","[0, 0, 0, 0, 0, 1000, 0, 0, 0, 0]","[898, 677, 416, 204, 885, 809, 820, 894, 569, 856]","[5, 20, 30, 35, 55, 65, 95, 105, 155, 205, 220, 255, 265, 280, 330] | [15, 20, 60, 85, 90, 115, 185, 205, 210, 240, 250, 265, 325, 330, 360] | [15, 20, 115, 125, 150, 155, 160, 220, 225, 260, 275, 310, 315, 360, 365] | [10, 45, 50, 75, 115, 175, 185, 190, 225, 285, 290, 300, 345, 350, 365] | [15, 35, 55, 105, 130, 145, 220, 250, 265, 270, 290, 325, 330, 360, 365] | [20, 25, 30, 45, 90, 95, 105, 115, 150, 185, 210, 235, 240, 275, 360] | [20, 25, 50, 90, 105, 125, 150, 175, 180, 220, 235, 255, 290, 310, 355] | [5, 20, 30, 35, 55, 65, 95, 105, 155, 205, 220, 255, 265, 280, 330] | [25, 55, 65, 100, 125, 135, 140, 145, 175, 200, 205, 230, 300, 350, 355] | [40, 85, 95, 100, 115, 125, 135, 155, 165, 170, 185, 215, 220, 265, 310]"
8,8,8,0,8,63,"(1, 2, 4, 7, 21, 24, 25, 26)",10,88,[5],0.00000000,"[0.00000000, 0.00000000, 0.00000000, 0.00000000, 0.00000000, 0.00000000, 0.00000000, 0.00000000]",0.22300000,0.45765909,6->26,best_single_fallback,"[0.00000000, 0.00000000, 0.00000000, 0.00000000, 0.00000000, 0.00000000, 0.00000000, 0.00000000, 0.00000000, 1.00000000]","[0, 0, 0, 0, 0, 0, 0, 0, 0, 1000]","[410, 518, 523, 298, 461, 229, 187, 157, 520, 153]","[25, 30, 40, 45, 130, 175, 235, 250, 300, 305, 310, 320, 325, 340, 355] | [5, 60, 65, 110, 125, 170, 200, 230, 240, 260, 290, 300, 305, 340, 350] | [5, 60, 65, 110, 125, 170, 200, 230, 240, 260, 290, 300, 305, 340, 350] | [45, 50, 95, 100, 110, 155, 190, 255, 285, 290, 295, 300, 310, 320, 360] | [50, 65, 95, 110, 150, 175, 185, 190, 230, 275, 280, 305, 320, 350, 355] | [15, 40, 50, 85, 95, 120, 155, 160, 210, 220, 230, 240, 280, 295, 335] | [5, 30, 45, 75, 90, 120, 125, 140, 180, 185, 190, 240, 310, 340, 350] | [25, 35, 105, 130, 170, 180, 190, 195, 205, 230, 235, 305, 335, 345, 365] | [5, 60, 65, 110, 125, 170, 200, 230, 240, 260, 290, 300, 305, 340, 350] | [10, 50, 55, 60, 85, 110, 140, 200, 225, 230, 250, 280, 300, 325, 330]"
8,8,8,0,8,64,"(2, 7, 9, 11, 15, 17, 20, 26)",10,80,"[1, 5]",0.00000000,"[0.00000000, 0.00000000, 0.00000000, 0.00000000, 0.00000000, 0.00000000, 0.00000000, 0.00000000]",0.33100000,0.45570000,16->9,best_single_fallback,"[0.00000000, 0.00000000, 0.00000000, 0.00000000, 0.00000000, 1.00000000, 0.00000000, 0.00000000, 0.00000000, 0.00000000]","[0, 0, 0, 0, 0, 1000, 0, 0, 0, 0]","[1342, 313, 1435, 922, 414, 188, 1125, 309, 836, 1429]","[80, 95, 125, 140, 145, 185, 200, 235, 250, 300, 305, 310, 330, 340, 360] | [30, 40, 60, 75, 90, 95, 110, 120, 160, 210, 225, 255, 310, 360, 365] | [5, 10, 105, 120, 145, 150, 195, 235, 245, 305, 320, 330, 335, 340, 355] | [40, 75, 80, 125, 135, 145, 150, 155, 185, 195, 255, 290, 310, 340, 355] | [15, 60, 120, 140, 160, 180, 200, 215, 225, 245, 265, 300, 320, 335, 355] | [20, 25, 40, 50, 80, 150, 160, 205, 215, 220, 245, 255, 285, 320, 340] | [5, 25, 50, 75, 80, 105, 130, 150, 155, 225, 230, 235, 300, 340, 365] | [30, 40, 60, 75, 90, 95, 110, 120, 160, 210, 225, 255, 310, 360, 365] | [25, 35, 45, 85, 110, 125, 165, 200, 225, 280, 295, 305, 325, 355, 360] | [5, 10, 105, 120, 145, 150, 195, 235, 245, 305, 320, 330, 335, 340, 355]"
8,8,8,0,8,65,"(5, 7, 9, 16, 20, 21, 25, 28)",10,88,[1],0.00000000,"[0.00000000, 0.00000000, 0.00000000, 0.00000000, 0.00000000, 0.00000000, 0.00000000, 0.00000000]",0.27200000,0.44410227,22->28,best_single_fallback,"[0.00000000, 0.00000000, 0.00000000, 0.00000000, 0.00000000, 0.00000000, 0.00000000, 0.00000000, 0.00000000, 1.00000000]","[0, 0, 0, 0, 0, 0, 0, 0, 0, 1000]","[274, 485, 349, 469, 467, 575, 463, 111, 45, 253]","[45, 60, 95, 110, 180, 185, 220, 225, 265, 290, 305, 310, 330, 340, 360] | [10, 35, 65, 115, 130, 170, 180, 205, 215, 220, 230, 240, 270, 295, 360] | [20, 30, 35, 105, 160, 170, 190, 200, 240, 250, 260, 265, 295, 325, 345] | [30, 80, 125, 135, 150, 165, 200, 230, 310, 325, 330, 345, 355, 360, 365] | [50, 55, 60, 95, 100, 105, 110, 120, 150, 180, 185, 265, 305, 330, 340] | [35, 65, 75, 85, 95, 100, 115, 130, 160, 215, 225, 275, 285, 335, 355] | [50, 55, 60, 95, 100, 105, 110, 120, 150, 180, 185, 265, 305, 330, 340] | [5, 10, 30, 90, 100, 125, 135, 180, 205, 260, 275, 285, 290, 330, 360] | [5, 60, 75, 85, 115, 125, 175, 185, 225, 265, 275, 285, 295, 305, 310] | [35, 40, 50, 75, 90, 110, 115, 160, 190, 210, 230, 240, 275, 315, 335]"
8,8,8,0,8,66,"(1, 6, 15, 16, 17, 20, 24, 26)",10,88,[5],0.00000000,"[0.00000000, 0.00000000, 0.00000000, 0.00000000, 0.00000000, 0.00000000, 0.00000000, 0.00000000]",0.34300000,0.45897727,4->26,best_single_fallback,"[0.00000000, 0.00000000, 0.00000000, 0.00000000, 0.00000000, 0.00000000, 0.00000000, 1.00000000, 0.00000000, 0.00000000]","[0, 0, 0, 0, 0, 0, 0, 1000, 0, 0]","[72, 433, 46, 73, 673, 301, 645, 671, 149, 468]","[30, 40, 105, 150, 155, 170, 175, 260, 280, 285, 290, 295, 300, 325, 365] | [15, 35, 40, 65, 70, 80, 95, 105, 175, 200, 245, 280, 295, 325, 340] | [10, 35, 55, 105, 115, 120, 125, 175, 230, 255, 265, 280, 330, 345, 365] | [30, 40, 105, 150, 155, 170, 175, 260, 280, 285, 290, 295, 300, 325, 365] | [10, 95, 165, 175, 190, 200, 205, 235, 260, 275, 305, 330, 335, 340, 350] | [5, 40, 55, 80, 85, 140, 165, 180, 185, 210, 265, 285, 295, 320, 340] | [60, 65, 90, 95, 110, 125, 130, 175, 180, 220, 260, 320, 325, 360, 365] | [10, 95, 165, 175, 190, 200, 205, 235, 260, 275, 305, 330, 335, 340, 350] | [15, 50, 65, 110, 125, 145, 155, 160, 175, 180, 190, 210, 340, 360, 365] | [45, 95, 100, 110, 155, 180, 190, 200, 205, 230, 245, 275, 290, 295, 340]"
8,8,8,0,8,67,"(2, 6, 15, 18, 21, 22, 26, 27)",10,80,"[1, 5]",0.00000000,"[0.00000000, 0.00000000, 0.00000000, 0.00000000, 0.00000000, 0.00000000, 0.00000000, 0.00000000]",0.26900000,0.46007500,17->21,best_single_fallback,"[0.00000000, 0.00000000, 0.00000000, 0.00000000, 0.00000000, 0.00000000, 0.00000000, 1.00000000, 0.00000000, 0.00000000]","[0, 0, 0, 0, 0, 0, 0, 1000, 0, 0]","[1453, 1603, 1253, 549, 1510, 261, 1459, 1359, 629, 959]","[20, 95, 135, 160, 180, 210, 215, 230, 240, 275, 330, 335, 340, 345, 365] | [5, 10, 60, 65, 85, 120, 130, 140, 145, 150, 165, 185, 200, 265, 310] | [30, 65, 75, 140, 165, 170, 185, 210, 220, 245, 280, 300, 315, 320, 330] | [5, 15, 60, 80, 115, 125, 140, 180, 245, 260, 270, 305, 325, 335, 345] | [30, 35, 40, 50, 100, 105, 120, 160, 195, 210, 220, 245, 280, 335, 345] | [10, 25, 35, 45, 80, 85, 90, 95, 105, 125, 195, 215, 225, 280, 285] | [20, 95, 135, 160, 180, 210, 215, 230, 240, 275, 330, 335, 340, 345, 365] | [20, 75, 80, 135, 140, 155, 165, 185, 200, 280, 295, 300, 340, 355, 360] | [10, 35, 65, 80, 115, 140, 175, 185, 220, 235, 255, 270, 285, 350, 360] | [10, 30, 40, 75, 90, 165, 170, 205, 210, 220, 240, 265, 285, 325, 335]"
8,8,8,0,8,68,"(1, 4, 5, 7, 16, 17, 24, 27)",10,96,[],0.00000000,"[0.00000000, 0.00000000, 0.00000000, 0.00000000, 0.00000000, 0.00000000, 0.00000000, 0.00000000]",0.27200000,0.45116667,6->27,best_single_fallback,"[0.00000000, 1.00000000, 0.00000000, 0.00000000, 0.00000000, 0.00000000, 0.00000000, 0.00000000, 0.00000000, 0.00000000]","[0, 1000, 0, 0, 0, 0, 0, 0, 0, 0]","[40, 38, 24, 21, 139, 165, 140, 219, 96, 117]","[75, 80, 100, 135, 185, 205, 210, 225, 255, 275, 280, 290, 305, 355, 365] | [75, 80, 100, 135, 185, 205, 210, 225, 255, 275, 280, 290, 305, 355, 365] | [35, 50, 105, 125, 150, 155, 170, 180, 220, 260, 265, 285, 295, 330, 335] | [35, 50, 105, 125, 150, 155, 170, 180, 220, 260, 265, 285, 295, 330, 335] | [5, 10, 25, 50, 65, 90, 110, 170, 205, 225, 235, 250, 260, 300, 305] | [25, 35, 40, 60, 90, 100, 115, 125, 205, 260, 265, 305, 340, 355, 365] | [5, 10, 25, 50, 65, 90, 110, 170, 205, 225, 235, 250, 260, 300, 305] | [25, 30, 65, 90, 115, 120, 145, 165, 220, 230, 255, 260, 310, 340, 345] | [5, 10, 15, 35, 40, 100, 115, 150, 230, 235, 240, 265, 285, 325, 355] | [5, 65, 80, 95, 115, 130, 145, 170, 185, 220, 230, 265, 280, 325, 335]"
8,8,8,0,8,69,"(1, 9, 11, 15, 16, 24, 25, 28)",10,88,[5],0.00000000,"[0.00000000, 0.00000000, 0.00000000, 0.00000000, 0.00000000, 0.00000000, 0.00000000, 0.00000000]",0.31600000,0.45317045,18->28,best_single_fallback,"[1.00000000, 0.00000000, 0.00000000, 0.00000000, 0.00000000, 0.00000000, 0.00000000, 0.00000000, 0.00000000, 0.00000000]","[1000, 0, 0, 0, 0, 0, 0, 0, 0, 0]","[451, 207, 613, 235, 577, 550, 206, 346, 109, 628]","[50, 65, 80, 115, 130, 165, 210, 220, 255, 260, 265, 280, 285, 300, 345] | [35, 65, 70, 90, 130, 155, 190, 200, 205, 230, 290, 305, 335, 360, 365] | [10, 15, 30, 40, 65, 85, 90, 95, 110, 165, 230, 265, 290, 310, 335] | [40, 55, 110, 115, 130, 140, 180, 205, 235, 240, 250, 275, 290, 335, 355] | [40, 45, 50, 60, 85, 120, 135, 205, 210, 220, 235, 260, 280, 320, 335] | [30, 35, 45, 50, 70, 90, 95, 180, 210, 265, 275, 295, 320, 335, 345] | [35, 65, 70, 90, 130, 155, 190, 200, 205, 230, 290, 305, 335, 360, 365] | [15, 40, 55, 110, 115, 120, 125, 145, 150, 180, 190, 230, 245, 285, 305] | [30, 50, 80, 115, 145, 150, 165, 180, 210, 260, 265, 290, 295, 330, 345] | [50, 60, 70, 85, 165, 180, 210, 220, 225, 230, 235, 255, 290, 330, 350]"
8,8,8,0,8,70,"(1, 2, 5, 7, 16, 22, 25, 28)",10,96,[],0.00000000,"[0.00000000, 0.00000000, 0.00000000, 0.00000000, 0.00000000, 0.00000000, 0.00000000, 0.00000000]",0.28300000,0.45418750,15->22,best_single_fallback,"[0.00000000, 0.00000000, 0.00000000, 1.00000000, 0.00000000, 0.00000000, 0.00000000, 0.00000000, 0.00000000, 0.00000000]","[0, 0, 0, 1000, 0, 0, 0, 0, 0, 0]","[213, 93, 7, 46, 232, 5, 183, 6, 173, 69]","[40, 50, 65, 75, 105, 125, 155, 165, 175, 210, 225, 230, 235, 265, 330] | [45, 55, 115, 130, 135, 145, 160, 165, 210, 230, 250, 255, 260, 340, 360] | [5, 30, 55, 80, 105, 130, 155, 180, 205, 230, 255, 280, 305, 330, 355] | [25, 40, 60, 75, 95, 135, 160, 230, 240, 255, 275, 295, 310, 325, 335] | [10, 15, 25, 60, 80, 110, 160, 165, 185, 220, 230, 245, 305, 335, 345] | [5, 30, 55, 80, 105, 130, 155, 180, 205, 230, 255, 280, 305, 330, 355] | [45, 55, 60, 90, 95, 110, 155, 200, 230, 290, 295, 300, 305, 330, 360] | [5, 30, 55, 80, 105, 130, 155, 180, 205, 230, 255, 280, 305, 330, 355] | [5, 15, 25, 35, 40, 80, 95, 105, 110, 140, 260, 275, 340, 345, 355] | [5, 25, 35, 80, 90, 110, 160, 165, 205, 210, 235, 305, 335, 340, 345]"
8,8,8,0,8,71,"(1, 15, 16, 20, 21, 24, 26, 27)",10,88,[5],0.00000000,"[0.00000000, 0.00000000, 0.00000000, 0.00000000, 0.00000000, 0.00000000, 0.00000000, 0.00000000]",0.29800000,0.45595455,18->26,best_single_fallback,"[0.00000000, 0.00000000, 0.00000000, 0.00000000, 0.00000000, 0.00000000, 0.00000000, 1.00000000, 0.00000000, 0.00000000]","[0, 0, 0, 0, 0, 0, 0, 1000, 0, 0]","[340, 484, 541, 630, 45, 359, 118, 635, 39, 203]","[35, 60, 85, 105, 135, 205, 220, 245, 250, 265, 285, 305, 320, 325, 360] | [5, 15, 35, 40, 50, 95, 125, 145, 210, 250, 260, 265, 325, 355, 360] | [30, 35, 80, 115, 135, 140, 150, 175, 210, 250, 265, 335, 340, 345, 355] | [10, 15, 30, 75, 85, 105, 135, 150, 200, 220, 230, 300, 325, 340, 365] | [35, 55, 65, 85, 105, 130, 150, 165, 195, 205, 275, 285, 320, 325, 360] | [5, 25, 80, 90, 105, 110, 115, 125, 140, 180, 200, 220, 265, 310, 325] | [30, 45, 55, 80, 100, 130, 140, 150, 185, 205, 220, 245, 260, 340, 345] | [10, 15, 30, 75, 85, 105, 135, 150, 200, 220, 230, 300, 325, 340, 365] | [30, 55, 70, 75, 85, 130, 165, 175, 185, 265, 320, 330, 340, 345, 365] | [30, 45, 75, 95, 100, 135, 140, 190, 200, 275, 285, 310, 320, 345, 360]"
8,8,8,0,8,72,"(2, 4, 9, 17, 21, 24, 27, 28)",10,80,"[1, 5]",0.00000000,"[0.00000000, 0.00000000, 0.00000000, 0.00000000, 0.00000000, 0.00000000, 0.00000000, 0.00000000]",0.30300000,0.46455000,20->24,best_single_fallback,"[0.00000000, 0.00000000, 0.00000000, 0.00000000, 0.00000000, 0.00000000, 0.00000000, 1.00000000, 0.00000000, 0.00000000]","[0, 0, 0, 0, 0, 0, 0, 1000, 0, 0]","[589, 967, 591, 327, 1533, 328, 285, 1414, 333, 213]","[60, 80, 105, 165, 180, 195, 205, 215, 245, 290, 300, 305, 355, 360, 365] | [5, 15, 20, 40, 55, 70, 90, 100, 165, 195, 225, 230, 255, 275, 305] | [60, 80, 105, 165, 180, 195, 205, 215, 245, 290, 300, 305, 355, 360, 365] | [25, 45, 65, 85, 100, 120, 155, 160, 175, 180, 190, 270, 285, 310, 320] | [5, 15, 40, 65, 90, 95, 135, 145, 160, 185, 260, 265, 295, 300, 325] | [25, 45, 65, 85, 100, 120, 155, 160, 175, 180, 190, 270, 285, 310, 320] | [15, 25, 35, 100, 140, 175, 180, 255, 270, 280, 315, 320, 345, 350, 355] | [10, 30, 75, 95, 120, 155, 170, 200, 220, 240, 255, 270, 315, 350, 360] | [70, 90, 115, 140, 155, 165, 180, 190, 205, 220, 250, 270, 295, 315, 325] | [15, 95, 125, 130, 160, 175, 185, 210, 265, 270, 285, 335, 350, 355, 365]"
8,8,8,0,8,73,"(6, 9, 15, 17, 18, 20, 25, 26)",10,80,"[1, 5]",0.00000000,"[0.00000000, 0.00000000, 0.00000000, 0.00000000, 0.00000000, 0.00000000, 0.00000000, 0.00000000]",0.32400000,0.45915000,7->6,best_single_fallback,"[0.00000000, 0.00000000, 0.00000000, 0.00000000, 0.00000000, 1.00000000, 0.00000000, 0.00000000, 0.00000000, 0.00000000]","[0, 0, 0, 0, 0, 1000, 0, 0, 0, 0]","[765, 852, 1200, 881, 729, 671, 713, 1055, 1356, 845]","[5, 65, 70, 75, 90, 95, 130, 160, 185, 235, 260, 270, 310, 315, 335] | [10, 55, 65, 70, 105, 110, 120, 155, 235, 250, 270, 305, 310, 355, 365] | [15, 30, 35, 65, 85, 90, 100, 140, 185, 200, 205, 210, 240, 330, 360] | [20, 35, 40, 45, 125, 145, 150, 175, 185, 225, 230, 250, 280, 285, 300] | [5, 15, 35, 100, 110, 135, 190, 230, 245, 250, 275, 295, 310, 315, 345] | [10, 80, 85, 150, 170, 180, 185, 205, 230, 245, 280, 305, 340, 355, 365] | [5, 15, 45, 110, 120, 125, 130, 135, 190, 250, 255, 275, 335, 345, 365] | [45, 50, 65, 70, 90, 100, 105, 190, 195, 200, 225, 250, 255, 325, 365] | [20, 50, 60, 65, 80, 135, 140, 150, 190, 215, 260, 270, 340, 350, 360] | [10, 55, 65, 70, 105, 110, 120, 155, 235, 250, 270, 305, 310, 355, 365]"
8,8,8,0,8,74,"(1, 2, 4, 15, 18, 20, 21, 25)",10,88,[5],0.00000000,"[0.00000000, 0.00000000, 0.00000000, 0.00000000, 0.00000000, 0.00000000, 0.00000000, 0.00000000]",0.26000000,0.45738636,27->18,best_single_fallback,"[0.00000000, 0.00000000, 0.00000000, 0.00000000, 0.00000000, 0.00000000, 1.00000000, 0.00000000, 0.00000000, 0.00000000]","[0, 0, 0, 0, 0, 0, 1000, 0, 0, 0]","[460, 54, 522, 269, 551, 381, 371, 403, 322, 519]","[5, 35, 55, 80, 115, 150, 155, 160, 250, 255, 285, 325, 335, 345, 360] | [65, 90, 130, 135, 145, 200, 235, 245, 255, 290, 310, 325, 330, 350, 355] | [5, 10, 30, 55, 60, 150, 170, 240, 245, 275, 290, 295, 310, 345, 365] | [5, 25, 30, 40, 80, 85, 125, 140, 160, 185, 225, 295, 310, 340, 345] | [5, 15, 35, 80, 145, 155, 190, 230, 235, 250, 255, 275, 320, 340, 355] | [30, 65, 75, 95, 100, 130, 145, 155, 185, 240, 255, 280, 285, 305, 325] | [30, 45, 95, 110, 125, 135, 140, 160, 170, 250, 275, 280, 305, 310, 365] | [25, 80, 90, 140, 165, 190, 210, 255, 280, 285, 320, 330, 345, 355, 360] | [45, 70, 105, 115, 180, 210, 220, 260, 290, 305, 325, 340, 345, 350, 355] | [5, 10, 30, 55, 60, 150, 170, 240, 245, 275, 290, 295, 310, 345, 365]"
8,8,8,0,8,75,"(1, 2, 5, 6, 11, 16, 21, 25)",10,96,[],0.00000000,"[0.00000000, 0.00000000, 0.00000000, 0.00000000, 0.00000000, 0.00000000, 0.00000000, 0.00000000]",0.31700000,0.45375000,15->21,best_single_fallback,"[0.00000000, 0.00000000, 1.00000000, 0.00000000, 0.00000000, 0.00000000, 0.00000000, 0.00000000, 0.00000000, 0.00000000]","[0, 0, 1000, 0, 0, 0, 0, 0, 0, 0]","[294, 96, 298, 64, 133, 75, 61, 146, 69, 189]","[5, 10, 40, 60, 145, 155, 165, 170, 200, 220, 225, 235, 260, 275, 340] | [5, 35, 50, 65, 95, 100, 140, 190, 205, 220, 230, 280, 285, 355, 360] | [5, 10, 40, 60, 145, 155, 165, 170, 200, 220, 225, 235, 260, 275, 340] | [5, 30, 50, 80, 105, 125, 150, 170, 180, 200, 265, 275, 290, 300, 310] | [15, 55, 90, 130, 155, 170, 185, 210, 220, 235, 245, 285, 305, 345, 360] | [30, 50, 90, 95, 100, 120, 125, 130, 165, 190, 210, 235, 250, 305, 325] | [5, 30, 50, 80, 105, 125, 150, 170, 180, 200, 265, 275, 290, 300, 310] | [10, 25, 30, 45, 80, 95, 160, 175, 185, 220, 275, 285, 295, 330, 335] | [30, 50, 90, 95, 100, 120, 125, 130, 165, 190, 210, 235, 250, 305, 325] | [35, 80, 85, 90, 110, 115, 145, 160, 180, 230, 245, 250, 275, 305, 365]"
8,8,8,0,8,76,"(4, 5, 7, 9, 15, 18, 24, 27)",10,88,[1],0.00000000,"[0.00000000, 0.00000000, 0.00000000, 0.00000000, 0.00000000, 0.00000000, 0.00000000, 0.00000000]",0.24200000,0.45946591,11->15,best_single_fallback,"[0.00000000, 0.00000000, 0.00000000, 0.00000000, 0.00000000, 0.00000000, 0.00000000, 0.00000000, 1.00000000, 0.00000000]","[0, 0, 0, 0, 0, 0, 0, 0, 1000, 0]","[621, 491, 299, 557, 531, 381, 533, 133, 440, 559]","[30, 40, 50, 80, 85, 170, 180, 185, 215, 235, 265, 280, 295, 360, 365] | [5, 45, 85, 90, 95, 120, 125, 135, 145, 170, 180, 185, 265, 300, 345] | [20, 30, 45, 95, 115, 120, 130, 140, 165, 180, 200, 220, 250, 305, 325] | [15, 35, 50, 80, 105, 130, 160, 185, 200, 205, 225, 245, 315, 325, 345] | [5, 40, 45, 115, 165, 170, 190, 205, 210, 295, 305, 315, 325, 345, 355] | [15, 20, 115, 120, 135, 140, 155, 200, 250, 265, 290, 325, 330, 340, 360] | [15, 25, 65, 100, 105, 125, 165, 210, 250, 255, 265, 285, 290, 305, 335] | [20, 25, 30, 75, 90, 140, 145, 165, 175, 190, 240, 290, 295, 300, 305] | [5, 10, 15, 20, 55, 60, 95, 140, 165, 175, 225, 265, 275, 295, 335] | [15, 35, 50, 80, 105, 130, 160, 185, 200, 205, 225, 245, 315, 325, 345]"
8,8,8,0,8,77,"(2, 7, 9, 17, 18, 21, 26, 27)",10,80,"[1, 5]",0.00000000,"[0.00000000, 0.00000000, 0.00000000, 0.00000000, 0.00000000, 0.00000000, 0.00000000, 0.00000000]",0.27100000,0.44625000,22->7,best_single_fallback,"[0.00000000, 0.00000000, 0.00000000, 0.00000000, 0.00000000, 0.00000000, 0.00000000, 1.00000000, 0.00000000, 0.00000000]","[0, 0, 0, 0, 0, 0, 0, 1000, 0, 0]","[1152, 285, 1348, 1150, 1222, 1309, 1589, 1189, 1494, 815]","[20, 65, 80, 90, 140, 155, 165, 190, 195, 230, 245, 255, 265, 270, 330] | [5, 10, 20, 90, 105, 115, 150, 165, 215, 230, 280, 290, 325, 335, 365] | [20, 35, 40, 55, 80, 105, 125, 140, 155, 180, 205, 210, 225, 240, 265] | [20, 65, 80, 90, 140, 155, 165, 190, 195, 230, 245, 255, 265, 270, 330] | [5, 40, 55, 105, 150, 175, 180, 215, 250, 260, 270, 310, 315, 320, 360] | [10, 25, 50, 70, 110, 165, 200, 215, 220, 250, 275, 300, 325, 335, 345] | [35, 40, 95, 115, 130, 170, 185, 200, 205, 240, 255, 270, 275, 335, 345] | [5, 10, 45, 50, 55, 100, 140, 170, 200, 300, 315, 330, 335, 350, 365] | [15, 30, 45, 90, 110, 120, 150, 190, 195, 225, 305, 320, 330, 345, 350] | [10, 25, 55, 75, 160, 170, 205, 220, 225, 270, 300, 310, 315, 345, 365]"
8,8,8,0,8,78,"(1, 2, 18, 20, 22, 25, 26, 27)",10,88,[5],0.00000000,"[0.00000000, 0.00000000, 0.00000000, 0.00000000, 0.00000000, 0.00000000, 0.00000000, 0.00000000]",0.34000000,0.45936364,24->2,best_single_fallback,"[0.00000000, 0.00000000, 0.00000000, 0.00000000, 0.00000000, 0.00000000, 0.00000000, 0.00000000, 0.00000000, 1.00000000]","[0, 0, 0, 0, 0, 0, 0, 0, 0, 1000]","[690, 80, 410, 63, 402, 437, 76, 631, 447, 442]","[25, 35, 50, 55, 80, 130, 155, 160, 165, 205, 235, 275, 310, 355, 360] | [40, 80, 120, 150, 175, 225, 240, 245, 255, 275, 310, 320, 350, 355, 365] | [30, 70, 110, 140, 150, 155, 160, 165, 190, 230, 280, 285, 305, 360, 365] | [65, 75, 85, 135, 155, 165, 170, 195, 240, 250, 265, 320, 330, 335, 355] | [65, 85, 125, 155, 165, 175, 185, 200, 210, 230, 255, 310, 330, 350, 365] | [5, 25, 30, 50, 100, 110, 140, 175, 200, 240, 245, 275, 340, 360, 365] | [30, 75, 90, 105, 135, 140, 150, 170, 235, 245, 305, 325, 340, 360, 365] | [45, 55, 70, 120, 130, 135, 145, 165, 185, 235, 260, 280, 290, 335, 360] | [10, 25, 30, 45, 80, 95, 100, 120, 150, 175, 200, 235, 280, 325, 360] | [5, 25, 30, 50, 100, 110, 140, 175, 200, 240, 245, 275, 340, 360, 365]"
8,8,8,0,8,79,"(2, 5, 6, 11, 17, 20, 21, 28)",10,88,[1],0.00000000,"[0.00000000, 0.00000000, 0.00000000, 0.00000000, 0.00000000, 0.00000000, 0.00000000, 0.00000000]",0.30300000,0.45651136,24->2,best_single_fallback,"[0.00000000, 0.00000000, 0.00000000, 0.00000000, 0.00000000, 0.00000000, 1.00000000, 0.00000000, 0.00000000, 0.00000000]","[0, 0, 0, 0, 0, 0, 1000, 0, 0, 0]","[299, 396, 453, 141, 302, 326, 97, 338, 145, 513]","[15, 20, 40, 45, 75, 95, 125, 145, 205, 260, 275, 290, 325, 335, 340] | [15, 40, 85, 105, 120, 170, 185, 225, 250, 265, 270, 275, 300, 335, 345] | [30, 45, 50, 55, 85, 130, 165, 205, 240, 255, 275, 295, 310, 315, 355] | [20, 35, 45, 80, 110, 115, 130, 135, 155, 180, 210, 250, 265, 275, 295] | [10, 25, 55, 60, 120, 125, 130, 140, 170, 205, 210, 225, 230, 300, 315] | [5, 85, 95, 115, 200, 205, 240, 260, 280, 290, 295, 300, 305, 310, 365] | [20, 75, 105, 125, 160, 215, 235, 255, 265, 270, 275, 295, 330, 340, 365] | [20, 25, 35, 60, 155, 185, 210, 215, 220, 225, 230, 245, 265, 285, 345] | [20, 35, 45, 80, 110, 115, 130, 135, 155, 180, 210, 250, 265, 275, 295] | [25, 30, 45, 60, 75, 110, 140, 175, 200, 275, 285, 295, 300, 305, 335]"
8,8,8,0,8,80,"(5, 7, 15, 17, 18, 25, 26, 27)",10,88,[1],0.00000000,"[0.00000000, 0.00000000, 0.00000000, 0.00000000, 0.00000000, 0.00000000, 0.00000000, 0.00000000]",0.26200000,0.45453409,16->25,best_single_fallback,"[0.00000000, 0.00000000, 0.00000000, 1.00000000, 0.00000000, 0.00000000, 0.00000000, 0.00000000, 0.00000000, 0.00000000]","[0, 0, 0, 1000, 0, 0, 0, 0, 0, 0]","[490, 229, 123, 489, 341, 174, 469, 364, 446, 107]","[40, 85, 100, 105, 185, 205, 225, 230, 235, 240, 250, 290, 310, 335, 365] | [50, 60, 90, 105, 110, 120, 155, 165, 190, 205, 210, 225, 240, 305, 325] | [20, 35, 65, 110, 115, 130, 160, 165, 175, 250, 295, 300, 305, 335, 360] | [40, 85, 100, 105, 185, 205, 225, 230, 235, 240, 250, 290, 310, 335, 365] | [30, 35, 40, 65, 80, 135, 175, 180, 190, 200, 210, 255, 285, 295, 300] | [10, 20, 80, 90, 95, 105, 210, 230, 255, 265, 270, 290, 295, 355, 365] | [45, 60, 85, 105, 160, 165, 180, 205, 210, 230, 250, 285, 305, 335, 340] | [10, 20, 25, 45, 90, 110, 120, 145, 200, 240, 245, 295, 300, 340, 355] | [30, 55, 65, 75, 85, 100, 110, 125, 155, 165, 190, 245, 250, 285, 315] | [55, 75, 95, 100, 110, 115, 130, 135, 140, 255, 260, 305, 340, 345, 360]"
8,8,8,0,8,81,"(1, 5, 16, 18, 20, 21, 22, 27)",10,96,[],0.00000000,"[0.00000000, 0.00000000, 0.00000000, 0.00000000, 0.00000000, 0.00000000, 0.00000000, 0.00000000]",0.29200000,0.45045833,15->1,best_single_fallback,"[0.00000000, 1.00000000, 0.00000000, 0.00000000, 0.00000000, 0.00000000, 0.00000000, 0.00000000, 0.00000000, 0.00000000]","[0, 1000, 0, 0, 0, 0, 0, 0, 0, 0]","[259, 228, 200, 75, 261, 69, 276, 237, 273, 68]","[30, 50, 75, 95, 100, 145, 155, 170, 210, 275, 300, 310, 325, 340, 360] | [5, 50, 60, 75, 95, 105, 115, 170, 180, 185, 255, 275, 285, 355, 365] | [15, 45, 50, 85, 90, 95, 135, 140, 175, 185, 250, 265, 280, 295, 300] | [15, 40, 50, 65, 120, 145, 170, 185, 205, 230, 285, 290, 300, 335, 345] | [5, 40, 50, 55, 100, 115, 120, 135, 145, 155, 170, 230, 300, 310, 345] | [15, 40, 50, 65, 120, 145, 170, 185, 205, 230, 285, 290, 300, 335, 345] | [10, 50, 80, 115, 170, 185, 200, 205, 240, 260, 265, 280, 300, 335, 340] | [5, 10, 40, 80, 100, 115, 130, 165, 170, 190, 210, 220, 250, 290, 325] | [10, 50, 80, 115, 170, 185, 200, 205, 240, 260, 265, 280, 300, 335, 340] | [10, 55, 85, 110, 130, 135, 170, 175, 205, 230, 240, 250, 255, 280, 285]"
8,8,8,0,8,82,"(1, 4, 7, 9, 16, 21, 24, 27)",10,88,[5],0.00000000,"[0.00000000, 0.00000000, 0.00000000, 0.00000000, 0.00000000, 0.00000000, 0.00000000, 0.00000000]",0.30400000,0.46009091,26->4,best_single_fallback,"[0.00000000, 0.00000000, 0.00000000, 1.00000000, 0.00000000, 0.00000000, 0.00000000, 0.00000000, 0.00000000, 0.00000000]","[0, 0, 0, 1000, 0, 0, 0, 0, 0, 0]","[574, 381, 189, 451, 700, 636, 541, 115, 629, 597]","[25, 30, 70, 85, 130, 145, 200, 220, 255, 285, 290, 340, 350, 360, 365] | [5, 85, 95, 160, 180, 205, 210, 255, 265, 285, 290, 300, 305, 310, 365] | [15, 40, 55, 75, 105, 115, 140, 155, 165, 200, 230, 265, 280, 330, 355] | [25, 40, 45, 50, 60, 75, 80, 95, 115, 140, 180, 265, 275, 295, 310] | [35, 40, 80, 95, 120, 140, 150, 155, 180, 190, 230, 240, 245, 305, 365] | [5, 30, 40, 75, 130, 150, 185, 200, 235, 240, 255, 280, 285, 325, 340] | [5, 10, 25, 30, 35, 45, 65, 85, 185, 200, 230, 260, 265, 275, 305] | [40, 70, 85, 120, 135, 170, 190, 195, 220, 230, 240, 260, 280, 330, 345] | [5, 30, 40, 75, 130, 150, 185, 200, 235, 240, 255, 280, 285, 325, 340] | [25, 45, 65, 85, 95, 110, 115, 125, 150, 155, 175, 180, 190, 205, 325]"
8,8,8,0,8,83,"(1, 2, 4, 15, 16, 18, 24, 28)",10,88,[5],0.00000000,"[0.00000000, 0.00000000, 0.00000000, 0.00000000, 0.00000000, 0.00000000, 0.00000000, 0.00000000]",0.35600000,0.46130682,20->15,best_single_fallback,"[0.00000000, 0.00000000, 0.00000000, 0.00000000, 1.00000000, 0.00000000, 0.00000000, 0.00000000, 0.00000000, 0.00000000]","[0, 0, 0, 0, 1000, 0, 0, 0, 0, 0]","[21, 3, 461, 597, 642, 229, 543, 544, 104, 231]","[65, 85, 115, 130, 145, 160, 170, 200, 240, 250, 260, 275, 280, 285, 295] | [5, 30, 55, 80, 105, 130, 155, 180, 205, 230, 255, 280, 305, 330, 355] | [25, 40, 130, 135, 150, 170, 200, 245, 250, 285, 300, 310, 320, 350, 355] | [40, 50, 75, 100, 110, 115, 120, 125, 155, 165, 185, 210, 240, 245, 350] | [10, 15, 70, 110, 115, 135, 140, 220, 230, 255, 290, 305, 325, 330, 340] | [35, 50, 60, 80, 90, 105, 180, 205, 235, 245, 260, 265, 300, 320, 330] | [30, 35, 50, 75, 90, 105, 110, 115, 125, 155, 160, 220, 250, 275, 340] | [30, 35, 50, 75, 90, 105, 110, 115, 125, 155, 160, 220, 250, 275, 340] | [5, 10, 25, 45, 75, 80, 95, 175, 190, 235, 245, 250, 300, 345, 365] | [35, 50, 60, 80, 90, 105, 180, 205, 235, 245, 260, 265, 300, 320, 330]"
8,8,8,0,8,84,"(1, 5, 6, 7, 24, 25, 26, 28)",10,96,[],0.00000000,"[0.00000000, 0.00000000, 0.00000000, 0.00000000, 0.00000000, 0.00000000, 0.00000000, 0.00000000]",0.29700000,0.45985417,22->5,best_single_fallback,"[0.00000000, 1.00000000, 0.00000000, 0.00000000, 0.00000000, 0.00000000, 0.00000000, 0.00000000, 0.00000000, 0.00000000]","[0, 1000, 0, 0, 0, 0, 0, 0, 0, 0]","[157, 128, 221, 126, 196, 110, 21, 115, 206, 130]","[30, 45, 60, 65, 120, 150, 155, 165, 205, 220, 255, 265, 280, 300, 330] | [5, 35, 40, 105, 120, 130, 135, 155, 200, 220, 250, 265, 305, 345, 360] | [35, 50, 55, 65, 90, 100, 140, 170, 200, 235, 260, 275, 285, 305, 335] | [5, 35, 40, 105, 120, 130, 135, 155, 200, 220, 250, 265, 305, 345, 360] | [15, 25, 35, 50, 55, 100, 115, 145, 165, 170, 175, 185, 220, 235, 275] | [10, 25, 55, 90, 95, 120, 145, 150, 200, 205, 230, 280, 295, 310, 365] | [50, 55, 80, 95, 120, 135, 155, 185, 220, 230, 275, 280, 285, 335, 345] | [10, 25, 55, 90, 95, 120, 145, 150, 200, 205, 230, 280, 295, 310, 365] | [50, 85, 95, 115, 130, 200, 205, 225, 240, 260, 275, 295, 335, 355, 360] | [5, 35, 40, 105, 120, 130, 135, 155, 200, 220, 250, 265, 305, 345, 360]"
8,8,8,0,8,85,"(1, 5, 6, 9, 15, 17, 21, 27)",10,96,[],0.00000000,"[0.00000000, 0.00000000, 0.00000000, 0.00000000, 0.00000000, 0.00000000, 0.00000000, 0.00000000]",0.30500000,0.46018750,16->6,best_single_fallback,"[0.00000000, 0.00000000, 0.00000000, 0.00000000, 0.00000000, 0.00000000, 0.00000000, 0.00000000, 0.00000000, 1.00000000]","[0, 0, 0, 0, 0, 0, 0, 0, 0, 1000]","[37, 165, 53, 45, 101, 149, 117, 52, 33, 48]","[5, 40, 45, 50, 95, 125, 130, 165, 175, 190, 210, 250, 265, 340, 365] | [5, 35, 45, 125, 135, 140, 160, 190, 200, 225, 265, 285, 290, 300, 325] | [25, 45, 50, 60, 80, 125, 145, 160, 165, 175, 210, 220, 245, 295, 325] | [5, 90, 105, 135, 145, 160, 180, 190, 210, 255, 260, 265, 300, 335, 340] | [50, 55, 65, 105, 125, 135, 140, 150, 155, 185, 245, 250, 255, 260, 325] | [25, 55, 85, 100, 135, 140, 145, 230, 285, 290, 295, 310, 325, 335, 345] | [40, 60, 65, 85, 90, 105, 110, 150, 175, 180, 205, 230, 280, 330, 340] | [5, 90, 105, 135, 145, 160, 180, 190, 210, 255, 260, 265, 300, 335, 340] | [15, 60, 75, 90, 110, 120, 130, 140, 190, 210, 235, 240, 300, 335, 345] | [5, 90, 105, 135, 145, 160, 180, 190, 210, 255, 260, 265, 300, 335, 340]"
8,8,8,0,8,86,"(2, 4, 7, 11, 20, 26, 27, 28)",10,80,"[1, 5]",0.00000000,"[0.00000000, 0.00000000, 0.00000000, 0.00000000, 0.00000000, 0.00000000, 0.00000000, 0.00000000]",0.31900000,0.45142500,16->26,best_single_fallback,"[0.00000000, 0.00000000, 0.00000000, 0.00000000, 0.00000000, 0.00000000, 0.00000000, 0.00000000, 0.00000000, 1.00000000]","[0, 0, 0, 0, 0, 0, 0, 0, 0, 1000]","[1373, 858, 232, 211, 352, 589, 558, 229, 1169, 466]","[20, 50, 70, 80, 100, 105, 155, 160, 180, 190, 215, 230, 235, 265, 365] | [45, 50, 95, 125, 185, 195, 215, 230, 245, 255, 275, 285, 305, 315, 355] | [5, 90, 95, 135, 155, 160, 200, 210, 235, 270, 280, 290, 300, 325, 335] | [20, 35, 45, 70, 95, 105, 110, 130, 175, 260, 280, 295, 300, 310, 365] | [5, 30, 45, 95, 110, 170, 195, 210, 255, 300, 310, 320, 325, 330, 365] | [35, 70, 105, 130, 165, 190, 195, 220, 250, 265, 285, 290, 350, 355, 365] | [5, 80, 85, 105, 115, 170, 185, 225, 255, 270, 275, 300, 320, 335, 365] | [5, 90, 95, 135, 155, 160, 200, 210, 235, 270, 280, 290, 300, 325, 335] | [25, 100, 110, 125, 140, 210, 250, 275, 280, 295, 310, 325, 345, 350, 355] | [5, 15, 20, 40, 95, 100, 110, 125, 195, 260, 280, 285, 300, 315, 355]"
8,8,8,0,8,87,"(5, 6, 11, 16, 18, 24, 26, 28)",10,88,[1],0.00000000,"[0.00000000, 0.00000000, 0.00000000, 0.00000000, 0.00000000, 0.00000000, 0.00000000, 0.00000000]",0.28300000,0.45970455,17->6,best_single_fallback,"[0.00000000, 0.00000000, 0.00000000, 0.00000000, 1.00000000, 0.00000000, 0.00000000, 0.00000000, 0.00000000, 0.00000000]","[0, 0, 0, 0, 1000, 0, 0, 0, 0, 0]","[609, 632, 387, 660, 95, 181, 454, 654, 185, 457]","[10, 40, 55, 65, 95, 100, 105, 120, 155, 230, 255, 260, 280, 285, 345] | [65, 80, 95, 115, 120, 130, 165, 170, 245, 250, 265, 275, 290, 310, 340] | [15, 80, 105, 130, 145, 170, 175, 190, 225, 245, 280, 310, 325, 330, 345] | [5, 20, 40, 45, 55, 95, 150, 160, 200, 225, 245, 255, 300, 310, 360] | [10, 35, 55, 65, 100, 160, 180, 190, 200, 210, 225, 250, 305, 315, 355] | [75, 80, 120, 140, 155, 160, 170, 220, 235, 255, 275, 290, 310, 325, 335] | [5, 20, 35, 50, 55, 75, 85, 90, 190, 205, 220, 235, 250, 280, 290] | [5, 20, 40, 45, 55, 95, 150, 160, 200, 225, 245, 255, 300, 310, 360] | [75, 80, 120, 140, 155, 160, 170, 220, 235, 255, 275, 290, 310, 325, 335] | [5, 20, 35, 50, 55, 75, 85, 90, 190, 205, 220, 235, 250, 280, 290]"
8,8,8,0,8,88,"(1, 2, 6, 7, 20, 22, 24, 26)",10,88,[5],0.00000000,"[0.00000000, 0.00000000, 0.00000000, 0.00000000, 0.00000000, 0.00000000, 0.00000000, 0.00000000]",0.32400000,0.45905682,18->26,best_single_fallback,"[0.00000000, 0.00000000, 0.00000000, 0.00000000, 0.00000000, 0.00000000, 1.00000000, 0.00000000, 0.00000000, 0.00000000]","[0, 0, 0, 0, 0, 0, 1000, 0, 0, 0]","[33, 189, 177, 250, 365, 362, 126, 452, 607, 186]","[10, 30, 35, 55, 60, 105, 110, 195, 210, 220, 300, 305, 310, 330, 360] | [10, 80, 90, 135, 160, 175, 180, 225, 235, 280, 290, 295, 310, 340, 360] | [10, 30, 65, 85, 105, 135, 140, 170, 190, 285, 290, 305, 340, 345, 350] | [5, 15, 60, 115, 120, 145, 155, 180, 205, 230, 265, 290, 295, 340, 355] | [15, 30, 50, 70, 80, 95, 155, 165, 175, 240, 245, 255, 285, 300, 365] | [25, 40, 70, 80, 140, 150, 175, 225, 230, 250, 265, 295, 335, 345, 360] | [5, 35, 65, 110, 125, 135, 140, 150, 195, 240, 305, 330, 335, 345, 360] | [25, 45, 55, 110, 140, 150, 160, 180, 265, 275, 305, 325, 330, 355, 365] | [55, 120, 145, 160, 175, 190, 195, 235, 265, 275, 300, 305, 320, 325, 330] | [25, 40, 60, 105, 135, 155, 160, 180, 195, 225, 230, 260, 305, 320, 365]"
8,8,8,0,8,89,"(1, 4, 6, 16, 17, 18, 24, 26)",10,88,[5],0.00000000,"[0.00000000, 0.00000000, 0.00000000, 0.00000000, 0.00000000, 0.00000000, 0.00000000, 0.00000000]",0.35300000,0.45929545,28->1,best_single_fallback,"[1.00000000, 0.00000000, 0.00000000, 0.00000000, 0.00000000, 0.00000000, 0.00000000, 0.00000000, 0.00000000, 0.00000000]","[1000, 0, 0, 0, 0, 0, 0, 0, 0, 0]","[474, 587, 403, 489, 5, 19, 397, 377, 236, 404]","[40, 50, 115, 140, 180, 185, 190, 220, 230, 235, 275, 290, 325, 350, 355] | [25, 50, 65, 90, 120, 145, 150, 170, 175, 185, 195, 220, 265, 280, 285] | [40, 50, 60, 75, 90, 115, 145, 190, 240, 260, 265, 290, 310, 360, 365] | [30, 60, 80, 85, 105, 115, 125, 145, 155, 165, 170, 230, 235, 250, 255] | [5, 30, 55, 80, 105, 130, 155, 180, 205, 230, 255, 280, 305, 330, 355] | [5, 30, 55, 80, 105, 130, 155, 180, 205, 230, 255, 280, 305, 330, 355] | [40, 50, 60, 75, 90, 115, 145, 190, 240, 260, 265, 290, 310, 360, 365] | [5, 10, 15, 50, 70, 120, 125, 195, 210, 220, 235, 255, 285, 295, 365] | [5, 25, 60, 115, 120, 130, 155, 175, 195, 200, 310, 325, 340, 350, 365] | [40, 50, 60, 75, 90, 115, 145, 190, 240, 260, 265, 290, 310, 360, 365]"
8,8,8,0,8,90,"(1, 7, 11, 15, 18, 21, 22, 27)",10,88,[5],0.00000000,"[0.00000000, 0.00000000, 0.00000000, 0.00000000, 0.00000000, 0.00000000, 0.00000000, 0.00000000]",0.31300000,0.45598864,4->22,best_single_fallback,"[0.00000000, 0.00000000, 0.00000000, 0.00000000, 0.00000000, 0.00000000, 1.00000000, 0.00000000, 0.00000000, 0.00000000]","[0, 0, 0, 0, 0, 0, 1000, 0, 0, 0]","[393, 148, 210, 413, 107, 150, 18, 611, 244, 37]","[45, 80, 85, 90, 95, 110, 135, 165, 205, 210, 255, 260, 280, 285, 340] | [5, 15, 45, 50, 60, 70, 80, 95, 115, 120, 125, 170, 175, 260, 335] | [5, 35, 40, 85, 110, 115, 160, 185, 195, 200, 205, 260, 285, 345, 360] | [15, 30, 40, 70, 95, 100, 110, 115, 130, 155, 185, 245, 285, 300, 305] | [85, 120, 125, 130, 135, 150, 195, 210, 255, 285, 300, 305, 325, 360, 365] | [5, 15, 25, 40, 45, 65, 125, 200, 210, 260, 275, 300, 320, 325, 355] | [5, 30, 55, 80, 105, 130, 155, 180, 205, 230, 255, 280, 305, 330, 355] | [5, 65, 165, 175, 190, 195, 225, 230, 265, 280, 305, 340, 355, 360, 365] | [5, 70, 90, 95, 100, 110, 135, 155, 165, 170, 220, 245, 285, 310, 355] | [30, 100, 105, 120, 135, 165, 175, 210, 235, 240, 260, 295, 300, 330, 365]"
8,8,8,0,8,91,"(1, 7, 15, 16, 18, 21, 22, 24)",10,88,[5],0.00000000,"[0.00000000, 0.00000000, 0.00000000, 0.00000000, 0.00000000, 0.00000000, 0.00000000, 0.00000000]",0.27100000,0.45930682,4->7,best_single_fallback,"[0.00000000, 0.00000000, 0.00000000, 1.00000000, 0.00000000, 0.00000000, 0.00000000, 0.00000000, 0.00000000, 0.00000000]","[0, 0, 0, 1000, 0, 0, 0, 0, 0, 0]","[84, 445, 53, 622, 533, 659, 77, 258, 608, 123]","[25, 65, 90, 125, 135, 155, 175, 190, 200, 225, 240, 300, 330, 340, 365] | [25, 55, 65, 115, 130, 145, 210, 220, 250, 280, 285, 300, 305, 335, 350] | [15, 25, 90, 105, 110, 185, 190, 205, 235, 240, 245, 290, 310, 325, 350] | [30, 35, 45, 50, 65, 70, 80, 90, 105, 115, 155, 170, 235, 265, 325] | [5, 10, 60, 90, 115, 170, 185, 200, 225, 265, 295, 310, 335, 350, 355] | [10, 30, 45, 80, 165, 195, 220, 240, 260, 265, 275, 295, 305, 340, 350] | [25, 65, 90, 125, 135, 155, 175, 190, 200, 225, 240, 300, 330, 340, 365] | [10, 25, 40, 55, 100, 125, 175, 200, 210, 230, 265, 280, 290, 330, 365] | [80, 90, 110, 145, 175, 185, 195, 220, 245, 255, 260, 265, 325, 335, 345] | [30, 45, 50, 75, 80, 95, 145, 175, 240, 245, 250, 275, 280, 350, 365]"
