k,real_k,effective_k,virtual_stream_count,sample_index,position_combination,selection_rank,candidate_id,source,probes,authorized_max_ber,authorized_position_bers,candidate_min_route_min_ber,candidate_avg_route_min_ber,worst_route
8,8,8,0,1,"(11, 15, 16, 17, 20, 21, 25, 26)",1,110,probe_repair,"[15, 35, 60, 70, 130, 145, 165, 220, 280, 290, 300, 315, 330, 340, 350]",0.00000000,"[0.00000000, 0.00000000, 0.00000000, 0.00000000, 0.00000000, 0.00000000, 0.00000000, 0.00000000]",0.00800000,0.45590000,6->20
8,8,8,0,1,"(11, 15, 16, 17, 20, 21, 25, 26)",2,163,probe_repair,"[25, 60, 95, 100, 135, 140, 170, 180, 185, 190, 200, 245, 310, 340, 355]",0.00000000,"[0.00000000, 0.00000000, 0.00000000, 0.00000000, 0.00000000, 0.00000000, 0.00000000, 0.00000000]",0.16200000,0.45527500,18->21
8,8,8,0,1,"(11, 15, 16, 17, 20, 21, 25, 26)",3,109,probe_repair,"[15, 35, 60, 70, 130, 145, 165, 220, 280, 290, 300, 315, 330, 340, 350]",0.00000000,"[0.00000000, 0.00000000, 0.00000000, 0.00000000, 0.00000000, 0.00000000, 0.00000000, 0.00000000]",0.01400000,0.44622500,6->20
8,8,8,0,1,"(11, 15, 16, 17, 20, 21, 25, 26)",4,84,probe_repair,"[20, 35, 50, 85, 90, 100, 105, 125, 200, 255, 290, 300, 315, 325, 330]",0.00000000,"[0.00000000, 0.00000000, 0.00000000, 0.00000000, 0.00000000, 0.00000000, 0.00000000, 0.00000000]",0.29000000,0.46120000,27->26
8,8,8,0,1,"(11, 15, 16, 17, 20, 21, 25, 26)",5,46,probe_repair,"[25, 30, 75, 135, 155, 180, 195, 215, 225, 255, 265, 310, 345, 350, 355]",0.00000000,"[0.00000000, 0.00000000, 0.00000000, 0.00000000, 0.00000000, 0.00000000, 0.00000000, 0.00000000]",0.29500000,0.45200000,28->21
8,8,8,0,1,"(11, 15, 16, 17, 20, 21, 25, 26)",6,137,probe_repair,"[5, 10, 20, 85, 160, 165, 180, 200, 205, 210, 290, 310, 335, 340, 350]",0.00000000,"[0.00000000, 0.00000000, 0.00000000, 0.00000000, 0.00000000, 0.00000000, 0.00000000, 0.00000000]",0.22900000,0.45117500,4->21
8,8,8,0,1,"(11, 15, 16, 17, 20, 21, 25, 26)",7,3,baseline,"[5, 30, 55, 80, 105, 130, 155, 180, 205, 230, 255, 280, 305, 330, 355]",0.00000000,"[0.00000000, 0.00000000, 0.00000000, 0.00000000, 0.00000000, 0.00000000, 0.00000000, 0.00000000]",0.25300000,0.45372500,24->17
8,8,8,0,1,"(11, 15, 16, 17, 20, 21, 25, 26)",8,252,probe_repair,"[30, 75, 85, 140, 155, 185, 195, 200, 275, 285, 305, 325, 335, 340, 350]",0.00000000,"[0.00000000, 0.00000000, 0.00000000, 0.00000000, 0.00000000, 0.00000000, 0.00000000, 0.00000000]",0.14500000,0.44595000,22->15
8,8,8,0,1,"(11, 15, 16, 17, 20, 21, 25, 26)",9,29,probe_repair,"[65, 70, 115, 135, 140, 160, 185, 195, 205, 265, 270, 315, 335, 345, 365]",0.00000000,"[0.00000000, 0.00000000, 0.00000000, 0.00000000, 0.00000000, 0.00000000, 0.00000000, 0.00000000]",0.04200000,0.43110000,6->17
8,8,8,0,1,"(11, 15, 16, 17, 20, 21, 25, 26)",10,50,probe_repair,"[25, 30, 75, 135, 155, 180, 195, 215, 225, 255, 265, 310, 345, 350, 355]",0.00000000,"[0.00000000, 0.00000000, 0.00000000, 0.00000000, 0.00000000, 0.00000000, 0.00000000, 0.00000000]",0.24900000,0.44567500,28->21
8,8,8,0,2,"(2, 7, 9, 11, 15, 16, 24, 27)",1,1,baseline,"[5, 30, 55, 80, 105, 130, 155, 180, 205, 230, 255, 280, 305, 330, 355]",0.00000000,"[0.00000000, 0.00000000, 0.00000000, 0.00000000, 0.00000000, 0.00000000, 0.00000000, 0.00000000]",0.20700000,0.44332500,17->24
8,8,8,0,2,"(2, 7, 9, 11, 15, 16, 24, 27)",2,12,baseline,"[5, 30, 55, 80, 105, 130, 155, 180, 205, 230, 255, 280, 305, 330, 355]",0.00000000,"[0.00000000, 0.00000000, 0.00000000, 0.00000000, 0.00000000, 0.00000000, 0.00000000, 0.00000000]",0.28200000,0.45560000,26->2
8,8,8,0,2,"(2, 7, 9, 11, 15, 16, 24, 27)",3,117,probe_repair,"[15, 40, 45, 50, 55, 130, 135, 145, 155, 175, 200, 290, 300, 305, 325]",0.00000000,"[0.00000000, 0.00000000, 0.00000000, 0.00000000, 0.00000000, 0.00000000, 0.00000000, 0.00000000]",0.24100000,0.44062500,22->9
8,8,8,0,2,"(2, 7, 9, 11, 15, 16, 24, 27)",4,29,probe_repair,"[15, 20, 70, 90, 135, 220, 230, 265, 280, 290, 300, 310, 340, 345, 360]",0.00000000,"[0.00000000, 0.00000000, 0.00000000, 0.00000000, 0.00000000, 0.00000000, 0.00000000, 0.00000000]",0.05900000,0.44462500,6->16
8,8,8,0,2,"(2, 7, 9, 11, 15, 16, 24, 27)",5,16,baseline,"[5, 30, 55, 80, 105, 130, 155, 180, 205, 230, 255, 280, 305, 330, 355]",0.00000000,"[0.00000000, 0.00000000, 0.00000000, 0.00000000, 0.00000000, 0.00000000, 0.00000000, 0.00000000]",0.27700000,0.45957500,26->2
8,8,8,0,2,"(2, 7, 9, 11, 15, 16, 24, 27)",6,232,probe_repair,"[40, 75, 155, 160, 170, 185, 205, 215, 230, 255, 270, 305, 325, 345, 360]",0.00000000,"[0.00000000, 0.00000000, 0.00000000, 0.00000000, 0.00000000, 0.00000000, 0.00000000, 0.00000000]",0.22100000,0.45700000,28->9
8,8,8,0,2,"(2, 7, 9, 11, 15, 16, 24, 27)",7,21,probe_repair,"[10, 30, 35, 45, 70, 85, 140, 175, 275, 280, 285, 290, 325, 330, 355]",0.00000000,"[0.00000000, 0.00000000, 0.00000000, 0.00000000, 0.00000000, 0.00000000, 0.00000000, 0.00000000]",0.12400000,0.44547500,26->2
8,8,8,0,2,"(2, 7, 9, 11, 15, 16, 24, 27)",8,8,baseline,"[5, 30, 55, 80, 105, 130, 155, 180, 205, 230, 255, 280, 305, 330, 355]",0.00000000,"[0.00000000, 0.00000000, 0.00000000, 0.00000000, 0.00000000, 0.00000000, 0.00000000, 0.00000000]",0.28300000,0.45800000,17->24
8,8,8,0,2,"(2, 7, 9, 11, 15, 16, 24, 27)",9,278,probe_repair,"[10, 50, 95, 105, 185, 195, 230, 240, 250, 275, 280, 285, 335, 345, 350]",0.00000000,"[0.00000000, 0.00000000, 0.00000000, 0.00000000, 0.00000000, 0.00000000, 0.00000000, 0.00000000]",0.20000000,0.45207500,20->27
8,8,8,0,2,"(2, 7, 9, 11, 15, 16, 24, 27)",10,144,probe_repair,"[45, 55, 80, 165, 170, 175, 185, 190, 195, 250, 285, 305, 335, 345, 360]",0.00000000,"[0.00000000, 0.00000000, 0.00000000, 0.00000000, 0.00000000, 0.00000000, 0.00000000, 0.00000000]",0.22500000,0.45617500,28->15
8,8,8,0,3,"(5, 6, 9, 16, 18, 21, 22, 26)",1,29,probe_repair,"[10, 25, 30, 40, 45, 100, 140, 150, 210, 215, 255, 270, 315, 340, 360]",0.00000000,"[0.00000000, 0.00000000, 0.00000000, 0.00000000, 0.00000000, 0.00000000, 0.00000000, 0.00000000]",0.16500000,0.44370455,25->16
8,8,8,0,3,"(5, 6, 9, 16, 18, 21, 22, 26)",2,6,baseline,"[5, 30, 55, 80, 105, 130, 155, 180, 205, 230, 255, 280, 305, 330, 355]",0.00000000,"[0.00000000, 0.00000000, 0.00000000, 0.00000000, 0.00000000, 0.00000000, 0.00000000, 0.00000000]",0.13300000,0.45413636,15->5
8,8,8,0,3,"(5, 6, 9, 16, 18, 21, 22, 26)",3,11,baseline,"[5, 30, 55, 80, 105, 130, 155, 180, 205, 230, 255, 280, 305, 330, 355]",0.00000000,"[0.00000000, 0.00000000, 0.00000000, 0.00000000, 0.00000000, 0.00000000, 0.00000000, 0.00000000]",0.16700000,0.45220455,15->5
8,8,8,0,3,"(5, 6, 9, 16, 18, 21, 22, 26)",4,79,probe_repair,"[10, 20, 60, 90, 100, 120, 150, 175, 185, 205, 215, 230, 235, 300, 325]",0.00000000,"[0.00000000, 0.00000000, 0.00000000, 0.00000000, 0.00000000, 0.00000000, 0.00000000, 0.00000000]",0.25700000,0.45470455,11->18
8,8,8,0,3,"(5, 6, 9, 16, 18, 21, 22, 26)",5,47,probe_repair,"[5, 25, 45, 55, 80, 90, 150, 160, 165, 175, 200, 205, 240, 275, 340]",0.00000000,"[0.00000000, 0.00000000, 0.00000000, 0.00000000, 0.00000000, 0.00000000, 0.00000000, 0.00000000]",0.12600000,0.44413636,24->6
8,8,8,0,3,"(5, 6, 9, 16, 18, 21, 22, 26)",6,133,probe_repair,"[10, 20, 25, 85, 115, 130, 135, 160, 185, 190, 225, 245, 295, 325, 355]",0.00000000,"[0.00000000, 0.00000000, 0.00000000, 0.00000000, 0.00000000, 0.00000000, 0.00000000, 0.00000000]",0.19800000,0.43013636,7->21
8,8,8,0,3,"(5, 6, 9, 16, 18, 21, 22, 26)",7,48,probe_repair,"[5, 25, 45, 55, 80, 90, 150, 160, 165, 175, 200, 205, 240, 275, 340]",0.00000000,"[0.00000000, 0.00000000, 0.00000000, 0.00000000, 0.00000000, 0.00000000, 0.00000000, 0.00000000]",0.09800000,0.44765909,4->21
8,8,8,0,3,"(5, 6, 9, 16, 18, 21, 22, 26)",8,1,baseline,"[5, 30, 55, 80, 105, 130, 155, 180, 205, 230, 255, 280, 305, 330, 355]",0.00000000,"[0.00000000, 0.00000000, 0.00000000, 0.00000000, 0.00000000, 0.00000000, 0.00000000, 0.00000000]",0.07700000,0.44086364,15->5
8,8,8,0,3,"(5, 6, 9, 16, 18, 21, 22, 26)",9,46,probe_repair,"[5, 25, 45, 55, 80, 90, 150, 160, 165, 175, 200, 205, 240, 275, 340]",0.00000000,"[0.00000000, 0.00000000, 0.00000000, 0.00000000, 0.00000000, 0.00000000, 0.00000000, 0.00000000]",0.10300000,0.44495455,24->6
8,8,8,0,3,"(5, 6, 9, 16, 18, 21, 22, 26)",10,2,baseline,"[5, 30, 55, 80, 105, 130, 155, 180, 205, 230, 255, 280, 305, 330, 355]",0.00000000,"[0.00000000, 0.00000000, 0.00000000, 0.00000000, 0.00000000, 0.00000000, 0.00000000, 0.00000000]",0.12400000,0.45450000,15->5
8,8,8,0,4,"(5, 11, 17, 18, 22, 24, 27, 28)",1,47,probe_repair,"[35, 65, 135, 145, 170, 185, 210, 215, 225, 260, 265, 270, 295, 305, 365]",0.00000000,"[0.00000000, 0.00000000, 0.00000000, 0.00000000, 0.00000000, 0.00000000, 0.00000000, 0.00000000]",0.19300000,0.44931818,9->28
8,8,8,0,4,"(5, 11, 17, 18, 22, 24, 27, 28)",2,74,probe_repair,"[5, 20, 25, 50, 80, 100, 180, 185, 200, 225, 245, 280, 300, 330, 365]",0.00000000,"[0.00000000, 0.00000000, 0.00000000, 0.00000000, 0.00000000, 0.00000000, 0.00000000, 0.00000000]",0.23900000,0.46338636,15->5
8,8,8,0,4,"(5, 11, 17, 18, 22, 24, 27, 28)",3,88,probe_repair,"[40, 45, 80, 85, 125, 130, 145, 150, 205, 210, 250, 275, 300, 325, 340]",0.00000000,"[0.00000000, 0.00000000, 0.00000000, 0.00000000, 0.00000000, 0.00000000, 0.00000000, 0.00000000]",0.27600000,0.45995455,26->17
8,8,8,0,4,"(5, 11, 17, 18, 22, 24, 27, 28)",4,125,probe_repair,"[15, 35, 55, 80, 150, 170, 185, 190, 210, 235, 275, 290, 300, 325, 345]",0.00000000,"[0.00000000, 0.00000000, 0.00000000, 0.00000000, 0.00000000, 0.00000000, 0.00000000, 0.00000000]",0.14600000,0.44213636,26->24
8,8,8,0,4,"(5, 11, 17, 18, 22, 24, 27, 28)",5,127,probe_repair,"[15, 35, 55, 80, 150, 170, 185, 190, 210, 235, 275, 290, 300, 325, 345]",0.00000000,"[0.00000000, 0.00000000, 0.00000000, 0.00000000, 0.00000000, 0.00000000, 0.00000000, 0.00000000]",0.16700000,0.45915909,26->24
8,8,8,0,4,"(5, 11, 17, 18, 22, 24, 27, 28)",6,1,baseline,"[5, 30, 55, 80, 105, 130, 155, 180, 205, 230, 255, 280, 305, 330, 355]",0.00000000,"[0.00000000, 0.00000000, 0.00000000, 0.00000000, 0.00000000, 0.00000000, 0.00000000, 0.00000000]",0.05500000,0.43997727,15->5
8,8,8,0,4,"(5, 11, 17, 18, 22, 24, 27, 28)",7,48,probe_repair,"[35, 65, 135, 145, 170, 185, 210, 215, 225, 260, 265, 270, 295, 305, 365]",0.00000000,"[0.00000000, 0.00000000, 0.00000000, 0.00000000, 0.00000000, 0.00000000, 0.00000000, 0.00000000]",0.14600000,0.44768182,20->5
8,8,8,0,4,"(5, 11, 17, 18, 22, 24, 27, 28)",8,55,probe_repair,"[50, 65, 85, 105, 155, 180, 190, 220, 245, 250, 285, 295, 315, 345, 355]",0.00000000,"[0.00000000, 0.00000000, 0.00000000, 0.00000000, 0.00000000, 0.00000000, 0.00000000, 0.00000000]",0.22300000,0.45372727,21->28
8,8,8,0,4,"(5, 11, 17, 18, 22, 24, 27, 28)",9,129,probe_repair,"[15, 35, 55, 80, 150, 170, 185, 190, 210, 235, 275, 290, 300, 325, 345]",0.00000000,"[0.00000000, 0.00000000, 0.00000000, 0.00000000, 0.00000000, 0.00000000, 0.00000000, 0.00000000]",0.22200000,0.45347727,16->18
8,8,8,0,4,"(5, 11, 17, 18, 22, 24, 27, 28)",10,128,probe_repair,"[15, 35, 55, 80, 150, 170, 185, 190, 210, 235, 275, 290, 300, 325, 345]",0.00000000,"[0.00000000, 0.00000000, 0.00000000, 0.00000000, 0.00000000, 0.00000000, 0.00000000, 0.00000000]",0.21000000,0.45677273,7->27
8,8,8,0,5,"(1, 5, 6, 7, 9, 16, 25, 26)",1,53,probe_repair,"[15, 40, 45, 95, 135, 170, 190, 200, 205, 210, 230, 245, 340, 345, 365]",0.00000000,"[0.00000000, 0.00000000, 0.00000000, 0.00000000, 0.00000000, 0.00000000, 0.00000000, 0.00000000]",0.12400000,0.43793750,21->25
8,8,8,0,5,"(1, 5, 6, 7, 9, 16, 25, 26)",2,45,probe_repair,"[5, 10, 35, 45, 95, 110, 180, 225, 230, 275, 290, 305, 310, 330, 360]",0.00000000,"[0.00000000, 0.00000000, 0.00000000, 0.00000000, 0.00000000, 0.00000000, 0.00000000, 0.00000000]",0.02300000,0.43160417,2->9
8,8,8,0,5,"(1, 5, 6, 7, 9, 16, 25, 26)",3,21,probe_repair,"[25, 40, 45, 75, 85, 110, 130, 135, 155, 160, 210, 225, 260, 325, 330]",0.00000000,"[0.00000000, 0.00000000, 0.00000000, 0.00000000, 0.00000000, 0.00000000, 0.00000000, 0.00000000]",0.22900000,0.43362500,4->7
8,8,8,0,5,"(1, 5, 6, 7, 9, 16, 25, 26)",4,36,probe_repair,"[35, 45, 50, 60, 65, 120, 135, 140, 230, 240, 285, 300, 305, 330, 335]",0.00000000,"[0.00000000, 0.00000000, 0.00000000, 0.00000000, 0.00000000, 0.00000000, 0.00000000, 0.00000000]",0.26800000,0.45416667,17->1
8,8,8,0,5,"(1, 5, 6, 7, 9, 16, 25, 26)",5,32,probe_repair,"[35, 45, 50, 60, 65, 120, 135, 140, 230, 240, 285, 300, 305, 330, 335]",0.00000000,"[0.00000000, 0.00000000, 0.00000000, 0.00000000, 0.00000000, 0.00000000, 0.00000000, 0.00000000]",0.25100000,0.45283333,17->1
8,8,8,0,5,"(1, 5, 6, 7, 9, 16, 25, 26)",6,4,baseline,"[5, 30, 55, 80, 105, 130, 155, 180, 205, 230, 255, 280, 305, 330, 355]",0.00000000,"[0.00000000, 0.00000000, 0.00000000, 0.00000000, 0.00000000, 0.00000000, 0.00000000, 0.00000000]",0.05100000,0.44737500,15->5
8,8,8,0,5,"(1, 5, 6, 7, 9, 16, 25, 26)",7,11,baseline,"[5, 30, 55, 80, 105, 130, 155, 180, 205, 230, 255, 280, 305, 330, 355]",0.00000000,"[0.00000000, 0.00000000, 0.00000000, 0.00000000, 0.00000000, 0.00000000, 0.00000000, 0.00000000]",0.21000000,0.44962500,15->5
8,8,8,0,5,"(1, 5, 6, 7, 9, 16, 25, 26)",8,6,baseline,"[5, 30, 55, 80, 105, 130, 155, 180, 205, 230, 255, 280, 305, 330, 355]",0.00000000,"[0.00000000, 0.00000000, 0.00000000, 0.00000000, 0.00000000, 0.00000000, 0.00000000, 0.00000000]",0.08900000,0.44837500,15->5
8,8,8,0,5,"(1, 5, 6, 7, 9, 16, 25, 26)",9,17,baseline,"[5, 30, 55, 80, 105, 130, 155, 180, 205, 230, 255, 280, 305, 330, 355]",0.00000000,"[0.00000000, 0.00000000, 0.00000000, 0.00000000, 0.00000000, 0.00000000, 0.00000000, 0.00000000]",0.08000000,0.44493750,15->5
8,8,8,0,5,"(1, 5, 6, 7, 9, 16, 25, 26)",10,33,probe_repair,"[35, 45, 50, 60, 65, 120, 135, 140, 230, 240, 285, 300, 305, 330, 335]",0.00000000,"[0.00000000, 0.00000000, 0.00000000, 0.00000000, 0.00000000, 0.00000000, 0.00000000, 0.00000000]",0.19900000,0.45270833,28->26
8,8,8,0,6,"(2, 4, 5, 6, 9, 11, 17, 18)",1,101,probe_repair,"[20, 65, 90, 95, 125, 170, 175, 185, 210, 225, 240, 245, 290, 310, 355]",0.00000000,"[0.00000000, 0.00000000, 0.00000000, 0.00000000, 0.00000000, 0.00000000, 0.00000000, 0.00000000]",0.22100000,0.44820455,21->2
8,8,8,0,6,"(2, 4, 5, 6, 9, 11, 17, 18)",2,10,baseline,"[5, 30, 55, 80, 105, 130, 155, 180, 205, 230, 255, 280, 305, 330, 355]",0.00000000,"[0.00000000, 0.00000000, 0.00000000, 0.00000000, 0.00000000, 0.00000000, 0.00000000, 0.00000000]",0.10000000,0.45163636,15->5
8,8,8,0,6,"(2, 4, 5, 6, 9, 11, 17, 18)",3,1,baseline,"[5, 30, 55, 80, 105, 130, 155, 180, 205, 230, 255, 280, 305, 330, 355]",0.00000000,"[0.00000000, 0.00000000, 0.00000000, 0.00000000, 0.00000000, 0.00000000, 0.00000000, 0.00000000]",0.03800000,0.43588636,15->5
8,8,8,0,6,"(2, 4, 5, 6, 9, 11, 17, 18)",4,106,probe_repair,"[20, 65, 90, 95, 125, 170, 175, 185, 210, 225, 240, 245, 290, 310, 355]",0.00000000,"[0.00000000, 0.00000000, 0.00000000, 0.00000000, 0.00000000, 0.00000000, 0.00000000, 0.00000000]",0.25500000,0.46236364,28->6
8,8,8,0,6,"(2, 4, 5, 6, 9, 11, 17, 18)",5,29,probe_repair,"[45, 50, 95, 105, 135, 145, 155, 175, 185, 200, 215, 225, 280, 285, 290]",0.00000000,"[0.00000000, 0.00000000, 0.00000000, 0.00000000, 0.00000000, 0.00000000, 0.00000000, 0.00000000]",0.24100000,0.44002273,25->18
8,8,8,0,6,"(2, 4, 5, 6, 9, 11, 17, 18)",6,123,probe_repair,"[15, 25, 30, 45, 65, 120, 135, 160, 165, 220, 255, 290, 295, 325, 340]",0.00000000,"[0.00000000, 0.00000000, 0.00000000, 0.00000000, 0.00000000, 0.00000000, 0.00000000, 0.00000000]",0.18600000,0.45638636,27->2
8,8,8,0,6,"(2, 4, 5, 6, 9, 11, 17, 18)",7,69,probe_repair,"[30, 55, 85, 95, 160, 165, 205, 220, 255, 260, 265, 295, 300, 330, 340]",0.00000000,"[0.00000000, 0.00000000, 0.00000000, 0.00000000, 0.00000000, 0.00000000, 0.00000000, 0.00000000]",0.26300000,0.44904545,22->6
8,8,8,0,6,"(2, 4, 5, 6, 9, 11, 17, 18)",8,114,probe_repair,"[30, 35, 40, 90, 95, 110, 120, 170, 190, 205, 235, 245, 260, 270, 355]",0.00000000,"[0.00000000, 0.00000000, 0.00000000, 0.00000000, 0.00000000, 0.00000000, 0.00000000, 0.00000000]",0.30200000,0.45995455,15->9
8,8,8,0,6,"(2, 4, 5, 6, 9, 11, 17, 18)",9,102,probe_repair,"[20, 65, 90, 95, 125, 170, 175, 185, 210, 225, 240, 245, 290, 310, 355]",0.00000000,"[0.00000000, 0.00000000, 0.00000000, 0.00000000, 0.00000000, 0.00000000, 0.00000000, 0.00000000]",0.28500000,0.45943182,28->6
8,8,8,0,6,"(2, 4, 5, 6, 9, 11, 17, 18)",10,37,probe_repair,"[25, 30, 65, 75, 80, 90, 115, 120, 205, 210, 215, 225, 230, 260, 285]",0.00000000,"[0.00000000, 0.00000000, 0.00000000, 0.00000000, 0.00000000, 0.00000000, 0.00000000, 0.00000000]",0.04100000,0.44084091,21->18
8,8,8,0,7,"(1, 2, 5, 6, 7, 15, 20, 21)",1,21,probe_repair,"[35, 65, 90, 105, 120, 155, 160, 200, 225, 240, 245, 295, 310, 345, 355]",0.00000000,"[0.00000000, 0.00000000, 0.00000000, 0.00000000, 0.00000000, 0.00000000, 0.00000000, 0.00000000]",0.09900000,0.43425000,4->21
8,8,8,0,7,"(1, 2, 5, 6, 7, 15, 20, 21)",2,6,baseline,"[5, 30, 55, 80, 105, 130, 155, 180, 205, 230, 255, 280, 305, 330, 355]",0.00000000,"[0.00000000, 0.00000000, 0.00000000, 0.00000000, 0.00000000, 0.00000000, 0.00000000, 0.00000000]",0.21100000,0.45243750,27->1
8,8,8,0,7,"(1, 2, 5, 6, 7, 15, 20, 21)",3,15,baseline,"[5, 30, 55, 80, 105, 130, 155, 180, 205, 230, 255, 280, 305, 330, 355]",0.00000000,"[0.00000000, 0.00000000, 0.00000000, 0.00000000, 0.00000000, 0.00000000, 0.00000000, 0.00000000]",0.17100000,0.45556250,27->1
8,8,8,0,7,"(1, 2, 5, 6, 7, 15, 20, 21)",4,3,baseline,"[5, 30, 55, 80, 105, 130, 155, 180, 205, 230, 255, 280, 305, 330, 355]",0.00000000,"[0.00000000, 0.00000000, 0.00000000, 0.00000000, 0.00000000, 0.00000000, 0.00000000, 0.00000000]",0.21300000,0.44897917,27->1
8,8,8,0,7,"(1, 2, 5, 6, 7, 15, 20, 21)",5,43,probe_repair,"[60, 80, 85, 100, 110, 120, 210, 230, 235, 280, 285, 295, 345, 355, 360]",0.00000000,"[0.00000000, 0.00000000, 0.00000000, 0.00000000, 0.00000000, 0.00000000, 0.00000000, 0.00000000]",0.24500000,0.45283333,25->2
8,8,8,0,7,"(1, 2, 5, 6, 7, 15, 20, 21)",6,10,baseline,"[5, 30, 55, 80, 105, 130, 155, 180, 205, 230, 255, 280, 305, 330, 355]",0.00000000,"[0.00000000, 0.00000000, 0.00000000, 0.00000000, 0.00000000, 0.00000000, 0.00000000, 0.00000000]",0.17700000,0.45041667,27->1
8,8,8,0,7,"(1, 2, 5, 6, 7, 15, 20, 21)",7,29,probe_repair,"[35, 55, 125, 130, 145, 150, 155, 180, 225, 245, 260, 265, 295, 325, 355]",0.00000000,"[0.00000000, 0.00000000, 0.00000000, 0.00000000, 0.00000000, 0.00000000, 0.00000000, 0.00000000]",0.04000000,0.44114583,28->21
8,8,8,0,7,"(1, 2, 5, 6, 7, 15, 20, 21)",8,44,probe_repair,"[60, 80, 85, 100, 110, 120, 210, 230, 235, 280, 285, 295, 345, 355, 360]",0.00000000,"[0.00000000, 0.00000000, 0.00000000, 0.00000000, 0.00000000, 0.00000000, 0.00000000, 0.00000000]",0.20200000,0.45345833,25->2
8,8,8,0,7,"(1, 2, 5, 6, 7, 15, 20, 21)",9,41,probe_repair,"[60, 80, 85, 100, 110, 120, 210, 230, 235, 280, 285, 295, 345, 355, 360]",0.00000000,"[0.00000000, 0.00000000, 0.00000000, 0.00000000, 0.00000000, 0.00000000, 0.00000000, 0.00000000]",0.16200000,0.44808333,25->2
8,8,8,0,7,"(1, 2, 5, 6, 7, 15, 20, 21)",10,37,probe_repair,"[60, 80, 85, 100, 110, 120, 210, 230, 235, 280, 285, 295, 345, 355, 360]",0.00000000,"[0.00000000, 0.00000000, 0.00000000, 0.00000000, 0.00000000, 0.00000000, 0.00000000, 0.00000000]",0.07300000,0.43062500,25->2
8,8,8,0,8,"(2, 5, 6, 11, 15, 16, 17, 26)",1,138,probe_repair,"[80, 100, 115, 145, 165, 170, 190, 210, 230, 235, 265, 270, 275, 345, 360]",0.00000000,"[0.00000000, 0.00000000, 0.00000000, 0.00000000, 0.00000000, 0.00000000, 0.00000000, 0.00000000]",0.11100000,0.44522727,24->16
8,8,8,0,8,"(2, 5, 6, 11, 15, 16, 17, 26)",2,117,probe_repair,"[5, 15, 25, 50, 110, 115, 165, 225, 240, 245, 255, 280, 310, 325, 340]",0.00000000,"[0.00000000, 0.00000000, 0.00000000, 0.00000000, 0.00000000, 0.00000000, 0.00000000, 0.00000000]",0.22600000,0.43995455,20->26
8,8,8,0,8,"(2, 5, 6, 11, 15, 16, 17, 26)",3,77,probe_repair,"[5, 10, 35, 45, 80, 85, 130, 145, 150, 180, 240, 270, 275, 305, 340]",0.00000000,"[0.00000000, 0.00000000, 0.00000000, 0.00000000, 0.00000000, 0.00000000, 0.00000000, 0.00000000]",0.09500000,0.44197727,7->6
8,8,8,0,8,"(2, 5, 6, 11, 15, 16, 17, 26)",4,133,probe_repair,"[80, 100, 115, 145, 165, 170, 190, 210, 230, 235, 265, 270, 275, 345, 360]",0.00000000,"[0.00000000, 0.00000000, 0.00000000, 0.00000000, 0.00000000, 0.00000000, 0.00000000, 0.00000000]",0.05300000,0.43229545,24->16
8,8,8,0,8,"(2, 5, 6, 11, 15, 16, 17, 26)",5,32,probe_repair,"[45, 50, 90, 95, 125, 140, 185, 225, 250, 260, 270, 295, 330, 335, 355]",0.00000000,"[0.00000000, 0.00000000, 0.00000000, 0.00000000, 0.00000000, 0.00000000, 0.00000000, 0.00000000]",0.25800000,0.45745455,25->26
8,8,8,0,8,"(2, 5, 6, 11, 15, 16, 17, 26)",6,136,probe_repair,"[80, 100, 115, 145, 165, 170, 190, 210, 230, 235, 265, 270, 275, 345, 360]",0.00000000,"[0.00000000, 0.00000000, 0.00000000, 0.00000000, 0.00000000, 0.00000000, 0.00000000, 0.00000000]",0.06800000,0.44420455,24->16
8,8,8,0,8,"(2, 5, 6, 11, 15, 16, 17, 26)",7,68,probe_repair,"[20, 65, 90, 100, 175, 190, 210, 215, 290, 295, 305, 325, 335, 355, 365]",0.00000000,"[0.00000000, 0.00000000, 0.00000000, 0.00000000, 0.00000000, 0.00000000, 0.00000000, 0.00000000]",0.21400000,0.45736364,27->16
8,8,8,0,8,"(2, 5, 6, 11, 15, 16, 17, 26)",8,92,probe_repair,"[20, 40, 50, 55, 95, 130, 165, 175, 210, 240, 250, 265, 285, 335, 340]",0.00000000,"[0.00000000, 0.00000000, 0.00000000, 0.00000000, 0.00000000, 0.00000000, 0.00000000, 0.00000000]",0.06300000,0.45340909,21->11
8,8,8,0,8,"(2, 5, 6, 11, 15, 16, 17, 26)",9,78,probe_repair,"[5, 10, 35, 45, 80, 85, 130, 145, 150, 180, 240, 270, 275, 305, 340]",0.00000000,"[0.00000000, 0.00000000, 0.00000000, 0.00000000, 0.00000000, 0.00000000, 0.00000000, 0.00000000]",0.28100000,0.45804545,7->6
8,8,8,0,8,"(2, 5, 6, 11, 15, 16, 17, 26)",10,33,probe_repair,"[45, 50, 90, 95, 125, 140, 185, 225, 250, 260, 270, 295, 330, 335, 355]",0.00000000,"[0.00000000, 0.00000000, 0.00000000, 0.00000000, 0.00000000, 0.00000000, 0.00000000, 0.00000000]",0.31900000,0.45320455,24->15
8,8,8,0,9,"(1, 5, 6, 7, 9, 15, 22, 24)",1,45,probe_repair,"[10, 15, 30, 35, 80, 110, 135, 140, 205, 260, 280, 300, 310, 345, 365]",0.00000000,"[0.00000000, 0.00000000, 0.00000000, 0.00000000, 0.00000000, 0.00000000, 0.00000000, 0.00000000]",0.14500000,0.43650000,11->24
8,8,8,0,9,"(1, 5, 6, 7, 9, 15, 22, 24)",2,28,probe_repair,"[15, 75, 95, 100, 130, 135, 160, 165, 260, 275, 285, 295, 300, 335, 360]",0.00000000,"[0.00000000, 0.00000000, 0.00000000, 0.00000000, 0.00000000, 0.00000000, 0.00000000, 0.00000000]",0.34600000,0.45739583,16->5
8,8,8,0,9,"(1, 5, 6, 7, 9, 15, 22, 24)",3,69,probe_repair,"[30, 35, 65, 80, 85, 100, 110, 125, 140, 155, 160, 210, 275, 325, 330]",0.00000000,"[0.00000000, 0.00000000, 0.00000000, 0.00000000, 0.00000000, 0.00000000, 0.00000000, 0.00000000]",0.00500000,0.44333333,20->5
8,8,8,0,9,"(1, 5, 6, 7, 9, 15, 22, 24)",4,65,probe_repair,"[30, 45, 80, 100, 115, 150, 160, 230, 240, 245, 260, 265, 300, 310, 345]",0.00000000,"[0.00000000, 0.00000000, 0.00000000, 0.00000000, 0.00000000, 0.00000000, 0.00000000, 0.00000000]",0.35200000,0.45729167,27->6
8,8,8,0,9,"(1, 5, 6, 7, 9, 15, 22, 24)",5,37,probe_repair,"[25, 30, 35, 45, 50, 55, 60, 85, 95, 130, 155, 210, 225, 345, 355]",0.00000000,"[0.00000000, 0.00000000, 0.00000000, 0.00000000, 0.00000000, 0.00000000, 0.00000000, 0.00000000]",0.19300000,0.43977083,4->5
8,8,8,0,9,"(1, 5, 6, 7, 9, 15, 22, 24)",6,21,probe_repair,"[15, 75, 95, 100, 130, 135, 160, 165, 260, 275, 285, 295, 300, 335, 360]",0.00000000,"[0.00000000, 0.00000000, 0.00000000, 0.00000000, 0.00000000, 0.00000000, 0.00000000, 0.00000000]",0.23100000,0.44150000,18->24
8,8,8,0,9,"(1, 5, 6, 7, 9, 15, 22, 24)",7,63,probe_repair,"[30, 45, 80, 100, 115, 150, 160, 230, 240, 245, 260, 265, 300, 310, 345]",0.00000000,"[0.00000000, 0.00000000, 0.00000000, 0.00000000, 0.00000000, 0.00000000, 0.00000000, 0.00000000]",0.32100000,0.46285417,21->6
8,8,8,0,9,"(1, 5, 6, 7, 9, 15, 22, 24)",8,36,probe_repair,"[10, 15, 40, 45, 50, 90, 180, 210, 225, 240, 260, 280, 335, 340, 360]",0.00000000,"[0.00000000, 0.00000000, 0.00000000, 0.00000000, 0.00000000, 0.00000000, 0.00000000, 0.00000000]",0.26500000,0.45820833,4->15
8,8,8,0,9,"(1, 5, 6, 7, 9, 15, 22, 24)",9,61,probe_repair,"[30, 45, 80, 100, 115, 150, 160, 230, 240, 245, 260, 265, 300, 310, 345]",0.00000000,"[0.00000000, 0.00000000, 0.00000000, 0.00000000, 0.00000000, 0.00000000, 0.00000000, 0.00000000]",0.29000000,0.45137500,26->6
8,8,8,0,9,"(1, 5, 6, 7, 9, 15, 22, 24)",10,29,probe_repair,"[10, 15, 40, 45, 50, 90, 180, 210, 225, 240, 260, 280, 335, 340, 360]",0.00000000,"[0.00000000, 0.00000000, 0.00000000, 0.00000000, 0.00000000, 0.00000000, 0.00000000, 0.00000000]",0.15400000,0.43831250,28->15
8,8,8,0,10,"(5, 9, 11, 16, 24, 25, 26, 28)",1,40,probe_repair,"[15, 60, 100, 105, 125, 130, 140, 150, 160, 200, 245, 265, 285, 330, 360]",0.00000000,"[0.00000000, 0.00000000, 0.00000000, 0.00000000, 0.00000000, 0.00000000, 0.00000000, 0.00000000]",0.20000000,0.45836364,17->26
8,8,8,0,10,"(5, 9, 11, 16, 24, 25, 26, 28)",2,99,probe_repair,"[10, 120, 125, 135, 140, 155, 190, 210, 235, 245, 270, 290, 300, 325, 330]",0.00000000,"[0.00000000, 0.00000000, 0.00000000, 0.00000000, 0.00000000, 0.00000000, 0.00000000, 0.00000000]",0.13700000,0.46131818,21->26
8,8,8,0,10,"(5, 9, 11, 16, 24, 25, 26, 28)",3,21,probe_repair,"[25, 95, 105, 110, 140, 155, 180, 185, 190, 200, 270, 295, 310, 335, 365]",0.00000000,"[0.00000000, 0.00000000, 0.00000000, 0.00000000, 0.00000000, 0.00000000, 0.00000000, 0.00000000]",0.13200000,0.44272727,15->24
8,8,8,0,10,"(5, 9, 11, 16, 24, 25, 26, 28)",4,115,probe_repair,"[30, 40, 100, 110, 135, 140, 145, 170, 180, 190, 230, 290, 315, 330, 355]",0.00000000,"[0.00000000, 0.00000000, 0.00000000, 0.00000000, 0.00000000, 0.00000000, 0.00000000, 0.00000000]",0.33600000,0.45981818,2->26
8,8,8,0,10,"(5, 9, 11, 16, 24, 25, 26, 28)",5,123,probe_repair,"[35, 40, 55, 75, 135, 160, 180, 210, 220, 240, 255, 260, 270, 335, 345]",0.00000000,"[0.00000000, 0.00000000, 0.00000000, 0.00000000, 0.00000000, 0.00000000, 0.00000000, 0.00000000]",0.14500000,0.45997727,2->26
8,8,8,0,10,"(5, 9, 11, 16, 24, 25, 26, 28)",6,97,probe_repair,"[10, 120, 125, 135, 140, 155, 190, 210, 235, 245, 270, 290, 300, 325, 330]",0.00000000,"[0.00000000, 0.00000000, 0.00000000, 0.00000000, 0.00000000, 0.00000000, 0.00000000, 0.00000000]",0.13000000,0.45820455,21->26
8,8,8,0,10,"(5, 9, 11, 16, 24, 25, 26, 28)",7,111,probe_repair,"[30, 40, 100, 110, 135, 140, 145, 170, 180, 190, 230, 290, 315, 330, 355]",0.00000000,"[0.00000000, 0.00000000, 0.00000000, 0.00000000, 0.00000000, 0.00000000, 0.00000000, 0.00000000]",0.22900000,0.45843182,20->16
8,8,8,0,10,"(5, 9, 11, 16, 24, 25, 26, 28)",8,95,probe_repair,"[10, 120, 125, 135, 140, 155, 190, 210, 235, 245, 270, 290, 300, 325, 330]",0.00000000,"[0.00000000, 0.00000000, 0.00000000, 0.00000000, 0.00000000, 0.00000000, 0.00000000, 0.00000000]",0.15700000,0.46181818,21->26
8,8,8,0,10,"(5, 9, 11, 16, 24, 25, 26, 28)",9,37,probe_repair,"[15, 60, 100, 105, 125, 130, 140, 150, 160, 200, 245, 265, 285, 330, 360]",0.00000000,"[0.00000000, 0.00000000, 0.00000000, 0.00000000, 0.00000000, 0.00000000, 0.00000000, 0.00000000]",0.06600000,0.44368182,17->26
8,8,8,0,10,"(5, 9, 11, 16, 24, 25, 26, 28)",10,118,probe_repair,"[35, 40, 55, 75, 135, 160, 180, 210, 220, 240, 255, 260, 270, 335, 345]",0.00000000,"[0.00000000, 0.00000000, 0.00000000, 0.00000000, 0.00000000, 0.00000000, 0.00000000, 0.00000000]",0.18400000,0.45677273,2->26
8,8,8,0,11,"(4, 7, 11, 16, 20, 21, 25, 28)",1,325,probe_repair,"[15, 25, 50, 70, 85, 150, 155, 170, 175, 200, 240, 285, 315, 330, 345]",0.00000000,"[0.00000000, 0.00000000, 0.00000000, 0.00000000, 0.00000000, 0.00000000, 0.00000000, 0.00000000]",0.26800000,0.44347500,26->11
8,8,8,0,11,"(4, 7, 11, 16, 20, 21, 25, 28)",2,294,probe_repair,"[15, 30, 35, 100, 105, 130, 140, 150, 190, 230, 240, 255, 290, 295, 320]",0.00000000,"[0.00000000, 0.00000000, 0.00000000, 0.00000000, 0.00000000, 0.00000000, 0.00000000, 0.00000000]",0.17200000,0.45870000,15->4
8,8,8,0,11,"(4, 7, 11, 16, 20, 21, 25, 28)",3,307,probe_repair,"[5, 20, 30, 60, 65, 100, 115, 120, 235, 265, 275, 295, 315, 330, 355]",0.00000000,"[0.00000000, 0.00000000, 0.00000000, 0.00000000, 0.00000000, 0.00000000, 0.00000000, 0.00000000]",0.30200000,0.45820000,27->28
8,8,8,0,11,"(4, 7, 11, 16, 20, 21, 25, 28)",4,171,probe_repair,"[25, 55, 70, 75, 130, 155, 185, 190, 205, 210, 225, 230, 240, 285, 315]",0.00000000,"[0.00000000, 0.00000000, 0.00000000, 0.00000000, 0.00000000, 0.00000000, 0.00000000, 0.00000000]",0.20900000,0.45320000,15->28
8,8,8,0,11,"(4, 7, 11, 16, 20, 21, 25, 28)",5,129,probe_repair,"[50, 95, 170, 175, 205, 235, 255, 265, 275, 285, 295, 305, 310, 330, 360]",0.00000000,"[0.00000000, 0.00000000, 0.00000000, 0.00000000, 0.00000000, 0.00000000, 0.00000000, 0.00000000]",0.17200000,0.45187500,22->7
8,8,8,0,11,"(4, 7, 11, 16, 20, 21, 25, 28)",6,84,probe_repair,"[20, 80, 125, 130, 135, 140, 155, 170, 200, 255, 310, 335, 340, 355, 365]",0.00000000,"[0.00000000, 0.00000000, 0.00000000, 0.00000000, 0.00000000, 0.00000000, 0.00000000, 0.00000000]",0.30600000,0.45907500,9->25
8,8,8,0,11,"(4, 7, 11, 16, 20, 21, 25, 28)",7,288,probe_repair,"[10, 35, 40, 70, 75, 90, 120, 160, 175, 190, 220, 260, 280, 295, 330]",0.00000000,"[0.00000000, 0.00000000, 0.00000000, 0.00000000, 0.00000000, 0.00000000, 0.00000000, 0.00000000]",0.25600000,0.45507500,27->20
8,8,8,0,11,"(4, 7, 11, 16, 20, 21, 25, 28)",8,277,probe_repair,"[40, 55, 75, 90, 95, 105, 115, 120, 155, 160, 235, 285, 290, 300, 330]",0.00000000,"[0.00000000, 0.00000000, 0.00000000, 0.00000000, 0.00000000, 0.00000000, 0.00000000, 0.00000000]",0.10900000,0.43945000,2->7
8,8,8,0,11,"(4, 7, 11, 16, 20, 21, 25, 28)",9,246,probe_repair,"[20, 30, 70, 90, 120, 155, 170, 225, 240, 265, 275, 295, 305, 355, 360]",0.00000000,"[0.00000000, 0.00000000, 0.00000000, 0.00000000, 0.00000000, 0.00000000, 0.00000000, 0.00000000]",0.07600000,0.45805000,17->16
8,8,8,0,11,"(4, 7, 11, 16, 20, 21, 25, 28)",10,77,probe_repair,"[20, 80, 125, 130, 135, 140, 155, 170, 200, 255, 310, 335, 340, 355, 365]",0.00000000,"[0.00000000, 0.00000000, 0.00000000, 0.00000000, 0.00000000, 0.00000000, 0.00000000, 0.00000000]",0.16100000,0.44375000,9->25
8,8,8,0,12,"(4, 9, 17, 18, 20, 22, 24, 27)",1,209,probe_repair,"[30, 50, 100, 115, 125, 160, 170, 210, 230, 240, 245, 315, 330, 335, 340]",0.00000000,"[0.00000000, 0.00000000, 0.00000000, 0.00000000, 0.00000000, 0.00000000, 0.00000000, 0.00000000]",0.28700000,0.45637500,15->22
8,8,8,0,12,"(4, 9, 17, 18, 20, 22, 24, 27)",2,261,probe_repair,"[25, 35, 65, 80, 110, 130, 155, 200, 235, 245, 275, 300, 330, 360, 365]",0.00000000,"[0.00000000, 0.00000000, 0.00000000, 0.00000000, 0.00000000, 0.00000000, 0.00000000, 0.00000000]",0.15900000,0.43542500,25->24
8,8,8,0,12,"(4, 9, 17, 18, 20, 22, 24, 27)",3,237,probe_repair,"[5, 50, 95, 110, 120, 150, 160, 215, 225, 275, 295, 310, 325, 340, 360]",0.00000000,"[0.00000000, 0.00000000, 0.00000000, 0.00000000, 0.00000000, 0.00000000, 0.00000000, 0.00000000]",0.24600000,0.44947500,21->4
8,8,8,0,12,"(4, 9, 17, 18, 20, 22, 24, 27)",4,300,probe_repair,"[10, 25, 40, 145, 160, 165, 185, 190, 195, 220, 260, 265, 280, 315, 350]",0.00000000,"[0.00000000, 0.00000000, 0.00000000, 0.00000000, 0.00000000, 0.00000000, 0.00000000, 0.00000000]",0.30500000,0.46042500,11->17
8,8,8,0,12,"(4, 9, 17, 18, 20, 22, 24, 27)",5,206,probe_repair,"[30, 50, 100, 115, 125, 160, 170, 210, 230, 240, 245, 315, 330, 335, 340]",0.00000000,"[0.00000000, 0.00000000, 0.00000000, 0.00000000, 0.00000000, 0.00000000, 0.00000000, 0.00000000]",0.20600000,0.45377500,15->22
8,8,8,0,12,"(4, 9, 17, 18, 20, 22, 24, 27)",6,229,probe_repair,"[50, 55, 80, 90, 105, 115, 185, 190, 210, 240, 250, 270, 275, 345, 355]",0.00000000,"[0.00000000, 0.00000000, 0.00000000, 0.00000000, 0.00000000, 0.00000000, 0.00000000, 0.00000000]",0.07100000,0.43605000,6->24
8,8,8,0,12,"(4, 9, 17, 18, 20, 22, 24, 27)",7,52,probe_repair,"[25, 70, 90, 105, 115, 150, 165, 170, 215, 225, 260, 265, 280, 315, 320]",0.00000000,"[0.00000000, 0.00000000, 0.00000000, 0.00000000, 0.00000000, 0.00000000, 0.00000000, 0.00000000]",0.31000000,0.45572500,28->20
8,8,8,0,12,"(4, 9, 17, 18, 20, 22, 24, 27)",8,298,probe_repair,"[10, 25, 40, 145, 160, 165, 185, 190, 195, 220, 260, 265, 280, 315, 350]",0.00000000,"[0.00000000, 0.00000000, 0.00000000, 0.00000000, 0.00000000, 0.00000000, 0.00000000, 0.00000000]",0.19900000,0.46477500,26->18
8,8,8,0,12,"(4, 9, 17, 18, 20, 22, 24, 27)",9,214,probe_repair,"[30, 50, 95, 125, 145, 155, 190, 235, 240, 255, 260, 265, 290, 335, 365]",0.00000000,"[0.00000000, 0.00000000, 0.00000000, 0.00000000, 0.00000000, 0.00000000, 0.00000000, 0.00000000]",0.25000000,0.45187500,26->24
8,8,8,0,12,"(4, 9, 17, 18, 20, 22, 24, 27)",10,97,probe_repair,"[10, 55, 70, 75, 85, 110, 170, 185, 195, 260, 290, 300, 305, 315, 360]",0.00000000,"[0.00000000, 0.00000000, 0.00000000, 0.00000000, 0.00000000, 0.00000000, 0.00000000, 0.00000000]",0.15000000,0.45532500,25->9
8,8,8,0,13,"(1, 5, 6, 7, 22, 24, 26, 28)",1,37,probe_repair,"[45, 55, 60, 80, 85, 100, 115, 180, 220, 225, 250, 275, 280, 300, 345]",0.00000000,"[0.00000000, 0.00000000, 0.00000000, 0.00000000, 0.00000000, 0.00000000, 0.00000000, 0.00000000]",0.13600000,0.44395833,21->1
8,8,8,0,13,"(1, 5, 6, 7, 22, 24, 26, 28)",2,32,probe_repair,"[10, 25, 30, 35, 50, 65, 85, 115, 130, 230, 250, 265, 285, 305, 325]",0.00000000,"[0.00000000, 0.00000000, 0.00000000, 0.00000000, 0.00000000, 0.00000000, 0.00000000, 0.00000000]",0.25100000,0.45164583,2->24
8,8,8,0,13,"(1, 5, 6, 7, 22, 24, 26, 28)",3,22,probe_repair,"[10, 25, 105, 130, 165, 175, 200, 220, 225, 250, 265, 290, 305, 330, 360]",0.00000000,"[0.00000000, 0.00000000, 0.00000000, 0.00000000, 0.00000000, 0.00000000, 0.00000000, 0.00000000]",0.19600000,0.46114583,11->24
8,8,8,0,13,"(1, 5, 6, 7, 22, 24, 26, 28)",4,30,probe_repair,"[10, 25, 30, 35, 50, 65, 85, 115, 130, 230, 250, 265, 285, 305, 325]",0.00000000,"[0.00000000, 0.00000000, 0.00000000, 0.00000000, 0.00000000, 0.00000000, 0.00000000, 0.00000000]",0.22600000,0.45208333,16->22
8,8,8,0,13,"(1, 5, 6, 7, 22, 24, 26, 28)",5,34,probe_repair,"[10, 25, 30, 35, 50, 65, 85, 115, 130, 230, 250, 265, 285, 305, 325]",0.00000000,"[0.00000000, 0.00000000, 0.00000000, 0.00000000, 0.00000000, 0.00000000, 0.00000000, 0.00000000]",0.26200000,0.44866667,21->6
8,8,8,0,13,"(1, 5, 6, 7, 22, 24, 26, 28)",6,21,probe_repair,"[10, 25, 105, 130, 165, 175, 200, 220, 225, 250, 265, 290, 305, 330, 360]",0.00000000,"[0.00000000, 0.00000000, 0.00000000, 0.00000000, 0.00000000, 0.00000000, 0.00000000, 0.00000000]",0.13200000,0.44310417,21->7
8,8,8,0,13,"(1, 5, 6, 7, 22, 24, 26, 28)",7,36,probe_repair,"[10, 25, 30, 35, 50, 65, 85, 115, 130, 230, 250, 265, 285, 305, 325]",0.00000000,"[0.00000000, 0.00000000, 0.00000000, 0.00000000, 0.00000000, 0.00000000, 0.00000000, 0.00000000]",0.20700000,0.45125000,15->28
8,8,8,0,13,"(1, 5, 6, 7, 22, 24, 26, 28)",8,6,baseline,"[5, 30, 55, 80, 105, 130, 155, 180, 205, 230, 255, 280, 305, 330, 355]",0.00000000,"[0.00000000, 0.00000000, 0.00000000, 0.00000000, 0.00000000, 0.00000000, 0.00000000, 0.00000000]",0.16500000,0.44908333,15->5
8,8,8,0,13,"(1, 5, 6, 7, 22, 24, 26, 28)",9,15,baseline,"[5, 30, 55, 80, 105, 130, 155, 180, 205, 230, 255, 280, 305, 330, 355]",0.00000000,"[0.00000000, 0.00000000, 0.00000000, 0.00000000, 0.00000000, 0.00000000, 0.00000000, 0.00000000]",0.15800000,0.44443750,15->5
8,8,8,0,13,"(1, 5, 6, 7, 22, 24, 26, 28)",10,18,baseline,"[5, 30, 55, 80, 105, 130, 155, 180, 205, 230, 255, 280, 305, 330, 355]",0.00000000,"[0.00000000, 0.00000000, 0.00000000, 0.00000000, 0.00000000, 0.00000000, 0.00000000, 0.00000000]",0.15600000,0.44981250,15->5
8,8,8,0,14,"(15, 17, 18, 20, 25, 26, 27, 28)",1,72,probe_repair,"[15, 25, 35, 55, 135, 160, 175, 215, 220, 230, 260, 280, 300, 315, 335]",0.00000000,"[0.00000000, 0.00000000, 0.00000000, 0.00000000, 0.00000000, 0.00000000, 0.00000000, 0.00000000]",0.17100000,0.45097500,22->18
8,8,8,0,14,"(15, 17, 18, 20, 25, 26, 27, 28)",2,181,probe_repair,"[20, 35, 65, 85, 95, 100, 105, 145, 215, 225, 275, 285, 315, 330, 365]",0.00000000,"[0.00000000, 0.00000000, 0.00000000, 0.00000000, 0.00000000, 0.00000000, 0.00000000, 0.00000000]",0.10400000,0.43087500,16->15
8,8,8,0,14,"(15, 17, 18, 20, 25, 26, 27, 28)",3,202,probe_repair,"[15, 25, 35, 55, 70, 100, 200, 205, 210, 235, 270, 275, 290, 320, 360]",0.00000000,"[0.00000000, 0.00000000, 0.00000000, 0.00000000, 0.00000000, 0.00000000, 0.00000000, 0.00000000]",0.23500000,0.45692500,7->27
8,8,8,0,14,"(15, 17, 18, 20, 25, 26, 27, 28)",4,291,probe_repair,"[20, 90, 145, 160, 165, 175, 185, 190, 230, 250, 270, 280, 285, 315, 355]",0.00000000,"[0.00000000, 0.00000000, 0.00000000, 0.00000000, 0.00000000, 0.00000000, 0.00000000, 0.00000000]",0.19000000,0.45135000,24->15
8,8,8,0,14,"(15, 17, 18, 20, 25, 26, 27, 28)",5,133,probe_repair,"[20, 40, 50, 60, 90, 105, 155, 225, 260, 285, 290, 305, 320, 345, 355]",0.00000000,"[0.00000000, 0.00000000, 0.00000000, 0.00000000, 0.00000000, 0.00000000, 0.00000000, 0.00000000]",0.03800000,0.44592500,16->28
8,8,8,0,14,"(15, 17, 18, 20, 25, 26, 27, 28)",6,229,probe_repair,"[20, 40, 60, 85, 135, 160, 175, 200, 235, 240, 245, 260, 265, 275, 325]",0.00000000,"[0.00000000, 0.00000000, 0.00000000, 0.00000000, 0.00000000, 0.00000000, 0.00000000, 0.00000000]",0.19200000,0.43545000,21->15
8,8,8,0,14,"(15, 17, 18, 20, 25, 26, 27, 28)",7,183,probe_repair,"[20, 35, 65, 85, 95, 100, 105, 145, 215, 225, 275, 285, 315, 330, 365]",0.00000000,"[0.00000000, 0.00000000, 0.00000000, 0.00000000, 0.00000000, 0.00000000, 0.00000000, 0.00000000]",0.15700000,0.44915000,16->15
8,8,8,0,14,"(15, 17, 18, 20, 25, 26, 27, 28)",8,287,probe_repair,"[20, 90, 145, 160, 165, 175, 185, 190, 230, 250, 270, 280, 285, 315, 355]",0.00000000,"[0.00000000, 0.00000000, 0.00000000, 0.00000000, 0.00000000, 0.00000000, 0.00000000, 0.00000000]",0.15600000,0.44675000,24->15
8,8,8,0,14,"(15, 17, 18, 20, 25, 26, 27, 28)",9,69,probe_repair,"[15, 25, 35, 55, 135, 160, 175, 215, 220, 230, 260, 280, 300, 315, 335]",0.00000000,"[0.00000000, 0.00000000, 0.00000000, 0.00000000, 0.00000000, 0.00000000, 0.00000000, 0.00000000]",0.04600000,0.44305000,11->15
8,8,8,0,14,"(15, 17, 18, 20, 25, 26, 27, 28)",10,233,probe_repair,"[20, 40, 60, 85, 135, 160, 175, 200, 235, 240, 245, 260, 265, 275, 325]",0.00000000,"[0.00000000, 0.00000000, 0.00000000, 0.00000000, 0.00000000, 0.00000000, 0.00000000, 0.00000000]",0.34500000,0.45792500,21->15
8,8,8,0,15,"(5, 6, 11, 15, 18, 24, 25, 27)",1,43,probe_repair,"[30, 35, 40, 60, 85, 95, 110, 145, 175, 215, 220, 255, 315, 325, 360]",0.00000000,"[0.00000000, 0.00000000, 0.00000000, 0.00000000, 0.00000000, 0.00000000, 0.00000000, 0.00000000]",0.21300000,0.45745455,28->25
8,8,8,0,15,"(5, 6, 11, 15, 18, 24, 25, 27)",2,125,probe_repair,"[10, 30, 35, 40, 85, 125, 135, 245, 270, 275, 290, 300, 325, 330, 345]",0.00000000,"[0.00000000, 0.00000000, 0.00000000, 0.00000000, 0.00000000, 0.00000000, 0.00000000, 0.00000000]",0.12900000,0.43954545,7->6
8,8,8,0,15,"(5, 6, 11, 15, 18, 24, 25, 27)",3,68,probe_repair,"[45, 60, 110, 135, 140, 145, 175, 185, 220, 225, 255, 265, 280, 310, 335]",0.00000000,"[0.00000000, 0.00000000, 0.00000000, 0.00000000, 0.00000000, 0.00000000, 0.00000000, 0.00000000]",0.24300000,0.46004545,26->25
8,8,8,0,15,"(5, 6, 11, 15, 18, 24, 25, 27)",4,13,baseline,"[5, 30, 55, 80, 105, 130, 155, 180, 205, 230, 255, 280, 305, 330, 355]",0.00000000,"[0.00000000, 0.00000000, 0.00000000, 0.00000000, 0.00000000, 0.00000000, 0.00000000, 0.00000000]",0.27500000,0.45036364,2->24
8,8,8,0,15,"(5, 6, 11, 15, 18, 24, 25, 27)",5,77,probe_repair,"[25, 30, 35, 65, 80, 90, 130, 145, 160, 185, 240, 255, 285, 300, 335]",0.00000000,"[0.00000000, 0.00000000, 0.00000000, 0.00000000, 0.00000000, 0.00000000, 0.00000000, 0.00000000]",0.00700000,0.43531818,7->24
8,8,8,0,15,"(5, 6, 11, 15, 18, 24, 25, 27)",6,93,probe_repair,"[5, 20, 40, 95, 110, 115, 140, 165, 190, 230, 275, 340, 355, 360, 365]",0.00000000,"[0.00000000, 0.00000000, 0.00000000, 0.00000000, 0.00000000, 0.00000000, 0.00000000, 0.00000000]",0.03900000,0.44886364,26->18
8,8,8,0,15,"(5, 6, 11, 15, 18, 24, 25, 27)",7,37,probe_repair,"[30, 35, 40, 60, 85, 95, 110, 145, 175, 215, 220, 255, 315, 325, 360]",0.00000000,"[0.00000000, 0.00000000, 0.00000000, 0.00000000, 0.00000000, 0.00000000, 0.00000000, 0.00000000]",0.14400000,0.43934091,21->18
8,8,8,0,15,"(5, 6, 11, 15, 18, 24, 25, 27)",8,29,probe_repair,"[10, 40, 55, 60, 65, 125, 140, 155, 160, 165, 180, 190, 270, 305, 360]",0.00000000,"[0.00000000, 0.00000000, 0.00000000, 0.00000000, 0.00000000, 0.00000000, 0.00000000, 0.00000000]",0.07200000,0.44450000,2->18
8,8,8,0,15,"(5, 6, 11, 15, 18, 24, 25, 27)",9,61,probe_repair,"[45, 60, 110, 135, 140, 145, 175, 185, 220, 225, 255, 265, 280, 310, 335]",0.00000000,"[0.00000000, 0.00000000, 0.00000000, 0.00000000, 0.00000000, 0.00000000, 0.00000000, 0.00000000]",0.19800000,0.44331818,21->5
8,8,8,0,15,"(5, 6, 11, 15, 18, 24, 25, 27)",10,53,probe_repair,"[15, 25, 30, 60, 140, 145, 165, 175, 185, 205, 245, 275, 290, 315, 340]",0.00000000,"[0.00000000, 0.00000000, 0.00000000, 0.00000000, 0.00000000, 0.00000000, 0.00000000, 0.00000000]",0.14400000,0.43052273,7->6
8,8,8,0,16,"(1, 6, 7, 9, 11, 15, 17, 27)",1,60,probe_repair,"[15, 30, 40, 65, 85, 120, 135, 140, 185, 200, 235, 285, 295, 345, 355]",0.00000000,"[0.00000000, 0.00000000, 0.00000000, 0.00000000, 0.00000000, 0.00000000, 0.00000000, 0.00000000]",0.14800000,0.46336364,16->9
8,8,8,0,16,"(1, 6, 7, 9, 11, 15, 17, 27)",2,149,probe_repair,"[50, 55, 70, 75, 90, 115, 130, 175, 190, 210, 225, 280, 330, 345, 360]",0.00000000,"[0.00000000, 0.00000000, 0.00000000, 0.00000000, 0.00000000, 0.00000000, 0.00000000, 0.00000000]",0.02700000,0.43777273,18->7
8,8,8,0,16,"(1, 6, 7, 9, 11, 15, 17, 27)",3,69,probe_repair,"[5, 25, 80, 140, 160, 175, 200, 205, 225, 230, 250, 265, 295, 325, 355]",0.00000000,"[0.00000000, 0.00000000, 0.00000000, 0.00000000, 0.00000000, 0.00000000, 0.00000000, 0.00000000]",0.12400000,0.44463636,21->11
8,8,8,0,16,"(1, 6, 7, 9, 11, 15, 17, 27)",4,54,probe_repair,"[15, 30, 40, 65, 85, 120, 135, 140, 185, 200, 235, 285, 295, 345, 355]",0.00000000,"[0.00000000, 0.00000000, 0.00000000, 0.00000000, 0.00000000, 0.00000000, 0.00000000, 0.00000000]",0.27500000,0.46256818,16->9
8,8,8,0,16,"(1, 6, 7, 9, 11, 15, 17, 27)",5,93,probe_repair,"[40, 60, 70, 75, 90, 100, 125, 160, 180, 250, 260, 285, 300, 335, 355]",0.00000000,"[0.00000000, 0.00000000, 0.00000000, 0.00000000, 0.00000000, 0.00000000, 0.00000000, 0.00000000]",0.07000000,0.44302273,25->9
8,8,8,0,16,"(1, 6, 7, 9, 11, 15, 17, 27)",6,1,baseline,"[5, 30, 55, 80, 105, 130, 155, 180, 205, 230, 255, 280, 305, 330, 355]",0.00000000,"[0.00000000, 0.00000000, 0.00000000, 0.00000000, 0.00000000, 0.00000000, 0.00000000, 0.00000000]",0.12900000,0.43961364,26->17
8,8,8,0,16,"(1, 6, 7, 9, 11, 15, 17, 27)",7,99,probe_repair,"[40, 60, 70, 75, 90, 100, 125, 160, 180, 250, 260, 285, 300, 335, 355]",0.00000000,"[0.00000000, 0.00000000, 0.00000000, 0.00000000, 0.00000000, 0.00000000, 0.00000000, 0.00000000]",0.08900000,0.45386364,24->15
8,8,8,0,16,"(1, 6, 7, 9, 11, 15, 17, 27)",8,153,probe_repair,"[50, 55, 70, 75, 90, 115, 130, 175, 190, 210, 225, 280, 330, 345, 360]",0.00000000,"[0.00000000, 0.00000000, 0.00000000, 0.00000000, 0.00000000, 0.00000000, 0.00000000, 0.00000000]",0.16600000,0.45284091,18->7
8,8,8,0,16,"(1, 6, 7, 9, 11, 15, 17, 27)",9,98,probe_repair,"[40, 60, 70, 75, 90, 100, 125, 160, 180, 250, 260, 285, 300, 335, 355]",0.00000000,"[0.00000000, 0.00000000, 0.00000000, 0.00000000, 0.00000000, 0.00000000, 0.00000000, 0.00000000]",0.15800000,0.45847727,21->11
8,8,8,0,16,"(1, 6, 7, 9, 11, 15, 17, 27)",10,45,probe_repair,"[95, 115, 120, 125, 135, 150, 165, 180, 190, 260, 275, 285, 300, 330, 345]",0.00000000,"[0.00000000, 0.00000000, 0.00000000, 0.00000000, 0.00000000, 0.00000000, 0.00000000, 0.00000000]",0.22400000,0.44756818,25->7
8,8,8,0,17,"(2, 7, 11, 15, 16, 17, 24, 27)",1,508,probe_repair,"[25, 35, 50, 85, 90, 105, 135, 150, 170, 225, 235, 275, 295, 315, 325]",0.00000000,"[0.00000000, 0.00000000, 0.00000000, 0.00000000, 0.00000000, 0.00000000, 0.00000000, 0.00000000]",0.20600000,0.45255000,26->27
8,8,8,0,17,"(2, 7, 11, 15, 16, 17, 24, 27)",2,322,probe_repair,"[20, 55, 60, 65, 75, 110, 115, 120, 200, 230, 285, 300, 315, 355, 365]",0.00000000,"[0.00000000, 0.00000000, 0.00000000, 0.00000000, 0.00000000, 0.00000000, 0.00000000, 0.00000000]",0.18800000,0.44360000,4->24
8,8,8,0,17,"(2, 7, 11, 15, 16, 17, 24, 27)",3,453,probe_repair,"[10, 80, 95, 110, 135, 155, 170, 195, 235, 245, 260, 265, 280, 295, 300]",0.00000000,"[0.00000000, 0.00000000, 0.00000000, 0.00000000, 0.00000000, 0.00000000, 0.00000000, 0.00000000]",0.02700000,0.43822500,4->24
8,8,8,0,17,"(2, 7, 11, 15, 16, 17, 24, 27)",4,181,probe_repair,"[10, 20, 45, 55, 65, 70, 80, 125, 235, 240, 255, 295, 300, 325, 360]",0.00000000,"[0.00000000, 0.00000000, 0.00000000, 0.00000000, 0.00000000, 0.00000000, 0.00000000, 0.00000000]",0.17200000,0.44037500,22->17
8,8,8,0,17,"(2, 7, 11, 15, 16, 17, 24, 27)",5,349,probe_repair,"[15, 20, 25, 65, 70, 75, 125, 140, 150, 160, 180, 225, 245, 285, 310]",0.00000000,"[0.00000000, 0.00000000, 0.00000000, 0.00000000, 0.00000000, 0.00000000, 0.00000000, 0.00000000]",0.01000000,0.42587500,18->24
8,8,8,0,17,"(2, 7, 11, 15, 16, 17, 24, 27)",6,950,probe_repair,"[40, 60, 110, 115, 125, 130, 185, 200, 230, 250, 305, 325, 350, 355, 365]",0.00000000,"[0.00000000, 0.00000000, 0.00000000, 0.00000000, 0.00000000, 0.00000000, 0.00000000, 0.00000000]",0.32100000,0.45497500,18->24
8,8,8,0,17,"(2, 7, 11, 15, 16, 17, 24, 27)",7,1257,probe_repair,"[5, 75, 100, 105, 225, 235, 250, 260, 270, 275, 285, 310, 315, 345, 350]",0.00000000,"[0.00000000, 0.00000000, 0.00000000, 0.00000000, 0.00000000, 0.00000000, 0.00000000, 0.00000000]",0.24600000,0.44892500,20->2
8,8,8,0,17,"(2, 7, 11, 15, 16, 17, 24, 27)",8,573,probe_repair,"[10, 15, 40, 120, 135, 140, 185, 200, 210, 265, 270, 315, 350, 355, 365]",0.00000000,"[0.00000000, 0.00000000, 0.00000000, 0.00000000, 0.00000000, 0.00000000, 0.00000000, 0.00000000]",0.08000000,0.43797500,4->16
8,8,8,0,17,"(2, 7, 11, 15, 16, 17, 24, 27)",9,266,probe_repair,"[20, 25, 40, 65, 85, 150, 160, 170, 175, 180, 195, 250, 270, 350, 365]",0.00000000,"[0.00000000, 0.00000000, 0.00000000, 0.00000000, 0.00000000, 0.00000000, 0.00000000, 0.00000000]",0.22700000,0.44565000,26->16
8,8,8,0,17,"(2, 7, 11, 15, 16, 17, 24, 27)",10,1241,probe_repair,"[20, 60, 85, 95, 175, 185, 195, 215, 220, 225, 250, 280, 300, 345, 365]",0.00000000,"[0.00000000, 0.00000000, 0.00000000, 0.00000000, 0.00000000, 0.00000000, 0.00000000, 0.00000000]",0.26700000,0.45775000,28->24
8,8,8,0,18,"(2, 6, 9, 15, 22, 24, 25, 27)",1,427,probe_repair,"[5, 30, 35, 70, 115, 120, 160, 170, 220, 235, 285, 310, 325, 355, 365]",0.00000000,"[0.00000000, 0.00000000, 0.00000000, 0.00000000, 0.00000000, 0.00000000, 0.00000000, 0.00000000]",0.25300000,0.45580000,26->2
8,8,8,0,18,"(2, 6, 9, 15, 22, 24, 25, 27)",2,1480,probe_repair,"[5, 10, 25, 35, 70, 120, 125, 160, 170, 205, 260, 265, 275, 295, 340]",0.00000000,"[0.00000000, 0.00000000, 0.00000000, 0.00000000, 0.00000000, 0.00000000, 0.00000000, 0.00000000]",0.23000000,0.45300000,26->22
8,8,8,0,18,"(2, 6, 9, 15, 22, 24, 25, 27)",3,415,probe_repair,"[20, 25, 70, 80, 95, 125, 130, 155, 195, 205, 235, 280, 295, 305, 330]",0.00000000,"[0.00000000, 0.00000000, 0.00000000, 0.00000000, 0.00000000, 0.00000000, 0.00000000, 0.00000000]",0.15600000,0.45647500,16->2
8,8,8,0,18,"(2, 6, 9, 15, 22, 24, 25, 27)",4,450,probe_repair,"[10, 25, 30, 85, 120, 130, 195, 200, 215, 230, 265, 270, 275, 350, 360]",0.00000000,"[0.00000000, 0.00000000, 0.00000000, 0.00000000, 0.00000000, 0.00000000, 0.00000000, 0.00000000]",0.26300000,0.45615000,26->27
8,8,8,0,18,"(2, 6, 9, 15, 22, 24, 25, 27)",5,205,probe_repair,"[35, 45, 70, 75, 115, 140, 145, 255, 260, 280, 285, 340, 355, 360, 365]",0.00000000,"[0.00000000, 0.00000000, 0.00000000, 0.00000000, 0.00000000, 0.00000000, 0.00000000, 0.00000000]",0.13700000,0.43832500,16->25
8,8,8,0,18,"(2, 6, 9, 15, 22, 24, 25, 27)",6,240,probe_repair,"[40, 50, 60, 75, 110, 120, 170, 180, 285, 290, 295, 305, 320, 355, 360]",0.00000000,"[0.00000000, 0.00000000, 0.00000000, 0.00000000, 0.00000000, 0.00000000, 0.00000000, 0.00000000]",0.08700000,0.45807500,4->6
8,8,8,0,18,"(2, 6, 9, 15, 22, 24, 25, 27)",7,740,probe_repair,"[10, 35, 40, 45, 70, 110, 145, 175, 190, 250, 275, 300, 325, 355, 365]",0.00000000,"[0.00000000, 0.00000000, 0.00000000, 0.00000000, 0.00000000, 0.00000000, 0.00000000, 0.00000000]",0.18300000,0.46015000,28->15
8,8,8,0,18,"(2, 6, 9, 15, 22, 24, 25, 27)",8,1155,probe_repair,"[10, 70, 90, 110, 115, 120, 150, 165, 190, 210, 215, 225, 290, 295, 310]",0.00000000,"[0.00000000, 0.00000000, 0.00000000, 0.00000000, 0.00000000, 0.00000000, 0.00000000, 0.00000000]",0.24800000,0.45287500,11->9
8,8,8,0,18,"(2, 6, 9, 15, 22, 24, 25, 27)",9,1482,probe_repair,"[5, 10, 25, 35, 70, 120, 125, 160, 170, 205, 260, 265, 275, 295, 340]",0.00000000,"[0.00000000, 0.00000000, 0.00000000, 0.00000000, 0.00000000, 0.00000000, 0.00000000, 0.00000000]",0.21800000,0.45045000,26->22
8,8,8,0,18,"(2, 6, 9, 15, 22, 24, 25, 27)",10,1299,probe_repair,"[10, 15, 35, 40, 45, 55, 65, 145, 150, 200, 245, 255, 270, 275, 280]",0.00000000,"[0.00000000, 0.00000000, 0.00000000, 0.00000000, 0.00000000, 0.00000000, 0.00000000, 0.00000000]",0.11800000,0.44852500,21->25
8,8,8,0,19,"(4, 5, 7, 16, 20, 21, 22, 24)",1,482,probe_repair,"[5, 30, 65, 120, 145, 155, 160, 190, 205, 230, 235, 245, 255, 270, 295]",0.00000000,"[0.00000000, 0.00000000, 0.00000000, 0.00000000, 0.00000000, 0.00000000, 0.00000000, 0.00000000]",0.19000000,0.45640909,17->24
8,8,8,0,19,"(4, 5, 7, 16, 20, 21, 22, 24)",2,632,probe_repair,"[20, 45, 55, 125, 130, 140, 155, 170, 220, 240, 260, 280, 300, 315, 335]",0.00000000,"[0.00000000, 0.00000000, 0.00000000, 0.00000000, 0.00000000, 0.00000000, 0.00000000, 0.00000000]",0.24000000,0.45945455,18->20
8,8,8,0,19,"(4, 5, 7, 16, 20, 21, 22, 24)",3,604,probe_repair,"[30, 90, 115, 140, 145, 150, 165, 200, 230, 255, 265, 280, 325, 335, 345]",0.00000000,"[0.00000000, 0.00000000, 0.00000000, 0.00000000, 0.00000000, 0.00000000, 0.00000000, 0.00000000]",0.29100000,0.46218182,26->7
8,8,8,0,19,"(4, 5, 7, 16, 20, 21, 22, 24)",4,321,probe_repair,"[5, 55, 95, 120, 125, 180, 265, 285, 295, 300, 310, 325, 340, 360, 365]",0.00000000,"[0.00000000, 0.00000000, 0.00000000, 0.00000000, 0.00000000, 0.00000000, 0.00000000, 0.00000000]",0.34700000,0.46331818,18->7
8,8,8,0,19,"(4, 5, 7, 16, 20, 21, 22, 24)",5,398,probe_repair,"[25, 40, 65, 90, 105, 160, 165, 210, 220, 230, 255, 285, 300, 315, 355]",0.00000000,"[0.00000000, 0.00000000, 0.00000000, 0.00000000, 0.00000000, 0.00000000, 0.00000000, 0.00000000]",0.29000000,0.45402273,28->22
8,8,8,0,19,"(4, 5, 7, 16, 20, 21, 22, 24)",6,234,probe_repair,"[10, 35, 90, 95, 145, 150, 185, 220, 260, 270, 285, 300, 330, 335, 340]",0.00000000,"[0.00000000, 0.00000000, 0.00000000, 0.00000000, 0.00000000, 0.00000000, 0.00000000, 0.00000000]",0.18000000,0.45500000,26->21
8,8,8,0,19,"(4, 5, 7, 16, 20, 21, 22, 24)",7,400,probe_repair,"[25, 40, 65, 90, 105, 160, 165, 210, 220, 230, 255, 285, 300, 315, 355]",0.00000000,"[0.00000000, 0.00000000, 0.00000000, 0.00000000, 0.00000000, 0.00000000, 0.00000000, 0.00000000]",0.14400000,0.45786364,28->22
8,8,8,0,19,"(4, 5, 7, 16, 20, 21, 22, 24)",8,397,probe_repair,"[25, 40, 65, 90, 105, 160, 165, 210, 220, 230, 255, 285, 300, 315, 355]",0.00000000,"[0.00000000, 0.00000000, 0.00000000, 0.00000000, 0.00000000, 0.00000000, 0.00000000, 0.00000000]",0.00000000,0.43384091,28->22
8,8,8,0,19,"(4, 5, 7, 16, 20, 21, 22, 24)",9,55,probe_repair,"[10, 75, 105, 135, 150, 160, 180, 190, 200, 220, 225, 275, 325, 330, 365]",0.00000000,"[0.00000000, 0.00000000, 0.00000000, 0.00000000, 0.00000000, 0.00000000, 0.00000000, 0.00000000]",0.23900000,0.45054545,6->21
8,8,8,0,19,"(4, 5, 7, 16, 20, 21, 22, 24)",10,601,probe_repair,"[30, 90, 115, 140, 145, 150, 165, 200, 230, 255, 265, 280, 325, 335, 345]",0.00000000,"[0.00000000, 0.00000000, 0.00000000, 0.00000000, 0.00000000, 0.00000000, 0.00000000, 0.00000000]",0.27300000,0.45784091,28->7
8,8,8,0,20,"(2, 4, 7, 17, 18, 21, 22, 24)",1,773,probe_repair,"[40, 55, 105, 110, 115, 155, 165, 190, 200, 240, 255, 270, 315, 335, 340]",0.00000000,"[0.00000000, 0.00000000, 0.00000000, 0.00000000, 0.00000000, 0.00000000, 0.00000000, 0.00000000]",0.03100000,0.43475000,28->2
8,8,8,0,20,"(2, 4, 7, 17, 18, 21, 22, 24)",2,825,probe_repair,"[10, 25, 45, 75, 105, 150, 165, 185, 190, 200, 230, 245, 265, 280, 320]",0.00000000,"[0.00000000, 0.00000000, 0.00000000, 0.00000000, 0.00000000, 0.00000000, 0.00000000, 0.00000000]",0.10000000,0.45020000,26->7
8,8,8,0,20,"(2, 4, 7, 17, 18, 21, 22, 24)",3,829,probe_repair,"[15, 55, 85, 120, 160, 180, 185, 205, 260, 280, 320, 330, 335, 340, 355]",0.00000000,"[0.00000000, 0.00000000, 0.00000000, 0.00000000, 0.00000000, 0.00000000, 0.00000000, 0.00000000]",0.01500000,0.43460000,16->2
8,8,8,0,20,"(2, 4, 7, 17, 18, 21, 22, 24)",4,1435,probe_repair,"[25, 35, 50, 55, 65, 95, 120, 145, 190, 195, 210, 215, 260, 285, 330]",0.00000000,"[0.00000000, 0.00000000, 0.00000000, 0.00000000, 0.00000000, 0.00000000, 0.00000000, 0.00000000]",0.31200000,0.45640000,16->4
8,8,8,0,20,"(2, 4, 7, 17, 18, 21, 22, 24)",5,605,probe_repair,"[25, 75, 125, 160, 175, 190, 225, 230, 235, 245, 260, 275, 325, 345, 355]",0.00000000,"[0.00000000, 0.00000000, 0.00000000, 0.00000000, 0.00000000, 0.00000000, 0.00000000, 0.00000000]",0.04400000,0.43967500,15->21
8,8,8,0,20,"(2, 4, 7, 17, 18, 21, 22, 24)",6,827,probe_repair,"[10, 25, 45, 75, 105, 150, 165, 185, 190, 200, 230, 245, 265, 280, 320]",0.00000000,"[0.00000000, 0.00000000, 0.00000000, 0.00000000, 0.00000000, 0.00000000, 0.00000000, 0.00000000]",0.12300000,0.45477500,26->7
8,8,8,0,20,"(2, 4, 7, 17, 18, 21, 22, 24)",7,1,baseline,"[5, 30, 55, 80, 105, 130, 155, 180, 205, 230, 255, 280, 305, 330, 355]",0.00000000,"[0.00000000, 0.00000000, 0.00000000, 0.00000000, 0.00000000, 0.00000000, 0.00000000, 0.00000000]",0.22000000,0.43867500,6->4
8,8,8,0,20,"(2, 4, 7, 17, 18, 21, 22, 24)",8,142,probe_repair,"[25, 30, 50, 85, 90, 100, 120, 160, 165, 175, 180, 195, 215, 245, 260]",0.00000000,"[0.00000000, 0.00000000, 0.00000000, 0.00000000, 0.00000000, 0.00000000, 0.00000000, 0.00000000]",0.11800000,0.45902500,20->22
8,8,8,0,20,"(2, 4, 7, 17, 18, 21, 22, 24)",9,356,probe_repair,"[20, 30, 60, 70, 95, 120, 155, 185, 200, 235, 245, 265, 285, 295, 350]",0.00000000,"[0.00000000, 0.00000000, 0.00000000, 0.00000000, 0.00000000, 0.00000000, 0.00000000, 0.00000000]",0.17700000,0.45220000,28->18
8,8,8,0,20,"(2, 4, 7, 17, 18, 21, 22, 24)",10,1009,probe_repair,"[15, 55, 75, 80, 115, 125, 130, 165, 185, 225, 330, 340, 345, 360, 365]",0.00000000,"[0.00000000, 0.00000000, 0.00000000, 0.00000000, 0.00000000, 0.00000000, 0.00000000, 0.00000000]",0.26600000,0.46292500,16->2
8,8,8,0,21,"(4, 6, 9, 16, 22, 24, 27, 28)",1,1425,probe_repair,"[5, 20, 95, 120, 125, 135, 145, 165, 195, 230, 285, 305, 320, 330, 350]",0.00000000,"[0.00000000, 0.00000000, 0.00000000, 0.00000000, 0.00000000, 0.00000000, 0.00000000, 0.00000000]",0.23000000,0.45737500,17->24
8,8,8,0,21,"(4, 6, 9, 16, 22, 24, 27, 28)",2,1257,probe_repair,"[5, 15, 40, 55, 65, 80, 85, 110, 130, 135, 155, 220, 255, 325, 350]",0.00000000,"[0.00000000, 0.00000000, 0.00000000, 0.00000000, 0.00000000, 0.00000000, 0.00000000, 0.00000000]",0.20900000,0.45057500,21->22
8,8,8,0,21,"(4, 6, 9, 16, 22, 24, 27, 28)",3,1258,probe_repair,"[5, 15, 40, 55, 65, 80, 85, 110, 130, 135, 155, 220, 255, 325, 350]",0.00000000,"[0.00000000, 0.00000000, 0.00000000, 0.00000000, 0.00000000, 0.00000000, 0.00000000, 0.00000000]",0.14200000,0.45097500,17->16
8,8,8,0,21,"(4, 6, 9, 16, 22, 24, 27, 28)",4,1595,probe_repair,"[5, 20, 45, 60, 130, 135, 180, 195, 245, 250, 260, 290, 310, 330, 340]",0.00000000,"[0.00000000, 0.00000000, 0.00000000, 0.00000000, 0.00000000, 0.00000000, 0.00000000, 0.00000000]",0.18900000,0.45285000,11->6
8,8,8,0,21,"(4, 6, 9, 16, 22, 24, 27, 28)",5,429,probe_repair,"[10, 20, 25, 90, 115, 135, 140, 145, 180, 210, 290, 300, 320, 330, 340]",0.00000000,"[0.00000000, 0.00000000, 0.00000000, 0.00000000, 0.00000000, 0.00000000, 0.00000000, 0.00000000]",0.17300000,0.44355000,7->6
8,8,8,0,21,"(4, 6, 9, 16, 22, 24, 27, 28)",6,800,probe_repair,"[5, 25, 30, 95, 100, 120, 130, 160, 185, 215, 220, 255, 305, 315, 320]",0.00000000,"[0.00000000, 0.00000000, 0.00000000, 0.00000000, 0.00000000, 0.00000000, 0.00000000, 0.00000000]",0.22700000,0.45670000,17->28
8,8,8,0,21,"(4, 6, 9, 16, 22, 24, 27, 28)",7,944,probe_repair,"[5, 85, 95, 115, 125, 130, 135, 170, 185, 200, 215, 220, 275, 280, 340]",0.00000000,"[0.00000000, 0.00000000, 0.00000000, 0.00000000, 0.00000000, 0.00000000, 0.00000000, 0.00000000]",0.24300000,0.46305000,25->28
8,8,8,0,21,"(4, 6, 9, 16, 22, 24, 27, 28)",8,1213,probe_repair,"[45, 65, 75, 90, 105, 115, 165, 185, 195, 200, 205, 230, 250, 275, 340]",0.00000000,"[0.00000000, 0.00000000, 0.00000000, 0.00000000, 0.00000000, 0.00000000, 0.00000000, 0.00000000]",0.13500000,0.44712500,26->22
8,8,8,0,21,"(4, 6, 9, 16, 22, 24, 27, 28)",9,754,probe_repair,"[15, 25, 35, 85, 125, 150, 155, 175, 195, 210, 260, 285, 290, 300, 355]",0.00000000,"[0.00000000, 0.00000000, 0.00000000, 0.00000000, 0.00000000, 0.00000000, 0.00000000, 0.00000000]",0.27300000,0.45855000,11->24
8,8,8,0,21,"(4, 6, 9, 16, 22, 24, 27, 28)",10,1564,probe_repair,"[5, 15, 40, 45, 100, 115, 180, 245, 265, 275, 300, 305, 310, 335, 340]",0.00000000,"[0.00000000, 0.00000000, 0.00000000, 0.00000000, 0.00000000, 0.00000000, 0.00000000, 0.00000000]",0.19500000,0.45055000,21->4
8,8,8,0,22,"(1, 5, 9, 11, 17, 21, 22, 24)",1,85,probe_repair,"[50, 55, 65, 90, 110, 130, 155, 175, 205, 280, 295, 300, 325, 330, 355]",0.00000000,"[0.00000000, 0.00000000, 0.00000000, 0.00000000, 0.00000000, 0.00000000, 0.00000000, 0.00000000]",0.13000000,0.43602083,15->22
8,8,8,0,22,"(1, 5, 9, 11, 17, 21, 22, 24)",2,255,probe_repair,"[30, 60, 65, 80, 95, 105, 175, 180, 185, 240, 250, 265, 300, 345, 365]",0.00000000,"[0.00000000, 0.00000000, 0.00000000, 0.00000000, 0.00000000, 0.00000000, 0.00000000, 0.00000000]",0.15200000,0.45058333,18->17
8,8,8,0,22,"(1, 5, 9, 11, 17, 21, 22, 24)",3,214,probe_repair,"[5, 30, 55, 140, 145, 180, 205, 235, 240, 255, 280, 285, 305, 340, 360]",0.00000000,"[0.00000000, 0.00000000, 0.00000000, 0.00000000, 0.00000000, 0.00000000, 0.00000000, 0.00000000]",0.11500000,0.44827083,15->22
8,8,8,0,22,"(1, 5, 9, 11, 17, 21, 22, 24)",4,169,probe_repair,"[35, 45, 50, 65, 85, 120, 130, 165, 185, 200, 205, 255, 285, 360, 365]",0.00000000,"[0.00000000, 0.00000000, 0.00000000, 0.00000000, 0.00000000, 0.00000000, 0.00000000, 0.00000000]",0.23200000,0.45716667,20->5
8,8,8,0,22,"(1, 5, 9, 11, 17, 21, 22, 24)",5,253,probe_repair,"[30, 60, 65, 80, 95, 105, 175, 180, 185, 240, 250, 265, 300, 345, 365]",0.00000000,"[0.00000000, 0.00000000, 0.00000000, 0.00000000, 0.00000000, 0.00000000, 0.00000000, 0.00000000]",0.02000000,0.43654167,7->24
8,8,8,0,22,"(1, 5, 9, 11, 17, 21, 22, 24)",6,258,probe_repair,"[30, 60, 65, 80, 95, 105, 175, 180, 185, 240, 250, 265, 300, 345, 365]",0.00000000,"[0.00000000, 0.00000000, 0.00000000, 0.00000000, 0.00000000, 0.00000000, 0.00000000, 0.00000000]",0.15700000,0.45464583,16->9
8,8,8,0,22,"(1, 5, 9, 11, 17, 21, 22, 24)",7,218,probe_repair,"[5, 30, 55, 140, 145, 180, 205, 235, 240, 255, 280, 285, 305, 340, 360]",0.00000000,"[0.00000000, 0.00000000, 0.00000000, 0.00000000, 0.00000000, 0.00000000, 0.00000000, 0.00000000]",0.17600000,0.44618750,15->22
8,8,8,0,22,"(1, 5, 9, 11, 17, 21, 22, 24)",8,197,probe_repair,"[10, 45, 50, 65, 80, 100, 140, 145, 160, 220, 230, 290, 295, 340, 345]",0.00000000,"[0.00000000, 0.00000000, 0.00000000, 0.00000000, 0.00000000, 0.00000000, 0.00000000, 0.00000000]",0.06600000,0.42943750,4->9
8,8,8,0,22,"(1, 5, 9, 11, 17, 21, 22, 24)",9,220,probe_repair,"[5, 30, 55, 140, 145, 180, 205, 235, 240, 255, 280, 285, 305, 340, 360]",0.00000000,"[0.00000000, 0.00000000, 0.00000000, 0.00000000, 0.00000000, 0.00000000, 0.00000000, 0.00000000]",0.09200000,0.44904167,15->22
8,8,8,0,22,"(1, 5, 9, 11, 17, 21, 22, 24)",10,88,probe_repair,"[50, 55, 65, 90, 110, 130, 155, 175, 205, 280, 295, 300, 325, 330, 355]",0.00000000,"[0.00000000, 0.00000000, 0.00000000, 0.00000000, 0.00000000, 0.00000000, 0.00000000, 0.00000000]",0.24200000,0.45154167,4->11
8,8,8,0,23,"(1, 9, 11, 15, 16, 17, 18, 21)",1,548,probe_repair,"[15, 85, 95, 145, 170, 175, 180, 205, 225, 230, 235, 245, 290, 310, 360]",0.00000000,"[0.00000000, 0.00000000, 0.00000000, 0.00000000, 0.00000000, 0.00000000, 0.00000000, 0.00000000]",0.25100000,0.45777273,26->16
8,8,8,0,23,"(1, 9, 11, 15, 16, 17, 18, 21)",2,269,probe_repair,"[5, 15, 45, 60, 110, 115, 125, 130, 145, 175, 190, 205, 255, 345, 355]",0.00000000,"[0.00000000, 0.00000000, 0.00000000, 0.00000000, 0.00000000, 0.00000000, 0.00000000, 0.00000000]",0.07500000,0.44338636,26->21
8,8,8,0,23,"(1, 9, 11, 15, 16, 17, 18, 21)",3,368,probe_repair,"[25, 30, 40, 55, 70, 120, 130, 145, 155, 195, 210, 260, 265, 305, 350]",0.00000000,"[0.00000000, 0.00000000, 0.00000000, 0.00000000, 0.00000000, 0.00000000, 0.00000000, 0.00000000]",0.25700000,0.45045455,4->11
8,8,8,0,23,"(1, 9, 11, 15, 16, 17, 18, 21)",4,365,probe_repair,"[25, 30, 40, 55, 70, 120, 130, 145, 155, 195, 210, 260, 265, 305, 350]",0.00000000,"[0.00000000, 0.00000000, 0.00000000, 0.00000000, 0.00000000, 0.00000000, 0.00000000, 0.00000000]",0.04400000,0.43504545,4->11
8,8,8,0,23,"(1, 9, 11, 15, 16, 17, 18, 21)",5,551,probe_repair,"[25, 75, 100, 160, 165, 190, 225, 230, 250, 255, 260, 300, 340, 350, 365]",0.00000000,"[0.00000000, 0.00000000, 0.00000000, 0.00000000, 0.00000000, 0.00000000, 0.00000000, 0.00000000]",0.22800000,0.45909091,25->16
8,8,8,0,23,"(1, 9, 11, 15, 16, 17, 18, 21)",6,309,probe_repair,"[15, 45, 50, 135, 145, 160, 170, 180, 200, 205, 225, 230, 300, 305, 320]",0.00000000,"[0.00000000, 0.00000000, 0.00000000, 0.00000000, 0.00000000, 0.00000000, 0.00000000, 0.00000000]",0.15600000,0.43770455,24->16
8,8,8,0,23,"(1, 9, 11, 15, 16, 17, 18, 21)",7,276,probe_repair,"[5, 15, 45, 60, 110, 115, 125, 130, 145, 175, 190, 205, 255, 345, 355]",0.00000000,"[0.00000000, 0.00000000, 0.00000000, 0.00000000, 0.00000000, 0.00000000, 0.00000000, 0.00000000]",0.16800000,0.46093182,26->21
8,8,8,0,23,"(1, 9, 11, 15, 16, 17, 18, 21)",8,14,baseline,"[5, 30, 55, 80, 105, 130, 155, 180, 205, 230, 255, 280, 305, 330, 355]",0.00000000,"[0.00000000, 0.00000000, 0.00000000, 0.00000000, 0.00000000, 0.00000000, 0.00000000, 0.00000000]",0.20500000,0.45381818,27->1
8,8,8,0,23,"(1, 9, 11, 15, 16, 17, 18, 21)",9,325,probe_repair,"[30, 35, 45, 60, 130, 135, 140, 160, 175, 230, 255, 265, 300, 305, 365]",0.00000000,"[0.00000000, 0.00000000, 0.00000000, 0.00000000, 0.00000000, 0.00000000, 0.00000000, 0.00000000]",0.25800000,0.44595455,24->16
8,8,8,0,23,"(1, 9, 11, 15, 16, 17, 18, 21)",10,437,probe_repair,"[15, 40, 60, 80, 110, 130, 150, 205, 210, 225, 230, 255, 310, 345, 360]",0.00000000,"[0.00000000, 0.00000000, 0.00000000, 0.00000000, 0.00000000, 0.00000000, 0.00000000, 0.00000000]",0.01800000,0.42902273,4->18
8,8,8,0,24,"(1, 9, 11, 17, 22, 26, 27, 28)",1,195,probe_repair,"[10, 55, 65, 100, 110, 115, 145, 150, 155, 185, 200, 245, 295, 310, 365]",0.00000000,"[0.00000000, 0.00000000, 0.00000000, 0.00000000, 0.00000000, 0.00000000, 0.00000000, 0.00000000]",0.18400000,0.45582955,2->27
8,8,8,0,24,"(1, 9, 11, 17, 22, 26, 27, 28)",2,97,probe_repair,"[10, 15, 90, 115, 120, 130, 145, 165, 170, 210, 265, 275, 280, 310, 320]",0.00000000,"[0.00000000, 0.00000000, 0.00000000, 0.00000000, 0.00000000, 0.00000000, 0.00000000, 0.00000000]",0.29300000,0.45648864,6->26
8,8,8,0,24,"(1, 9, 11, 17, 22, 26, 27, 28)",3,302,probe_repair,"[55, 65, 125, 160, 190, 210, 245, 255, 275, 310, 320, 325, 345, 350, 355]",0.00000000,"[0.00000000, 0.00000000, 0.00000000, 0.00000000, 0.00000000, 0.00000000, 0.00000000, 0.00000000]",0.17900000,0.45428409,6->27
8,8,8,0,24,"(1, 9, 11, 17, 22, 26, 27, 28)",4,240,probe_repair,"[55, 80, 90, 185, 195, 220, 235, 275, 290, 300, 310, 320, 340, 355, 360]",0.00000000,"[0.00000000, 0.00000000, 0.00000000, 0.00000000, 0.00000000, 0.00000000, 0.00000000, 0.00000000]",0.24800000,0.45630682,15->22
8,8,8,0,24,"(1, 9, 11, 17, 22, 26, 27, 28)",5,431,probe_repair,"[5, 45, 70, 90, 230, 240, 275, 280, 290, 295, 300, 305, 310, 340, 345]",0.00000000,"[0.00000000, 0.00000000, 0.00000000, 0.00000000, 0.00000000, 0.00000000, 0.00000000, 0.00000000]",0.16700000,0.44960227,25->22
8,8,8,0,24,"(1, 9, 11, 17, 22, 26, 27, 28)",6,303,probe_repair,"[55, 65, 125, 160, 190, 210, 245, 255, 275, 310, 320, 325, 345, 350, 355]",0.00000000,"[0.00000000, 0.00000000, 0.00000000, 0.00000000, 0.00000000, 0.00000000, 0.00000000, 0.00000000]",0.18800000,0.45089773,20->27
8,8,8,0,24,"(1, 9, 11, 17, 22, 26, 27, 28)",7,71,probe_repair,"[10, 15, 30, 45, 85, 125, 130, 140, 185, 200, 220, 230, 300, 325, 360]",0.00000000,"[0.00000000, 0.00000000, 0.00000000, 0.00000000, 0.00000000, 0.00000000, 0.00000000, 0.00000000]",0.18500000,0.45496591,6->17
8,8,8,0,24,"(1, 9, 11, 17, 22, 26, 27, 28)",8,461,probe_repair,"[65, 70, 90, 105, 130, 155, 165, 170, 250, 260, 265, 295, 300, 305, 325]",0.00000000,"[0.00000000, 0.00000000, 0.00000000, 0.00000000, 0.00000000, 0.00000000, 0.00000000, 0.00000000]",0.02200000,0.44728409,6->26
8,8,8,0,24,"(1, 9, 11, 17, 22, 26, 27, 28)",9,398,probe_repair,"[60, 75, 105, 130, 145, 150, 160, 195, 240, 250, 255, 275, 300, 310, 355]",0.00000000,"[0.00000000, 0.00000000, 0.00000000, 0.00000000, 0.00000000, 0.00000000, 0.00000000, 0.00000000]",0.13300000,0.45248864,18->27
8,8,8,0,24,"(1, 9, 11, 17, 22, 26, 27, 28)",10,422,probe_repair,"[50, 60, 65, 85, 110, 115, 140, 145, 190, 210, 235, 245, 265, 310, 350]",0.00000000,"[0.00000000, 0.00000000, 0.00000000, 0.00000000, 0.00000000, 0.00000000, 0.00000000, 0.00000000]",0.24700000,0.45648864,16->28
8,8,8,0,25,"(2, 4, 9, 17, 18, 25, 26, 28)",1,1446,probe_repair,"[40, 50, 55, 65, 125, 135, 150, 170, 195, 220, 255, 275, 300, 320, 355]",0.00000000,"[0.00000000, 0.00000000, 0.00000000, 0.00000000, 0.00000000, 0.00000000, 0.00000000, 0.00000000]",0.23700000,0.45410000,7->25
8,8,8,0,25,"(2, 4, 9, 17, 18, 25, 26, 28)",2,1512,probe_repair,"[20, 50, 70, 85, 90, 125, 135, 175, 195, 200, 250, 255, 310, 320, 365]",0.00000000,"[0.00000000, 0.00000000, 0.00000000, 0.00000000, 0.00000000, 0.00000000, 0.00000000, 0.00000000]",0.22900000,0.45542500,6->28
8,8,8,0,25,"(2, 4, 9, 17, 18, 25, 26, 28)",3,949,probe_repair,"[50, 85, 105, 110, 120, 150, 165, 170, 205, 245, 280, 305, 325, 330, 345]",0.00000000,"[0.00000000, 0.00000000, 0.00000000, 0.00000000, 0.00000000, 0.00000000, 0.00000000, 0.00000000]",0.00400000,0.43367500,11->25
8,8,8,0,25,"(2, 4, 9, 17, 18, 25, 26, 28)",4,1076,probe_repair,"[15, 40, 65, 90, 100, 105, 130, 145, 185, 200, 230, 260, 270, 325, 365]",0.00000000,"[0.00000000, 0.00000000, 0.00000000, 0.00000000, 0.00000000, 0.00000000, 0.00000000, 0.00000000]",0.19200000,0.45660000,27->9
8,8,8,0,25,"(2, 4, 9, 17, 18, 25, 26, 28)",5,1571,probe_repair,"[5, 35, 120, 145, 160, 185, 210, 220, 245, 270, 310, 315, 325, 350, 355]",0.00000000,"[0.00000000, 0.00000000, 0.00000000, 0.00000000, 0.00000000, 0.00000000, 0.00000000, 0.00000000]",0.20300000,0.45372500,7->28
8,8,8,0,25,"(2, 4, 9, 17, 18, 25, 26, 28)",6,1181,probe_repair,"[60, 65, 75, 95, 120, 160, 210, 240, 250, 265, 275, 300, 320, 350, 365]",0.00000000,"[0.00000000, 0.00000000, 0.00000000, 0.00000000, 0.00000000, 0.00000000, 0.00000000, 0.00000000]",0.11100000,0.43682500,16->17
8,8,8,0,25,"(2, 4, 9, 17, 18, 25, 26, 28)",7,77,probe_repair,"[30, 65, 85, 115, 140, 160, 165, 170, 180, 245, 250, 255, 265, 290, 340]",0.00000000,"[0.00000000, 0.00000000, 0.00000000, 0.00000000, 0.00000000, 0.00000000, 0.00000000, 0.00000000]",0.11000000,0.44180000,11->9
8,8,8,0,25,"(2, 4, 9, 17, 18, 25, 26, 28)",8,1450,probe_repair,"[40, 50, 55, 65, 125, 135, 150, 170, 195, 220, 255, 275, 300, 320, 355]",0.00000000,"[0.00000000, 0.00000000, 0.00000000, 0.00000000, 0.00000000, 0.00000000, 0.00000000, 0.00000000]",0.15000000,0.45162500,7->25
8,8,8,0,25,"(2, 4, 9, 17, 18, 25, 26, 28)",9,1516,probe_repair,"[20, 50, 70, 85, 90, 125, 135, 175, 195, 200, 250, 255, 310, 320, 365]",0.00000000,"[0.00000000, 0.00000000, 0.00000000, 0.00000000, 0.00000000, 0.00000000, 0.00000000, 0.00000000]",0.21600000,0.45592500,6->28
8,8,8,0,25,"(2, 4, 9, 17, 18, 25, 26, 28)",10,1569,probe_repair,"[5, 35, 120, 145, 160, 185, 210, 220, 245, 270, 310, 315, 325, 350, 355]",0.00000000,"[0.00000000, 0.00000000, 0.00000000, 0.00000000, 0.00000000, 0.00000000, 0.00000000, 0.00000000]",0.21000000,0.44970000,7->28
8,8,8,0,26,"(1, 5, 6, 7, 18, 22, 27, 28)",1,122,probe_repair,"[75, 85, 130, 155, 165, 175, 200, 210, 225, 280, 285, 300, 305, 355, 365]",0.00000000,"[0.00000000, 0.00000000, 0.00000000, 0.00000000, 0.00000000, 0.00000000, 0.00000000, 0.00000000]",0.28700000,0.45364583,25->1
8,8,8,0,26,"(1, 5, 6, 7, 18, 22, 27, 28)",2,26,probe_repair,"[15, 35, 45, 55, 60, 95, 120, 135, 155, 180, 220, 225, 275, 300, 355]",0.00000000,"[0.00000000, 0.00000000, 0.00000000, 0.00000000, 0.00000000, 0.00000000, 0.00000000, 0.00000000]",0.18200000,0.45350000,15->6
8,8,8,0,26,"(1, 5, 6, 7, 18, 22, 27, 28)",3,118,probe_repair,"[75, 85, 130, 155, 165, 175, 200, 210, 225, 280, 285, 300, 305, 355, 365]",0.00000000,"[0.00000000, 0.00000000, 0.00000000, 0.00000000, 0.00000000, 0.00000000, 0.00000000, 0.00000000]",0.30100000,0.45504167,25->7
8,8,8,0,26,"(1, 5, 6, 7, 18, 22, 27, 28)",4,119,probe_repair,"[75, 85, 130, 155, 165, 175, 200, 210, 225, 280, 285, 300, 305, 355, 365]",0.00000000,"[0.00000000, 0.00000000, 0.00000000, 0.00000000, 0.00000000, 0.00000000, 0.00000000, 0.00000000]",0.27300000,0.45989583,25->1
8,8,8,0,26,"(1, 5, 6, 7, 18, 22, 27, 28)",5,37,probe_repair,"[30, 65, 75, 85, 100, 110, 150, 155, 170, 210, 225, 245, 290, 335, 340]",0.00000000,"[0.00000000, 0.00000000, 0.00000000, 0.00000000, 0.00000000, 0.00000000, 0.00000000, 0.00000000]",0.18900000,0.43991667,21->1
8,8,8,0,26,"(1, 5, 6, 7, 18, 22, 27, 28)",6,69,probe_repair,"[5, 10, 35, 100, 110, 130, 145, 155, 165, 175, 185, 250, 290, 335, 360]",0.00000000,"[0.00000000, 0.00000000, 0.00000000, 0.00000000, 0.00000000, 0.00000000, 0.00000000, 0.00000000]",0.07400000,0.44389583,20->22
8,8,8,0,26,"(1, 5, 6, 7, 18, 22, 27, 28)",7,105,probe_repair,"[40, 60, 85, 115, 130, 135, 145, 175, 185, 190, 225, 280, 290, 330, 340]",0.00000000,"[0.00000000, 0.00000000, 0.00000000, 0.00000000, 0.00000000, 0.00000000, 0.00000000, 0.00000000]",0.17400000,0.44991667,4->7
8,8,8,0,26,"(1, 5, 6, 7, 18, 22, 27, 28)",8,121,probe_repair,"[75, 85, 130, 155, 165, 175, 200, 210, 225, 280, 285, 300, 305, 355, 365]",0.00000000,"[0.00000000, 0.00000000, 0.00000000, 0.00000000, 0.00000000, 0.00000000, 0.00000000, 0.00000000]",0.27900000,0.44950000,21->1
8,8,8,0,26,"(1, 5, 6, 7, 18, 22, 27, 28)",9,101,probe_repair,"[40, 60, 85, 115, 130, 135, 145, 175, 185, 190, 225, 280, 290, 330, 340]",0.00000000,"[0.00000000, 0.00000000, 0.00000000, 0.00000000, 0.00000000, 0.00000000, 0.00000000, 0.00000000]",0.07900000,0.43520833,21->22
8,8,8,0,26,"(1, 5, 6, 7, 18, 22, 27, 28)",10,21,probe_repair,"[15, 35, 45, 55, 60, 95, 120, 135, 155, 180, 220, 225, 275, 300, 355]",0.00000000,"[0.00000000, 0.00000000, 0.00000000, 0.00000000, 0.00000000, 0.00000000, 0.00000000, 0.00000000]",0.00600000,0.43945833,15->6
8,8,8,0,27,"(1, 7, 11, 17, 22, 26, 27, 28)",1,197,probe_repair,"[10, 15, 25, 35, 65, 70, 75, 155, 195, 240, 250, 265, 305, 350, 365]",0.00000000,"[0.00000000, 0.00000000, 0.00000000, 0.00000000, 0.00000000, 0.00000000, 0.00000000, 0.00000000]",0.11200000,0.45313636,2->11
8,8,8,0,27,"(1, 7, 11, 17, 22, 26, 27, 28)",2,73,probe_repair,"[30, 65, 70, 110, 115, 130, 165, 190, 195, 210, 245, 260, 325, 340, 350]",0.00000000,"[0.00000000, 0.00000000, 0.00000000, 0.00000000, 0.00000000, 0.00000000, 0.00000000, 0.00000000]",0.10000000,0.45570455,25->28
8,8,8,0,27,"(1, 7, 11, 17, 22, 26, 27, 28)",3,90,probe_repair,"[15, 30, 45, 50, 125, 140, 145, 155, 175, 195, 230, 235, 260, 310, 355]",0.00000000,"[0.00000000, 0.00000000, 0.00000000, 0.00000000, 0.00000000, 0.00000000, 0.00000000, 0.00000000]",0.20000000,0.45938636,4->7
8,8,8,0,27,"(1, 7, 11, 17, 22, 26, 27, 28)",4,509,probe_repair,"[65, 75, 85, 145, 170, 205, 225, 230, 275, 280, 310, 320, 335, 345, 355]",0.00000000,"[0.00000000, 0.00000000, 0.00000000, 0.00000000, 0.00000000, 0.00000000, 0.00000000, 0.00000000]",0.24900000,0.44302273,2->22
8,8,8,0,27,"(1, 7, 11, 17, 22, 26, 27, 28)",5,260,probe_repair,"[35, 80, 150, 160, 185, 205, 210, 230, 235, 245, 280, 295, 320, 350, 360]",0.00000000,"[0.00000000, 0.00000000, 0.00000000, 0.00000000, 0.00000000, 0.00000000, 0.00000000, 0.00000000]",0.21900000,0.45702273,6->17
8,8,8,0,27,"(1, 7, 11, 17, 22, 26, 27, 28)",6,517,probe_repair,"[15, 30, 40, 45, 75, 85, 90, 100, 140, 145, 155, 175, 300, 340, 365]",0.00000000,"[0.00000000, 0.00000000, 0.00000000, 0.00000000, 0.00000000, 0.00000000, 0.00000000, 0.00000000]",0.06300000,0.43804545,15->22
8,8,8,0,27,"(1, 7, 11, 17, 22, 26, 27, 28)",7,91,probe_repair,"[15, 30, 45, 50, 125, 140, 145, 155, 175, 195, 230, 235, 260, 310, 355]",0.00000000,"[0.00000000, 0.00000000, 0.00000000, 0.00000000, 0.00000000, 0.00000000, 0.00000000, 0.00000000]",0.14500000,0.45820455,4->7
8,8,8,0,27,"(1, 7, 11, 17, 22, 26, 27, 28)",8,389,probe_repair,"[30, 45, 50, 55, 125, 135, 140, 170, 175, 190, 275, 285, 290, 310, 340]",0.00000000,"[0.00000000, 0.00000000, 0.00000000, 0.00000000, 0.00000000, 0.00000000, 0.00000000, 0.00000000]",0.10600000,0.43500000,15->17
8,8,8,0,27,"(1, 7, 11, 17, 22, 26, 27, 28)",9,71,probe_repair,"[30, 65, 70, 110, 115, 130, 165, 190, 195, 210, 245, 260, 325, 340, 350]",0.00000000,"[0.00000000, 0.00000000, 0.00000000, 0.00000000, 0.00000000, 0.00000000, 0.00000000, 0.00000000]",0.12500000,0.45320455,25->28
8,8,8,0,27,"(1, 7, 11, 17, 22, 26, 27, 28)",10,254,probe_repair,"[35, 80, 150, 160, 185, 205, 210, 230, 235, 245, 280, 295, 320, 350, 360]",0.00000000,"[0.00000000, 0.00000000, 0.00000000, 0.00000000, 0.00000000, 0.00000000, 0.00000000, 0.00000000]",0.20600000,0.45806818,6->17
8,8,8,0,28,"(7, 9, 16, 17, 18, 22, 26, 28)",1,1301,probe_repair,"[20, 25, 60, 75, 90, 130, 140, 145, 160, 200, 205, 265, 320, 330, 355]",0.00000000,"[0.00000000, 0.00000000, 0.00000000, 0.00000000, 0.00000000, 0.00000000, 0.00000000, 0.00000000]",0.03000000,0.44807500,25->16
8,8,8,0,28,"(7, 9, 16, 17, 18, 22, 26, 28)",2,440,probe_repair,"[20, 40, 50, 65, 85, 95, 115, 160, 210, 215, 235, 285, 295, 320, 345]",0.00000000,"[0.00000000, 0.00000000, 0.00000000, 0.00000000, 0.00000000, 0.00000000, 0.00000000, 0.00000000]",0.19000000,0.45485000,11->18
8,8,8,0,28,"(7, 9, 16, 17, 18, 22, 26, 28)",3,485,probe_repair,"[10, 15, 30, 35, 45, 95, 100, 125, 140, 205, 220, 240, 270, 335, 355]",0.00000000,"[0.00000000, 0.00000000, 0.00000000, 0.00000000, 0.00000000, 0.00000000, 0.00000000, 0.00000000]",0.16500000,0.43950000,15->7
8,8,8,0,28,"(7, 9, 16, 17, 18, 22, 26, 28)",4,170,probe_repair,"[5, 15, 35, 45, 55, 95, 110, 160, 195, 215, 225, 255, 330, 335, 340]",0.00000000,"[0.00000000, 0.00000000, 0.00000000, 0.00000000, 0.00000000, 0.00000000, 0.00000000, 0.00000000]",0.32400000,0.46432500,4->16
8,8,8,0,28,"(7, 9, 16, 17, 18, 22, 26, 28)",5,1181,probe_repair,"[55, 80, 85, 125, 145, 200, 225, 250, 260, 305, 315, 345, 350, 355, 365]",0.00000000,"[0.00000000, 0.00000000, 0.00000000, 0.00000000, 0.00000000, 0.00000000, 0.00000000, 0.00000000]",0.13800000,0.43822500,24->22
8,8,8,0,28,"(7, 9, 16, 17, 18, 22, 26, 28)",6,150,probe_repair,"[45, 70, 100, 125, 140, 145, 150, 175, 200, 205, 210, 270, 285, 315, 320]",0.00000000,"[0.00000000, 0.00000000, 0.00000000, 0.00000000, 0.00000000, 0.00000000, 0.00000000, 0.00000000]",0.20500000,0.46082500,27->7
8,8,8,0,28,"(7, 9, 16, 17, 18, 22, 26, 28)",7,1085,probe_repair,"[25, 40, 45, 50, 85, 110, 195, 205, 220, 225, 230, 280, 310, 355, 360]",0.00000000,"[0.00000000, 0.00000000, 0.00000000, 0.00000000, 0.00000000, 0.00000000, 0.00000000, 0.00000000]",0.22500000,0.44570000,20->7
8,8,8,0,28,"(7, 9, 16, 17, 18, 22, 26, 28)",8,154,probe_repair,"[45, 70, 100, 125, 140, 145, 150, 175, 200, 205, 210, 270, 285, 315, 320]",0.00000000,"[0.00000000, 0.00000000, 0.00000000, 0.00000000, 0.00000000, 0.00000000, 0.00000000, 0.00000000]",0.22000000,0.46550000,27->7
8,8,8,0,28,"(7, 9, 16, 17, 18, 22, 26, 28)",9,965,probe_repair,"[5, 10, 40, 65, 90, 115, 175, 180, 245, 280, 285, 290, 295, 300, 330]",0.00000000,"[0.00000000, 0.00000000, 0.00000000, 0.00000000, 0.00000000, 0.00000000, 0.00000000, 0.00000000]",0.03500000,0.43910000,25->7
8,8,8,0,28,"(7, 9, 16, 17, 18, 22, 26, 28)",10,1317,probe_repair,"[10, 15, 20, 40, 70, 160, 200, 260, 290, 310, 320, 340, 350, 355, 365]",0.00000000,"[0.00000000, 0.00000000, 0.00000000, 0.00000000, 0.00000000, 0.00000000, 0.00000000, 0.00000000]",0.20100000,0.44337500,27->16
8,8,8,0,29,"(2, 5, 6, 18, 20, 25, 26, 27)",1,560,probe_repair,"[15, 45, 80, 100, 120, 175, 185, 210, 215, 235, 260, 265, 275, 280, 325]",0.00000000,"[0.00000000, 0.00000000, 0.00000000, 0.00000000, 0.00000000, 0.00000000, 0.00000000, 0.00000000]",0.25000000,0.46460227,28->25
8,8,8,0,29,"(2, 5, 6, 18, 20, 25, 26, 27)",2,445,probe_repair,"[15, 35, 60, 65, 95, 120, 140, 145, 175, 255, 280, 290, 325, 330, 345]",0.00000000,"[0.00000000, 0.00000000, 0.00000000, 0.00000000, 0.00000000, 0.00000000, 0.00000000, 0.00000000]",0.18000000,0.45546591,15->25
8,8,8,0,29,"(2, 5, 6, 18, 20, 25, 26, 27)",3,448,probe_repair,"[15, 35, 60, 65, 95, 120, 140, 145, 175, 255, 280, 290, 325, 330, 345]",0.00000000,"[0.00000000, 0.00000000, 0.00000000, 0.00000000, 0.00000000, 0.00000000, 0.00000000, 0.00000000]",0.25300000,0.45507955,15->25
8,8,8,0,29,"(2, 5, 6, 18, 20, 25, 26, 27)",4,320,probe_repair,"[10, 25, 50, 80, 95, 100, 120, 125, 170, 175, 205, 265, 295, 335, 355]",0.00000000,"[0.00000000, 0.00000000, 0.00000000, 0.00000000, 0.00000000, 0.00000000, 0.00000000, 0.00000000]",0.11300000,0.44853409,15->18
8,8,8,0,29,"(2, 5, 6, 18, 20, 25, 26, 27)",5,527,probe_repair,"[35, 75, 80, 120, 150, 165, 175, 185, 190, 210, 265, 280, 305, 315, 340]",0.00000000,"[0.00000000, 0.00000000, 0.00000000, 0.00000000, 0.00000000, 0.00000000, 0.00000000, 0.00000000]",0.06400000,0.45273864,28->25
8,8,8,0,29,"(2, 5, 6, 18, 20, 25, 26, 27)",6,411,probe_repair,"[15, 20, 25, 50, 85, 100, 125, 135, 140, 215, 235, 255, 315, 355, 365]",0.00000000,"[0.00000000, 0.00000000, 0.00000000, 0.00000000, 0.00000000, 0.00000000, 0.00000000, 0.00000000]",0.26800000,0.45114773,7->27
8,8,8,0,29,"(2, 5, 6, 18, 20, 25, 26, 27)",7,322,probe_repair,"[10, 25, 50, 80, 95, 100, 120, 125, 170, 175, 205, 265, 295, 335, 355]",0.00000000,"[0.00000000, 0.00000000, 0.00000000, 0.00000000, 0.00000000, 0.00000000, 0.00000000, 0.00000000]",0.17600000,0.44967045,15->18
8,8,8,0,29,"(2, 5, 6, 18, 20, 25, 26, 27)",8,171,probe_repair,"[15, 20, 35, 55, 65, 115, 120, 140, 155, 160, 210, 260, 265, 300, 315]",0.00000000,"[0.00000000, 0.00000000, 0.00000000, 0.00000000, 0.00000000, 0.00000000, 0.00000000, 0.00000000]",0.23800000,0.44632955,9->2
8,8,8,0,29,"(2, 5, 6, 18, 20, 25, 26, 27)",9,429,probe_repair,"[20, 80, 95, 160, 180, 185, 210, 225, 230, 250, 265, 275, 290, 325, 345]",0.00000000,"[0.00000000, 0.00000000, 0.00000000, 0.00000000, 0.00000000, 0.00000000, 0.00000000, 0.00000000]",0.12300000,0.44387500,9->25
8,8,8,0,29,"(2, 5, 6, 18, 20, 25, 26, 27)",10,183,probe_repair,"[35, 80, 105, 115, 125, 160, 185, 210, 245, 250, 260, 275, 330, 340, 355]",0.00000000,"[0.00000000, 0.00000000, 0.00000000, 0.00000000, 0.00000000, 0.00000000, 0.00000000, 0.00000000]",0.25000000,0.45253409,17->26
8,8,8,0,30,"(5, 7, 9, 16, 20, 22, 25, 26)",1,295,probe_repair,"[5, 25, 55, 105, 110, 155, 180, 200, 255, 265, 275, 305, 310, 335, 340]",0.00000000,"[0.00000000, 0.00000000, 0.00000000, 0.00000000, 0.00000000, 0.00000000, 0.00000000, 0.00000000]",0.25600000,0.45914773,17->25
8,8,8,0,30,"(5, 7, 9, 16, 20, 22, 25, 26)",2,179,probe_repair,"[50, 90, 135, 165, 175, 185, 245, 255, 275, 295, 315, 325, 330, 340, 355]",0.00000000,"[0.00000000, 0.00000000, 0.00000000, 0.00000000, 0.00000000, 0.00000000, 0.00000000, 0.00000000]",0.20300000,0.44937500,21->9
8,8,8,0,30,"(5, 7, 9, 16, 20, 22, 25, 26)",3,197,probe_repair,"[15, 50, 60, 80, 95, 115, 155, 185, 210, 225, 260, 275, 280, 345, 365]",0.00000000,"[0.00000000, 0.00000000, 0.00000000, 0.00000000, 0.00000000, 0.00000000, 0.00000000, 0.00000000]",0.20400000,0.43494318,28->20
8,8,8,0,30,"(5, 7, 9, 16, 20, 22, 25, 26)",4,105,probe_repair,"[50, 85, 105, 130, 150, 180, 190, 210, 255, 260, 305, 330, 335, 355, 360]",0.00000000,"[0.00000000, 0.00000000, 0.00000000, 0.00000000, 0.00000000, 0.00000000, 0.00000000, 0.00000000]",0.18300000,0.44817045,2->26
8,8,8,0,30,"(5, 7, 9, 16, 20, 22, 25, 26)",5,123,probe_repair,"[30, 45, 60, 65, 105, 170, 190, 215, 225, 230, 290, 295, 315, 340, 355]",0.00000000,"[0.00000000, 0.00000000, 0.00000000, 0.00000000, 0.00000000, 0.00000000, 0.00000000, 0.00000000]",0.30900000,0.46180682,4->25
8,8,8,0,30,"(5, 7, 9, 16, 20, 22, 25, 26)",6,113,probe_repair,"[55, 60, 85, 105, 125, 150, 165, 200, 240, 260, 280, 285, 295, 345, 365]",0.00000000,"[0.00000000, 0.00000000, 0.00000000, 0.00000000, 0.00000000, 0.00000000, 0.00000000, 0.00000000]",0.28700000,0.45662500,24->5
8,8,8,0,30,"(5, 7, 9, 16, 20, 22, 25, 26)",7,261,probe_repair,"[20, 25, 30, 85, 120, 140, 145, 185, 220, 230, 235, 240, 255, 300, 340]",0.00000000,"[0.00000000, 0.00000000, 0.00000000, 0.00000000, 0.00000000, 0.00000000, 0.00000000, 0.00000000]",0.22000000,0.44576136,18->20
8,8,8,0,30,"(5, 7, 9, 16, 20, 22, 25, 26)",8,162,probe_repair,"[15, 30, 35, 45, 65, 75, 85, 175, 200, 210, 250, 310, 315, 360, 365]",0.00000000,"[0.00000000, 0.00000000, 0.00000000, 0.00000000, 0.00000000, 0.00000000, 0.00000000, 0.00000000]",0.18600000,0.44498864,15->22
8,8,8,0,30,"(5, 7, 9, 16, 20, 22, 25, 26)",9,159,probe_repair,"[15, 30, 35, 45, 65, 75, 85, 175, 200, 210, 250, 310, 315, 360, 365]",0.00000000,"[0.00000000, 0.00000000, 0.00000000, 0.00000000, 0.00000000, 0.00000000, 0.00000000, 0.00000000]",0.23000000,0.45132955,18->5
8,8,8,0,30,"(5, 7, 9, 16, 20, 22, 25, 26)",10,389,probe_repair,"[20, 60, 75, 90, 95, 115, 120, 135, 220, 225, 250, 260, 290, 310, 360]",0.00000000,"[0.00000000, 0.00000000, 0.00000000, 0.00000000, 0.00000000, 0.00000000, 0.00000000, 0.00000000]",0.11500000,0.44019318,24->25
8,8,8,0,31,"(7, 9, 15, 16, 20, 24, 25, 26)",1,1,baseline,"[5, 30, 55, 80, 105, 130, 155, 180, 205, 230, 255, 280, 305, 330, 355]",0.00000000,"[0.00000000, 0.00000000, 0.00000000, 0.00000000, 0.00000000, 0.00000000, 0.00000000, 0.00000000]",0.19900000,0.43992500,17->24
8,8,8,0,31,"(7, 9, 15, 16, 20, 24, 25, 26)",2,439,probe_repair,"[5, 20, 45, 55, 80, 105, 115, 120, 195, 230, 245, 250, 260, 300, 340]",0.00000000,"[0.00000000, 0.00000000, 0.00000000, 0.00000000, 0.00000000, 0.00000000, 0.00000000, 0.00000000]",0.18200000,0.46385000,4->7
8,8,8,0,31,"(7, 9, 15, 16, 20, 24, 25, 26)",3,853,probe_repair,"[5, 25, 75, 85, 95, 115, 130, 180, 190, 215, 220, 270, 300, 360, 365]",0.00000000,"[0.00000000, 0.00000000, 0.00000000, 0.00000000, 0.00000000, 0.00000000, 0.00000000, 0.00000000]",0.02100000,0.43165000,4->26
8,8,8,0,31,"(7, 9, 15, 16, 20, 24, 25, 26)",4,955,probe_repair,"[30, 40, 65, 110, 150, 170, 180, 190, 215, 230, 240, 245, 270, 285, 300]",0.00000000,"[0.00000000, 0.00000000, 0.00000000, 0.00000000, 0.00000000, 0.00000000, 0.00000000, 0.00000000]",0.26700000,0.45422500,21->24
8,8,8,0,31,"(7, 9, 15, 16, 20, 24, 25, 26)",5,509,probe_repair,"[15, 30, 45, 50, 55, 60, 65, 90, 105, 115, 130, 160, 170, 175, 205]",0.00000000,"[0.00000000, 0.00000000, 0.00000000, 0.00000000, 0.00000000, 0.00000000, 0.00000000, 0.00000000]",0.11000000,0.44082500,11->16
8,8,8,0,31,"(7, 9, 15, 16, 20, 24, 25, 26)",6,470,probe_repair,"[65, 70, 90, 140, 205, 210, 215, 220, 235, 240, 260, 270, 275, 335, 350]",0.00000000,"[0.00000000, 0.00000000, 0.00000000, 0.00000000, 0.00000000, 0.00000000, 0.00000000, 0.00000000]",0.10400000,0.45852500,21->15
8,8,8,0,31,"(7, 9, 15, 16, 20, 24, 25, 26)",7,14,baseline,"[5, 30, 55, 80, 105, 130, 155, 180, 205, 230, 255, 280, 305, 330, 355]",0.00000000,"[0.00000000, 0.00000000, 0.00000000, 0.00000000, 0.00000000, 0.00000000, 0.00000000, 0.00000000]",0.21700000,0.45112500,17->26
8,8,8,0,31,"(7, 9, 15, 16, 20, 24, 25, 26)",8,1205,probe_repair,"[20, 45, 50, 65, 90, 110, 125, 130, 135, 195, 210, 220, 255, 310, 350]",0.00000000,"[0.00000000, 0.00000000, 0.00000000, 0.00000000, 0.00000000, 0.00000000, 0.00000000, 0.00000000]",0.15600000,0.43535000,27->20
8,8,8,0,31,"(7, 9, 15, 16, 20, 24, 25, 26)",9,1069,probe_repair,"[30, 35, 50, 60, 85, 95, 155, 175, 200, 230, 250, 290, 315, 345, 365]",0.00000000,"[0.00000000, 0.00000000, 0.00000000, 0.00000000, 0.00000000, 0.00000000, 0.00000000, 0.00000000]",0.00000000,0.44507500,11->16
8,8,8,0,31,"(7, 9, 15, 16, 20, 24, 25, 26)",10,1252,probe_repair,"[15, 35, 60, 80, 95, 110, 115, 125, 155, 165, 190, 235, 295, 320, 330]",0.00000000,"[0.00000000, 0.00000000, 0.00000000, 0.00000000, 0.00000000, 0.00000000, 0.00000000, 0.00000000]",0.24900000,0.45162500,27->25
8,8,8,0,32,"(1, 7, 15, 18, 20, 21, 24, 26)",1,48,probe_repair,"[5, 30, 45, 50, 95, 115, 120, 170, 205, 210, 275, 285, 325, 345, 355]",0.00000000,"[0.00000000, 0.00000000, 0.00000000, 0.00000000, 0.00000000, 0.00000000, 0.00000000, 0.00000000]",0.32400000,0.45711364,27->15
8,8,8,0,32,"(1, 7, 15, 18, 20, 21, 24, 26)",2,407,probe_repair,"[45, 165, 175, 185, 190, 195, 205, 225, 230, 275, 290, 295, 300, 320, 365]",0.00000000,"[0.00000000, 0.00000000, 0.00000000, 0.00000000, 0.00000000, 0.00000000, 0.00000000, 0.00000000]",0.23300000,0.45779545,4->15
8,8,8,0,32,"(1, 7, 15, 18, 20, 21, 24, 26)",3,45,probe_repair,"[5, 30, 45, 50, 95, 115, 120, 170, 205, 210, 275, 285, 325, 345, 355]",0.00000000,"[0.00000000, 0.00000000, 0.00000000, 0.00000000, 0.00000000, 0.00000000, 0.00000000, 0.00000000]",0.17600000,0.44702273,11->24
8,8,8,0,32,"(1, 7, 15, 18, 20, 21, 24, 26)",4,50,probe_repair,"[5, 30, 45, 50, 95, 115, 120, 170, 205, 210, 275, 285, 325, 345, 355]",0.00000000,"[0.00000000, 0.00000000, 0.00000000, 0.00000000, 0.00000000, 0.00000000, 0.00000000, 0.00000000]",0.29000000,0.45322727,6->18
8,8,8,0,32,"(1, 7, 15, 18, 20, 21, 24, 26)",5,71,probe_repair,"[5, 40, 105, 150, 180, 205, 225, 230, 235, 250, 280, 290, 305, 325, 330]",0.00000000,"[0.00000000, 0.00000000, 0.00000000, 0.00000000, 0.00000000, 0.00000000, 0.00000000, 0.00000000]",0.14200000,0.45463636,25->24
8,8,8,0,32,"(1, 7, 15, 18, 20, 21, 24, 26)",6,349,probe_repair,"[30, 35, 90, 95, 145, 150, 170, 175, 185, 195, 230, 260, 275, 305, 325]",0.00000000,"[0.00000000, 0.00000000, 0.00000000, 0.00000000, 0.00000000, 0.00000000, 0.00000000, 0.00000000]",0.21800000,0.43697727,17->24
8,8,8,0,32,"(1, 7, 15, 18, 20, 21, 24, 26)",7,94,probe_repair,"[10, 30, 40, 55, 70, 80, 125, 145, 170, 205, 265, 275, 285, 310, 365]",0.00000000,"[0.00000000, 0.00000000, 0.00000000, 0.00000000, 0.00000000, 0.00000000, 0.00000000, 0.00000000]",0.26900000,0.45852273,11->26
8,8,8,0,32,"(1, 7, 15, 18, 20, 21, 24, 26)",8,555,probe_repair,"[15, 50, 60, 65, 90, 160, 205, 210, 220, 295, 320, 325, 340, 355, 365]",0.00000000,"[0.00000000, 0.00000000, 0.00000000, 0.00000000, 0.00000000, 0.00000000, 0.00000000, 0.00000000]",0.24200000,0.45656818,17->20
8,8,8,0,32,"(1, 7, 15, 18, 20, 21, 24, 26)",9,165,probe_repair,"[10, 30, 65, 70, 160, 185, 200, 220, 225, 240, 245, 285, 295, 340, 355]",0.00000000,"[0.00000000, 0.00000000, 0.00000000, 0.00000000, 0.00000000, 0.00000000, 0.00000000, 0.00000000]",0.05700000,0.44718182,4->21
8,8,8,0,32,"(1, 7, 15, 18, 20, 21, 24, 26)",10,99,probe_repair,"[10, 30, 40, 55, 70, 80, 125, 145, 170, 205, 265, 275, 285, 310, 365]",0.00000000,"[0.00000000, 0.00000000, 0.00000000, 0.00000000, 0.00000000, 0.00000000, 0.00000000, 0.00000000]",0.23500000,0.45756818,11->26
8,8,8,0,33,"(2, 4, 7, 11, 15, 17, 24, 28)",1,737,probe_repair,"[15, 20, 45, 75, 80, 85, 110, 135, 150, 160, 175, 205, 225, 260, 270]",0.00000000,"[0.00000000, 0.00000000, 0.00000000, 0.00000000, 0.00000000, 0.00000000, 0.00000000, 0.00000000]",0.26000000,0.46087500,21->17
8,8,8,0,33,"(2, 4, 7, 11, 15, 17, 24, 28)",2,118,probe_repair,"[30, 45, 65, 85, 115, 135, 175, 215, 220, 270, 305, 320, 325, 335, 345]",0.00000000,"[0.00000000, 0.00000000, 0.00000000, 0.00000000, 0.00000000, 0.00000000, 0.00000000, 0.00000000]",0.20300000,0.45625000,22->4
8,8,8,0,33,"(2, 4, 7, 11, 15, 17, 24, 28)",3,1181,probe_repair,"[25, 65, 115, 125, 155, 170, 180, 210, 220, 235, 280, 290, 315, 330, 365]",0.00000000,"[0.00000000, 0.00000000, 0.00000000, 0.00000000, 0.00000000, 0.00000000, 0.00000000, 0.00000000]",0.00000000,0.43987500,6->24
8,8,8,0,33,"(2, 4, 7, 11, 15, 17, 24, 28)",4,178,probe_repair,"[25, 45, 55, 60, 85, 95, 110, 115, 130, 165, 170, 175, 265, 335, 355]",0.00000000,"[0.00000000, 0.00000000, 0.00000000, 0.00000000, 0.00000000, 0.00000000, 0.00000000, 0.00000000]",0.32300000,0.46180000,26->17
8,8,8,0,33,"(2, 4, 7, 11, 15, 17, 24, 28)",5,1283,probe_repair,"[5, 80, 120, 140, 170, 175, 180, 190, 220, 235, 250, 270, 330, 335, 345]",0.00000000,"[0.00000000, 0.00000000, 0.00000000, 0.00000000, 0.00000000, 0.00000000, 0.00000000, 0.00000000]",0.19800000,0.45912500,26->24
8,8,8,0,33,"(2, 4, 7, 11, 15, 17, 24, 28)",6,1244,probe_repair,"[5, 45, 70, 110, 125, 150, 165, 195, 235, 245, 265, 270, 280, 295, 365]",0.00000000,"[0.00000000, 0.00000000, 0.00000000, 0.00000000, 0.00000000, 0.00000000, 0.00000000, 0.00000000]",0.22000000,0.45362500,20->11
8,8,8,0,33,"(2, 4, 7, 11, 15, 17, 24, 28)",7,386,probe_repair,"[40, 90, 100, 105, 115, 130, 175, 215, 230, 235, 250, 280, 290, 295, 305]",0.00000000,"[0.00000000, 0.00000000, 0.00000000, 0.00000000, 0.00000000, 0.00000000, 0.00000000, 0.00000000]",0.30200000,0.45335000,9->28
8,8,8,0,33,"(2, 4, 7, 11, 15, 17, 24, 28)",8,483,probe_repair,"[15, 35, 100, 120, 125, 175, 185, 190, 220, 240, 260, 275, 300, 355, 365]",0.00000000,"[0.00000000, 0.00000000, 0.00000000, 0.00000000, 0.00000000, 0.00000000, 0.00000000, 0.00000000]",0.27500000,0.45807500,27->24
8,8,8,0,33,"(2, 4, 7, 11, 15, 17, 24, 28)",9,1462,probe_repair,"[10, 15, 45, 50, 80, 160, 170, 180, 235, 245, 260, 295, 300, 325, 360]",0.00000000,"[0.00000000, 0.00000000, 0.00000000, 0.00000000, 0.00000000, 0.00000000, 0.00000000, 0.00000000]",0.26200000,0.45412500,27->28
8,8,8,0,33,"(2, 4, 7, 11, 15, 17, 24, 28)",10,1353,probe_repair,"[15, 30, 40, 45, 65, 100, 105, 175, 230, 245, 255, 260, 285, 320, 330]",0.00000000,"[0.00000000, 0.00000000, 0.00000000, 0.00000000, 0.00000000, 0.00000000, 0.00000000, 0.00000000]",0.28200000,0.45235000,25->24
8,8,8,0,34,"(4, 5, 7, 9, 17, 20, 25, 26)",1,86,probe_repair,"[15, 100, 135, 175, 210, 215, 225, 240, 250, 255, 270, 275, 300, 315, 360]",0.00000000,"[0.00000000, 0.00000000, 0.00000000, 0.00000000, 0.00000000, 0.00000000, 0.00000000, 0.00000000]",0.11300000,0.44805682,15->26
8,8,8,0,34,"(4, 5, 7, 9, 17, 20, 25, 26)",2,412,probe_repair,"[35, 80, 105, 145, 155, 185, 200, 215, 245, 270, 285, 305, 310, 330, 355]",0.00000000,"[0.00000000, 0.00000000, 0.00000000, 0.00000000, 0.00000000, 0.00000000, 0.00000000, 0.00000000]",0.29700000,0.45807955,6->4
8,8,8,0,34,"(4, 5, 7, 9, 17, 20, 25, 26)",3,259,probe_repair,"[10, 20, 25, 35, 45, 50, 60, 110, 140, 155, 175, 220, 305, 335, 345]",0.00000000,"[0.00000000, 0.00000000, 0.00000000, 0.00000000, 0.00000000, 0.00000000, 0.00000000, 0.00000000]",0.29900000,0.46162500,24->17
8,8,8,0,34,"(4, 5, 7, 9, 17, 20, 25, 26)",4,205,probe_repair,"[15, 30, 35, 40, 45, 80, 175, 185, 190, 260, 275, 285, 290, 325, 365]",0.00000000,"[0.00000000, 0.00000000, 0.00000000, 0.00000000, 0.00000000, 0.00000000, 0.00000000, 0.00000000]",0.08700000,0.45160227,2->7
8,8,8,0,34,"(4, 5, 7, 9, 17, 20, 25, 26)",5,257,probe_repair,"[10, 20, 25, 35, 45, 50, 60, 110, 140, 155, 175, 220, 305, 335, 345]",0.00000000,"[0.00000000, 0.00000000, 0.00000000, 0.00000000, 0.00000000, 0.00000000, 0.00000000, 0.00000000]",0.22500000,0.45862500,21->25
8,8,8,0,34,"(4, 5, 7, 9, 17, 20, 25, 26)",6,46,probe_repair,"[30, 50, 75, 80, 130, 140, 145, 155, 240, 245, 280, 285, 330, 355, 365]",0.00000000,"[0.00000000, 0.00000000, 0.00000000, 0.00000000, 0.00000000, 0.00000000, 0.00000000, 0.00000000]",0.22700000,0.45819318,11->20
8,8,8,0,34,"(4, 5, 7, 9, 17, 20, 25, 26)",7,264,probe_repair,"[50, 85, 105, 120, 125, 155, 165, 170, 190, 200, 230, 325, 335, 355, 365]",0.00000000,"[0.00000000, 0.00000000, 0.00000000, 0.00000000, 0.00000000, 0.00000000, 0.00000000, 0.00000000]",0.19800000,0.45578409,22->17
8,8,8,0,34,"(4, 5, 7, 9, 17, 20, 25, 26)",8,85,probe_repair,"[15, 100, 135, 175, 210, 215, 225, 240, 250, 255, 270, 275, 300, 315, 360]",0.00000000,"[0.00000000, 0.00000000, 0.00000000, 0.00000000, 0.00000000, 0.00000000, 0.00000000, 0.00000000]",0.06100000,0.43405682,15->26
8,8,8,0,34,"(4, 5, 7, 9, 17, 20, 25, 26)",9,254,probe_repair,"[10, 20, 25, 35, 45, 50, 60, 110, 140, 155, 175, 220, 305, 335, 345]",0.00000000,"[0.00000000, 0.00000000, 0.00000000, 0.00000000, 0.00000000, 0.00000000, 0.00000000, 0.00000000]",0.21600000,0.46092045,21->25
8,8,8,0,34,"(4, 5, 7, 9, 17, 20, 25, 26)",10,277,probe_repair,"[15, 25, 35, 125, 130, 160, 170, 175, 180, 210, 240, 245, 325, 335, 340]",0.00000000,"[0.00000000, 0.00000000, 0.00000000, 0.00000000, 0.00000000, 0.00000000, 0.00000000, 0.00000000]",0.13400000,0.44014773,21->7
8,8,8,0,35,"(1, 2, 4, 7, 9, 16, 20, 21)",1,314,probe_repair,"[5, 45, 75, 100, 150, 230, 240, 255, 290, 295, 300, 320, 330, 350, 360]",0.00000000,"[0.00000000, 0.00000000, 0.00000000, 0.00000000, 0.00000000, 0.00000000, 0.00000000, 0.00000000]",0.20400000,0.44437500,27->9
8,8,8,0,35,"(1, 2, 4, 7, 9, 16, 20, 21)",2,315,probe_repair,"[5, 45, 75, 100, 150, 230, 240, 255, 290, 295, 300, 320, 330, 350, 360]",0.00000000,"[0.00000000, 0.00000000, 0.00000000, 0.00000000, 0.00000000, 0.00000000, 0.00000000, 0.00000000]",0.18200000,0.44928409,24->2
8,8,8,0,35,"(1, 2, 4, 7, 9, 16, 20, 21)",3,565,probe_repair,"[5, 55, 70, 95, 130, 135, 165, 175, 195, 225, 255, 275, 335, 345, 360]",0.00000000,"[0.00000000, 0.00000000, 0.00000000, 0.00000000, 0.00000000, 0.00000000, 0.00000000, 0.00000000]",0.13800000,0.44437500,28->1
8,8,8,0,35,"(1, 2, 4, 7, 9, 16, 20, 21)",4,602,probe_repair,"[30, 40, 90, 130, 140, 160, 170, 185, 200, 205, 255, 285, 300, 310, 330]",0.00000000,"[0.00000000, 0.00000000, 0.00000000, 0.00000000, 0.00000000, 0.00000000, 0.00000000, 0.00000000]",0.15900000,0.45178409,6->7
8,8,8,0,35,"(1, 2, 4, 7, 9, 16, 20, 21)",5,205,probe_repair,"[10, 15, 85, 95, 115, 125, 140, 145, 245, 275, 330, 335, 345, 360, 365]",0.00000000,"[0.00000000, 0.00000000, 0.00000000, 0.00000000, 0.00000000, 0.00000000, 0.00000000, 0.00000000]",0.13300000,0.43744318,18->1
8,8,8,0,35,"(1, 2, 4, 7, 9, 16, 20, 21)",6,498,probe_repair,"[50, 85, 110, 115, 145, 150, 185, 190, 220, 245, 285, 310, 320, 325, 345]",0.00000000,"[0.00000000, 0.00000000, 0.00000000, 0.00000000, 0.00000000, 0.00000000, 0.00000000, 0.00000000]",0.25600000,0.46264773,26->9
8,8,8,0,35,"(1, 2, 4, 7, 9, 16, 20, 21)",7,213,probe_repair,"[15, 35, 70, 95, 100, 160, 170, 195, 205, 230, 250, 290, 310, 325, 365]",0.00000000,"[0.00000000, 0.00000000, 0.00000000, 0.00000000, 0.00000000, 0.00000000, 0.00000000, 0.00000000]",0.05900000,0.43776136,27->7
8,8,8,0,35,"(1, 2, 4, 7, 9, 16, 20, 21)",8,207,probe_repair,"[10, 15, 85, 95, 115, 125, 140, 145, 245, 275, 330, 335, 345, 360, 365]",0.00000000,"[0.00000000, 0.00000000, 0.00000000, 0.00000000, 0.00000000, 0.00000000, 0.00000000, 0.00000000]",0.13500000,0.45494318,11->20
8,8,8,0,35,"(1, 2, 4, 7, 9, 16, 20, 21)",9,528,probe_repair,"[25, 45, 75, 105, 140, 150, 170, 200, 210, 220, 230, 235, 275, 335, 360]",0.00000000,"[0.00000000, 0.00000000, 0.00000000, 0.00000000, 0.00000000, 0.00000000, 0.00000000, 0.00000000]",0.28200000,0.45860227,17->4
8,8,8,0,35,"(1, 2, 4, 7, 9, 16, 20, 21)",10,220,probe_repair,"[15, 35, 70, 95, 100, 160, 170, 195, 205, 230, 250, 290, 310, 325, 365]",0.00000000,"[0.00000000, 0.00000000, 0.00000000, 0.00000000, 0.00000000, 0.00000000, 0.00000000, 0.00000000]",0.16200000,0.45037500,17->2
8,8,8,0,36,"(4, 9, 11, 21, 24, 25, 26, 28)",1,1373,probe_repair,"[30, 35, 45, 60, 75, 160, 180, 185, 215, 235, 270, 290, 315, 340, 360]",0.00000000,"[0.00000000, 0.00000000, 0.00000000, 0.00000000, 0.00000000, 0.00000000, 0.00000000, 0.00000000]",0.19500000,0.45060000,15->9
8,8,8,0,36,"(4, 9, 11, 21, 24, 25, 26, 28)",2,1525,probe_repair,"[15, 65, 85, 95, 110, 115, 130, 140, 145, 165, 190, 250, 260, 270, 315]",0.00000000,"[0.00000000, 0.00000000, 0.00000000, 0.00000000, 0.00000000, 0.00000000, 0.00000000, 0.00000000]",0.01100000,0.43327500,2->28
8,8,8,0,36,"(4, 9, 11, 21, 24, 25, 26, 28)",3,622,probe_repair,"[25, 35, 45, 55, 100, 105, 125, 170, 240, 255, 270, 295, 335, 355, 365]",0.00000000,"[0.00000000, 0.00000000, 0.00000000, 0.00000000, 0.00000000, 0.00000000, 0.00000000, 0.00000000]",0.20800000,0.45467500,15->24
8,8,8,0,36,"(4, 9, 11, 21, 24, 25, 26, 28)",4,645,probe_repair,"[10, 70, 95, 105, 125, 145, 170, 210, 230, 240, 275, 300, 325, 335, 365]",0.00000000,"[0.00000000, 0.00000000, 0.00000000, 0.00000000, 0.00000000, 0.00000000, 0.00000000, 0.00000000]",0.23600000,0.45417500,7->9
8,8,8,0,36,"(4, 9, 11, 21, 24, 25, 26, 28)",5,565,probe_repair,"[10, 35, 45, 50, 65, 105, 110, 115, 130, 165, 220, 260, 280, 310, 360]",0.00000000,"[0.00000000, 0.00000000, 0.00000000, 0.00000000, 0.00000000, 0.00000000, 0.00000000, 0.00000000]",0.05500000,0.44437500,2->25
8,8,8,0,36,"(4, 9, 11, 21, 24, 25, 26, 28)",6,309,probe_repair,"[40, 55, 65, 85, 115, 165, 180, 205, 235, 240, 245, 250, 305, 320, 345]",0.00000000,"[0.00000000, 0.00000000, 0.00000000, 0.00000000, 0.00000000, 0.00000000, 0.00000000, 0.00000000]",0.24100000,0.45177500,27->28
8,8,8,0,36,"(4, 9, 11, 21, 24, 25, 26, 28)",7,1141,probe_repair,"[20, 30, 35, 55, 85, 165, 205, 270, 310, 320, 325, 330, 335, 345, 350]",0.00000000,"[0.00000000, 0.00000000, 0.00000000, 0.00000000, 0.00000000, 0.00000000, 0.00000000, 0.00000000]",0.17200000,0.44312500,2->26
8,8,8,0,36,"(4, 9, 11, 21, 24, 25, 26, 28)",8,1115,probe_repair,"[35, 50, 90, 100, 110, 130, 135, 140, 190, 210, 220, 255, 325, 330, 360]",0.00000000,"[0.00000000, 0.00000000, 0.00000000, 0.00000000, 0.00000000, 0.00000000, 0.00000000, 0.00000000]",0.29700000,0.45780000,17->4
8,8,8,0,36,"(4, 9, 11, 21, 24, 25, 26, 28)",9,23,probe_repair,"[70, 80, 90, 105, 120, 145, 155, 160, 200, 245, 260, 270, 295, 320, 355]",0.00000000,"[0.00000000, 0.00000000, 0.00000000, 0.00000000, 0.00000000, 0.00000000, 0.00000000, 0.00000000]",0.18400000,0.45865000,6->4
8,8,8,0,36,"(4, 9, 11, 21, 24, 25, 26, 28)",10,1405,probe_repair,"[15, 45, 65, 70, 80, 115, 155, 160, 190, 230, 260, 270, 290, 295, 350]",0.00000000,"[0.00000000, 0.00000000, 0.00000000, 0.00000000, 0.00000000, 0.00000000, 0.00000000, 0.00000000]",0.10400000,0.43910000,2->26
8,8,8,0,37,"(1, 4, 5, 7, 16, 21, 22, 25)",1,102,probe_repair,"[75, 80, 85, 130, 135, 155, 175, 180, 190, 220, 285, 295, 305, 325, 355]",0.00000000,"[0.00000000, 0.00000000, 0.00000000, 0.00000000, 0.00000000, 0.00000000, 0.00000000, 0.00000000]",0.33600000,0.45958333,15->16
8,8,8,0,37,"(1, 4, 5, 7, 16, 21, 22, 25)",2,34,probe_repair,"[30, 100, 120, 135, 155, 180, 205, 235, 255, 285, 290, 305, 310, 335, 345]",0.00000000,"[0.00000000, 0.00000000, 0.00000000, 0.00000000, 0.00000000, 0.00000000, 0.00000000, 0.00000000]",0.27500000,0.45831250,18->5
8,8,8,0,37,"(1, 4, 5, 7, 16, 21, 22, 25)",3,201,probe_repair,"[35, 40, 80, 95, 100, 105, 120, 130, 200, 255, 275, 295, 300, 305, 335]",0.00000000,"[0.00000000, 0.00000000, 0.00000000, 0.00000000, 0.00000000, 0.00000000, 0.00000000, 0.00000000]",0.15800000,0.45764583,20->5
8,8,8,0,37,"(1, 4, 5, 7, 16, 21, 22, 25)",4,29,probe_repair,"[30, 100, 120, 135, 155, 180, 205, 235, 255, 285, 290, 305, 310, 335, 345]",0.00000000,"[0.00000000, 0.00000000, 0.00000000, 0.00000000, 0.00000000, 0.00000000, 0.00000000, 0.00000000]",0.02000000,0.44264583,18->5
8,8,8,0,37,"(1, 4, 5, 7, 16, 21, 22, 25)",5,53,probe_repair,"[15, 30, 65, 115, 120, 150, 165, 185, 240, 260, 280, 285, 305, 345, 360]",0.00000000,"[0.00000000, 0.00000000, 0.00000000, 0.00000000, 0.00000000, 0.00000000, 0.00000000, 0.00000000]",0.00900000,0.43829167,11->16
8,8,8,0,37,"(1, 4, 5, 7, 16, 21, 22, 25)",6,122,probe_repair,"[90, 100, 135, 155, 160, 225, 240, 245, 250, 255, 290, 330, 340, 355, 365]",0.00000000,"[0.00000000, 0.00000000, 0.00000000, 0.00000000, 0.00000000, 0.00000000, 0.00000000, 0.00000000]",0.18000000,0.45368750,2->16
8,8,8,0,37,"(1, 4, 5, 7, 16, 21, 22, 25)",7,157,probe_repair,"[5, 10, 50, 65, 75, 85, 95, 110, 145, 160, 255, 260, 295, 335, 345]",0.00000000,"[0.00000000, 0.00000000, 0.00000000, 0.00000000, 0.00000000, 0.00000000, 0.00000000, 0.00000000]",0.08900000,0.43829167,11->7
8,8,8,0,37,"(1, 4, 5, 7, 16, 21, 22, 25)",8,101,probe_repair,"[75, 80, 85, 130, 135, 155, 175, 180, 190, 220, 285, 295, 305, 325, 355]",0.00000000,"[0.00000000, 0.00000000, 0.00000000, 0.00000000, 0.00000000, 0.00000000, 0.00000000, 0.00000000]",0.17800000,0.44422917,20->21
8,8,8,0,37,"(1, 4, 5, 7, 16, 21, 22, 25)",9,99,probe_repair,"[5, 35, 60, 90, 105, 140, 205, 210, 225, 245, 290, 300, 305, 325, 355]",0.00000000,"[0.00000000, 0.00000000, 0.00000000, 0.00000000, 0.00000000, 0.00000000, 0.00000000, 0.00000000]",0.23100000,0.46362500,2->4
8,8,8,0,37,"(1, 4, 5, 7, 16, 21, 22, 25)",10,114,probe_repair,"[35, 50, 95, 110, 125, 200, 205, 210, 230, 240, 250, 260, 285, 305, 325]",0.00000000,"[0.00000000, 0.00000000, 0.00000000, 0.00000000, 0.00000000, 0.00000000, 0.00000000, 0.00000000]",0.15300000,0.45708333,20->1
8,8,8,0,38,"(5, 7, 16, 21, 22, 26, 27, 28)",1,341,probe_repair,"[40, 50, 60, 110, 115, 145, 150, 160, 180, 205, 215, 300, 315, 335, 340]",0.00000000,"[0.00000000, 0.00000000, 0.00000000, 0.00000000, 0.00000000, 0.00000000, 0.00000000, 0.00000000]",0.02400000,0.43473864,25->7
8,8,8,0,38,"(5, 7, 16, 21, 22, 26, 27, 28)",2,547,probe_repair,"[15, 25, 30, 90, 105, 120, 135, 165, 210, 230, 270, 275, 295, 325, 335]",0.00000000,"[0.00000000, 0.00000000, 0.00000000, 0.00000000, 0.00000000, 0.00000000, 0.00000000, 0.00000000]",0.17800000,0.45273864,6->7
8,8,8,0,38,"(5, 7, 16, 21, 22, 26, 27, 28)",3,384,probe_repair,"[10, 30, 35, 75, 95, 100, 120, 145, 190, 210, 240, 275, 305, 325, 365]",0.00000000,"[0.00000000, 0.00000000, 0.00000000, 0.00000000, 0.00000000, 0.00000000, 0.00000000, 0.00000000]",0.13100000,0.44489773,18->16
8,8,8,0,38,"(5, 7, 16, 21, 22, 26, 27, 28)",4,514,probe_repair,"[20, 35, 85, 100, 130, 160, 170, 210, 220, 255, 280, 285, 290, 355, 360]",0.00000000,"[0.00000000, 0.00000000, 0.00000000, 0.00000000, 0.00000000, 0.00000000, 0.00000000, 0.00000000]",0.15300000,0.45489773,18->22
8,8,8,0,38,"(5, 7, 16, 21, 22, 26, 27, 28)",5,418,probe_repair,"[10, 15, 40, 45, 80, 105, 120, 160, 185, 190, 220, 235, 280, 330, 355]",0.00000000,"[0.00000000, 0.00000000, 0.00000000, 0.00000000, 0.00000000, 0.00000000, 0.00000000, 0.00000000]",0.25000000,0.45737500,24->16
8,8,8,0,38,"(5, 7, 16, 21, 22, 26, 27, 28)",6,525,probe_repair,"[75, 90, 130, 135, 210, 225, 240, 255, 270, 275, 280, 290, 310, 325, 330]",0.00000000,"[0.00000000, 0.00000000, 0.00000000, 0.00000000, 0.00000000, 0.00000000, 0.00000000, 0.00000000]",0.12400000,0.42798864,9->21
8,8,8,0,38,"(5, 7, 16, 21, 22, 26, 27, 28)",7,143,probe_repair,"[50, 100, 115, 125, 155, 190, 200, 205, 245, 250, 280, 305, 325, 330, 345]",0.00000000,"[0.00000000, 0.00000000, 0.00000000, 0.00000000, 0.00000000, 0.00000000, 0.00000000, 0.00000000]",0.27900000,0.45976136,20->5
8,8,8,0,38,"(5, 7, 16, 21, 22, 26, 27, 28)",8,382,probe_repair,"[10, 30, 35, 75, 95, 100, 120, 145, 190, 210, 240, 275, 305, 325, 365]",0.00000000,"[0.00000000, 0.00000000, 0.00000000, 0.00000000, 0.00000000, 0.00000000, 0.00000000, 0.00000000]",0.09700000,0.44639773,18->16
8,8,8,0,38,"(5, 7, 16, 21, 22, 26, 27, 28)",9,69,probe_repair,"[30, 75, 85, 110, 125, 170, 175, 190, 215, 230, 265, 300, 305, 340, 365]",0.00000000,"[0.00000000, 0.00000000, 0.00000000, 0.00000000, 0.00000000, 0.00000000, 0.00000000, 0.00000000]",0.12100000,0.43921591,20->5
8,8,8,0,38,"(5, 7, 16, 21, 22, 26, 27, 28)",10,554,probe_repair,"[40, 80, 90, 95, 125, 140, 155, 225, 255, 275, 280, 310, 330, 345, 355]",0.00000000,"[0.00000000, 0.00000000, 0.00000000, 0.00000000, 0.00000000, 0.00000000, 0.00000000, 0.00000000]",0.34000000,0.45937500,25->26
8,8,8,0,39,"(1, 2, 5, 6, 7, 11, 16, 28)",1,43,probe_repair,"[50, 100, 145, 155, 165, 180, 185, 190, 230, 260, 275, 285, 310, 325, 340]",0.00000000,"[0.00000000, 0.00000000, 0.00000000, 0.00000000, 0.00000000, 0.00000000, 0.00000000, 0.00000000]",0.32000000,0.45579167,27->11
8,8,8,0,39,"(1, 2, 5, 6, 7, 11, 16, 28)",2,106,probe_repair,"[5, 10, 15, 25, 105, 125, 165, 180, 190, 240, 245, 250, 255, 310, 355]",0.00000000,"[0.00000000, 0.00000000, 0.00000000, 0.00000000, 0.00000000, 0.00000000, 0.00000000, 0.00000000]",0.29000000,0.46312500,4->7
8,8,8,0,39,"(1, 2, 5, 6, 7, 11, 16, 28)",3,157,probe_repair,"[15, 45, 75, 130, 150, 165, 220, 225, 240, 260, 265, 285, 295, 325, 330]",0.00000000,"[0.00000000, 0.00000000, 0.00000000, 0.00000000, 0.00000000, 0.00000000, 0.00000000, 0.00000000]",0.14000000,0.43904167,21->1
8,8,8,0,39,"(1, 2, 5, 6, 7, 11, 16, 28)",4,61,probe_repair,"[10, 25, 30, 40, 65, 100, 115, 140, 150, 160, 275, 280, 290, 340, 360]",0.00000000,"[0.00000000, 0.00000000, 0.00000000, 0.00000000, 0.00000000, 0.00000000, 0.00000000, 0.00000000]",0.08900000,0.44127083,25->1
8,8,8,0,39,"(1, 2, 5, 6, 7, 11, 16, 28)",5,28,probe_repair,"[40, 105, 115, 120, 160, 165, 175, 190, 205, 225, 250, 300, 305, 310, 360]",0.00000000,"[0.00000000, 0.00000000, 0.00000000, 0.00000000, 0.00000000, 0.00000000, 0.00000000, 0.00000000]",0.17200000,0.45779167,21->11
8,8,8,0,39,"(1, 2, 5, 6, 7, 11, 16, 28)",6,205,probe_repair,"[15, 30, 50, 55, 60, 65, 120, 135, 140, 200, 230, 240, 280, 295, 325]",0.00000000,"[0.00000000, 0.00000000, 0.00000000, 0.00000000, 0.00000000, 0.00000000, 0.00000000, 0.00000000]",0.23900000,0.44337500,15->6
8,8,8,0,39,"(1, 2, 5, 6, 7, 11, 16, 28)",7,206,probe_repair,"[15, 30, 50, 55, 60, 65, 120, 135, 140, 200, 230, 240, 280, 295, 325]",0.00000000,"[0.00000000, 0.00000000, 0.00000000, 0.00000000, 0.00000000, 0.00000000, 0.00000000, 0.00000000]",0.31600000,0.46085417,15->6
8,8,8,0,39,"(1, 2, 5, 6, 7, 11, 16, 28)",8,267,probe_repair,"[40, 50, 60, 65, 90, 165, 205, 210, 225, 255, 275, 325, 330, 360, 365]",0.00000000,"[0.00000000, 0.00000000, 0.00000000, 0.00000000, 0.00000000, 0.00000000, 0.00000000, 0.00000000]",0.21000000,0.45500000,9->2
8,8,8,0,39,"(1, 2, 5, 6, 7, 11, 16, 28)",9,210,probe_repair,"[15, 30, 50, 55, 60, 65, 120, 135, 140, 200, 230, 240, 280, 295, 325]",0.00000000,"[0.00000000, 0.00000000, 0.00000000, 0.00000000, 0.00000000, 0.00000000, 0.00000000, 0.00000000]",0.30800000,0.45891667,4->1
8,8,8,0,39,"(1, 2, 5, 6, 7, 11, 16, 28)",10,37,probe_repair,"[50, 100, 145, 155, 165, 180, 185, 190, 230, 260, 275, 285, 310, 325, 340]",0.00000000,"[0.00000000, 0.00000000, 0.00000000, 0.00000000, 0.00000000, 0.00000000, 0.00000000, 0.00000000]",0.24200000,0.43895833,24->7
8,8,8,0,40,"(1, 4, 7, 9, 16, 18, 22, 27)",1,165,probe_repair,"[50, 100, 105, 110, 145, 150, 165, 195, 200, 225, 260, 285, 320, 325, 360]",0.00000000,"[0.00000000, 0.00000000, 0.00000000, 0.00000000, 0.00000000, 0.00000000, 0.00000000, 0.00000000]",0.23600000,0.44444318,6->27
8,8,8,0,40,"(1, 4, 7, 9, 16, 18, 22, 27)",2,429,probe_repair,"[30, 50, 65, 100, 120, 130, 150, 160, 195, 220, 240, 265, 275, 290, 305]",0.00000000,"[0.00000000, 0.00000000, 0.00000000, 0.00000000, 0.00000000, 0.00000000, 0.00000000, 0.00000000]",0.21700000,0.44998864,17->18
8,8,8,0,40,"(1, 4, 7, 9, 16, 18, 22, 27)",3,386,probe_repair,"[10, 80, 125, 140, 170, 180, 190, 210, 230, 235, 240, 260, 265, 280, 300]",0.00000000,"[0.00000000, 0.00000000, 0.00000000, 0.00000000, 0.00000000, 0.00000000, 0.00000000, 0.00000000]",0.16700000,0.45380682,28->1
8,8,8,0,40,"(1, 4, 7, 9, 16, 18, 22, 27)",4,381,probe_repair,"[10, 80, 125, 140, 170, 180, 190, 210, 230, 235, 240, 260, 265, 280, 300]",0.00000000,"[0.00000000, 0.00000000, 0.00000000, 0.00000000, 0.00000000, 0.00000000, 0.00000000, 0.00000000]",0.03100000,0.44337500,28->1
8,8,8,0,40,"(1, 4, 7, 9, 16, 18, 22, 27)",5,230,probe_repair,"[35, 40, 55, 60, 80, 110, 150, 155, 175, 225, 230, 260, 290, 305, 330]",0.00000000,"[0.00000000, 0.00000000, 0.00000000, 0.00000000, 0.00000000, 0.00000000, 0.00000000, 0.00000000]",0.23400000,0.46123864,11->18
8,8,8,0,40,"(1, 4, 7, 9, 16, 18, 22, 27)",6,334,probe_repair,"[10, 30, 35, 45, 50, 55, 115, 160, 175, 220, 230, 255, 265, 325, 335]",0.00000000,"[0.00000000, 0.00000000, 0.00000000, 0.00000000, 0.00000000, 0.00000000, 0.00000000, 0.00000000]",0.27100000,0.45264773,26->16
8,8,8,0,40,"(1, 4, 7, 9, 16, 18, 22, 27)",7,373,probe_repair,"[15, 80, 90, 100, 105, 120, 135, 160, 165, 230, 255, 265, 305, 320, 360]",0.00000000,"[0.00000000, 0.00000000, 0.00000000, 0.00000000, 0.00000000, 0.00000000, 0.00000000, 0.00000000]",0.00700000,0.42932955,17->22
8,8,8,0,40,"(1, 4, 7, 9, 16, 18, 22, 27)",8,333,probe_repair,"[10, 30, 35, 45, 50, 55, 115, 160, 175, 220, 230, 255, 265, 325, 335]",0.00000000,"[0.00000000, 0.00000000, 0.00000000, 0.00000000, 0.00000000, 0.00000000, 0.00000000, 0.00000000]",0.21700000,0.43789773,6->22
8,8,8,0,40,"(1, 4, 7, 9, 16, 18, 22, 27)",9,234,probe_repair,"[35, 40, 55, 60, 80, 110, 150, 155, 175, 225, 230, 260, 290, 305, 330]",0.00000000,"[0.00000000, 0.00000000, 0.00000000, 0.00000000, 0.00000000, 0.00000000, 0.00000000, 0.00000000]",0.30400000,0.46076136,25->4
8,8,8,0,40,"(1, 4, 7, 9, 16, 18, 22, 27)",10,233,probe_repair,"[35, 40, 55, 60, 80, 110, 150, 155, 175, 225, 230, 260, 290, 305, 330]",0.00000000,"[0.00000000, 0.00000000, 0.00000000, 0.00000000, 0.00000000, 0.00000000, 0.00000000, 0.00000000]",0.31500000,0.45957955,25->4
8,8,8,0,41,"(6, 7, 9, 11, 18, 22, 24, 25)",1,1133,probe_repair,"[15, 20, 55, 100, 110, 125, 145, 150, 180, 195, 200, 225, 235, 270, 345]",0.00000000,"[0.00000000, 0.00000000, 0.00000000, 0.00000000, 0.00000000, 0.00000000, 0.00000000, 0.00000000]",0.24300000,0.44567500,16->24
8,8,8,0,41,"(6, 7, 9, 11, 18, 22, 24, 25)",2,715,probe_repair,"[5, 10, 55, 95, 120, 150, 155, 165, 195, 230, 285, 320, 330, 350, 360]",0.00000000,"[0.00000000, 0.00000000, 0.00000000, 0.00000000, 0.00000000, 0.00000000, 0.00000000, 0.00000000]",0.05300000,0.45627500,26->18
8,8,8,0,41,"(6, 7, 9, 11, 18, 22, 24, 25)",3,236,probe_repair,"[20, 45, 50, 120, 130, 135, 140, 160, 165, 180, 225, 230, 240, 285, 360]",0.00000000,"[0.00000000, 0.00000000, 0.00000000, 0.00000000, 0.00000000, 0.00000000, 0.00000000, 0.00000000]",0.06600000,0.45272500,26->6
8,8,8,0,41,"(6, 7, 9, 11, 18, 22, 24, 25)",4,578,probe_repair,"[5, 45, 70, 110, 120, 140, 180, 190, 195, 200, 210, 255, 275, 295, 355]",0.00000000,"[0.00000000, 0.00000000, 0.00000000, 0.00000000, 0.00000000, 0.00000000, 0.00000000, 0.00000000]",0.10400000,0.45095000,17->11
8,8,8,0,41,"(6, 7, 9, 11, 18, 22, 24, 25)",5,708,probe_repair,"[10, 25, 35, 50, 80, 95, 110, 125, 150, 155, 200, 255, 260, 275, 365]",0.00000000,"[0.00000000, 0.00000000, 0.00000000, 0.00000000, 0.00000000, 0.00000000, 0.00000000, 0.00000000]",0.07500000,0.45175000,15->18
8,8,8,0,41,"(6, 7, 9, 11, 18, 22, 24, 25)",6,168,probe_repair,"[20, 25, 55, 60, 75, 110, 140, 190, 205, 210, 265, 300, 330, 340, 360]",0.00000000,"[0.00000000, 0.00000000, 0.00000000, 0.00000000, 0.00000000, 0.00000000, 0.00000000, 0.00000000]",0.32600000,0.45982500,21->18
8,8,8,0,41,"(6, 7, 9, 11, 18, 22, 24, 25)",7,1419,probe_repair,"[40, 55, 65, 75, 120, 155, 185, 200, 210, 215, 265, 280, 290, 330, 360]",0.00000000,"[0.00000000, 0.00000000, 0.00000000, 0.00000000, 0.00000000, 0.00000000, 0.00000000, 0.00000000]",0.19500000,0.45432500,2->9
8,8,8,0,41,"(6, 7, 9, 11, 18, 22, 24, 25)",8,573,probe_repair,"[5, 45, 70, 110, 120, 140, 180, 190, 195, 200, 210, 255, 275, 295, 355]",0.00000000,"[0.00000000, 0.00000000, 0.00000000, 0.00000000, 0.00000000, 0.00000000, 0.00000000, 0.00000000]",0.09100000,0.43490000,17->11
8,8,8,0,41,"(6, 7, 9, 11, 18, 22, 24, 25)",9,1402,probe_repair,"[15, 55, 135, 170, 205, 235, 240, 260, 265, 280, 295, 325, 335, 350, 355]",0.00000000,"[0.00000000, 0.00000000, 0.00000000, 0.00000000, 0.00000000, 0.00000000, 0.00000000, 0.00000000]",0.23600000,0.45875000,15->18
8,8,8,0,41,"(6, 7, 9, 11, 18, 22, 24, 25)",10,1205,probe_repair,"[10, 55, 65, 125, 140, 195, 200, 205, 225, 230, 260, 280, 295, 325, 355]",0.00000000,"[0.00000000, 0.00000000, 0.00000000, 0.00000000, 0.00000000, 0.00000000, 0.00000000, 0.00000000]",0.15800000,0.44317500,17->22
8,8,8,0,42,"(2, 7, 11, 17, 18, 22, 25, 27)",1,386,probe_repair,"[10, 20, 30, 60, 85, 100, 140, 155, 250, 265, 285, 295, 320, 335, 345]",0.00000000,"[0.00000000, 0.00000000, 0.00000000, 0.00000000, 0.00000000, 0.00000000, 0.00000000, 0.00000000]",0.23900000,0.45705000,16->7
8,8,8,0,42,"(2, 7, 11, 17, 18, 22, 25, 27)",2,388,probe_repair,"[10, 20, 30, 60, 85, 100, 140, 155, 250, 265, 285, 295, 320, 335, 345]",0.00000000,"[0.00000000, 0.00000000, 0.00000000, 0.00000000, 0.00000000, 0.00000000, 0.00000000, 0.00000000]",0.21200000,0.45830000,4->11
8,8,8,0,42,"(2, 7, 11, 17, 18, 22, 25, 27)",3,1077,probe_repair,"[20, 35, 55, 80, 95, 100, 125, 145, 160, 175, 195, 205, 315, 320, 350]",0.00000000,"[0.00000000, 0.00000000, 0.00000000, 0.00000000, 0.00000000, 0.00000000, 0.00000000, 0.00000000]",0.02400000,0.43880000,15->22
8,8,8,0,42,"(2, 7, 11, 17, 18, 22, 25, 27)",4,586,probe_repair,"[25, 30, 40, 45, 55, 110, 170, 185, 215, 295, 315, 325, 330, 355, 365]",0.00000000,"[0.00000000, 0.00000000, 0.00000000, 0.00000000, 0.00000000, 0.00000000, 0.00000000, 0.00000000]",0.18300000,0.45162500,9->22
8,8,8,0,42,"(2, 7, 11, 17, 18, 22, 25, 27)",5,1261,probe_repair,"[10, 20, 60, 90, 140, 160, 190, 215, 245, 260, 270, 300, 320, 340, 360]",0.00000000,"[0.00000000, 0.00000000, 0.00000000, 0.00000000, 0.00000000, 0.00000000, 0.00000000, 0.00000000]",0.15500000,0.44217500,21->17
8,8,8,0,42,"(2, 7, 11, 17, 18, 22, 25, 27)",6,253,probe_repair,"[95, 105, 110, 145, 165, 170, 195, 220, 240, 270, 275, 305, 320, 330, 335]",0.00000000,"[0.00000000, 0.00000000, 0.00000000, 0.00000000, 0.00000000, 0.00000000, 0.00000000, 0.00000000]",0.14200000,0.43325000,4->11
8,8,8,0,42,"(2, 7, 11, 17, 18, 22, 25, 27)",7,1387,probe_repair,"[5, 15, 35, 40, 45, 70, 95, 105, 110, 180, 235, 250, 260, 290, 325]",0.00000000,"[0.00000000, 0.00000000, 0.00000000, 0.00000000, 0.00000000, 0.00000000, 0.00000000, 0.00000000]",0.28800000,0.46210000,26->2
8,8,8,0,42,"(2, 7, 11, 17, 18, 22, 25, 27)",8,957,probe_repair,"[35, 45, 60, 100, 115, 130, 150, 155, 185, 210, 245, 260, 275, 355, 360]",0.00000000,"[0.00000000, 0.00000000, 0.00000000, 0.00000000, 0.00000000, 0.00000000, 0.00000000, 0.00000000]",0.10000000,0.44335000,16->27
8,8,8,0,42,"(2, 7, 11, 17, 18, 22, 25, 27)",9,215,probe_repair,"[5, 20, 30, 70, 115, 125, 130, 190, 235, 260, 270, 280, 285, 290, 310]",0.00000000,"[0.00000000, 0.00000000, 0.00000000, 0.00000000, 0.00000000, 0.00000000, 0.00000000, 0.00000000]",0.28800000,0.45595000,4->11
8,8,8,0,42,"(2, 7, 11, 17, 18, 22, 25, 27)",10,368,probe_repair,"[20, 30, 35, 45, 60, 160, 170, 175, 190, 235, 260, 285, 305, 315, 345]",0.00000000,"[0.00000000, 0.00000000, 0.00000000, 0.00000000, 0.00000000, 0.00000000, 0.00000000, 0.00000000]",0.21100000,0.45692500,26->22
8,8,8,0,43,"(1, 7, 11, 15, 16, 21, 22, 26)",1,527,probe_repair,"[25, 45, 55, 105, 150, 160, 165, 175, 185, 240, 250, 260, 265, 300, 320]",0.00000000,"[0.00000000, 0.00000000, 0.00000000, 0.00000000, 0.00000000, 0.00000000, 0.00000000, 0.00000000]",0.15600000,0.45062500,2->7
8,8,8,0,43,"(1, 7, 11, 15, 16, 21, 22, 26)",2,223,probe_repair,"[15, 35, 55, 145, 160, 175, 185, 190, 195, 255, 275, 290, 300, 305, 310]",0.00000000,"[0.00000000, 0.00000000, 0.00000000, 0.00000000, 0.00000000, 0.00000000, 0.00000000, 0.00000000]",0.21600000,0.45414773,9->16
8,8,8,0,43,"(1, 7, 11, 15, 16, 21, 22, 26)",3,510,probe_repair,"[15, 25, 35, 50, 55, 75, 115, 190, 260, 265, 275, 310, 320, 335, 360]",0.00000000,"[0.00000000, 0.00000000, 0.00000000, 0.00000000, 0.00000000, 0.00000000, 0.00000000, 0.00000000]",0.28500000,0.46267045,6->7
8,8,8,0,43,"(1, 7, 11, 15, 16, 21, 22, 26)",4,88,probe_repair,"[35, 95, 100, 105, 140, 165, 175, 200, 220, 240, 250, 295, 335, 345, 360]",0.00000000,"[0.00000000, 0.00000000, 0.00000000, 0.00000000, 0.00000000, 0.00000000, 0.00000000, 0.00000000]",0.29800000,0.45748864,4->1
8,8,8,0,43,"(1, 7, 11, 15, 16, 21, 22, 26)",5,73,probe_repair,"[5, 10, 55, 65, 100, 115, 155, 175, 180, 200, 220, 240, 255, 300, 335]",0.00000000,"[0.00000000, 0.00000000, 0.00000000, 0.00000000, 0.00000000, 0.00000000, 0.00000000, 0.00000000]",0.16600000,0.45848864,25->7
8,8,8,0,43,"(1, 7, 11, 15, 16, 21, 22, 26)",6,91,probe_repair,"[35, 95, 100, 105, 140, 165, 175, 200, 220, 240, 250, 295, 335, 345, 360]",0.00000000,"[0.00000000, 0.00000000, 0.00000000, 0.00000000, 0.00000000, 0.00000000, 0.00000000, 0.00000000]",0.29500000,0.46032955,24->15
8,8,8,0,43,"(1, 7, 11, 15, 16, 21, 22, 26)",7,415,probe_repair,"[95, 105, 135, 175, 195, 230, 240, 265, 280, 285, 290, 300, 305, 310, 340]",0.00000000,"[0.00000000, 0.00000000, 0.00000000, 0.00000000, 0.00000000, 0.00000000, 0.00000000, 0.00000000]",0.22600000,0.45696591,2->15
8,8,8,0,43,"(1, 7, 11, 15, 16, 21, 22, 26)",8,206,probe_repair,"[55, 60, 80, 105, 110, 150, 210, 220, 225, 245, 250, 300, 305, 310, 320]",0.00000000,"[0.00000000, 0.00000000, 0.00000000, 0.00000000, 0.00000000, 0.00000000, 0.00000000, 0.00000000]",0.17600000,0.45696591,17->16
8,8,8,0,43,"(1, 7, 11, 15, 16, 21, 22, 26)",9,85,probe_repair,"[35, 95, 100, 105, 140, 165, 175, 200, 220, 240, 250, 295, 335, 345, 360]",0.00000000,"[0.00000000, 0.00000000, 0.00000000, 0.00000000, 0.00000000, 0.00000000, 0.00000000, 0.00000000]",0.11200000,0.43342045,24->15
8,8,8,0,43,"(1, 7, 11, 15, 16, 21, 22, 26)",10,207,probe_repair,"[55, 60, 80, 105, 110, 150, 210, 220, 225, 245, 250, 300, 305, 310, 320]",0.00000000,"[0.00000000, 0.00000000, 0.00000000, 0.00000000, 0.00000000, 0.00000000, 0.00000000, 0.00000000]",0.14800000,0.45992045,20->22
8,8,8,0,44,"(1, 9, 16, 17, 18, 22, 27, 28)",1,507,probe_repair,"[25, 40, 55, 90, 95, 130, 160, 165, 170, 285, 290, 320, 325, 330, 335]",0.00000000,"[0.00000000, 0.00000000, 0.00000000, 0.00000000, 0.00000000, 0.00000000, 0.00000000, 0.00000000]",0.23700000,0.45903409,20->1
8,8,8,0,44,"(1, 9, 16, 17, 18, 22, 27, 28)",2,475,probe_repair,"[35, 75, 95, 160, 170, 175, 225, 245, 260, 275, 285, 300, 325, 340, 355]",0.00000000,"[0.00000000, 0.00000000, 0.00000000, 0.00000000, 0.00000000, 0.00000000, 0.00000000, 0.00000000]",0.28200000,0.45301136,15->1
8,8,8,0,44,"(1, 9, 16, 17, 18, 22, 27, 28)",3,231,probe_repair,"[35, 40, 50, 70, 75, 80, 95, 210, 245, 250, 255, 260, 265, 305, 360]",0.00000000,"[0.00000000, 0.00000000, 0.00000000, 0.00000000, 0.00000000, 0.00000000, 0.00000000, 0.00000000]",0.26700000,0.45639773,26->28
8,8,8,0,44,"(1, 9, 16, 17, 18, 22, 27, 28)",4,539,probe_repair,"[10, 25, 65, 80, 85, 95, 105, 120, 130, 165, 225, 245, 300, 305, 310]",0.00000000,"[0.00000000, 0.00000000, 0.00000000, 0.00000000, 0.00000000, 0.00000000, 0.00000000, 0.00000000]",0.16300000,0.45503409,21->1
8,8,8,0,44,"(1, 9, 16, 17, 18, 22, 27, 28)",5,109,probe_repair,"[45, 65, 70, 85, 105, 190, 210, 220, 225, 275, 305, 310, 320, 345, 355]",0.00000000,"[0.00000000, 0.00000000, 0.00000000, 0.00000000, 0.00000000, 0.00000000, 0.00000000, 0.00000000]",0.22000000,0.45130682,2->18
8,8,8,0,44,"(1, 9, 16, 17, 18, 22, 27, 28)",6,205,probe_repair,"[30, 55, 80, 95, 135, 140, 145, 160, 240, 245, 250, 260, 305, 320, 345]",0.00000000,"[0.00000000, 0.00000000, 0.00000000, 0.00000000, 0.00000000, 0.00000000, 0.00000000, 0.00000000]",0.14700000,0.42755682,15->18
8,8,8,0,44,"(1, 9, 16, 17, 18, 22, 27, 28)",7,359,probe_repair,"[5, 15, 105, 110, 120, 170, 180, 185, 195, 200, 205, 250, 305, 310, 325]",0.00000000,"[0.00000000, 0.00000000, 0.00000000, 0.00000000, 0.00000000, 0.00000000, 0.00000000, 0.00000000]",0.31200000,0.45946591,4->9
8,8,8,0,44,"(1, 9, 16, 17, 18, 22, 27, 28)",8,429,probe_repair,"[25, 45, 60, 75, 90, 115, 180, 195, 205, 220, 230, 255, 290, 295, 340]",0.00000000,"[0.00000000, 0.00000000, 0.00000000, 0.00000000, 0.00000000, 0.00000000, 0.00000000, 0.00000000]",0.06600000,0.42737500,15->9
8,8,8,0,44,"(1, 9, 16, 17, 18, 22, 27, 28)",9,43,probe_repair,"[5, 35, 50, 55, 70, 120, 135, 155, 160, 165, 240, 250, 255, 350, 360]",0.00000000,"[0.00000000, 0.00000000, 0.00000000, 0.00000000, 0.00000000, 0.00000000, 0.00000000, 0.00000000]",0.25500000,0.45514773,6->22
8,8,8,0,44,"(1, 9, 16, 17, 18, 22, 27, 28)",10,501,probe_repair,"[25, 40, 55, 90, 95, 130, 160, 165, 170, 285, 290, 320, 325, 330, 335]",0.00000000,"[0.00000000, 0.00000000, 0.00000000, 0.00000000, 0.00000000, 0.00000000, 0.00000000, 0.00000000]",0.07800000,0.44276136,7->18
8,8,8,0,45,"(4, 5, 11, 16, 17, 18, 21, 28)",1,150,probe_repair,"[15, 20, 40, 100, 125, 190, 200, 235, 240, 270, 275, 290, 295, 345, 365]",0.00000000,"[0.00000000, 0.00000000, 0.00000000, 0.00000000, 0.00000000, 0.00000000, 0.00000000, 0.00000000]",0.26100000,0.45887500,25->21
8,8,8,0,45,"(4, 5, 11, 16, 17, 18, 21, 28)",2,152,probe_repair,"[15, 20, 40, 100, 125, 190, 200, 235, 240, 270, 275, 290, 295, 345, 365]",0.00000000,"[0.00000000, 0.00000000, 0.00000000, 0.00000000, 0.00000000, 0.00000000, 0.00000000, 0.00000000]",0.23400000,0.46005682,25->21
8,8,8,0,45,"(4, 5, 11, 16, 17, 18, 21, 28)",3,224,probe_repair,"[20, 30, 45, 95, 110, 130, 155, 170, 175, 190, 205, 225, 310, 315, 355]",0.00000000,"[0.00000000, 0.00000000, 0.00000000, 0.00000000, 0.00000000, 0.00000000, 0.00000000, 0.00000000]",0.32600000,0.46001136,22->16
8,8,8,0,45,"(4, 5, 11, 16, 17, 18, 21, 28)",4,623,probe_repair,"[5, 10, 15, 140, 145, 155, 180, 190, 205, 230, 235, 240, 245, 265, 285]",0.00000000,"[0.00000000, 0.00000000, 0.00000000, 0.00000000, 0.00000000, 0.00000000, 0.00000000, 0.00000000]",0.04500000,0.45764773,9->21
8,8,8,0,45,"(4, 5, 11, 16, 17, 18, 21, 28)",5,213,probe_repair,"[15, 25, 45, 90, 95, 140, 145, 170, 240, 255, 270, 285, 325, 330, 335]",0.00000000,"[0.00000000, 0.00000000, 0.00000000, 0.00000000, 0.00000000, 0.00000000, 0.00000000, 0.00000000]",0.23800000,0.43732955,6->5
8,8,8,0,45,"(4, 5, 11, 16, 17, 18, 21, 28)",6,462,probe_repair,"[65, 100, 120, 150, 165, 170, 175, 200, 215, 245, 265, 275, 295, 335, 365]",0.00000000,"[0.00000000, 0.00000000, 0.00000000, 0.00000000, 0.00000000, 0.00000000, 0.00000000, 0.00000000]",0.30900000,0.45764773,27->18
8,8,8,0,45,"(4, 5, 11, 16, 17, 18, 21, 28)",7,372,probe_repair,"[10, 25, 50, 60, 120, 130, 145, 165, 200, 205, 290, 300, 325, 355, 365]",0.00000000,"[0.00000000, 0.00000000, 0.00000000, 0.00000000, 0.00000000, 0.00000000, 0.00000000, 0.00000000]",0.20100000,0.45028409,26->5
8,8,8,0,45,"(4, 5, 11, 16, 17, 18, 21, 28)",8,225,probe_repair,"[20, 30, 45, 95, 110, 130, 155, 170, 175, 190, 205, 225, 310, 315, 355]",0.00000000,"[0.00000000, 0.00000000, 0.00000000, 0.00000000, 0.00000000, 0.00000000, 0.00000000, 0.00000000]",0.32400000,0.46107955,22->17
8,8,8,0,45,"(4, 5, 11, 16, 17, 18, 21, 28)",9,407,probe_repair,"[55, 65, 105, 115, 120, 130, 135, 150, 165, 180, 185, 205, 240, 275, 365]",0.00000000,"[0.00000000, 0.00000000, 0.00000000, 0.00000000, 0.00000000, 0.00000000, 0.00000000, 0.00000000]",0.22800000,0.44998864,6->28
8,8,8,0,45,"(4, 5, 11, 16, 17, 18, 21, 28)",10,562,probe_repair,"[5, 25, 35, 110, 140, 165, 185, 210, 260, 265, 335, 340, 345, 355, 360]",0.00000000,"[0.00000000, 0.00000000, 0.00000000, 0.00000000, 0.00000000, 0.00000000, 0.00000000, 0.00000000]",0.15400000,0.45017045,9->17
8,8,8,0,46,"(4, 7, 9, 11, 17, 22, 25, 27)",1,1157,probe_repair,"[25, 55, 75, 85, 90, 95, 115, 140, 220, 270, 285, 305, 310, 315, 360]",0.00000000,"[0.00000000, 0.00000000, 0.00000000, 0.00000000, 0.00000000, 0.00000000, 0.00000000, 0.00000000]",0.13400000,0.44627500,26->22
8,8,8,0,46,"(4, 7, 9, 11, 17, 22, 25, 27)",2,686,probe_repair,"[15, 20, 30, 40, 65, 85, 180, 185, 240, 275, 285, 320, 335, 340, 360]",0.00000000,"[0.00000000, 0.00000000, 0.00000000, 0.00000000, 0.00000000, 0.00000000, 0.00000000, 0.00000000]",0.23800000,0.45785000,18->27
8,8,8,0,46,"(4, 7, 9, 11, 17, 22, 25, 27)",3,537,probe_repair,"[25, 55, 70, 130, 150, 190, 205, 235, 255, 260, 265, 300, 330, 335, 350]",0.00000000,"[0.00000000, 0.00000000, 0.00000000, 0.00000000, 0.00000000, 0.00000000, 0.00000000, 0.00000000]",0.10400000,0.45170000,2->7
8,8,8,0,46,"(4, 7, 9, 11, 17, 22, 25, 27)",4,1502,probe_repair,"[5, 15, 35, 55, 160, 185, 215, 230, 240, 255, 270, 305, 340, 350, 355]",0.00000000,"[0.00000000, 0.00000000, 0.00000000, 0.00000000, 0.00000000, 0.00000000, 0.00000000, 0.00000000]",0.29600000,0.45580000,21->7
8,8,8,0,46,"(4, 7, 9, 11, 17, 22, 25, 27)",5,1170,probe_repair,"[5, 35, 100, 110, 135, 145, 150, 160, 175, 195, 205, 210, 225, 240, 285]",0.00000000,"[0.00000000, 0.00000000, 0.00000000, 0.00000000, 0.00000000, 0.00000000, 0.00000000, 0.00000000]",0.16300000,0.45797500,18->27
8,8,8,0,46,"(4, 7, 9, 11, 17, 22, 25, 27)",6,541,probe_repair,"[105, 125, 135, 140, 150, 165, 180, 190, 200, 265, 285, 295, 300, 320, 360]",0.00000000,"[0.00000000, 0.00000000, 0.00000000, 0.00000000, 0.00000000, 0.00000000, 0.00000000, 0.00000000]",0.05100000,0.44132500,15->4
8,8,8,0,46,"(4, 7, 9, 11, 17, 22, 25, 27)",7,1530,probe_repair,"[10, 15, 40, 45, 115, 135, 140, 205, 215, 220, 225, 230, 240, 285, 365]",0.00000000,"[0.00000000, 0.00000000, 0.00000000, 0.00000000, 0.00000000, 0.00000000, 0.00000000, 0.00000000]",0.30500000,0.45892500,18->7
8,8,8,0,46,"(4, 7, 9, 11, 17, 22, 25, 27)",8,855,probe_repair,"[25, 45, 65, 70, 90, 120, 145, 155, 190, 220, 245, 285, 300, 310, 330]",0.00000000,"[0.00000000, 0.00000000, 0.00000000, 0.00000000, 0.00000000, 0.00000000, 0.00000000, 0.00000000]",0.29400000,0.45742500,21->17
8,8,8,0,46,"(4, 7, 9, 11, 17, 22, 25, 27)",9,773,probe_repair,"[5, 30, 55, 100, 110, 125, 140, 170, 200, 230, 250, 275, 295, 305, 310]",0.00000000,"[0.00000000, 0.00000000, 0.00000000, 0.00000000, 0.00000000, 0.00000000, 0.00000000, 0.00000000]",0.25100000,0.44975000,20->27
8,8,8,0,46,"(4, 7, 9, 11, 17, 22, 25, 27)",10,575,probe_repair,"[5, 10, 85, 90, 160, 205, 225, 240, 245, 255, 280, 285, 330, 350, 360]",0.00000000,"[0.00000000, 0.00000000, 0.00000000, 0.00000000, 0.00000000, 0.00000000, 0.00000000, 0.00000000]",0.15900000,0.45515000,6->22
8,8,8,0,47,"(4, 5, 9, 16, 21, 22, 24, 27)",1,35,probe_repair,"[5, 20, 35, 50, 115, 120, 140, 145, 155, 175, 190, 245, 310, 315, 330]",0.00000000,"[0.00000000, 0.00000000, 0.00000000, 0.00000000, 0.00000000, 0.00000000, 0.00000000, 0.00000000]",0.26800000,0.45790909,25->27
8,8,8,0,47,"(4, 5, 9, 16, 21, 22, 24, 27)",2,353,probe_repair,"[15, 20, 55, 135, 145, 165, 170, 240, 275, 280, 285, 300, 325, 345, 355]",0.00000000,"[0.00000000, 0.00000000, 0.00000000, 0.00000000, 0.00000000, 0.00000000, 0.00000000, 0.00000000]",0.25900000,0.45702273,18->9
8,8,8,0,47,"(4, 5, 9, 16, 21, 22, 24, 27)",3,607,probe_repair,"[35, 55, 85, 140, 145, 175, 180, 215, 220, 235, 240, 270, 290, 300, 325]",0.00000000,"[0.00000000, 0.00000000, 0.00000000, 0.00000000, 0.00000000, 0.00000000, 0.00000000, 0.00000000]",0.19600000,0.45354545,20->9
8,8,8,0,47,"(4, 5, 9, 16, 21, 22, 24, 27)",4,593,probe_repair,"[5, 20, 55, 80, 85, 105, 130, 150, 175, 225, 230, 255, 300, 315, 325]",0.00000000,"[0.00000000, 0.00000000, 0.00000000, 0.00000000, 0.00000000, 0.00000000, 0.00000000, 0.00000000]",0.25600000,0.45443182,20->16
8,8,8,0,47,"(4, 5, 9, 16, 21, 22, 24, 27)",5,351,probe_repair,"[15, 20, 55, 135, 145, 165, 170, 240, 275, 280, 285, 300, 325, 345, 355]",0.00000000,"[0.00000000, 0.00000000, 0.00000000, 0.00000000, 0.00000000, 0.00000000, 0.00000000, 0.00000000]",0.27700000,0.45572727,18->9
8,8,8,0,47,"(4, 5, 9, 16, 21, 22, 24, 27)",6,230,probe_repair,"[10, 20, 35, 45, 115, 135, 160, 205, 255, 280, 285, 290, 310, 325, 345]",0.00000000,"[0.00000000, 0.00000000, 0.00000000, 0.00000000, 0.00000000, 0.00000000, 0.00000000, 0.00000000]",0.25200000,0.45240909,6->16
8,8,8,0,47,"(4, 5, 9, 16, 21, 22, 24, 27)",7,384,probe_repair,"[5, 10, 50, 80, 100, 160, 165, 210, 220, 245, 255, 280, 310, 325, 360]",0.00000000,"[0.00000000, 0.00000000, 0.00000000, 0.00000000, 0.00000000, 0.00000000, 0.00000000, 0.00000000]",0.25000000,0.44577273,2->9
8,8,8,0,47,"(4, 5, 9, 16, 21, 22, 24, 27)",8,349,probe_repair,"[15, 20, 55, 135, 145, 165, 170, 240, 275, 280, 285, 300, 325, 345, 355]",0.00000000,"[0.00000000, 0.00000000, 0.00000000, 0.00000000, 0.00000000, 0.00000000, 0.00000000, 0.00000000]",0.06700000,0.44084091,6->27
8,8,8,0,47,"(4, 5, 9, 16, 21, 22, 24, 27)",9,441,probe_repair,"[30, 45, 50, 75, 85, 95, 150, 155, 170, 205, 210, 225, 265, 275, 330]",0.00000000,"[0.00000000, 0.00000000, 0.00000000, 0.00000000, 0.00000000, 0.00000000, 0.00000000, 0.00000000]",0.28300000,0.46122727,25->5
8,8,8,0,47,"(4, 5, 9, 16, 21, 22, 24, 27)",10,385,probe_repair,"[5, 10, 50, 80, 100, 160, 165, 210, 220, 245, 255, 280, 310, 325, 360]",0.00000000,"[0.00000000, 0.00000000, 0.00000000, 0.00000000, 0.00000000, 0.00000000, 0.00000000, 0.00000000]",0.26200000,0.45211364,17->22
8,8,8,0,48,"(2, 5, 9, 11, 15, 20, 25, 28)",1,109,probe_repair,"[10, 55, 80, 90, 105, 115, 120, 150, 205, 210, 250, 255, 280, 330, 365]",0.00000000,"[0.00000000, 0.00000000, 0.00000000, 0.00000000, 0.00000000, 0.00000000, 0.00000000, 0.00000000]",0.26200000,0.44562500,18->20
8,8,8,0,48,"(2, 5, 9, 11, 15, 20, 25, 28)",2,237,probe_repair,"[5, 10, 15, 25, 65, 100, 125, 145, 175, 210, 215, 295, 355, 360, 365]",0.00000000,"[0.00000000, 0.00000000, 0.00000000, 0.00000000, 0.00000000, 0.00000000, 0.00000000, 0.00000000]",0.06400000,0.44321591,6->2
8,8,8,0,48,"(2, 5, 9, 11, 15, 20, 25, 28)",3,284,probe_repair,"[30, 35, 45, 60, 75, 90, 160, 180, 185, 190, 245, 260, 315, 325, 335]",0.00000000,"[0.00000000, 0.00000000, 0.00000000, 0.00000000, 0.00000000, 0.00000000, 0.00000000, 0.00000000]",0.20600000,0.45053409,17->9
8,8,8,0,48,"(2, 5, 9, 11, 15, 20, 25, 28)",4,303,probe_repair,"[25, 30, 35, 50, 85, 100, 125, 140, 160, 165, 190, 275, 290, 315, 345]",0.00000000,"[0.00000000, 0.00000000, 0.00000000, 0.00000000, 0.00000000, 0.00000000, 0.00000000, 0.00000000]",0.20400000,0.45621591,24->25
8,8,8,0,48,"(2, 5, 9, 11, 15, 20, 25, 28)",5,117,probe_repair,"[40, 50, 85, 90, 120, 130, 145, 170, 200, 210, 230, 280, 300, 340, 360]",0.00000000,"[0.00000000, 0.00000000, 0.00000000, 0.00000000, 0.00000000, 0.00000000, 0.00000000, 0.00000000]",0.00000000,0.43807955,22->28
8,8,8,0,48,"(2, 5, 9, 11, 15, 20, 25, 28)",6,367,probe_repair,"[10, 20, 55, 115, 120, 125, 130, 165, 170, 175, 180, 220, 260, 315, 355]",0.00000000,"[0.00000000, 0.00000000, 0.00000000, 0.00000000, 0.00000000, 0.00000000, 0.00000000, 0.00000000]",0.25300000,0.45582955,6->11
8,8,8,0,48,"(2, 5, 9, 11, 15, 20, 25, 28)",7,503,probe_repair,"[5, 15, 30, 45, 55, 60, 100, 125, 130, 145, 170, 220, 310, 315, 365]",0.00000000,"[0.00000000, 0.00000000, 0.00000000, 0.00000000, 0.00000000, 0.00000000, 0.00000000, 0.00000000]",0.29900000,0.46012500,16->5
8,8,8,0,48,"(2, 5, 9, 11, 15, 20, 25, 28)",8,281,probe_repair,"[30, 35, 45, 60, 75, 90, 160, 180, 185, 190, 245, 260, 315, 325, 335]",0.00000000,"[0.00000000, 0.00000000, 0.00000000, 0.00000000, 0.00000000, 0.00000000, 0.00000000, 0.00000000]",0.21000000,0.45548864,17->9
8,8,8,0,48,"(2, 5, 9, 11, 15, 20, 25, 28)",9,387,probe_repair,"[50, 55, 65, 80, 105, 120, 135, 145, 160, 165, 210, 235, 260, 315, 360]",0.00000000,"[0.00000000, 0.00000000, 0.00000000, 0.00000000, 0.00000000, 0.00000000, 0.00000000, 0.00000000]",0.15200000,0.45426136,6->25
8,8,8,0,48,"(2, 5, 9, 11, 15, 20, 25, 28)",10,197,probe_repair,"[10, 15, 20, 30, 50, 140, 155, 210, 240, 270, 300, 305, 325, 335, 360]",0.00000000,"[0.00000000, 0.00000000, 0.00000000, 0.00000000, 0.00000000, 0.00000000, 0.00000000, 0.00000000]",0.03000000,0.43657955,18->20
8,8,8,0,49,"(1, 4, 6, 9, 11, 17, 21, 24)",1,21,probe_repair,"[10, 60, 70, 95, 140, 150, 195, 205, 225, 235, 260, 285, 295, 320, 340]",0.00000000,"[0.00000000, 0.00000000, 0.00000000, 0.00000000, 0.00000000, 0.00000000, 0.00000000, 0.00000000]",0.26400000,0.44639773,2->24
8,8,8,0,49,"(1, 4, 6, 9, 11, 17, 21, 24)",2,604,probe_repair,"[35, 65, 70, 85, 115, 125, 180, 195, 200, 235, 250, 255, 275, 320, 330]",0.00000000,"[0.00000000, 0.00000000, 0.00000000, 0.00000000, 0.00000000, 0.00000000, 0.00000000, 0.00000000]",0.21800000,0.45648864,15->6
8,8,8,0,49,"(1, 4, 6, 9, 11, 17, 21, 24)",3,256,probe_repair,"[25, 60, 170, 190, 200, 220, 245, 250, 260, 265, 300, 310, 335, 340, 365]",0.00000000,"[0.00000000, 0.00000000, 0.00000000, 0.00000000, 0.00000000, 0.00000000, 0.00000000, 0.00000000]",0.12400000,0.45269318,16->4
8,8,8,0,49,"(1, 4, 6, 9, 11, 17, 21, 24)",4,69,probe_repair,"[10, 40, 75, 80, 105, 120, 145, 175, 185, 230, 240, 260, 330, 345, 350]",0.00000000,"[0.00000000, 0.00000000, 0.00000000, 0.00000000, 0.00000000, 0.00000000, 0.00000000, 0.00000000]",0.03300000,0.43298864,15->6
8,8,8,0,49,"(1, 4, 6, 9, 11, 17, 21, 24)",5,329,probe_repair,"[40, 45, 90, 110, 130, 135, 140, 170, 175, 180, 190, 250, 295, 325, 330]",0.00000000,"[0.00000000, 0.00000000, 0.00000000, 0.00000000, 0.00000000, 0.00000000, 0.00000000, 0.00000000]",0.13200000,0.45685227,7->9
8,8,8,0,49,"(1, 4, 6, 9, 11, 17, 21, 24)",6,590,probe_repair,"[5, 55, 65, 80, 150, 160, 185, 190, 205, 210, 230, 290, 295, 310, 335]",0.00000000,"[0.00000000, 0.00000000, 0.00000000, 0.00000000, 0.00000000, 0.00000000, 0.00000000, 0.00000000]",0.23100000,0.45344318,28->9
8,8,8,0,49,"(1, 4, 6, 9, 11, 17, 21, 24)",7,125,probe_repair,"[65, 100, 125, 140, 170, 220, 225, 230, 255, 265, 295, 300, 330, 350, 360]",0.00000000,"[0.00000000, 0.00000000, 0.00000000, 0.00000000, 0.00000000, 0.00000000, 0.00000000, 0.00000000]",0.13300000,0.43742045,18->9
8,8,8,0,49,"(1, 4, 6, 9, 11, 17, 21, 24)",8,309,probe_repair,"[15, 70, 75, 95, 110, 125, 190, 200, 210, 255, 260, 275, 325, 335, 360]",0.00000000,"[0.00000000, 0.00000000, 0.00000000, 0.00000000, 0.00000000, 0.00000000, 0.00000000, 0.00000000]",0.04000000,0.43792045,2->4
8,8,8,0,49,"(1, 4, 6, 9, 11, 17, 21, 24)",9,261,probe_repair,"[15, 60, 75, 80, 85, 100, 130, 145, 180, 200, 205, 220, 260, 275, 345]",0.00000000,"[0.00000000, 0.00000000, 0.00000000, 0.00000000, 0.00000000, 0.00000000, 0.00000000, 0.00000000]",0.17700000,0.44135227,26->17
8,8,8,0,49,"(1, 4, 6, 9, 11, 17, 21, 24)",10,332,probe_repair,"[40, 45, 90, 110, 130, 135, 140, 170, 175, 180, 190, 250, 295, 325, 330]",0.00000000,"[0.00000000, 0.00000000, 0.00000000, 0.00000000, 0.00000000, 0.00000000, 0.00000000, 0.00000000]",0.16200000,0.45453409,7->9
8,8,8,0,50,"(2, 5, 9, 18, 20, 22, 24, 27)",1,420,probe_repair,"[10, 25, 30, 50, 85, 100, 105, 110, 120, 205, 210, 265, 275, 300, 355]",0.00000000,"[0.00000000, 0.00000000, 0.00000000, 0.00000000, 0.00000000, 0.00000000, 0.00000000, 0.00000000]",0.23800000,0.45387500,15->9
8,8,8,0,50,"(2, 5, 9, 18, 20, 22, 24, 27)",2,172,probe_repair,"[20, 45, 55, 60, 115, 125, 130, 145, 160, 185, 230, 280, 290, 305, 340]",0.00000000,"[0.00000000, 0.00000000, 0.00000000, 0.00000000, 0.00000000, 0.00000000, 0.00000000, 0.00000000]",0.18800000,0.46507955,16->27
8,8,8,0,50,"(2, 5, 9, 18, 20, 22, 24, 27)",3,261,probe_repair,"[5, 20, 35, 50, 120, 140, 175, 180, 230, 245, 260, 280, 300, 355, 365]",0.00000000,"[0.00000000, 0.00000000, 0.00000000, 0.00000000, 0.00000000, 0.00000000, 0.00000000, 0.00000000]",0.19500000,0.44355682,17->27
8,8,8,0,50,"(2, 5, 9, 18, 20, 22, 24, 27)",4,223,probe_repair,"[10, 30, 75, 115, 140, 150, 205, 210, 225, 235, 265, 275, 295, 355, 365]",0.00000000,"[0.00000000, 0.00000000, 0.00000000, 0.00000000, 0.00000000, 0.00000000, 0.00000000, 0.00000000]",0.20600000,0.45637500,17->5
8,8,8,0,50,"(2, 5, 9, 18, 20, 22, 24, 27)",5,133,probe_repair,"[25, 40, 60, 90, 125, 130, 150, 170, 270, 285, 295, 335, 355, 360, 365]",0.00000000,"[0.00000000, 0.00000000, 0.00000000, 0.00000000, 0.00000000, 0.00000000, 0.00000000, 0.00000000]",0.13200000,0.43948864,21->9
8,8,8,0,50,"(2, 5, 9, 18, 20, 22, 24, 27)",6,202,probe_repair,"[15, 25, 30, 45, 80, 85, 155, 165, 170, 175, 215, 220, 265, 300, 315]",0.00000000,"[0.00000000, 0.00000000, 0.00000000, 0.00000000, 0.00000000, 0.00000000, 0.00000000, 0.00000000]",0.15400000,0.45521591,6->22
8,8,8,0,50,"(2, 5, 9, 18, 20, 22, 24, 27)",7,173,probe_repair,"[20, 35, 80, 100, 105, 110, 150, 155, 160, 185, 215, 220, 225, 310, 340]",0.00000000,"[0.00000000, 0.00000000, 0.00000000, 0.00000000, 0.00000000, 0.00000000, 0.00000000, 0.00000000]",0.10700000,0.43319318,26->5
8,8,8,0,50,"(2, 5, 9, 18, 20, 22, 24, 27)",8,201,probe_repair,"[15, 25, 30, 45, 80, 85, 155, 165, 170, 175, 215, 220, 265, 300, 315]",0.00000000,"[0.00000000, 0.00000000, 0.00000000, 0.00000000, 0.00000000, 0.00000000, 0.00000000, 0.00000000]",0.17800000,0.45496591,6->22
8,8,8,0,50,"(2, 5, 9, 18, 20, 22, 24, 27)",9,589,probe_repair,"[5, 10, 40, 100, 130, 160, 185, 225, 235, 245, 255, 260, 310, 330, 335]",0.00000000,"[0.00000000, 0.00000000, 0.00000000, 0.00000000, 0.00000000, 0.00000000, 0.00000000, 0.00000000]",0.08700000,0.43723864,25->20
8,8,8,0,50,"(2, 5, 9, 18, 20, 22, 24, 27)",10,370,probe_repair,"[80, 105, 110, 145, 155, 165, 210, 220, 245, 280, 285, 300, 330, 345, 360]",0.00000000,"[0.00000000, 0.00000000, 0.00000000, 0.00000000, 0.00000000, 0.00000000, 0.00000000, 0.00000000]",0.26300000,0.46030682,28->9
8,8,8,0,51,"(2, 4, 15, 16, 18, 21, 22, 26)",1,965,probe_repair,"[5, 20, 25, 35, 45, 100, 105, 130, 145, 165, 170, 230, 270, 285, 310]",0.00000000,"[0.00000000, 0.00000000, 0.00000000, 0.00000000, 0.00000000, 0.00000000, 0.00000000, 0.00000000]",0.07900000,0.43890000,20->18
8,8,8,0,51,"(2, 4, 15, 16, 18, 21, 22, 26)",2,482,probe_repair,"[15, 25, 45, 90, 145, 185, 195, 225, 245, 250, 290, 310, 320, 330, 345]",0.00000000,"[0.00000000, 0.00000000, 0.00000000, 0.00000000, 0.00000000, 0.00000000, 0.00000000, 0.00000000]",0.14300000,0.45255000,6->21
8,8,8,0,51,"(2, 4, 15, 16, 18, 21, 22, 26)",3,428,probe_repair,"[25, 40, 50, 105, 160, 190, 250, 260, 265, 270, 280, 315, 320, 330, 350]",0.00000000,"[0.00000000, 0.00000000, 0.00000000, 0.00000000, 0.00000000, 0.00000000, 0.00000000, 0.00000000]",0.13100000,0.46255000,24->22
8,8,8,0,51,"(2, 4, 15, 16, 18, 21, 22, 26)",4,421,probe_repair,"[25, 40, 50, 105, 160, 190, 250, 260, 265, 270, 280, 315, 320, 330, 350]",0.00000000,"[0.00000000, 0.00000000, 0.00000000, 0.00000000, 0.00000000, 0.00000000, 0.00000000, 0.00000000]",0.00700000,0.43960000,24->22
8,8,8,0,51,"(2, 4, 15, 16, 18, 21, 22, 26)",5,824,probe_repair,"[10, 40, 65, 140, 200, 205, 210, 230, 275, 290, 315, 325, 330, 345, 360]",0.00000000,"[0.00000000, 0.00000000, 0.00000000, 0.00000000, 0.00000000, 0.00000000, 0.00000000, 0.00000000]",0.16300000,0.45847500,11->15
8,8,8,0,51,"(2, 4, 15, 16, 18, 21, 22, 26)",6,1464,probe_repair,"[15, 30, 40, 45, 85, 130, 155, 160, 165, 210, 240, 250, 265, 315, 335]",0.00000000,"[0.00000000, 0.00000000, 0.00000000, 0.00000000, 0.00000000, 0.00000000, 0.00000000, 0.00000000]",0.16600000,0.45652500,27->2
8,8,8,0,51,"(2, 4, 15, 16, 18, 21, 22, 26)",7,228,probe_repair,"[55, 70, 90, 105, 115, 145, 150, 185, 205, 215, 225, 245, 250, 285, 345]",0.00000000,"[0.00000000, 0.00000000, 0.00000000, 0.00000000, 0.00000000, 0.00000000, 0.00000000, 0.00000000]",0.19900000,0.44867500,24->22
8,8,8,0,51,"(2, 4, 15, 16, 18, 21, 22, 26)",8,563,probe_repair,"[25, 100, 105, 110, 115, 150, 165, 185, 190, 250, 290, 295, 300, 315, 320]",0.00000000,"[0.00000000, 0.00000000, 0.00000000, 0.00000000, 0.00000000, 0.00000000, 0.00000000, 0.00000000]",0.13600000,0.45740000,24->21
8,8,8,0,51,"(2, 4, 15, 16, 18, 21, 22, 26)",9,1461,probe_repair,"[15, 30, 40, 45, 85, 130, 155, 160, 165, 210, 240, 250, 265, 315, 335]",0.00000000,"[0.00000000, 0.00000000, 0.00000000, 0.00000000, 0.00000000, 0.00000000, 0.00000000, 0.00000000]",0.14900000,0.43897500,17->21
8,8,8,0,51,"(2, 4, 15, 16, 18, 21, 22, 26)",10,427,probe_repair,"[25, 40, 50, 105, 160, 190, 250, 260, 265, 270, 280, 315, 320, 330, 350]",0.00000000,"[0.00000000, 0.00000000, 0.00000000, 0.00000000, 0.00000000, 0.00000000, 0.00000000, 0.00000000]",0.12700000,0.45705000,24->22
8,8,8,0,52,"(2, 7, 11, 16, 17, 20, 22, 24)",1,370,probe_repair,"[20, 50, 60, 90, 95, 100, 140, 150, 275, 280, 290, 300, 315, 330, 340]",0.00000000,"[0.00000000, 0.00000000, 0.00000000, 0.00000000, 0.00000000, 0.00000000, 0.00000000, 0.00000000]",0.28300000,0.46092500,15->16
8,8,8,0,52,"(2, 7, 11, 16, 17, 20, 22, 24)",2,365,probe_repair,"[20, 50, 60, 90, 95, 100, 140, 150, 275, 280, 290, 300, 315, 330, 340]",0.00000000,"[0.00000000, 0.00000000, 0.00000000, 0.00000000, 0.00000000, 0.00000000, 0.00000000, 0.00000000]",0.11100000,0.44440000,4->16
8,8,8,0,52,"(2, 7, 11, 16, 17, 20, 22, 24)",3,1133,probe_repair,"[15, 20, 25, 50, 90, 100, 125, 165, 180, 205, 230, 295, 300, 305, 340]",0.00000000,"[0.00000000, 0.00000000, 0.00000000, 0.00000000, 0.00000000, 0.00000000, 0.00000000, 0.00000000]",0.10400000,0.43920000,25->16
8,8,8,0,52,"(2, 7, 11, 16, 17, 20, 22, 24)",4,367,probe_repair,"[20, 50, 60, 90, 95, 100, 140, 150, 275, 280, 290, 300, 315, 330, 340]",0.00000000,"[0.00000000, 0.00000000, 0.00000000, 0.00000000, 0.00000000, 0.00000000, 0.00000000, 0.00000000]",0.24400000,0.45652500,15->16
8,8,8,0,52,"(2, 7, 11, 16, 17, 20, 22, 24)",5,525,probe_repair,"[15, 20, 40, 45, 120, 125, 130, 185, 230, 240, 260, 315, 335, 345, 360]",0.00000000,"[0.00000000, 0.00000000, 0.00000000, 0.00000000, 0.00000000, 0.00000000, 0.00000000, 0.00000000]",0.14700000,0.43255000,4->20
8,8,8,0,52,"(2, 7, 11, 16, 17, 20, 22, 24)",6,1422,probe_repair,"[10, 20, 35, 85, 100, 120, 125, 170, 235, 245, 270, 320, 355, 360, 365]",0.00000000,"[0.00000000, 0.00000000, 0.00000000, 0.00000000, 0.00000000, 0.00000000, 0.00000000, 0.00000000]",0.15800000,0.44540000,27->7
8,8,8,0,52,"(2, 7, 11, 16, 17, 20, 22, 24)",7,539,probe_repair,"[15, 20, 55, 65, 85, 90, 95, 100, 145, 160, 185, 210, 220, 230, 245]",0.00000000,"[0.00000000, 0.00000000, 0.00000000, 0.00000000, 0.00000000, 0.00000000, 0.00000000, 0.00000000]",0.27400000,0.45092500,6->2
8,8,8,0,52,"(2, 7, 11, 16, 17, 20, 22, 24)",8,241,probe_repair,"[10, 25, 70, 85, 115, 150, 195, 230, 235, 255, 280, 290, 315, 320, 365]",0.00000000,"[0.00000000, 0.00000000, 0.00000000, 0.00000000, 0.00000000, 0.00000000, 0.00000000, 0.00000000]",0.32900000,0.46022500,15->16
8,8,8,0,52,"(2, 7, 11, 16, 17, 20, 22, 24)",9,781,probe_repair,"[15, 25, 50, 85, 115, 125, 190, 205, 215, 240, 255, 270, 345, 350, 365]",0.00000000,"[0.00000000, 0.00000000, 0.00000000, 0.00000000, 0.00000000, 0.00000000, 0.00000000, 0.00000000]",0.01200000,0.44025000,6->24
8,8,8,0,52,"(2, 7, 11, 16, 17, 20, 22, 24)",10,2,baseline,"[5, 30, 55, 80, 105, 130, 155, 180, 205, 230, 255, 280, 305, 330, 355]",0.00000000,"[0.00000000, 0.00000000, 0.00000000, 0.00000000, 0.00000000, 0.00000000, 0.00000000, 0.00000000]",0.23800000,0.45112500,26->2
8,8,8,0,53,"(1, 5, 6, 7, 9, 15, 25, 26)",1,100,probe_repair,"[40, 50, 65, 90, 155, 160, 185, 190, 200, 205, 225, 260, 290, 310, 340]",0.00000000,"[0.00000000, 0.00000000, 0.00000000, 0.00000000, 0.00000000, 0.00000000, 0.00000000, 0.00000000]",0.28700000,0.45702083,17->9
8,8,8,0,53,"(1, 5, 6, 7, 9, 15, 25, 26)",2,149,probe_repair,"[15, 25, 40, 60, 110, 115, 120, 125, 140, 190, 230, 265, 325, 330, 340]",0.00000000,"[0.00000000, 0.00000000, 0.00000000, 0.00000000, 0.00000000, 0.00000000, 0.00000000, 0.00000000]",0.09900000,0.44181250,17->26
8,8,8,0,53,"(1, 5, 6, 7, 9, 15, 25, 26)",3,141,probe_repair,"[25, 30, 40, 45, 85, 90, 100, 175, 190, 200, 230, 260, 335, 355, 365]",0.00000000,"[0.00000000, 0.00000000, 0.00000000, 0.00000000, 0.00000000, 0.00000000, 0.00000000, 0.00000000]",0.06600000,0.44093750,2->9
8,8,8,0,53,"(1, 5, 6, 7, 9, 15, 25, 26)",4,127,probe_repair,"[15, 25, 90, 115, 135, 145, 170, 175, 200, 210, 230, 260, 290, 295, 355]",0.00000000,"[0.00000000, 0.00000000, 0.00000000, 0.00000000, 0.00000000, 0.00000000, 0.00000000, 0.00000000]",0.26900000,0.45250000,20->6
8,8,8,0,53,"(1, 5, 6, 7, 9, 15, 25, 26)",5,125,probe_repair,"[15, 25, 90, 115, 135, 145, 170, 175, 200, 210, 230, 260, 290, 295, 355]",0.00000000,"[0.00000000, 0.00000000, 0.00000000, 0.00000000, 0.00000000, 0.00000000, 0.00000000, 0.00000000]",0.10900000,0.43039583,20->6
8,8,8,0,53,"(1, 5, 6, 7, 9, 15, 25, 26)",6,109,probe_repair,"[30, 45, 55, 75, 90, 100, 120, 140, 170, 190, 250, 265, 275, 285, 340]",0.00000000,"[0.00000000, 0.00000000, 0.00000000, 0.00000000, 0.00000000, 0.00000000, 0.00000000, 0.00000000]",0.17600000,0.44545833,11->5
8,8,8,0,53,"(1, 5, 6, 7, 9, 15, 25, 26)",7,27,probe_repair,"[50, 65, 80, 110, 200, 210, 240, 255, 260, 265, 285, 300, 335, 345, 355]",0.00000000,"[0.00000000, 0.00000000, 0.00000000, 0.00000000, 0.00000000, 0.00000000, 0.00000000, 0.00000000]",0.08300000,0.45533333,27->7
8,8,8,0,53,"(1, 5, 6, 7, 9, 15, 25, 26)",8,93,probe_repair,"[40, 50, 65, 90, 155, 160, 185, 190, 200, 205, 225, 260, 290, 310, 340]",0.00000000,"[0.00000000, 0.00000000, 0.00000000, 0.00000000, 0.00000000, 0.00000000, 0.00000000, 0.00000000]",0.08400000,0.44081250,24->6
8,8,8,0,53,"(1, 5, 6, 7, 9, 15, 25, 26)",9,14,baseline,"[5, 30, 55, 80, 105, 130, 155, 180, 205, 230, 255, 280, 305, 330, 355]",0.00000000,"[0.00000000, 0.00000000, 0.00000000, 0.00000000, 0.00000000, 0.00000000, 0.00000000, 0.00000000]",0.22700000,0.45141667,27->1
8,8,8,0,53,"(1, 5, 6, 7, 9, 15, 25, 26)",10,69,probe_repair,"[10, 45, 75, 100, 130, 135, 155, 165, 190, 205, 230, 235, 265, 290, 305]",0.00000000,"[0.00000000, 0.00000000, 0.00000000, 0.00000000, 0.00000000, 0.00000000, 0.00000000, 0.00000000]",0.02500000,0.43512500,2->26
8,8,8,0,54,"(1, 2, 9, 18, 20, 21, 24, 25)",1,421,probe_repair,"[30, 40, 45, 50, 60, 65, 195, 210, 235, 240, 250, 285, 325, 340, 345]",0.00000000,"[0.00000000, 0.00000000, 0.00000000, 0.00000000, 0.00000000, 0.00000000, 0.00000000, 0.00000000]",0.14000000,0.45226136,26->24
8,8,8,0,54,"(1, 2, 9, 18, 20, 21, 24, 25)",2,286,probe_repair,"[5, 60, 75, 100, 105, 155, 175, 200, 210, 220, 255, 290, 320, 325, 330]",0.00000000,"[0.00000000, 0.00000000, 0.00000000, 0.00000000, 0.00000000, 0.00000000, 0.00000000, 0.00000000]",0.24700000,0.45712500,26->2
8,8,8,0,54,"(1, 2, 9, 18, 20, 21, 24, 25)",3,332,probe_repair,"[30, 40, 50, 70, 80, 95, 105, 155, 165, 180, 210, 220, 230, 255, 300]",0.00000000,"[0.00000000, 0.00000000, 0.00000000, 0.00000000, 0.00000000, 0.00000000, 0.00000000, 0.00000000]",0.25900000,0.45230682,6->1
8,8,8,0,54,"(1, 2, 9, 18, 20, 21, 24, 25)",4,373,probe_repair,"[5, 15, 40, 50, 115, 140, 150, 165, 185, 210, 260, 305, 330, 350, 355]",0.00000000,"[0.00000000, 0.00000000, 0.00000000, 0.00000000, 0.00000000, 0.00000000, 0.00000000, 0.00000000]",0.06900000,0.44151136,22->25
8,8,8,0,54,"(1, 2, 9, 18, 20, 21, 24, 25)",5,391,probe_repair,"[60, 65, 95, 100, 115, 150, 170, 185, 205, 220, 230, 250, 305, 325, 345]",0.00000000,"[0.00000000, 0.00000000, 0.00000000, 0.00000000, 0.00000000, 0.00000000, 0.00000000, 0.00000000]",0.07200000,0.45271591,11->1
8,8,8,0,54,"(1, 2, 9, 18, 20, 21, 24, 25)",6,560,probe_repair,"[25, 40, 60, 85, 105, 120, 125, 130, 145, 170, 205, 230, 260, 345, 365]",0.00000000,"[0.00000000, 0.00000000, 0.00000000, 0.00000000, 0.00000000, 0.00000000, 0.00000000, 0.00000000]",0.21800000,0.46071591,7->20
8,8,8,0,54,"(1, 2, 9, 18, 20, 21, 24, 25)",7,132,probe_repair,"[40, 55, 75, 100, 115, 135, 155, 180, 190, 225, 245, 260, 300, 310, 340]",0.00000000,"[0.00000000, 0.00000000, 0.00000000, 0.00000000, 0.00000000, 0.00000000, 0.00000000, 0.00000000]",0.22600000,0.45269318,26->18
8,8,8,0,54,"(1, 2, 9, 18, 20, 21, 24, 25)",8,396,probe_repair,"[60, 65, 95, 100, 115, 150, 170, 185, 205, 220, 230, 250, 305, 325, 345]",0.00000000,"[0.00000000, 0.00000000, 0.00000000, 0.00000000, 0.00000000, 0.00000000, 0.00000000, 0.00000000]",0.07200000,0.45194318,11->1
8,8,8,0,54,"(1, 2, 9, 18, 20, 21, 24, 25)",9,224,probe_repair,"[15, 30, 45, 105, 130, 180, 240, 245, 260, 285, 295, 300, 330, 340, 365]",0.00000000,"[0.00000000, 0.00000000, 0.00000000, 0.00000000, 0.00000000, 0.00000000, 0.00000000, 0.00000000]",0.17400000,0.45692045,22->18
8,8,8,0,54,"(1, 2, 9, 18, 20, 21, 24, 25)",10,545,probe_repair,"[5, 10, 40, 60, 65, 90, 100, 105, 115, 140, 165, 175, 250, 255, 335]",0.00000000,"[0.00000000, 0.00000000, 0.00000000, 0.00000000, 0.00000000, 0.00000000, 0.00000000, 0.00000000]",0.16400000,0.45598864,15->24
8,8,8,0,55,"(2, 7, 11, 16, 21, 24, 25, 27)",1,308,probe_repair,"[20, 25, 55, 85, 105, 155, 165, 175, 200, 210, 275, 280, 285, 315, 345]",0.00000000,"[0.00000000, 0.00000000, 0.00000000, 0.00000000, 0.00000000, 0.00000000, 0.00000000, 0.00000000]",0.26200000,0.45900000,20->2
8,8,8,0,55,"(2, 7, 11, 16, 21, 24, 25, 27)",2,997,probe_repair,"[5, 50, 65, 90, 115, 130, 155, 165, 175, 190, 210, 220, 245, 330, 360]",0.00000000,"[0.00000000, 0.00000000, 0.00000000, 0.00000000, 0.00000000, 0.00000000, 0.00000000, 0.00000000]",0.17600000,0.43167500,15->21
8,8,8,0,55,"(2, 7, 11, 16, 21, 24, 25, 27)",3,225,probe_repair,"[5, 10, 90, 105, 110, 120, 125, 160, 175, 205, 210, 215, 260, 355, 360]",0.00000000,"[0.00000000, 0.00000000, 0.00000000, 0.00000000, 0.00000000, 0.00000000, 0.00000000, 0.00000000]",0.30600000,0.46172500,18->21
8,8,8,0,55,"(2, 7, 11, 16, 21, 24, 25, 27)",4,328,probe_repair,"[30, 40, 45, 55, 85, 90, 95, 105, 120, 135, 250, 280, 295, 310, 335]",0.00000000,"[0.00000000, 0.00000000, 0.00000000, 0.00000000, 0.00000000, 0.00000000, 0.00000000, 0.00000000]",0.10400000,0.44915000,9->2
8,8,8,0,55,"(2, 7, 11, 16, 21, 24, 25, 27)",5,317,probe_repair,"[55, 65, 70, 165, 190, 205, 210, 230, 240, 270, 300, 310, 320, 325, 360]",0.00000000,"[0.00000000, 0.00000000, 0.00000000, 0.00000000, 0.00000000, 0.00000000, 0.00000000, 0.00000000]",0.01500000,0.42837500,4->25
8,8,8,0,55,"(2, 7, 11, 16, 21, 24, 25, 27)",6,617,probe_repair,"[30, 45, 50, 55, 65, 75, 145, 175, 185, 250, 255, 260, 275, 290, 360]",0.00000000,"[0.00000000, 0.00000000, 0.00000000, 0.00000000, 0.00000000, 0.00000000, 0.00000000, 0.00000000]",0.28900000,0.45607500,20->16
8,8,8,0,55,"(2, 7, 11, 16, 21, 24, 25, 27)",7,301,probe_repair,"[20, 25, 55, 85, 105, 155, 165, 175, 200, 210, 275, 280, 285, 315, 345]",0.00000000,"[0.00000000, 0.00000000, 0.00000000, 0.00000000, 0.00000000, 0.00000000, 0.00000000, 0.00000000]",0.25100000,0.44500000,20->16
8,8,8,0,55,"(2, 7, 11, 16, 21, 24, 25, 27)",8,329,probe_repair,"[30, 40, 45, 55, 85, 90, 95, 105, 120, 135, 250, 280, 295, 310, 335]",0.00000000,"[0.00000000, 0.00000000, 0.00000000, 0.00000000, 0.00000000, 0.00000000, 0.00000000, 0.00000000]",0.13000000,0.45420000,9->2
8,8,8,0,55,"(2, 7, 11, 16, 21, 24, 25, 27)",9,98,probe_repair,"[15, 70, 155, 160, 170, 175, 190, 200, 205, 215, 270, 275, 320, 330, 360]",0.00000000,"[0.00000000, 0.00000000, 0.00000000, 0.00000000, 0.00000000, 0.00000000, 0.00000000, 0.00000000]",0.30600000,0.45900000,6->24
8,8,8,0,55,"(2, 7, 11, 16, 21, 24, 25, 27)",10,796,probe_repair,"[30, 80, 130, 155, 200, 205, 215, 230, 250, 260, 275, 295, 315, 320, 335]",0.00000000,"[0.00000000, 0.00000000, 0.00000000, 0.00000000, 0.00000000, 0.00000000, 0.00000000, 0.00000000]",0.27000000,0.46352500,26->7
8,8,8,0,56,"(1, 4, 5, 17, 18, 20, 24, 27)",1,72,probe_repair,"[15, 40, 65, 85, 90, 105, 115, 140, 155, 225, 250, 260, 265, 275, 355]",0.00000000,"[0.00000000, 0.00000000, 0.00000000, 0.00000000, 0.00000000, 0.00000000, 0.00000000, 0.00000000]",0.11100000,0.44543750,25->27
8,8,8,0,56,"(1, 4, 5, 17, 18, 20, 24, 27)",2,77,probe_repair,"[30, 110, 120, 165, 170, 225, 250, 260, 265, 285, 290, 305, 340, 345, 360]",0.00000000,"[0.00000000, 0.00000000, 0.00000000, 0.00000000, 0.00000000, 0.00000000, 0.00000000, 0.00000000]",0.01500000,0.43420833,15->18
8,8,8,0,56,"(1, 4, 5, 17, 18, 20, 24, 27)",3,45,probe_repair,"[30, 85, 100, 120, 125, 145, 170, 210, 285, 305, 325, 330, 335, 355, 365]",0.00000000,"[0.00000000, 0.00000000, 0.00000000, 0.00000000, 0.00000000, 0.00000000, 0.00000000, 0.00000000]",0.09300000,0.43458333,25->18
8,8,8,0,56,"(1, 4, 5, 17, 18, 20, 24, 27)",4,71,probe_repair,"[15, 40, 65, 85, 90, 105, 115, 140, 155, 225, 250, 260, 265, 275, 355]",0.00000000,"[0.00000000, 0.00000000, 0.00000000, 0.00000000, 0.00000000, 0.00000000, 0.00000000, 0.00000000]",0.03500000,0.44641667,25->27
8,8,8,0,56,"(1, 4, 5, 17, 18, 20, 24, 27)",5,53,probe_repair,"[80, 100, 115, 140, 165, 170, 175, 185, 205, 210, 235, 245, 295, 310, 355]",0.00000000,"[0.00000000, 0.00000000, 0.00000000, 0.00000000, 0.00000000, 0.00000000, 0.00000000, 0.00000000]",0.12700000,0.43481250,9->4
8,8,8,0,56,"(1, 4, 5, 17, 18, 20, 24, 27)",6,108,probe_repair,"[10, 25, 30, 55, 115, 135, 160, 170, 185, 230, 240, 280, 285, 300, 310]",0.00000000,"[0.00000000, 0.00000000, 0.00000000, 0.00000000, 0.00000000, 0.00000000, 0.00000000, 0.00000000]",0.27300000,0.45227083,26->1
8,8,8,0,56,"(1, 4, 5, 17, 18, 20, 24, 27)",7,189,probe_repair,"[5, 60, 95, 105, 115, 160, 175, 210, 245, 265, 275, 300, 335, 340, 345]",0.00000000,"[0.00000000, 0.00000000, 0.00000000, 0.00000000, 0.00000000, 0.00000000, 0.00000000, 0.00000000]",0.19200000,0.44908333,28->27
8,8,8,0,56,"(1, 4, 5, 17, 18, 20, 24, 27)",8,141,probe_repair,"[10, 30, 45, 75, 120, 125, 155, 165, 190, 220, 250, 265, 285, 295, 365]",0.00000000,"[0.00000000, 0.00000000, 0.00000000, 0.00000000, 0.00000000, 0.00000000, 0.00000000, 0.00000000]",0.04200000,0.43843750,16->24
8,8,8,0,56,"(1, 4, 5, 17, 18, 20, 24, 27)",9,69,probe_repair,"[15, 40, 65, 85, 90, 105, 115, 140, 155, 225, 250, 260, 265, 275, 355]",0.00000000,"[0.00000000, 0.00000000, 0.00000000, 0.00000000, 0.00000000, 0.00000000, 0.00000000, 0.00000000]",0.02400000,0.43483333,25->27
8,8,8,0,56,"(1, 4, 5, 17, 18, 20, 24, 27)",10,57,probe_repair,"[80, 100, 115, 140, 165, 170, 175, 185, 205, 210, 235, 245, 295, 310, 355]",0.00000000,"[0.00000000, 0.00000000, 0.00000000, 0.00000000, 0.00000000, 0.00000000, 0.00000000, 0.00000000]",0.26300000,0.45662500,22->27
8,8,8,0,57,"(4, 5, 6, 7, 15, 20, 21, 26)",1,552,probe_repair,"[5, 60, 65, 90, 115, 145, 170, 185, 200, 210, 230, 250, 285, 305, 335]",0.00000000,"[0.00000000, 0.00000000, 0.00000000, 0.00000000, 0.00000000, 0.00000000, 0.00000000, 0.00000000]",0.15600000,0.46081818,2->20
8,8,8,0,57,"(4, 5, 6, 7, 15, 20, 21, 26)",2,550,probe_repair,"[5, 60, 65, 90, 115, 145, 170, 185, 200, 210, 230, 250, 285, 305, 335]",0.00000000,"[0.00000000, 0.00000000, 0.00000000, 0.00000000, 0.00000000, 0.00000000, 0.00000000, 0.00000000]",0.20500000,0.45595455,2->20
8,8,8,0,57,"(4, 5, 6, 7, 15, 20, 21, 26)",3,125,probe_repair,"[25, 30, 85, 90, 95, 185, 205, 225, 240, 250, 265, 275, 285, 335, 365]",0.00000000,"[0.00000000, 0.00000000, 0.00000000, 0.00000000, 0.00000000, 0.00000000, 0.00000000, 0.00000000]",0.26700000,0.44550000,11->21
8,8,8,0,57,"(4, 5, 6, 7, 15, 20, 21, 26)",4,509,probe_repair,"[30, 35, 75, 105, 115, 125, 170, 175, 185, 215, 220, 230, 270, 300, 345]",0.00000000,"[0.00000000, 0.00000000, 0.00000000, 0.00000000, 0.00000000, 0.00000000, 0.00000000, 0.00000000]",0.01200000,0.43461364,9->4
8,8,8,0,57,"(4, 5, 6, 7, 15, 20, 21, 26)",5,338,probe_repair,"[25, 40, 105, 125, 145, 155, 185, 225, 230, 240, 265, 285, 300, 315, 335]",0.00000000,"[0.00000000, 0.00000000, 0.00000000, 0.00000000, 0.00000000, 0.00000000, 0.00000000, 0.00000000]",0.26300000,0.45604545,16->7
8,8,8,0,57,"(4, 5, 6, 7, 15, 20, 21, 26)",6,590,probe_repair,"[35, 80, 100, 130, 135, 140, 200, 240, 270, 275, 295, 300, 325, 360, 365]",0.00000000,"[0.00000000, 0.00000000, 0.00000000, 0.00000000, 0.00000000, 0.00000000, 0.00000000, 0.00000000]",0.12700000,0.45447727,25->15
8,8,8,0,57,"(4, 5, 6, 7, 15, 20, 21, 26)",7,581,probe_repair,"[30, 40, 55, 60, 85, 95, 110, 115, 130, 200, 235, 245, 260, 305, 365]",0.00000000,"[0.00000000, 0.00000000, 0.00000000, 0.00000000, 0.00000000, 0.00000000, 0.00000000, 0.00000000]",0.11600000,0.43856818,25->6
8,8,8,0,57,"(4, 5, 6, 7, 15, 20, 21, 26)",8,506,probe_repair,"[35, 50, 85, 100, 105, 140, 150, 165, 180, 185, 230, 240, 260, 280, 335]",0.00000000,"[0.00000000, 0.00000000, 0.00000000, 0.00000000, 0.00000000, 0.00000000, 0.00000000, 0.00000000]",0.24100000,0.46268182,18->20
8,8,8,0,57,"(4, 5, 6, 7, 15, 20, 21, 26)",9,373,probe_repair,"[45, 90, 95, 100, 110, 215, 220, 230, 260, 270, 285, 295, 325, 340, 360]",0.00000000,"[0.00000000, 0.00000000, 0.00000000, 0.00000000, 0.00000000, 0.00000000, 0.00000000, 0.00000000]",0.18200000,0.44509091,27->20
8,8,8,0,57,"(4, 5, 6, 7, 15, 20, 21, 26)",10,383,probe_repair,"[5, 15, 20, 55, 60, 85, 175, 180, 225, 235, 265, 310, 330, 345, 355]",0.00000000,"[0.00000000, 0.00000000, 0.00000000, 0.00000000, 0.00000000, 0.00000000, 0.00000000, 0.00000000]",0.22200000,0.45681818,16->6
8,8,8,0,58,"(4, 7, 9, 11, 17, 18, 27, 28)",1,726,probe_repair,"[30, 35, 60, 65, 75, 160, 175, 195, 260, 285, 305, 310, 335, 360, 365]",0.00000000,"[0.00000000, 0.00000000, 0.00000000, 0.00000000, 0.00000000, 0.00000000, 0.00000000, 0.00000000]",0.25300000,0.45310000,2->28
8,8,8,0,58,"(4, 7, 9, 11, 17, 18, 27, 28)",2,91,probe_repair,"[65, 70, 95, 120, 135, 165, 170, 185, 200, 230, 240, 250, 295, 315, 350]",0.00000000,"[0.00000000, 0.00000000, 0.00000000, 0.00000000, 0.00000000, 0.00000000, 0.00000000, 0.00000000]",0.08700000,0.45995000,6->28
8,8,8,0,58,"(4, 7, 9, 11, 17, 18, 27, 28)",3,1421,probe_repair,"[60, 70, 95, 120, 135, 140, 180, 200, 220, 250, 270, 310, 320, 340, 345]",0.00000000,"[0.00000000, 0.00000000, 0.00000000, 0.00000000, 0.00000000, 0.00000000, 0.00000000, 0.00000000]",0.16800000,0.43682500,25->17
8,8,8,0,58,"(4, 7, 9, 11, 17, 18, 27, 28)",4,613,probe_repair,"[20, 30, 55, 65, 80, 95, 110, 145, 155, 230, 235, 250, 260, 305, 345]",0.00000000,"[0.00000000, 0.00000000, 0.00000000, 0.00000000, 0.00000000, 0.00000000, 0.00000000, 0.00000000]",0.22700000,0.44507500,6->4
8,8,8,0,58,"(4, 7, 9, 11, 17, 18, 27, 28)",5,1261,probe_repair,"[10, 15, 25, 40, 55, 100, 125, 140, 175, 200, 220, 230, 290, 335, 345]",0.00000000,"[0.00000000, 0.00000000, 0.00000000, 0.00000000, 0.00000000, 0.00000000, 0.00000000, 0.00000000]",0.18000000,0.44930000,22->18
8,8,8,0,58,"(4, 7, 9, 11, 17, 18, 27, 28)",6,273,probe_repair,"[10, 80, 95, 120, 175, 210, 220, 245, 250, 260, 270, 295, 305, 345, 350]",0.00000000,"[0.00000000, 0.00000000, 0.00000000, 0.00000000, 0.00000000, 0.00000000, 0.00000000, 0.00000000]",0.17600000,0.45557500,15->17
8,8,8,0,58,"(4, 7, 9, 11, 17, 18, 27, 28)",7,288,probe_repair,"[35, 90, 125, 145, 155, 175, 180, 220, 250, 285, 290, 335, 340, 360, 365]",0.00000000,"[0.00000000, 0.00000000, 0.00000000, 0.00000000, 0.00000000, 0.00000000, 0.00000000, 0.00000000]",0.14900000,0.44797500,16->18
8,8,8,0,58,"(4, 7, 9, 11, 17, 18, 27, 28)",8,1074,probe_repair,"[5, 65, 90, 115, 140, 160, 190, 210, 215, 260, 265, 305, 330, 340, 365]",0.00000000,"[0.00000000, 0.00000000, 0.00000000, 0.00000000, 0.00000000, 0.00000000, 0.00000000, 0.00000000]",0.26400000,0.45865000,25->4
8,8,8,0,58,"(4, 7, 9, 11, 17, 18, 27, 28)",9,165,probe_repair,"[25, 30, 40, 60, 130, 135, 145, 175, 200, 205, 280, 285, 295, 320, 325]",0.00000000,"[0.00000000, 0.00000000, 0.00000000, 0.00000000, 0.00000000, 0.00000000, 0.00000000, 0.00000000]",0.03200000,0.43192500,15->27
8,8,8,0,58,"(4, 7, 9, 11, 17, 18, 27, 28)",10,725,probe_repair,"[30, 35, 60, 65, 75, 160, 175, 195, 260, 285, 305, 310, 335, 360, 365]",0.00000000,"[0.00000000, 0.00000000, 0.00000000, 0.00000000, 0.00000000, 0.00000000, 0.00000000, 0.00000000]",0.22600000,0.43497500,21->7
8,8,8,0,59,"(1, 5, 11, 20, 21, 25, 26, 28)",1,40,probe_repair,"[5, 30, 115, 140, 145, 155, 180, 225, 230, 245, 255, 260, 300, 325, 365]",0.00000000,"[0.00000000, 0.00000000, 0.00000000, 0.00000000, 0.00000000, 0.00000000, 0.00000000, 0.00000000]",0.17100000,0.45479167,18->21
8,8,8,0,59,"(1, 5, 11, 20, 21, 25, 26, 28)",2,230,probe_repair,"[5, 25, 105, 145, 150, 155, 160, 175, 220, 255, 260, 265, 285, 295, 310]",0.00000000,"[0.00000000, 0.00000000, 0.00000000, 0.00000000, 0.00000000, 0.00000000, 0.00000000, 0.00000000]",0.22600000,0.46129167,2->5
8,8,8,0,59,"(1, 5, 11, 20, 21, 25, 26, 28)",3,168,probe_repair,"[25, 40, 75, 85, 120, 125, 130, 145, 155, 165, 235, 245, 260, 290, 360]",0.00000000,"[0.00000000, 0.00000000, 0.00000000, 0.00000000, 0.00000000, 0.00000000, 0.00000000, 0.00000000]",0.15800000,0.45677083,18->20
8,8,8,0,59,"(1, 5, 11, 20, 21, 25, 26, 28)",4,109,probe_repair,"[10, 25, 30, 85, 105, 120, 180, 205, 220, 235, 260, 295, 355, 360, 365]",0.00000000,"[0.00000000, 0.00000000, 0.00000000, 0.00000000, 0.00000000, 0.00000000, 0.00000000, 0.00000000]",0.14700000,0.44056250,7->21
8,8,8,0,59,"(1, 5, 11, 20, 21, 25, 26, 28)",5,165,probe_repair,"[25, 40, 75, 85, 120, 125, 130, 145, 155, 165, 235, 245, 260, 290, 360]",0.00000000,"[0.00000000, 0.00000000, 0.00000000, 0.00000000, 0.00000000, 0.00000000, 0.00000000, 0.00000000]",0.06000000,0.44118750,16->28
8,8,8,0,59,"(1, 5, 11, 20, 21, 25, 26, 28)",6,142,probe_repair,"[45, 55, 60, 75, 80, 100, 125, 150, 155, 165, 235, 240, 250, 260, 295]",0.00000000,"[0.00000000, 0.00000000, 0.00000000, 0.00000000, 0.00000000, 0.00000000, 0.00000000, 0.00000000]",0.17400000,0.46152083,15->20
8,8,8,0,59,"(1, 5, 11, 20, 21, 25, 26, 28)",7,233,probe_repair,"[5, 25, 105, 145, 150, 155, 160, 175, 220, 255, 260, 265, 285, 295, 310]",0.00000000,"[0.00000000, 0.00000000, 0.00000000, 0.00000000, 0.00000000, 0.00000000, 0.00000000, 0.00000000]",0.23800000,0.45795833,2->5
8,8,8,0,59,"(1, 5, 11, 20, 21, 25, 26, 28)",8,42,probe_repair,"[5, 30, 115, 140, 145, 155, 180, 225, 230, 245, 255, 260, 300, 325, 365]",0.00000000,"[0.00000000, 0.00000000, 0.00000000, 0.00000000, 0.00000000, 0.00000000, 0.00000000, 0.00000000]",0.13400000,0.45087500,9->21
8,8,8,0,59,"(1, 5, 11, 20, 21, 25, 26, 28)",9,76,probe_repair,"[5, 25, 40, 45, 90, 105, 120, 160, 190, 230, 250, 280, 290, 310, 345]",0.00000000,"[0.00000000, 0.00000000, 0.00000000, 0.00000000, 0.00000000, 0.00000000, 0.00000000, 0.00000000]",0.22900000,0.45385417,16->5
8,8,8,0,59,"(1, 5, 11, 20, 21, 25, 26, 28)",10,228,probe_repair,"[65, 80, 85, 100, 105, 125, 145, 150, 245, 250, 335, 340, 345, 355, 360]",0.00000000,"[0.00000000, 0.00000000, 0.00000000, 0.00000000, 0.00000000, 0.00000000, 0.00000000, 0.00000000]",0.19900000,0.45366667,18->20
8,8,8,0,60,"(1, 5, 6, 15, 17, 20, 27, 28)",1,157,probe_repair,"[30, 35, 45, 55, 130, 135, 210, 225, 260, 265, 275, 280, 295, 325, 355]",0.00000000,"[0.00000000, 0.00000000, 0.00000000, 0.00000000, 0.00000000, 0.00000000, 0.00000000, 0.00000000]",0.08800000,0.44104167,9->20
8,8,8,0,60,"(1, 5, 6, 15, 17, 20, 27, 28)",2,37,probe_repair,"[40, 50, 65, 130, 150, 160, 170, 175, 180, 190, 260, 280, 290, 360, 365]",0.00000000,"[0.00000000, 0.00000000, 0.00000000, 0.00000000, 0.00000000, 0.00000000, 0.00000000, 0.00000000]",0.12900000,0.43743750,9->28
8,8,8,0,60,"(1, 5, 6, 15, 17, 20, 27, 28)",3,109,probe_repair,"[60, 80, 110, 120, 125, 140, 150, 160, 175, 200, 260, 280, 285, 330, 365]",0.00000000,"[0.00000000, 0.00000000, 0.00000000, 0.00000000, 0.00000000, 0.00000000, 0.00000000, 0.00000000]",0.05900000,0.44083333,16->6
8,8,8,0,60,"(1, 5, 6, 15, 17, 20, 27, 28)",4,24,probe_repair,"[5, 35, 40, 100, 115, 150, 175, 180, 200, 220, 245, 255, 260, 275, 295]",0.00000000,"[0.00000000, 0.00000000, 0.00000000, 0.00000000, 0.00000000, 0.00000000, 0.00000000, 0.00000000]",0.30400000,0.45433333,16->27
8,8,8,0,60,"(1, 5, 6, 15, 17, 20, 27, 28)",5,69,probe_repair,"[50, 75, 85, 110, 115, 120, 125, 145, 150, 190, 205, 275, 285, 335, 355]",0.00000000,"[0.00000000, 0.00000000, 0.00000000, 0.00000000, 0.00000000, 0.00000000, 0.00000000, 0.00000000]",0.09200000,0.44635417,2->5
8,8,8,0,60,"(1, 5, 6, 15, 17, 20, 27, 28)",6,42,probe_repair,"[40, 50, 65, 130, 150, 160, 170, 175, 180, 190, 260, 280, 290, 360, 365]",0.00000000,"[0.00000000, 0.00000000, 0.00000000, 0.00000000, 0.00000000, 0.00000000, 0.00000000, 0.00000000]",0.12300000,0.45350000,9->28
8,8,8,0,60,"(1, 5, 6, 15, 17, 20, 27, 28)",7,91,probe_repair,"[5, 50, 65, 85, 105, 115, 130, 145, 165, 210, 240, 245, 290, 330, 360]",0.00000000,"[0.00000000, 0.00000000, 0.00000000, 0.00000000, 0.00000000, 0.00000000, 0.00000000, 0.00000000]",0.34800000,0.45795833,7->6
8,8,8,0,60,"(1, 5, 6, 15, 17, 20, 27, 28)",8,64,probe_repair,"[10, 35, 45, 50, 80, 125, 145, 160, 175, 250, 260, 280, 285, 295, 325]",0.00000000,"[0.00000000, 0.00000000, 0.00000000, 0.00000000, 0.00000000, 0.00000000, 0.00000000, 0.00000000]",0.32300000,0.45904167,21->28
8,8,8,0,60,"(1, 5, 6, 15, 17, 20, 27, 28)",9,40,probe_repair,"[40, 50, 65, 130, 150, 160, 170, 175, 180, 190, 260, 280, 290, 360, 365]",0.00000000,"[0.00000000, 0.00000000, 0.00000000, 0.00000000, 0.00000000, 0.00000000, 0.00000000, 0.00000000]",0.22800000,0.45410417,9->28
8,8,8,0,60,"(1, 5, 6, 15, 17, 20, 27, 28)",10,21,probe_repair,"[5, 35, 40, 100, 115, 150, 175, 180, 200, 220, 245, 255, 260, 275, 295]",0.00000000,"[0.00000000, 0.00000000, 0.00000000, 0.00000000, 0.00000000, 0.00000000, 0.00000000, 0.00000000]",0.12900000,0.44310417,22->27
8,8,8,0,61,"(6, 7, 15, 18, 22, 24, 25, 28)",1,19,baseline,"[5, 30, 55, 80, 105, 130, 155, 180, 205, 230, 255, 280, 305, 330, 355]",0.00000000,"[0.00000000, 0.00000000, 0.00000000, 0.00000000, 0.00000000, 0.00000000, 0.00000000, 0.00000000]",0.24600000,0.45372500,2->24
8,8,8,0,61,"(6, 7, 15, 18, 22, 24, 25, 28)",2,613,probe_repair,"[20, 30, 40, 70, 75, 100, 140, 175, 180, 210, 220, 330, 335, 340, 345]",0.00000000,"[0.00000000, 0.00000000, 0.00000000, 0.00000000, 0.00000000, 0.00000000, 0.00000000, 0.00000000]",0.00000000,0.43872500,21->22
8,8,8,0,61,"(6, 7, 15, 18, 22, 24, 25, 28)",3,1014,probe_repair,"[50, 75, 100, 120, 125, 155, 160, 180, 185, 205, 235, 305, 320, 325, 355]",0.00000000,"[0.00000000, 0.00000000, 0.00000000, 0.00000000, 0.00000000, 0.00000000, 0.00000000, 0.00000000]",0.19400000,0.46477500,26->7
8,8,8,0,61,"(6, 7, 15, 18, 22, 24, 25, 28)",4,661,probe_repair,"[65, 120, 155, 160, 185, 250, 260, 275, 280, 295, 305, 310, 315, 325, 360]",0.00000000,"[0.00000000, 0.00000000, 0.00000000, 0.00000000, 0.00000000, 0.00000000, 0.00000000, 0.00000000]",0.15900000,0.44897500,20->18
8,8,8,0,61,"(6, 7, 15, 18, 22, 24, 25, 28)",5,413,probe_repair,"[45, 50, 55, 60, 70, 75, 85, 125, 155, 165, 175, 240, 310, 340, 365]",0.00000000,"[0.00000000, 0.00000000, 0.00000000, 0.00000000, 0.00000000, 0.00000000, 0.00000000, 0.00000000]",0.00500000,0.43530000,16->24
8,8,8,0,61,"(6, 7, 15, 18, 22, 24, 25, 28)",6,893,probe_repair,"[5, 35, 45, 50, 80, 95, 170, 185, 230, 250, 280, 320, 325, 335, 345]",0.00000000,"[0.00000000, 0.00000000, 0.00000000, 0.00000000, 0.00000000, 0.00000000, 0.00000000, 0.00000000]",0.12700000,0.44327500,16->7
8,8,8,0,61,"(6, 7, 15, 18, 22, 24, 25, 28)",7,982,probe_repair,"[25, 30, 40, 90, 125, 130, 145, 160, 210, 235, 275, 290, 300, 315, 340]",0.00000000,"[0.00000000, 0.00000000, 0.00000000, 0.00000000, 0.00000000, 0.00000000, 0.00000000, 0.00000000]",0.21600000,0.45340000,17->18
8,8,8,0,61,"(6, 7, 15, 18, 22, 24, 25, 28)",8,932,probe_repair,"[45, 90, 105, 140, 175, 190, 215, 225, 265, 270, 295, 305, 310, 335, 345]",0.00000000,"[0.00000000, 0.00000000, 0.00000000, 0.00000000, 0.00000000, 0.00000000, 0.00000000, 0.00000000]",0.27200000,0.46060000,27->28
8,8,8,0,61,"(6, 7, 15, 18, 22, 24, 25, 28)",9,1,baseline,"[5, 30, 55, 80, 105, 130, 155, 180, 205, 230, 255, 280, 305, 330, 355]",0.00000000,"[0.00000000, 0.00000000, 0.00000000, 0.00000000, 0.00000000, 0.00000000, 0.00000000, 0.00000000]",0.13400000,0.43987500,17->24
8,8,8,0,61,"(6, 7, 15, 18, 22, 24, 25, 28)",10,288,probe_repair,"[35, 50, 55, 90, 105, 110, 205, 240, 255, 265, 285, 305, 320, 325, 335]",0.00000000,"[0.00000000, 0.00000000, 0.00000000, 0.00000000, 0.00000000, 0.00000000, 0.00000000, 0.00000000]",0.16300000,0.45815000,4->25
8,8,8,0,62,"(4, 6, 7, 11, 16, 21, 24, 26)",1,898,probe_repair,"[5, 20, 30, 35, 55, 65, 95, 105, 155, 205, 220, 255, 265, 280, 330]",0.00000000,"[0.00000000, 0.00000000, 0.00000000, 0.00000000, 0.00000000, 0.00000000, 0.00000000, 0.00000000]",0.26000000,0.46140000,20->26
8,8,8,0,62,"(4, 6, 7, 11, 16, 21, 24, 26)",2,677,probe_repair,"[15, 20, 60, 85, 90, 115, 185, 205, 210, 240, 250, 265, 325, 330, 360]",0.00000000,"[0.00000000, 0.00000000, 0.00000000, 0.00000000, 0.00000000, 0.00000000, 0.00000000, 0.00000000]",0.18900000,0.43527500,25->6
8,8,8,0,62,"(4, 6, 7, 11, 16, 21, 24, 26)",3,416,probe_repair,"[15, 20, 115, 125, 150, 155, 160, 220, 225, 260, 275, 310, 315, 360, 365]",0.00000000,"[0.00000000, 0.00000000, 0.00000000, 0.00000000, 0.00000000, 0.00000000, 0.00000000, 0.00000000]",0.26100000,0.45680000,25->4
8,8,8,0,62,"(4, 6, 7, 11, 16, 21, 24, 26)",4,204,probe_repair,"[10, 45, 50, 75, 115, 175, 185, 190, 225, 285, 290, 300, 345, 350, 365]",0.00000000,"[0.00000000, 0.00000000, 0.00000000, 0.00000000, 0.00000000, 0.00000000, 0.00000000, 0.00000000]",0.22900000,0.45182500,20->6
8,8,8,0,62,"(4, 6, 7, 11, 16, 21, 24, 26)",5,885,probe_repair,"[15, 35, 55, 105, 130, 145, 220, 250, 265, 270, 290, 325, 330, 360, 365]",0.00000000,"[0.00000000, 0.00000000, 0.00000000, 0.00000000, 0.00000000, 0.00000000, 0.00000000, 0.00000000]",0.14900000,0.43120000,17->21
8,8,8,0,62,"(4, 6, 7, 11, 16, 21, 24, 26)",6,809,probe_repair,"[20, 25, 30, 45, 90, 95, 105, 115, 150, 185, 210, 235, 240, 275, 360]",0.00000000,"[0.00000000, 0.00000000, 0.00000000, 0.00000000, 0.00000000, 0.00000000, 0.00000000, 0.00000000]",0.33000000,0.45530000,18->16
8,8,8,0,62,"(4, 6, 7, 11, 16, 21, 24, 26)",7,820,probe_repair,"[20, 25, 50, 90, 105, 125, 150, 175, 180, 220, 235, 255, 290, 310, 355]",0.00000000,"[0.00000000, 0.00000000, 0.00000000, 0.00000000, 0.00000000, 0.00000000, 0.00000000, 0.00000000]",0.31700000,0.45697500,22->26
8,8,8,0,62,"(4, 6, 7, 11, 16, 21, 24, 26)",8,894,probe_repair,"[5, 20, 30, 35, 55, 65, 95, 105, 155, 205, 220, 255, 265, 280, 330]",0.00000000,"[0.00000000, 0.00000000, 0.00000000, 0.00000000, 0.00000000, 0.00000000, 0.00000000, 0.00000000]",0.24900000,0.46397500,20->26
8,8,8,0,62,"(4, 6, 7, 11, 16, 21, 24, 26)",9,569,probe_repair,"[25, 55, 65, 100, 125, 135, 140, 145, 175, 200, 205, 230, 300, 350, 355]",0.00000000,"[0.00000000, 0.00000000, 0.00000000, 0.00000000, 0.00000000, 0.00000000, 0.00000000, 0.00000000]",0.09800000,0.44567500,27->7
8,8,8,0,62,"(4, 6, 7, 11, 16, 21, 24, 26)",10,856,probe_repair,"[40, 85, 95, 100, 115, 125, 135, 155, 165, 170, 185, 215, 220, 265, 310]",0.00000000,"[0.00000000, 0.00000000, 0.00000000, 0.00000000, 0.00000000, 0.00000000, 0.00000000, 0.00000000]",0.20200000,0.45132500,22->6
8,8,8,0,63,"(1, 2, 4, 7, 21, 24, 25, 26)",1,410,probe_repair,"[25, 30, 40, 45, 130, 175, 235, 250, 300, 305, 310, 320, 325, 340, 355]",0.00000000,"[0.00000000, 0.00000000, 0.00000000, 0.00000000, 0.00000000, 0.00000000, 0.00000000, 0.00000000]",0.18600000,0.45622727,27->2
8,8,8,0,63,"(1, 2, 4, 7, 21, 24, 25, 26)",2,518,probe_repair,"[5, 60, 65, 110, 125, 170, 200, 230, 240, 260, 290, 300, 305, 340, 350]",0.00000000,"[0.00000000, 0.00000000, 0.00000000, 0.00000000, 0.00000000, 0.00000000, 0.00000000, 0.00000000]",0.09100000,0.45320455,16->1
8,8,8,0,63,"(1, 2, 4, 7, 21, 24, 25, 26)",3,523,probe_repair,"[5, 60, 65, 110, 125, 170, 200, 230, 240, 260, 290, 300, 305, 340, 350]",0.00000000,"[0.00000000, 0.00000000, 0.00000000, 0.00000000, 0.00000000, 0.00000000, 0.00000000, 0.00000000]",0.17100000,0.45418182,20->26
8,8,8,0,63,"(1, 2, 4, 7, 21, 24, 25, 26)",4,298,probe_repair,"[45, 50, 95, 100, 110, 155, 190, 255, 285, 290, 295, 300, 310, 320, 360]",0.00000000,"[0.00000000, 0.00000000, 0.00000000, 0.00000000, 0.00000000, 0.00000000, 0.00000000, 0.00000000]",0.16300000,0.45400000,20->1
8,8,8,0,63,"(1, 2, 4, 7, 21, 24, 25, 26)",5,461,probe_repair,"[50, 65, 95, 110, 150, 175, 185, 190, 230, 275, 280, 305, 320, 350, 355]",0.00000000,"[0.00000000, 0.00000000, 0.00000000, 0.00000000, 0.00000000, 0.00000000, 0.00000000, 0.00000000]",0.02200000,0.44261364,17->1
8,8,8,0,63,"(1, 2, 4, 7, 21, 24, 25, 26)",6,229,probe_repair,"[15, 40, 50, 85, 95, 120, 155, 160, 210, 220, 230, 240, 280, 295, 335]",0.00000000,"[0.00000000, 0.00000000, 0.00000000, 0.00000000, 0.00000000, 0.00000000, 0.00000000, 0.00000000]",0.00000000,0.44411364,9->2
8,8,8,0,63,"(1, 2, 4, 7, 21, 24, 25, 26)",7,187,probe_repair,"[5, 30, 45, 75, 90, 120, 125, 140, 180, 185, 190, 240, 310, 340, 350]",0.00000000,"[0.00000000, 0.00000000, 0.00000000, 0.00000000, 0.00000000, 0.00000000, 0.00000000, 0.00000000]",0.18500000,0.46311364,6->1
8,8,8,0,63,"(1, 2, 4, 7, 21, 24, 25, 26)",8,157,probe_repair,"[25, 35, 105, 130, 170, 180, 190, 195, 205, 230, 235, 305, 335, 345, 365]",0.00000000,"[0.00000000, 0.00000000, 0.00000000, 0.00000000, 0.00000000, 0.00000000, 0.00000000, 0.00000000]",0.15600000,0.43668182,28->7
8,8,8,0,63,"(1, 2, 4, 7, 21, 24, 25, 26)",9,520,probe_repair,"[5, 60, 65, 110, 125, 170, 200, 230, 240, 260, 290, 300, 305, 340, 350]",0.00000000,"[0.00000000, 0.00000000, 0.00000000, 0.00000000, 0.00000000, 0.00000000, 0.00000000, 0.00000000]",0.15400000,0.44970455,20->26
8,8,8,0,63,"(1, 2, 4, 7, 21, 24, 25, 26)",10,153,probe_repair,"[10, 50, 55, 60, 85, 110, 140, 200, 225, 230, 250, 280, 300, 325, 330]",0.00000000,"[0.00000000, 0.00000000, 0.00000000, 0.00000000, 0.00000000, 0.00000000, 0.00000000, 0.00000000]",0.22300000,0.45765909,6->26
8,8,8,0,64,"(2, 7, 9, 11, 15, 17, 20, 26)",1,1342,probe_repair,"[80, 95, 125, 140, 145, 185, 200, 235, 250, 300, 305, 310, 330, 340, 360]",0.00000000,"[0.00000000, 0.00000000, 0.00000000, 0.00000000, 0.00000000, 0.00000000, 0.00000000, 0.00000000]",0.29000000,0.46065000,21->9
8,8,8,0,64,"(2, 7, 9, 11, 15, 17, 20, 26)",2,313,probe_repair,"[30, 40, 60, 75, 90, 95, 110, 120, 160, 210, 225, 255, 310, 360, 365]",0.00000000,"[0.00000000, 0.00000000, 0.00000000, 0.00000000, 0.00000000, 0.00000000, 0.00000000, 0.00000000]",0.24900000,0.46545000,27->2
8,8,8,0,64,"(2, 7, 9, 11, 15, 17, 20, 26)",3,1435,probe_repair,"[5, 10, 105, 120, 145, 150, 195, 235, 245, 305, 320, 330, 335, 340, 355]",0.00000000,"[0.00000000, 0.00000000, 0.00000000, 0.00000000, 0.00000000, 0.00000000, 0.00000000, 0.00000000]",0.07700000,0.45287500,4->11
8,8,8,0,64,"(2, 7, 9, 11, 15, 17, 20, 26)",4,922,probe_repair,"[40, 75, 80, 125, 135, 145, 150, 155, 185, 195, 255, 290, 310, 340, 355]",0.00000000,"[0.00000000, 0.00000000, 0.00000000, 0.00000000, 0.00000000, 0.00000000, 0.00000000, 0.00000000]",0.04900000,0.44930000,18->26
8,8,8,0,64,"(2, 7, 9, 11, 15, 17, 20, 26)",5,414,probe_repair,"[15, 60, 120, 140, 160, 180, 200, 215, 225, 245, 265, 300, 320, 335, 355]",0.00000000,"[0.00000000, 0.00000000, 0.00000000, 0.00000000, 0.00000000, 0.00000000, 0.00000000, 0.00000000]",0.17000000,0.44655000,28->2
8,8,8,0,64,"(2, 7, 9, 11, 15, 17, 20, 26)",6,188,probe_repair,"[20, 25, 40, 50, 80, 150, 160, 205, 215, 220, 245, 255, 285, 320, 340]",0.00000000,"[0.00000000, 0.00000000, 0.00000000, 0.00000000, 0.00000000, 0.00000000, 0.00000000, 0.00000000]",0.33100000,0.45570000,16->9
8,8,8,0,64,"(2, 7, 9, 11, 15, 17, 20, 26)",7,1125,probe_repair,"[5, 25, 50, 75, 80, 105, 130, 150, 155, 225, 230, 235, 300, 340, 365]",0.00000000,"[0.00000000, 0.00000000, 0.00000000, 0.00000000, 0.00000000, 0.00000000, 0.00000000, 0.00000000]",0.00000000,0.42547500,4->7
8,8,8,0,64,"(2, 7, 9, 11, 15, 17, 20, 26)",8,309,probe_repair,"[30, 40, 60, 75, 90, 95, 110, 120, 160, 210, 225, 255, 310, 360, 365]",0.00000000,"[0.00000000, 0.00000000, 0.00000000, 0.00000000, 0.00000000, 0.00000000, 0.00000000, 0.00000000]",0.20300000,0.45195000,24->2
8,8,8,0,64,"(2, 7, 9, 11, 15, 17, 20, 26)",9,836,probe_repair,"[25, 35, 45, 85, 110, 125, 165, 200, 225, 280, 295, 305, 325, 355, 360]",0.00000000,"[0.00000000, 0.00000000, 0.00000000, 0.00000000, 0.00000000, 0.00000000, 0.00000000, 0.00000000]",0.28900000,0.45460000,24->9
8,8,8,0,64,"(2, 7, 9, 11, 15, 17, 20, 26)",10,1429,probe_repair,"[5, 10, 105, 120, 145, 150, 195, 235, 245, 305, 320, 330, 335, 340, 355]",0.00000000,"[0.00000000, 0.00000000, 0.00000000, 0.00000000, 0.00000000, 0.00000000, 0.00000000, 0.00000000]",0.03800000,0.44002500,4->11
8,8,8,0,65,"(5, 7, 9, 16, 20, 21, 25, 28)",1,274,probe_repair,"[45, 60, 95, 110, 180, 185, 220, 225, 265, 290, 305, 310, 330, 340, 360]",0.00000000,"[0.00000000, 0.00000000, 0.00000000, 0.00000000, 0.00000000, 0.00000000, 0.00000000, 0.00000000]",0.08500000,0.45376136,2->9
8,8,8,0,65,"(5, 7, 9, 16, 20, 21, 25, 28)",2,485,probe_repair,"[10, 35, 65, 115, 130, 170, 180, 205, 215, 220, 230, 240, 270, 295, 360]",0.00000000,"[0.00000000, 0.00000000, 0.00000000, 0.00000000, 0.00000000, 0.00000000, 0.00000000, 0.00000000]",0.09600000,0.43317045,18->20
8,8,8,0,65,"(5, 7, 9, 16, 20, 21, 25, 28)",3,349,probe_repair,"[20, 30, 35, 105, 160, 170, 190, 200, 240, 250, 260, 265, 295, 325, 345]",0.00000000,"[0.00000000, 0.00000000, 0.00000000, 0.00000000, 0.00000000, 0.00000000, 0.00000000, 0.00000000]",0.23800000,0.44419318,4->7
8,8,8,0,65,"(5, 7, 9, 16, 20, 21, 25, 28)",4,469,probe_repair,"[30, 80, 125, 135, 150, 165, 200, 230, 310, 325, 330, 345, 355, 360, 365]",0.00000000,"[0.00000000, 0.00000000, 0.00000000, 0.00000000, 0.00000000, 0.00000000, 0.00000000, 0.00000000]",0.07500000,0.44157955,4->25
8,8,8,0,65,"(5, 7, 9, 16, 20, 21, 25, 28)",5,467,probe_repair,"[50, 55, 60, 95, 100, 105, 110, 120, 150, 180, 185, 265, 305, 330, 340]",0.00000000,"[0.00000000, 0.00000000, 0.00000000, 0.00000000, 0.00000000, 0.00000000, 0.00000000, 0.00000000]",0.19000000,0.45839773,27->7
8,8,8,0,65,"(5, 7, 9, 16, 20, 21, 25, 28)",6,575,probe_repair,"[35, 65, 75, 85, 95, 100, 115, 130, 160, 215, 225, 275, 285, 335, 355]",0.00000000,"[0.00000000, 0.00000000, 0.00000000, 0.00000000, 0.00000000, 0.00000000, 0.00000000, 0.00000000]",0.26600000,0.45469318,18->25
8,8,8,0,65,"(5, 7, 9, 16, 20, 21, 25, 28)",7,463,probe_repair,"[50, 55, 60, 95, 100, 105, 110, 120, 150, 180, 185, 265, 305, 330, 340]",0.00000000,"[0.00000000, 0.00000000, 0.00000000, 0.00000000, 0.00000000, 0.00000000, 0.00000000, 0.00000000]",0.23800000,0.45685227,27->7
8,8,8,0,65,"(5, 7, 9, 16, 20, 21, 25, 28)",8,111,probe_repair,"[5, 10, 30, 90, 100, 125, 135, 180, 205, 260, 275, 285, 290, 330, 360]",0.00000000,"[0.00000000, 0.00000000, 0.00000000, 0.00000000, 0.00000000, 0.00000000, 0.00000000, 0.00000000]",0.15900000,0.45364773,22->5
8,8,8,0,65,"(5, 7, 9, 16, 20, 21, 25, 28)",9,45,probe_repair,"[5, 60, 75, 85, 115, 125, 175, 185, 225, 265, 275, 285, 295, 305, 310]",0.00000000,"[0.00000000, 0.00000000, 0.00000000, 0.00000000, 0.00000000, 0.00000000, 0.00000000, 0.00000000]",0.10600000,0.44110227,15->21
8,8,8,0,65,"(5, 7, 9, 16, 20, 21, 25, 28)",10,253,probe_repair,"[35, 40, 50, 75, 90, 110, 115, 160, 190, 210, 230, 240, 275, 315, 335]",0.00000000,"[0.00000000, 0.00000000, 0.00000000, 0.00000000, 0.00000000, 0.00000000, 0.00000000, 0.00000000]",0.27200000,0.44410227,22->28
8,8,8,0,66,"(1, 6, 15, 16, 17, 20, 24, 26)",1,72,probe_repair,"[30, 40, 105, 150, 155, 170, 175, 260, 280, 285, 290, 295, 300, 325, 365]",0.00000000,"[0.00000000, 0.00000000, 0.00000000, 0.00000000, 0.00000000, 0.00000000, 0.00000000, 0.00000000]",0.15700000,0.45850000,9->16
8,8,8,0,66,"(1, 6, 15, 16, 17, 20, 24, 26)",2,433,probe_repair,"[15, 35, 40, 65, 70, 80, 95, 105, 175, 200, 245, 280, 295, 325, 340]",0.00000000,"[0.00000000, 0.00000000, 0.00000000, 0.00000000, 0.00000000, 0.00000000, 0.00000000, 0.00000000]",0.14900000,0.45465909,22->26
8,8,8,0,66,"(1, 6, 15, 16, 17, 20, 24, 26)",3,46,probe_repair,"[10, 35, 55, 105, 115, 120, 125, 175, 230, 255, 265, 280, 330, 345, 365]",0.00000000,"[0.00000000, 0.00000000, 0.00000000, 0.00000000, 0.00000000, 0.00000000, 0.00000000, 0.00000000]",0.13700000,0.45465909,7->24
8,8,8,0,66,"(1, 6, 15, 16, 17, 20, 24, 26)",4,73,probe_repair,"[30, 40, 105, 150, 155, 170, 175, 260, 280, 285, 290, 295, 300, 325, 365]",0.00000000,"[0.00000000, 0.00000000, 0.00000000, 0.00000000, 0.00000000, 0.00000000, 0.00000000, 0.00000000]",0.13700000,0.45568182,9->16
8,8,8,0,66,"(1, 6, 15, 16, 17, 20, 24, 26)",5,673,probe_repair,"[10, 95, 165, 175, 190, 200, 205, 235, 260, 275, 305, 330, 335, 340, 350]",0.00000000,"[0.00000000, 0.00000000, 0.00000000, 0.00000000, 0.00000000, 0.00000000, 0.00000000, 0.00000000]",0.32500000,0.45429545,27->17
8,8,8,0,66,"(1, 6, 15, 16, 17, 20, 24, 26)",6,301,probe_repair,"[5, 40, 55, 80, 85, 140, 165, 180, 185, 210, 265, 285, 295, 320, 340]",0.00000000,"[0.00000000, 0.00000000, 0.00000000, 0.00000000, 0.00000000, 0.00000000, 0.00000000, 0.00000000]",0.05500000,0.44375000,22->1
8,8,8,0,66,"(1, 6, 15, 16, 17, 20, 24, 26)",7,645,probe_repair,"[60, 65, 90, 95, 110, 125, 130, 175, 180, 220, 260, 320, 325, 360, 365]",0.00000000,"[0.00000000, 0.00000000, 0.00000000, 0.00000000, 0.00000000, 0.00000000, 0.00000000, 0.00000000]",0.19400000,0.42793182,21->15
8,8,8,0,66,"(1, 6, 15, 16, 17, 20, 24, 26)",8,671,probe_repair,"[10, 95, 165, 175, 190, 200, 205, 235, 260, 275, 305, 330, 335, 340, 350]",0.00000000,"[0.00000000, 0.00000000, 0.00000000, 0.00000000, 0.00000000, 0.00000000, 0.00000000, 0.00000000]",0.34300000,0.45897727,4->26
8,8,8,0,66,"(1, 6, 15, 16, 17, 20, 24, 26)",9,149,probe_repair,"[15, 50, 65, 110, 125, 145, 155, 160, 175, 180, 190, 210, 340, 360, 365]",0.00000000,"[0.00000000, 0.00000000, 0.00000000, 0.00000000, 0.00000000, 0.00000000, 0.00000000, 0.00000000]",0.05200000,0.43595455,18->26
8,8,8,0,66,"(1, 6, 15, 16, 17, 20, 24, 26)",10,468,probe_repair,"[45, 95, 100, 110, 155, 180, 190, 200, 205, 230, 245, 275, 290, 295, 340]",0.00000000,"[0.00000000, 0.00000000, 0.00000000, 0.00000000, 0.00000000, 0.00000000, 0.00000000, 0.00000000]",0.04400000,0.45652273,18->26
8,8,8,0,67,"(2, 6, 15, 18, 21, 22, 26, 27)",1,1453,probe_repair,"[20, 95, 135, 160, 180, 210, 215, 230, 240, 275, 330, 335, 340, 345, 365]",0.00000000,"[0.00000000, 0.00000000, 0.00000000, 0.00000000, 0.00000000, 0.00000000, 0.00000000, 0.00000000]",0.08400000,0.43350000,7->27
8,8,8,0,67,"(2, 6, 15, 18, 21, 22, 26, 27)",2,1603,probe_repair,"[5, 10, 60, 65, 85, 120, 130, 140, 145, 150, 165, 185, 200, 265, 310]",0.00000000,"[0.00000000, 0.00000000, 0.00000000, 0.00000000, 0.00000000, 0.00000000, 0.00000000, 0.00000000]",0.25300000,0.45775000,20->26
8,8,8,0,67,"(2, 6, 15, 18, 21, 22, 26, 27)",3,1253,probe_repair,"[30, 65, 75, 140, 165, 170, 185, 210, 220, 245, 280, 300, 315, 320, 330]",0.00000000,"[0.00000000, 0.00000000, 0.00000000, 0.00000000, 0.00000000, 0.00000000, 0.00000000, 0.00000000]",0.12600000,0.43332500,9->18
8,8,8,0,67,"(2, 6, 15, 18, 21, 22, 26, 27)",4,549,probe_repair,"[5, 15, 60, 80, 115, 125, 140, 180, 245, 260, 270, 305, 325, 335, 345]",0.00000000,"[0.00000000, 0.00000000, 0.00000000, 0.00000000, 0.00000000, 0.00000000, 0.00000000, 0.00000000]",0.01300000,0.43445000,7->6
8,8,8,0,67,"(2, 6, 15, 18, 21, 22, 26, 27)",5,1510,probe_repair,"[30, 35, 40, 50, 100, 105, 120, 160, 195, 210, 220, 245, 280, 335, 345]",0.00000000,"[0.00000000, 0.00000000, 0.00000000, 0.00000000, 0.00000000, 0.00000000, 0.00000000, 0.00000000]",0.19100000,0.45722500,16->27
8,8,8,0,67,"(2, 6, 15, 18, 21, 22, 26, 27)",6,261,probe_repair,"[10, 25, 35, 45, 80, 85, 90, 95, 105, 125, 195, 215, 225, 280, 285]",0.00000000,"[0.00000000, 0.00000000, 0.00000000, 0.00000000, 0.00000000, 0.00000000, 0.00000000, 0.00000000]",0.16800000,0.43502500,4->27
8,8,8,0,67,"(2, 6, 15, 18, 21, 22, 26, 27)",7,1459,probe_repair,"[20, 95, 135, 160, 180, 210, 215, 230, 240, 275, 330, 335, 340, 345, 365]",0.00000000,"[0.00000000, 0.00000000, 0.00000000, 0.00000000, 0.00000000, 0.00000000, 0.00000000, 0.00000000]",0.16200000,0.44877500,7->27
8,8,8,0,67,"(2, 6, 15, 18, 21, 22, 26, 27)",8,1359,probe_repair,"[20, 75, 80, 135, 140, 155, 165, 185, 200, 280, 295, 300, 340, 355, 360]",0.00000000,"[0.00000000, 0.00000000, 0.00000000, 0.00000000, 0.00000000, 0.00000000, 0.00000000, 0.00000000]",0.26900000,0.46007500,17->21
8,8,8,0,67,"(2, 6, 15, 18, 21, 22, 26, 27)",9,629,probe_repair,"[10, 35, 65, 80, 115, 140, 175, 185, 220, 235, 255, 270, 285, 350, 360]",0.00000000,"[0.00000000, 0.00000000, 0.00000000, 0.00000000, 0.00000000, 0.00000000, 0.00000000, 0.00000000]",0.22500000,0.43657500,9->15
8,8,8,0,67,"(2, 6, 15, 18, 21, 22, 26, 27)",10,959,probe_repair,"[10, 30, 40, 75, 90, 165, 170, 205, 210, 220, 240, 265, 285, 325, 335]",0.00000000,"[0.00000000, 0.00000000, 0.00000000, 0.00000000, 0.00000000, 0.00000000, 0.00000000, 0.00000000]",0.18100000,0.45922500,25->22
8,8,8,0,68,"(1, 4, 5, 7, 16, 17, 24, 27)",1,40,probe_repair,"[75, 80, 100, 135, 185, 205, 210, 225, 255, 275, 280, 290, 305, 355, 365]",0.00000000,"[0.00000000, 0.00000000, 0.00000000, 0.00000000, 0.00000000, 0.00000000, 0.00000000, 0.00000000]",0.21000000,0.44785417,6->27
8,8,8,0,68,"(1, 4, 5, 7, 16, 17, 24, 27)",2,38,probe_repair,"[75, 80, 100, 135, 185, 205, 210, 225, 255, 275, 280, 290, 305, 355, 365]",0.00000000,"[0.00000000, 0.00000000, 0.00000000, 0.00000000, 0.00000000, 0.00000000, 0.00000000, 0.00000000]",0.27200000,0.45116667,6->27
8,8,8,0,68,"(1, 4, 5, 7, 16, 17, 24, 27)",3,24,probe_repair,"[35, 50, 105, 125, 150, 155, 170, 180, 220, 260, 265, 285, 295, 330, 335]",0.00000000,"[0.00000000, 0.00000000, 0.00000000, 0.00000000, 0.00000000, 0.00000000, 0.00000000, 0.00000000]",0.23000000,0.45647917,2->5
8,8,8,0,68,"(1, 4, 5, 7, 16, 17, 24, 27)",4,21,probe_repair,"[35, 50, 105, 125, 150, 155, 170, 180, 220, 260, 265, 285, 295, 330, 335]",0.00000000,"[0.00000000, 0.00000000, 0.00000000, 0.00000000, 0.00000000, 0.00000000, 0.00000000, 0.00000000]",0.10100000,0.44768750,2->5
8,8,8,0,68,"(1, 4, 5, 7, 16, 17, 24, 27)",5,139,probe_repair,"[5, 10, 25, 50, 65, 90, 110, 170, 205, 225, 235, 250, 260, 300, 305]",0.00000000,"[0.00000000, 0.00000000, 0.00000000, 0.00000000, 0.00000000, 0.00000000, 0.00000000, 0.00000000]",0.19900000,0.45006250,6->4
8,8,8,0,68,"(1, 4, 5, 7, 16, 17, 24, 27)",6,165,probe_repair,"[25, 35, 40, 60, 90, 100, 115, 125, 205, 260, 265, 305, 340, 355, 365]",0.00000000,"[0.00000000, 0.00000000, 0.00000000, 0.00000000, 0.00000000, 0.00000000, 0.00000000, 0.00000000]",0.07900000,0.43681250,6->16
8,8,8,0,68,"(1, 4, 5, 7, 16, 17, 24, 27)",7,140,probe_repair,"[5, 10, 25, 50, 65, 90, 110, 170, 205, 225, 235, 250, 260, 300, 305]",0.00000000,"[0.00000000, 0.00000000, 0.00000000, 0.00000000, 0.00000000, 0.00000000, 0.00000000, 0.00000000]",0.23300000,0.45110417,15->4
8,8,8,0,68,"(1, 4, 5, 7, 16, 17, 24, 27)",8,219,probe_repair,"[25, 30, 65, 90, 115, 120, 145, 165, 220, 230, 255, 260, 310, 340, 345]",0.00000000,"[0.00000000, 0.00000000, 0.00000000, 0.00000000, 0.00000000, 0.00000000, 0.00000000, 0.00000000]",0.20300000,0.44431250,20->7
8,8,8,0,68,"(1, 4, 5, 7, 16, 17, 24, 27)",9,96,probe_repair,"[5, 10, 15, 35, 40, 100, 115, 150, 230, 235, 240, 265, 285, 325, 355]",0.00000000,"[0.00000000, 0.00000000, 0.00000000, 0.00000000, 0.00000000, 0.00000000, 0.00000000, 0.00000000]",0.12200000,0.44331250,18->27
8,8,8,0,68,"(1, 4, 5, 7, 16, 17, 24, 27)",10,117,probe_repair,"[5, 65, 80, 95, 115, 130, 145, 170, 185, 220, 230, 265, 280, 325, 335]",0.00000000,"[0.00000000, 0.00000000, 0.00000000, 0.00000000, 0.00000000, 0.00000000, 0.00000000, 0.00000000]",0.08300000,0.43152083,22->17
8,8,8,0,69,"(1, 9, 11, 15, 16, 24, 25, 28)",1,451,probe_repair,"[50, 65, 80, 115, 130, 165, 210, 220, 255, 260, 265, 280, 285, 300, 345]",0.00000000,"[0.00000000, 0.00000000, 0.00000000, 0.00000000, 0.00000000, 0.00000000, 0.00000000, 0.00000000]",0.31600000,0.45317045,18->28
8,8,8,0,69,"(1, 9, 11, 15, 16, 24, 25, 28)",2,207,probe_repair,"[35, 65, 70, 90, 130, 155, 190, 200, 205, 230, 290, 305, 335, 360, 365]",0.00000000,"[0.00000000, 0.00000000, 0.00000000, 0.00000000, 0.00000000, 0.00000000, 0.00000000, 0.00000000]",0.21100000,0.45492045,27->25
8,8,8,0,69,"(1, 9, 11, 15, 16, 24, 25, 28)",3,613,probe_repair,"[10, 15, 30, 40, 65, 85, 90, 95, 110, 165, 230, 265, 290, 310, 335]",0.00000000,"[0.00000000, 0.00000000, 0.00000000, 0.00000000, 0.00000000, 0.00000000, 0.00000000, 0.00000000]",0.01200000,0.44498864,27->24
8,8,8,0,69,"(1, 9, 11, 15, 16, 24, 25, 28)",4,235,probe_repair,"[40, 55, 110, 115, 130, 140, 180, 205, 235, 240, 250, 275, 290, 335, 355]",0.00000000,"[0.00000000, 0.00000000, 0.00000000, 0.00000000, 0.00000000, 0.00000000, 0.00000000, 0.00000000]",0.26700000,0.46180682,20->15
8,8,8,0,69,"(1, 9, 11, 15, 16, 24, 25, 28)",5,577,probe_repair,"[40, 45, 50, 60, 85, 120, 135, 205, 210, 220, 235, 260, 280, 320, 335]",0.00000000,"[0.00000000, 0.00000000, 0.00000000, 0.00000000, 0.00000000, 0.00000000, 0.00000000, 0.00000000]",0.21100000,0.45967045,17->1
8,8,8,0,69,"(1, 9, 11, 15, 16, 24, 25, 28)",6,550,probe_repair,"[30, 35, 45, 50, 70, 90, 95, 180, 210, 265, 275, 295, 320, 335, 345]",0.00000000,"[0.00000000, 0.00000000, 0.00000000, 0.00000000, 0.00000000, 0.00000000, 0.00000000, 0.00000000]",0.14900000,0.45735227,17->28
8,8,8,0,69,"(1, 9, 11, 15, 16, 24, 25, 28)",7,206,probe_repair,"[35, 65, 70, 90, 130, 155, 190, 200, 205, 230, 290, 305, 335, 360, 365]",0.00000000,"[0.00000000, 0.00000000, 0.00000000, 0.00000000, 0.00000000, 0.00000000, 0.00000000, 0.00000000]",0.21800000,0.45019318,27->25
8,8,8,0,69,"(1, 9, 11, 15, 16, 24, 25, 28)",8,346,probe_repair,"[15, 40, 55, 110, 115, 120, 125, 145, 150, 180, 190, 230, 245, 285, 305]",0.00000000,"[0.00000000, 0.00000000, 0.00000000, 0.00000000, 0.00000000, 0.00000000, 0.00000000, 0.00000000]",0.14500000,0.45317045,6->25
8,8,8,0,69,"(1, 9, 11, 15, 16, 24, 25, 28)",9,109,probe_repair,"[30, 50, 80, 115, 145, 150, 165, 180, 210, 260, 265, 290, 295, 330, 345]",0.00000000,"[0.00000000, 0.00000000, 0.00000000, 0.00000000, 0.00000000, 0.00000000, 0.00000000, 0.00000000]",0.08800000,0.44705682,18->9
8,8,8,0,69,"(1, 9, 11, 15, 16, 24, 25, 28)",10,628,probe_repair,"[50, 60, 70, 85, 165, 180, 210, 220, 225, 230, 235, 255, 290, 330, 350]",0.00000000,"[0.00000000, 0.00000000, 0.00000000, 0.00000000, 0.00000000, 0.00000000, 0.00000000, 0.00000000]",0.11800000,0.45201136,26->15
8,8,8,0,70,"(1, 2, 5, 7, 16, 22, 25, 28)",1,213,probe_repair,"[40, 50, 65, 75, 105, 125, 155, 165, 175, 210, 225, 230, 235, 265, 330]",0.00000000,"[0.00000000, 0.00000000, 0.00000000, 0.00000000, 0.00000000, 0.00000000, 0.00000000, 0.00000000]",0.16100000,0.44343750,26->28
8,8,8,0,70,"(1, 2, 5, 7, 16, 22, 25, 28)",2,93,probe_repair,"[45, 55, 115, 130, 135, 145, 160, 165, 210, 230, 250, 255, 260, 340, 360]",0.00000000,"[0.00000000, 0.00000000, 0.00000000, 0.00000000, 0.00000000, 0.00000000, 0.00000000, 0.00000000]",0.03100000,0.43656250,4->22
8,8,8,0,70,"(1, 2, 5, 7, 16, 22, 25, 28)",3,7,baseline,"[5, 30, 55, 80, 105, 130, 155, 180, 205, 230, 255, 280, 305, 330, 355]",0.00000000,"[0.00000000, 0.00000000, 0.00000000, 0.00000000, 0.00000000, 0.00000000, 0.00000000, 0.00000000]",0.18100000,0.44912500,15->5
8,8,8,0,70,"(1, 2, 5, 7, 16, 22, 25, 28)",4,46,probe_repair,"[25, 40, 60, 75, 95, 135, 160, 230, 240, 255, 275, 295, 310, 325, 335]",0.00000000,"[0.00000000, 0.00000000, 0.00000000, 0.00000000, 0.00000000, 0.00000000, 0.00000000, 0.00000000]",0.28300000,0.45418750,15->22
8,8,8,0,70,"(1, 2, 5, 7, 16, 22, 25, 28)",5,232,probe_repair,"[10, 15, 25, 60, 80, 110, 160, 165, 185, 220, 230, 245, 305, 335, 345]",0.00000000,"[0.00000000, 0.00000000, 0.00000000, 0.00000000, 0.00000000, 0.00000000, 0.00000000, 0.00000000]",0.22300000,0.45500000,21->5
8,8,8,0,70,"(1, 2, 5, 7, 16, 22, 25, 28)",6,5,baseline,"[5, 30, 55, 80, 105, 130, 155, 180, 205, 230, 255, 280, 305, 330, 355]",0.00000000,"[0.00000000, 0.00000000, 0.00000000, 0.00000000, 0.00000000, 0.00000000, 0.00000000, 0.00000000]",0.16600000,0.44727083,15->5
8,8,8,0,70,"(1, 2, 5, 7, 16, 22, 25, 28)",7,183,probe_repair,"[45, 55, 60, 90, 95, 110, 155, 200, 230, 290, 295, 300, 305, 330, 360]",0.00000000,"[0.00000000, 0.00000000, 0.00000000, 0.00000000, 0.00000000, 0.00000000, 0.00000000, 0.00000000]",0.19100000,0.44493750,27->1
8,8,8,0,70,"(1, 2, 5, 7, 16, 22, 25, 28)",8,6,baseline,"[5, 30, 55, 80, 105, 130, 155, 180, 205, 230, 255, 280, 305, 330, 355]",0.00000000,"[0.00000000, 0.00000000, 0.00000000, 0.00000000, 0.00000000, 0.00000000, 0.00000000, 0.00000000]",0.14500000,0.44825000,15->5
8,8,8,0,70,"(1, 2, 5, 7, 16, 22, 25, 28)",9,173,probe_repair,"[5, 15, 25, 35, 40, 80, 95, 105, 110, 140, 260, 275, 340, 345, 355]",0.00000000,"[0.00000000, 0.00000000, 0.00000000, 0.00000000, 0.00000000, 0.00000000, 0.00000000, 0.00000000]",0.16400000,0.44441667,21->22
8,8,8,0,70,"(1, 2, 5, 7, 16, 22, 25, 28)",10,69,probe_repair,"[5, 25, 35, 80, 90, 110, 160, 165, 205, 210, 235, 305, 335, 340, 345]",0.00000000,"[0.00000000, 0.00000000, 0.00000000, 0.00000000, 0.00000000, 0.00000000, 0.00000000, 0.00000000]",0.09800000,0.44143750,27->2
8,8,8,0,71,"(1, 15, 16, 20, 21, 24, 26, 27)",1,340,probe_repair,"[35, 60, 85, 105, 135, 205, 220, 245, 250, 265, 285, 305, 320, 325, 360]",0.00000000,"[0.00000000, 0.00000000, 0.00000000, 0.00000000, 0.00000000, 0.00000000, 0.00000000, 0.00000000]",0.11800000,0.45804545,28->21
8,8,8,0,71,"(1, 15, 16, 20, 21, 24, 26, 27)",2,484,probe_repair,"[5, 15, 35, 40, 50, 95, 125, 145, 210, 250, 260, 265, 325, 355, 360]",0.00000000,"[0.00000000, 0.00000000, 0.00000000, 0.00000000, 0.00000000, 0.00000000, 0.00000000, 0.00000000]",0.06100000,0.45229545,28->26
8,8,8,0,71,"(1, 15, 16, 20, 21, 24, 26, 27)",3,541,probe_repair,"[30, 35, 80, 115, 135, 140, 150, 175, 210, 250, 265, 335, 340, 345, 355]",0.00000000,"[0.00000000, 0.00000000, 0.00000000, 0.00000000, 0.00000000, 0.00000000, 0.00000000, 0.00000000]",0.09100000,0.44109091,22->16
8,8,8,0,71,"(1, 15, 16, 20, 21, 24, 26, 27)",4,630,probe_repair,"[10, 15, 30, 75, 85, 105, 135, 150, 200, 220, 230, 300, 325, 340, 365]",0.00000000,"[0.00000000, 0.00000000, 0.00000000, 0.00000000, 0.00000000, 0.00000000, 0.00000000, 0.00000000]",0.26200000,0.45481818,11->16
8,8,8,0,71,"(1, 15, 16, 20, 21, 24, 26, 27)",5,45,probe_repair,"[35, 55, 65, 85, 105, 130, 150, 165, 195, 205, 275, 285, 320, 325, 360]",0.00000000,"[0.00000000, 0.00000000, 0.00000000, 0.00000000, 0.00000000, 0.00000000, 0.00000000, 0.00000000]",0.09200000,0.44025000,7->27
8,8,8,0,71,"(1, 15, 16, 20, 21, 24, 26, 27)",6,359,probe_repair,"[5, 25, 80, 90, 105, 110, 115, 125, 140, 180, 200, 220, 265, 310, 325]",0.00000000,"[0.00000000, 0.00000000, 0.00000000, 0.00000000, 0.00000000, 0.00000000, 0.00000000, 0.00000000]",0.25300000,0.45829545,25->24
8,8,8,0,71,"(1, 15, 16, 20, 21, 24, 26, 27)",7,118,probe_repair,"[30, 45, 55, 80, 100, 130, 140, 150, 185, 205, 220, 245, 260, 340, 345]",0.00000000,"[0.00000000, 0.00000000, 0.00000000, 0.00000000, 0.00000000, 0.00000000, 0.00000000, 0.00000000]",0.21700000,0.45068182,25->15
8,8,8,0,71,"(1, 15, 16, 20, 21, 24, 26, 27)",8,635,probe_repair,"[10, 15, 30, 75, 85, 105, 135, 150, 200, 220, 230, 300, 325, 340, 365]",0.00000000,"[0.00000000, 0.00000000, 0.00000000, 0.00000000, 0.00000000, 0.00000000, 0.00000000, 0.00000000]",0.29800000,0.45595455,18->26
8,8,8,0,71,"(1, 15, 16, 20, 21, 24, 26, 27)",9,39,probe_repair,"[30, 55, 70, 75, 85, 130, 165, 175, 185, 265, 320, 330, 340, 345, 365]",0.00000000,"[0.00000000, 0.00000000, 0.00000000, 0.00000000, 0.00000000, 0.00000000, 0.00000000, 0.00000000]",0.14900000,0.44372727,22->1
8,8,8,0,71,"(1, 15, 16, 20, 21, 24, 26, 27)",10,203,probe_repair,"[30, 45, 75, 95, 100, 135, 140, 190, 200, 275, 285, 310, 320, 345, 360]",0.00000000,"[0.00000000, 0.00000000, 0.00000000, 0.00000000, 0.00000000, 0.00000000, 0.00000000, 0.00000000]",0.17200000,0.45609091,7->27
8,8,8,0,72,"(2, 4, 9, 17, 21, 24, 27, 28)",1,589,probe_repair,"[60, 80, 105, 165, 180, 195, 205, 215, 245, 290, 300, 305, 355, 360, 365]",0.00000000,"[0.00000000, 0.00000000, 0.00000000, 0.00000000, 0.00000000, 0.00000000, 0.00000000, 0.00000000]",0.19000000,0.44232500,15->9
8,8,8,0,72,"(2, 4, 9, 17, 21, 24, 27, 28)",2,967,probe_repair,"[5, 15, 20, 40, 55, 70, 90, 100, 165, 195, 225, 230, 255, 275, 305]",0.00000000,"[0.00000000, 0.00000000, 0.00000000, 0.00000000, 0.00000000, 0.00000000, 0.00000000, 0.00000000]",0.20600000,0.45490000,15->27
8,8,8,0,72,"(2, 4, 9, 17, 21, 24, 27, 28)",3,591,probe_repair,"[60, 80, 105, 165, 180, 195, 205, 215, 245, 290, 300, 305, 355, 360, 365]",0.00000000,"[0.00000000, 0.00000000, 0.00000000, 0.00000000, 0.00000000, 0.00000000, 0.00000000, 0.00000000]",0.26900000,0.45962500,16->4
8,8,8,0,72,"(2, 4, 9, 17, 21, 24, 27, 28)",4,327,probe_repair,"[25, 45, 65, 85, 100, 120, 155, 160, 175, 180, 190, 270, 285, 310, 320]",0.00000000,"[0.00000000, 0.00000000, 0.00000000, 0.00000000, 0.00000000, 0.00000000, 0.00000000, 0.00000000]",0.23100000,0.45195000,18->4
8,8,8,0,72,"(2, 4, 9, 17, 21, 24, 27, 28)",5,1533,probe_repair,"[5, 15, 40, 65, 90, 95, 135, 145, 160, 185, 260, 265, 295, 300, 325]",0.00000000,"[0.00000000, 0.00000000, 0.00000000, 0.00000000, 0.00000000, 0.00000000, 0.00000000, 0.00000000]",0.03700000,0.42227500,6->24
8,8,8,0,72,"(2, 4, 9, 17, 21, 24, 27, 28)",6,328,probe_repair,"[25, 45, 65, 85, 100, 120, 155, 160, 175, 180, 190, 270, 285, 310, 320]",0.00000000,"[0.00000000, 0.00000000, 0.00000000, 0.00000000, 0.00000000, 0.00000000, 0.00000000, 0.00000000]",0.27000000,0.44940000,18->4
8,8,8,0,72,"(2, 4, 9, 17, 21, 24, 27, 28)",7,285,probe_repair,"[15, 25, 35, 100, 140, 175, 180, 255, 270, 280, 315, 320, 345, 350, 355]",0.00000000,"[0.00000000, 0.00000000, 0.00000000, 0.00000000, 0.00000000, 0.00000000, 0.00000000, 0.00000000]",0.02000000,0.43505000,6->24
8,8,8,0,72,"(2, 4, 9, 17, 21, 24, 27, 28)",8,1414,probe_repair,"[10, 30, 75, 95, 120, 155, 170, 200, 220, 240, 255, 270, 315, 350, 360]",0.00000000,"[0.00000000, 0.00000000, 0.00000000, 0.00000000, 0.00000000, 0.00000000, 0.00000000, 0.00000000]",0.30300000,0.46455000,20->24
8,8,8,0,72,"(2, 4, 9, 17, 21, 24, 27, 28)",9,333,probe_repair,"[70, 90, 115, 140, 155, 165, 180, 190, 205, 220, 250, 270, 295, 315, 325]",0.00000000,"[0.00000000, 0.00000000, 0.00000000, 0.00000000, 0.00000000, 0.00000000, 0.00000000, 0.00000000]",0.00200000,0.42432500,6->24
8,8,8,0,72,"(2, 4, 9, 17, 21, 24, 27, 28)",10,213,probe_repair,"[15, 95, 125, 130, 160, 175, 185, 210, 265, 270, 285, 335, 350, 355, 365]",0.00000000,"[0.00000000, 0.00000000, 0.00000000, 0.00000000, 0.00000000, 0.00000000, 0.00000000, 0.00000000]",0.00000000,0.44250000,7->27
8,8,8,0,73,"(6, 9, 15, 17, 18, 20, 25, 26)",1,765,probe_repair,"[5, 65, 70, 75, 90, 95, 130, 160, 185, 235, 260, 270, 310, 315, 335]",0.00000000,"[0.00000000, 0.00000000, 0.00000000, 0.00000000, 0.00000000, 0.00000000, 0.00000000, 0.00000000]",0.07500000,0.43687500,21->25
8,8,8,0,73,"(6, 9, 15, 17, 18, 20, 25, 26)",2,852,probe_repair,"[10, 55, 65, 70, 105, 110, 120, 155, 235, 250, 270, 305, 310, 355, 365]",0.00000000,"[0.00000000, 0.00000000, 0.00000000, 0.00000000, 0.00000000, 0.00000000, 0.00000000, 0.00000000]",0.22900000,0.45195000,7->17
8,8,8,0,73,"(6, 9, 15, 17, 18, 20, 25, 26)",3,1200,probe_repair,"[15, 30, 35, 65, 85, 90, 100, 140, 185, 200, 205, 210, 240, 330, 360]",0.00000000,"[0.00000000, 0.00000000, 0.00000000, 0.00000000, 0.00000000, 0.00000000, 0.00000000, 0.00000000]",0.25800000,0.45975000,22->15
8,8,8,0,73,"(6, 9, 15, 17, 18, 20, 25, 26)",4,881,probe_repair,"[20, 35, 40, 45, 125, 145, 150, 175, 185, 225, 230, 250, 280, 285, 300]",0.00000000,"[0.00000000, 0.00000000, 0.00000000, 0.00000000, 0.00000000, 0.00000000, 0.00000000, 0.00000000]",0.19600000,0.45485000,24->15
8,8,8,0,73,"(6, 9, 15, 17, 18, 20, 25, 26)",5,729,probe_repair,"[5, 15, 35, 100, 110, 135, 190, 230, 245, 250, 275, 295, 310, 315, 345]",0.00000000,"[0.00000000, 0.00000000, 0.00000000, 0.00000000, 0.00000000, 0.00000000, 0.00000000, 0.00000000]",0.21900000,0.45690000,21->25
8,8,8,0,73,"(6, 9, 15, 17, 18, 20, 25, 26)",6,671,probe_repair,"[10, 80, 85, 150, 170, 180, 185, 205, 230, 245, 280, 305, 340, 355, 365]",0.00000000,"[0.00000000, 0.00000000, 0.00000000, 0.00000000, 0.00000000, 0.00000000, 0.00000000, 0.00000000]",0.32400000,0.45915000,7->6
8,8,8,0,73,"(6, 9, 15, 17, 18, 20, 25, 26)",7,713,probe_repair,"[5, 15, 45, 110, 120, 125, 130, 135, 190, 250, 255, 275, 335, 345, 365]",0.00000000,"[0.00000000, 0.00000000, 0.00000000, 0.00000000, 0.00000000, 0.00000000, 0.00000000, 0.00000000]",0.27900000,0.45600000,7->6
8,8,8,0,73,"(6, 9, 15, 17, 18, 20, 25, 26)",8,1055,probe_repair,"[45, 50, 65, 70, 90, 100, 105, 190, 195, 200, 225, 250, 255, 325, 365]",0.00000000,"[0.00000000, 0.00000000, 0.00000000, 0.00000000, 0.00000000, 0.00000000, 0.00000000, 0.00000000]",0.25500000,0.45960000,4->25
8,8,8,0,73,"(6, 9, 15, 17, 18, 20, 25, 26)",9,1356,probe_repair,"[20, 50, 60, 65, 80, 135, 140, 150, 190, 215, 260, 270, 340, 350, 360]",0.00000000,"[0.00000000, 0.00000000, 0.00000000, 0.00000000, 0.00000000, 0.00000000, 0.00000000, 0.00000000]",0.18400000,0.45872500,16->25
8,8,8,0,73,"(6, 9, 15, 17, 18, 20, 25, 26)",10,845,probe_repair,"[10, 55, 65, 70, 105, 110, 120, 155, 235, 250, 270, 305, 310, 355, 365]",0.00000000,"[0.00000000, 0.00000000, 0.00000000, 0.00000000, 0.00000000, 0.00000000, 0.00000000, 0.00000000]",0.17900000,0.44027500,27->15
8,8,8,0,74,"(1, 2, 4, 15, 18, 20, 21, 25)",1,460,probe_repair,"[5, 35, 55, 80, 115, 150, 155, 160, 250, 255, 285, 325, 335, 345, 360]",0.00000000,"[0.00000000, 0.00000000, 0.00000000, 0.00000000, 0.00000000, 0.00000000, 0.00000000, 0.00000000]",0.24000000,0.45922727,11->2
8,8,8,0,74,"(1, 2, 4, 15, 18, 20, 21, 25)",2,54,probe_repair,"[65, 90, 130, 135, 145, 200, 235, 245, 255, 290, 310, 325, 330, 350, 355]",0.00000000,"[0.00000000, 0.00000000, 0.00000000, 0.00000000, 0.00000000, 0.00000000, 0.00000000, 0.00000000]",0.16800000,0.44415909,6->4
8,8,8,0,74,"(1, 2, 4, 15, 18, 20, 21, 25)",3,522,probe_repair,"[5, 10, 30, 55, 60, 150, 170, 240, 245, 275, 290, 295, 310, 345, 365]",0.00000000,"[0.00000000, 0.00000000, 0.00000000, 0.00000000, 0.00000000, 0.00000000, 0.00000000, 0.00000000]",0.18700000,0.44488636,22->1
8,8,8,0,74,"(1, 2, 4, 15, 18, 20, 21, 25)",4,269,probe_repair,"[5, 25, 30, 40, 80, 85, 125, 140, 160, 185, 225, 295, 310, 340, 345]",0.00000000,"[0.00000000, 0.00000000, 0.00000000, 0.00000000, 0.00000000, 0.00000000, 0.00000000, 0.00000000]",0.05200000,0.44390909,9->18
8,8,8,0,74,"(1, 2, 4, 15, 18, 20, 21, 25)",5,551,probe_repair,"[5, 15, 35, 80, 145, 155, 190, 230, 235, 250, 255, 275, 320, 340, 355]",0.00000000,"[0.00000000, 0.00000000, 0.00000000, 0.00000000, 0.00000000, 0.00000000, 0.00000000, 0.00000000]",0.08000000,0.45134091,16->2
8,8,8,0,74,"(1, 2, 4, 15, 18, 20, 21, 25)",6,381,probe_repair,"[30, 65, 75, 95, 100, 130, 145, 155, 185, 240, 255, 280, 285, 305, 325]",0.00000000,"[0.00000000, 0.00000000, 0.00000000, 0.00000000, 0.00000000, 0.00000000, 0.00000000, 0.00000000]",0.04800000,0.45125000,28->20
8,8,8,0,74,"(1, 2, 4, 15, 18, 20, 21, 25)",7,371,probe_repair,"[30, 45, 95, 110, 125, 135, 140, 160, 170, 250, 275, 280, 305, 310, 365]",0.00000000,"[0.00000000, 0.00000000, 0.00000000, 0.00000000, 0.00000000, 0.00000000, 0.00000000, 0.00000000]",0.26000000,0.45738636,27->18
8,8,8,0,74,"(1, 2, 4, 15, 18, 20, 21, 25)",8,403,probe_repair,"[25, 80, 90, 140, 165, 190, 210, 255, 280, 285, 320, 330, 345, 355, 360]",0.00000000,"[0.00000000, 0.00000000, 0.00000000, 0.00000000, 0.00000000, 0.00000000, 0.00000000, 0.00000000]",0.22600000,0.45281818,9->15
8,8,8,0,74,"(1, 2, 4, 15, 18, 20, 21, 25)",9,322,probe_repair,"[45, 70, 105, 115, 180, 210, 220, 260, 290, 305, 325, 340, 345, 350, 355]",0.00000000,"[0.00000000, 0.00000000, 0.00000000, 0.00000000, 0.00000000, 0.00000000, 0.00000000, 0.00000000]",0.13600000,0.45677273,22->21
8,8,8,0,74,"(1, 2, 4, 15, 18, 20, 21, 25)",10,519,probe_repair,"[5, 10, 30, 55, 60, 150, 170, 240, 245, 275, 290, 295, 310, 345, 365]",0.00000000,"[0.00000000, 0.00000000, 0.00000000, 0.00000000, 0.00000000, 0.00000000, 0.00000000, 0.00000000]",0.14800000,0.44688636,22->1
8,8,8,0,75,"(1, 2, 5, 6, 11, 16, 21, 25)",1,294,probe_repair,"[5, 10, 40, 60, 145, 155, 165, 170, 200, 220, 225, 235, 260, 275, 340]",0.00000000,"[0.00000000, 0.00000000, 0.00000000, 0.00000000, 0.00000000, 0.00000000, 0.00000000, 0.00000000]",0.30100000,0.46008333,15->21
8,8,8,0,75,"(1, 2, 5, 6, 11, 16, 21, 25)",2,96,probe_repair,"[5, 35, 50, 65, 95, 100, 140, 190, 205, 220, 230, 280, 285, 355, 360]",0.00000000,"[0.00000000, 0.00000000, 0.00000000, 0.00000000, 0.00000000, 0.00000000, 0.00000000, 0.00000000]",0.27400000,0.45320833,17->25
8,8,8,0,75,"(1, 2, 5, 6, 11, 16, 21, 25)",3,298,probe_repair,"[5, 10, 40, 60, 145, 155, 165, 170, 200, 220, 225, 235, 260, 275, 340]",0.00000000,"[0.00000000, 0.00000000, 0.00000000, 0.00000000, 0.00000000, 0.00000000, 0.00000000, 0.00000000]",0.31700000,0.45375000,15->21
8,8,8,0,75,"(1, 2, 5, 6, 11, 16, 21, 25)",4,64,probe_repair,"[5, 30, 50, 80, 105, 125, 150, 170, 180, 200, 265, 275, 290, 300, 310]",0.00000000,"[0.00000000, 0.00000000, 0.00000000, 0.00000000, 0.00000000, 0.00000000, 0.00000000, 0.00000000]",0.22400000,0.45833333,28->21
8,8,8,0,75,"(1, 2, 5, 6, 11, 16, 21, 25)",5,133,probe_repair,"[15, 55, 90, 130, 155, 170, 185, 210, 220, 235, 245, 285, 305, 345, 360]",0.00000000,"[0.00000000, 0.00000000, 0.00000000, 0.00000000, 0.00000000, 0.00000000, 0.00000000, 0.00000000]",0.12600000,0.43118750,15->21
8,8,8,0,75,"(1, 2, 5, 6, 11, 16, 21, 25)",6,75,probe_repair,"[30, 50, 90, 95, 100, 120, 125, 130, 165, 190, 210, 235, 250, 305, 325]",0.00000000,"[0.00000000, 0.00000000, 0.00000000, 0.00000000, 0.00000000, 0.00000000, 0.00000000, 0.00000000]",0.31000000,0.46041667,26->6
8,8,8,0,75,"(1, 2, 5, 6, 11, 16, 21, 25)",7,61,probe_repair,"[5, 30, 50, 80, 105, 125, 150, 170, 180, 200, 265, 275, 290, 300, 310]",0.00000000,"[0.00000000, 0.00000000, 0.00000000, 0.00000000, 0.00000000, 0.00000000, 0.00000000, 0.00000000]",0.16900000,0.43470833,28->21
8,8,8,0,75,"(1, 2, 5, 6, 11, 16, 21, 25)",8,146,probe_repair,"[10, 25, 30, 45, 80, 95, 160, 175, 185, 220, 275, 285, 295, 330, 335]",0.00000000,"[0.00000000, 0.00000000, 0.00000000, 0.00000000, 0.00000000, 0.00000000, 0.00000000, 0.00000000]",0.15300000,0.45341667,20->2
8,8,8,0,75,"(1, 2, 5, 6, 11, 16, 21, 25)",9,69,probe_repair,"[30, 50, 90, 95, 100, 120, 125, 130, 165, 190, 210, 235, 250, 305, 325]",0.00000000,"[0.00000000, 0.00000000, 0.00000000, 0.00000000, 0.00000000, 0.00000000, 0.00000000, 0.00000000]",0.21400000,0.44616667,26->21
8,8,8,0,75,"(1, 2, 5, 6, 11, 16, 21, 25)",10,189,probe_repair,"[35, 80, 85, 90, 110, 115, 145, 160, 180, 230, 245, 250, 275, 305, 365]",0.00000000,"[0.00000000, 0.00000000, 0.00000000, 0.00000000, 0.00000000, 0.00000000, 0.00000000, 0.00000000]",0.08900000,0.43022917,4->16
8,8,8,0,76,"(4, 5, 7, 9, 15, 18, 24, 27)",1,621,probe_repair,"[30, 40, 50, 80, 85, 170, 180, 185, 215, 235, 265, 280, 295, 360, 365]",0.00000000,"[0.00000000, 0.00000000, 0.00000000, 0.00000000, 0.00000000, 0.00000000, 0.00000000, 0.00000000]",0.05800000,0.44260227,16->18
8,8,8,0,76,"(4, 5, 7, 9, 15, 18, 24, 27)",2,491,probe_repair,"[5, 45, 85, 90, 95, 120, 125, 135, 145, 170, 180, 185, 265, 300, 345]",0.00000000,"[0.00000000, 0.00000000, 0.00000000, 0.00000000, 0.00000000, 0.00000000, 0.00000000, 0.00000000]",0.21200000,0.45385227,25->18
8,8,8,0,76,"(4, 5, 7, 9, 15, 18, 24, 27)",3,299,probe_repair,"[20, 30, 45, 95, 115, 120, 130, 140, 165, 180, 200, 220, 250, 305, 325]",0.00000000,"[0.00000000, 0.00000000, 0.00000000, 0.00000000, 0.00000000, 0.00000000, 0.00000000, 0.00000000]",0.12200000,0.44876136,6->18
8,8,8,0,76,"(4, 5, 7, 9, 15, 18, 24, 27)",4,557,probe_repair,"[15, 35, 50, 80, 105, 130, 160, 185, 200, 205, 225, 245, 315, 325, 345]",0.00000000,"[0.00000000, 0.00000000, 0.00000000, 0.00000000, 0.00000000, 0.00000000, 0.00000000, 0.00000000]",0.12500000,0.43832955,20->24
8,8,8,0,76,"(4, 5, 7, 9, 15, 18, 24, 27)",5,531,probe_repair,"[5, 40, 45, 115, 165, 170, 190, 205, 210, 295, 305, 315, 325, 345, 355]",0.00000000,"[0.00000000, 0.00000000, 0.00000000, 0.00000000, 0.00000000, 0.00000000, 0.00000000, 0.00000000]",0.22100000,0.45419318,17->7
8,8,8,0,76,"(4, 5, 7, 9, 15, 18, 24, 27)",6,381,probe_repair,"[15, 20, 115, 120, 135, 140, 155, 200, 250, 265, 290, 325, 330, 340, 360]",0.00000000,"[0.00000000, 0.00000000, 0.00000000, 0.00000000, 0.00000000, 0.00000000, 0.00000000, 0.00000000]",0.17200000,0.43517045,17->7
8,8,8,0,76,"(4, 5, 7, 9, 15, 18, 24, 27)",7,533,probe_repair,"[15, 25, 65, 100, 105, 125, 165, 210, 250, 255, 265, 285, 290, 305, 335]",0.00000000,"[0.00000000, 0.00000000, 0.00000000, 0.00000000, 0.00000000, 0.00000000, 0.00000000, 0.00000000]",0.00300000,0.44544318,2->7
8,8,8,0,76,"(4, 5, 7, 9, 15, 18, 24, 27)",8,133,probe_repair,"[20, 25, 30, 75, 90, 140, 145, 165, 175, 190, 240, 290, 295, 300, 305]",0.00000000,"[0.00000000, 0.00000000, 0.00000000, 0.00000000, 0.00000000, 0.00000000, 0.00000000, 0.00000000]",0.11500000,0.44255682,6->24
8,8,8,0,76,"(4, 5, 7, 9, 15, 18, 24, 27)",9,440,probe_repair,"[5, 10, 15, 20, 55, 60, 95, 140, 165, 175, 225, 265, 275, 295, 335]",0.00000000,"[0.00000000, 0.00000000, 0.00000000, 0.00000000, 0.00000000, 0.00000000, 0.00000000, 0.00000000]",0.24200000,0.45946591,11->15
8,8,8,0,76,"(4, 5, 7, 9, 15, 18, 24, 27)",10,559,probe_repair,"[15, 35, 50, 80, 105, 130, 160, 185, 200, 205, 225, 245, 315, 325, 345]",0.00000000,"[0.00000000, 0.00000000, 0.00000000, 0.00000000, 0.00000000, 0.00000000, 0.00000000, 0.00000000]",0.19100000,0.45344318,20->24
8,8,8,0,77,"(2, 7, 9, 17, 18, 21, 26, 27)",1,1152,probe_repair,"[20, 65, 80, 90, 140, 155, 165, 190, 195, 230, 245, 255, 265, 270, 330]",0.00000000,"[0.00000000, 0.00000000, 0.00000000, 0.00000000, 0.00000000, 0.00000000, 0.00000000, 0.00000000]",0.15000000,0.45052500,16->21
8,8,8,0,77,"(2, 7, 9, 17, 18, 21, 26, 27)",2,285,probe_repair,"[5, 10, 20, 90, 105, 115, 150, 165, 215, 230, 280, 290, 325, 335, 365]",0.00000000,"[0.00000000, 0.00000000, 0.00000000, 0.00000000, 0.00000000, 0.00000000, 0.00000000, 0.00000000]",0.21300000,0.43957500,25->17
8,8,8,0,77,"(2, 7, 9, 17, 18, 21, 26, 27)",3,1348,probe_repair,"[20, 35, 40, 55, 80, 105, 125, 140, 155, 180, 205, 210, 225, 240, 265]",0.00000000,"[0.00000000, 0.00000000, 0.00000000, 0.00000000, 0.00000000, 0.00000000, 0.00000000, 0.00000000]",0.26000000,0.45367500,28->18
8,8,8,0,77,"(2, 7, 9, 17, 18, 21, 26, 27)",4,1150,probe_repair,"[20, 65, 80, 90, 140, 155, 165, 190, 195, 230, 245, 255, 265, 270, 330]",0.00000000,"[0.00000000, 0.00000000, 0.00000000, 0.00000000, 0.00000000, 0.00000000, 0.00000000, 0.00000000]",0.19600000,0.45232500,16->21
8,8,8,0,77,"(2, 7, 9, 17, 18, 21, 26, 27)",5,1222,probe_repair,"[5, 40, 55, 105, 150, 175, 180, 215, 250, 260, 270, 310, 315, 320, 360]",0.00000000,"[0.00000000, 0.00000000, 0.00000000, 0.00000000, 0.00000000, 0.00000000, 0.00000000, 0.00000000]",0.26400000,0.45870000,11->17
8,8,8,0,77,"(2, 7, 9, 17, 18, 21, 26, 27)",6,1309,probe_repair,"[10, 25, 50, 70, 110, 165, 200, 215, 220, 250, 275, 300, 325, 335, 345]",0.00000000,"[0.00000000, 0.00000000, 0.00000000, 0.00000000, 0.00000000, 0.00000000, 0.00000000, 0.00000000]",0.02100000,0.43780000,4->21
8,8,8,0,77,"(2, 7, 9, 17, 18, 21, 26, 27)",7,1589,probe_repair,"[35, 40, 95, 115, 130, 170, 185, 200, 205, 240, 255, 270, 275, 335, 345]",0.00000000,"[0.00000000, 0.00000000, 0.00000000, 0.00000000, 0.00000000, 0.00000000, 0.00000000, 0.00000000]",0.23900000,0.44737500,25->7
8,8,8,0,77,"(2, 7, 9, 17, 18, 21, 26, 27)",8,1189,probe_repair,"[5, 10, 45, 50, 55, 100, 140, 170, 200, 300, 315, 330, 335, 350, 365]",0.00000000,"[0.00000000, 0.00000000, 0.00000000, 0.00000000, 0.00000000, 0.00000000, 0.00000000, 0.00000000]",0.27100000,0.44625000,22->7
8,8,8,0,77,"(2, 7, 9, 17, 18, 21, 26, 27)",9,1494,probe_repair,"[15, 30, 45, 90, 110, 120, 150, 190, 195, 225, 305, 320, 330, 345, 350]",0.00000000,"[0.00000000, 0.00000000, 0.00000000, 0.00000000, 0.00000000, 0.00000000, 0.00000000, 0.00000000]",0.26400000,0.45975000,20->27
8,8,8,0,77,"(2, 7, 9, 17, 18, 21, 26, 27)",10,815,probe_repair,"[10, 25, 55, 75, 160, 170, 205, 220, 225, 270, 300, 310, 315, 345, 365]",0.00000000,"[0.00000000, 0.00000000, 0.00000000, 0.00000000, 0.00000000, 0.00000000, 0.00000000, 0.00000000]",0.22700000,0.45742500,25->2
8,8,8,0,78,"(1, 2, 18, 20, 22, 25, 26, 27)",1,690,probe_repair,"[25, 35, 50, 55, 80, 130, 155, 160, 165, 205, 235, 275, 310, 355, 360]",0.00000000,"[0.00000000, 0.00000000, 0.00000000, 0.00000000, 0.00000000, 0.00000000, 0.00000000, 0.00000000]",0.24200000,0.45704545,17->25
8,8,8,0,78,"(1, 2, 18, 20, 22, 25, 26, 27)",2,80,probe_repair,"[40, 80, 120, 150, 175, 225, 240, 245, 255, 275, 310, 320, 350, 355, 365]",0.00000000,"[0.00000000, 0.00000000, 0.00000000, 0.00000000, 0.00000000, 0.00000000, 0.00000000, 0.00000000]",0.19900000,0.45536364,7->18
8,8,8,0,78,"(1, 2, 18, 20, 22, 25, 26, 27)",3,410,probe_repair,"[30, 70, 110, 140, 150, 155, 160, 165, 190, 230, 280, 285, 305, 360, 365]",0.00000000,"[0.00000000, 0.00000000, 0.00000000, 0.00000000, 0.00000000, 0.00000000, 0.00000000, 0.00000000]",0.20800000,0.44613636,16->26
8,8,8,0,78,"(1, 2, 18, 20, 22, 25, 26, 27)",4,63,probe_repair,"[65, 75, 85, 135, 155, 165, 170, 195, 240, 250, 265, 320, 330, 335, 355]",0.00000000,"[0.00000000, 0.00000000, 0.00000000, 0.00000000, 0.00000000, 0.00000000, 0.00000000, 0.00000000]",0.29400000,0.45931818,11->20
8,8,8,0,78,"(1, 2, 18, 20, 22, 25, 26, 27)",5,402,probe_repair,"[65, 85, 125, 155, 165, 175, 185, 200, 210, 230, 255, 310, 330, 350, 365]",0.00000000,"[0.00000000, 0.00000000, 0.00000000, 0.00000000, 0.00000000, 0.00000000, 0.00000000, 0.00000000]",0.18100000,0.45159091,9->18
8,8,8,0,78,"(1, 2, 18, 20, 22, 25, 26, 27)",6,437,probe_repair,"[5, 25, 30, 50, 100, 110, 140, 175, 200, 240, 245, 275, 340, 360, 365]",0.00000000,"[0.00000000, 0.00000000, 0.00000000, 0.00000000, 0.00000000, 0.00000000, 0.00000000, 0.00000000]",0.25000000,0.44943182,24->2
8,8,8,0,78,"(1, 2, 18, 20, 22, 25, 26, 27)",7,76,probe_repair,"[30, 75, 90, 105, 135, 140, 150, 170, 235, 245, 305, 325, 340, 360, 365]",0.00000000,"[0.00000000, 0.00000000, 0.00000000, 0.00000000, 0.00000000, 0.00000000, 0.00000000, 0.00000000]",0.28100000,0.45095455,6->27
8,8,8,0,78,"(1, 2, 18, 20, 22, 25, 26, 27)",8,631,probe_repair,"[45, 55, 70, 120, 130, 135, 145, 165, 185, 235, 260, 280, 290, 335, 360]",0.00000000,"[0.00000000, 0.00000000, 0.00000000, 0.00000000, 0.00000000, 0.00000000, 0.00000000, 0.00000000]",0.33600000,0.46175000,17->26
8,8,8,0,78,"(1, 2, 18, 20, 22, 25, 26, 27)",9,447,probe_repair,"[10, 25, 30, 45, 80, 95, 100, 120, 150, 175, 200, 235, 280, 325, 360]",0.00000000,"[0.00000000, 0.00000000, 0.00000000, 0.00000000, 0.00000000, 0.00000000, 0.00000000, 0.00000000]",0.28100000,0.45597727,21->2
8,8,8,0,78,"(1, 2, 18, 20, 22, 25, 26, 27)",10,442,probe_repair,"[5, 25, 30, 50, 100, 110, 140, 175, 200, 240, 245, 275, 340, 360, 365]",0.00000000,"[0.00000000, 0.00000000, 0.00000000, 0.00000000, 0.00000000, 0.00000000, 0.00000000, 0.00000000]",0.34000000,0.45936364,24->2
8,8,8,0,79,"(2, 5, 6, 11, 17, 20, 21, 28)",1,299,probe_repair,"[15, 20, 40, 45, 75, 95, 125, 145, 205, 260, 275, 290, 325, 335, 340]",0.00000000,"[0.00000000, 0.00000000, 0.00000000, 0.00000000, 0.00000000, 0.00000000, 0.00000000, 0.00000000]",0.18700000,0.45303409,22->6
8,8,8,0,79,"(2, 5, 6, 11, 17, 20, 21, 28)",2,396,probe_repair,"[15, 40, 85, 105, 120, 170, 185, 225, 250, 265, 270, 275, 300, 335, 345]",0.00000000,"[0.00000000, 0.00000000, 0.00000000, 0.00000000, 0.00000000, 0.00000000, 0.00000000, 0.00000000]",0.22900000,0.44998864,18->20
8,8,8,0,79,"(2, 5, 6, 11, 17, 20, 21, 28)",3,453,probe_repair,"[30, 45, 50, 55, 85, 130, 165, 205, 240, 255, 275, 295, 310, 315, 355]",0.00000000,"[0.00000000, 0.00000000, 0.00000000, 0.00000000, 0.00000000, 0.00000000, 0.00000000, 0.00000000]",0.08200000,0.44121591,24->21
8,8,8,0,79,"(2, 5, 6, 11, 17, 20, 21, 28)",4,141,probe_repair,"[20, 35, 45, 80, 110, 115, 130, 135, 155, 180, 210, 250, 265, 275, 295]",0.00000000,"[0.00000000, 0.00000000, 0.00000000, 0.00000000, 0.00000000, 0.00000000, 0.00000000, 0.00000000]",0.14700000,0.44092045,27->28
8,8,8,0,79,"(2, 5, 6, 11, 17, 20, 21, 28)",5,302,probe_repair,"[10, 25, 55, 60, 120, 125, 130, 140, 170, 205, 210, 225, 230, 300, 315]",0.00000000,"[0.00000000, 0.00000000, 0.00000000, 0.00000000, 0.00000000, 0.00000000, 0.00000000, 0.00000000]",0.27800000,0.46160227,24->6
8,8,8,0,79,"(2, 5, 6, 11, 17, 20, 21, 28)",6,326,probe_repair,"[5, 85, 95, 115, 200, 205, 240, 260, 280, 290, 295, 300, 305, 310, 365]",0.00000000,"[0.00000000, 0.00000000, 0.00000000, 0.00000000, 0.00000000, 0.00000000, 0.00000000, 0.00000000]",0.28300000,0.46071591,27->17
8,8,8,0,79,"(2, 5, 6, 11, 17, 20, 21, 28)",7,97,probe_repair,"[20, 75, 105, 125, 160, 215, 235, 255, 265, 270, 275, 295, 330, 340, 365]",0.00000000,"[0.00000000, 0.00000000, 0.00000000, 0.00000000, 0.00000000, 0.00000000, 0.00000000, 0.00000000]",0.30300000,0.45651136,24->2
8,8,8,0,79,"(2, 5, 6, 11, 17, 20, 21, 28)",8,338,probe_repair,"[20, 25, 35, 60, 155, 185, 210, 215, 220, 225, 230, 245, 265, 285, 345]",0.00000000,"[0.00000000, 0.00000000, 0.00000000, 0.00000000, 0.00000000, 0.00000000, 0.00000000, 0.00000000]",0.18700000,0.44982955,15->21
8,8,8,0,79,"(2, 5, 6, 11, 17, 20, 21, 28)",9,145,probe_repair,"[20, 35, 45, 80, 110, 115, 130, 135, 155, 180, 210, 250, 265, 275, 295]",0.00000000,"[0.00000000, 0.00000000, 0.00000000, 0.00000000, 0.00000000, 0.00000000, 0.00000000, 0.00000000]",0.14400000,0.45173864,7->11
8,8,8,0,79,"(2, 5, 6, 11, 17, 20, 21, 28)",10,513,probe_repair,"[25, 30, 45, 60, 75, 110, 140, 175, 200, 275, 285, 295, 300, 305, 335]",0.00000000,"[0.00000000, 0.00000000, 0.00000000, 0.00000000, 0.00000000, 0.00000000, 0.00000000, 0.00000000]",0.26400000,0.45901136,27->5
8,8,8,0,80,"(5, 7, 15, 17, 18, 25, 26, 27)",1,490,probe_repair,"[40, 85, 100, 105, 185, 205, 225, 230, 235, 240, 250, 290, 310, 335, 365]",0.00000000,"[0.00000000, 0.00000000, 0.00000000, 0.00000000, 0.00000000, 0.00000000, 0.00000000, 0.00000000]",0.24000000,0.45544318,21->15
8,8,8,0,80,"(5, 7, 15, 17, 18, 25, 26, 27)",2,229,probe_repair,"[50, 60, 90, 105, 110, 120, 155, 165, 190, 205, 210, 225, 240, 305, 325]",0.00000000,"[0.00000000, 0.00000000, 0.00000000, 0.00000000, 0.00000000, 0.00000000, 0.00000000, 0.00000000]",0.12100000,0.43907955,11->5
8,8,8,0,80,"(5, 7, 15, 17, 18, 25, 26, 27)",3,123,probe_repair,"[20, 35, 65, 110, 115, 130, 160, 165, 175, 250, 295, 300, 305, 335, 360]",0.00000000,"[0.00000000, 0.00000000, 0.00000000, 0.00000000, 0.00000000, 0.00000000, 0.00000000, 0.00000000]",0.04900000,0.45212500,20->5
8,8,8,0,80,"(5, 7, 15, 17, 18, 25, 26, 27)",4,489,probe_repair,"[40, 85, 100, 105, 185, 205, 225, 230, 235, 240, 250, 290, 310, 335, 365]",0.00000000,"[0.00000000, 0.00000000, 0.00000000, 0.00000000, 0.00000000, 0.00000000, 0.00000000, 0.00000000]",0.26200000,0.45453409,16->25
8,8,8,0,80,"(5, 7, 15, 17, 18, 25, 26, 27)",5,341,probe_repair,"[30, 35, 40, 65, 80, 135, 175, 180, 190, 200, 210, 255, 285, 295, 300]",0.00000000,"[0.00000000, 0.00000000, 0.00000000, 0.00000000, 0.00000000, 0.00000000, 0.00000000, 0.00000000]",0.00000000,0.43469318,2->5
8,8,8,0,80,"(5, 7, 15, 17, 18, 25, 26, 27)",6,174,probe_repair,"[10, 20, 80, 90, 95, 105, 210, 230, 255, 265, 270, 290, 295, 355, 365]",0.00000000,"[0.00000000, 0.00000000, 0.00000000, 0.00000000, 0.00000000, 0.00000000, 0.00000000, 0.00000000]",0.21800000,0.46032955,6->27
8,8,8,0,80,"(5, 7, 15, 17, 18, 25, 26, 27)",7,469,probe_repair,"[45, 60, 85, 105, 160, 165, 180, 205, 210, 230, 250, 285, 305, 335, 340]",0.00000000,"[0.00000000, 0.00000000, 0.00000000, 0.00000000, 0.00000000, 0.00000000, 0.00000000, 0.00000000]",0.00000000,0.43923864,6->15
8,8,8,0,80,"(5, 7, 15, 17, 18, 25, 26, 27)",8,364,probe_repair,"[10, 20, 25, 45, 90, 110, 120, 145, 200, 240, 245, 295, 300, 340, 355]",0.00000000,"[0.00000000, 0.00000000, 0.00000000, 0.00000000, 0.00000000, 0.00000000, 0.00000000, 0.00000000]",0.11800000,0.45696591,24->25
8,8,8,0,80,"(5, 7, 15, 17, 18, 25, 26, 27)",9,446,probe_repair,"[30, 55, 65, 75, 85, 100, 110, 125, 155, 165, 190, 245, 250, 285, 315]",0.00000000,"[0.00000000, 0.00000000, 0.00000000, 0.00000000, 0.00000000, 0.00000000, 0.00000000, 0.00000000]",0.19000000,0.44835227,21->18
8,8,8,0,80,"(5, 7, 15, 17, 18, 25, 26, 27)",10,107,probe_repair,"[55, 75, 95, 100, 110, 115, 130, 135, 140, 255, 260, 305, 340, 345, 360]",0.00000000,"[0.00000000, 0.00000000, 0.00000000, 0.00000000, 0.00000000, 0.00000000, 0.00000000, 0.00000000]",0.23900000,0.45796591,6->18
8,8,8,0,81,"(1, 5, 16, 18, 20, 21, 22, 27)",1,259,probe_repair,"[30, 50, 75, 95, 100, 145, 155, 170, 210, 275, 300, 310, 325, 340, 360]",0.00000000,"[0.00000000, 0.00000000, 0.00000000, 0.00000000, 0.00000000, 0.00000000, 0.00000000, 0.00000000]",0.12500000,0.44537500,24->5
8,8,8,0,81,"(1, 5, 16, 18, 20, 21, 22, 27)",2,228,probe_repair,"[5, 50, 60, 75, 95, 105, 115, 170, 180, 185, 255, 275, 285, 355, 365]",0.00000000,"[0.00000000, 0.00000000, 0.00000000, 0.00000000, 0.00000000, 0.00000000, 0.00000000, 0.00000000]",0.29200000,0.45045833,15->1
8,8,8,0,81,"(1, 5, 16, 18, 20, 21, 22, 27)",3,200,probe_repair,"[15, 45, 50, 85, 90, 95, 135, 140, 175, 185, 250, 265, 280, 295, 300]",0.00000000,"[0.00000000, 0.00000000, 0.00000000, 0.00000000, 0.00000000, 0.00000000, 0.00000000, 0.00000000]",0.17300000,0.45054167,11->22
8,8,8,0,81,"(1, 5, 16, 18, 20, 21, 22, 27)",4,75,probe_repair,"[15, 40, 50, 65, 120, 145, 170, 185, 205, 230, 285, 290, 300, 335, 345]",0.00000000,"[0.00000000, 0.00000000, 0.00000000, 0.00000000, 0.00000000, 0.00000000, 0.00000000, 0.00000000]",0.12700000,0.45395833,17->1
8,8,8,0,81,"(1, 5, 16, 18, 20, 21, 22, 27)",5,261,probe_repair,"[5, 40, 50, 55, 100, 115, 120, 135, 145, 155, 170, 230, 300, 310, 345]",0.00000000,"[0.00000000, 0.00000000, 0.00000000, 0.00000000, 0.00000000, 0.00000000, 0.00000000, 0.00000000]",0.03400000,0.44360417,17->21
8,8,8,0,81,"(1, 5, 16, 18, 20, 21, 22, 27)",6,69,probe_repair,"[15, 40, 50, 65, 120, 145, 170, 185, 205, 230, 285, 290, 300, 335, 345]",0.00000000,"[0.00000000, 0.00000000, 0.00000000, 0.00000000, 0.00000000, 0.00000000, 0.00000000, 0.00000000]",0.15100000,0.43858333,28->27
8,8,8,0,81,"(1, 5, 16, 18, 20, 21, 22, 27)",7,276,probe_repair,"[10, 50, 80, 115, 170, 185, 200, 205, 240, 260, 265, 280, 300, 335, 340]",0.00000000,"[0.00000000, 0.00000000, 0.00000000, 0.00000000, 0.00000000, 0.00000000, 0.00000000, 0.00000000]",0.22400000,0.45241667,28->21
8,8,8,0,81,"(1, 5, 16, 18, 20, 21, 22, 27)",8,237,probe_repair,"[5, 10, 40, 80, 100, 115, 130, 165, 170, 190, 210, 220, 250, 290, 325]",0.00000000,"[0.00000000, 0.00000000, 0.00000000, 0.00000000, 0.00000000, 0.00000000, 0.00000000, 0.00000000]",0.00000000,0.43777083,17->22
8,8,8,0,81,"(1, 5, 16, 18, 20, 21, 22, 27)",9,273,probe_repair,"[10, 50, 80, 115, 170, 185, 200, 205, 240, 260, 265, 280, 300, 335, 340]",0.00000000,"[0.00000000, 0.00000000, 0.00000000, 0.00000000, 0.00000000, 0.00000000, 0.00000000, 0.00000000]",0.24300000,0.45033333,28->21
8,8,8,0,81,"(1, 5, 16, 18, 20, 21, 22, 27)",10,68,probe_repair,"[10, 55, 85, 110, 130, 135, 170, 175, 205, 230, 240, 250, 255, 280, 285]",0.00000000,"[0.00000000, 0.00000000, 0.00000000, 0.00000000, 0.00000000, 0.00000000, 0.00000000, 0.00000000]",0.07100000,0.45885417,6->16
8,8,8,0,82,"(1, 4, 7, 9, 16, 21, 24, 27)",1,574,probe_repair,"[25, 30, 70, 85, 130, 145, 200, 220, 255, 285, 290, 340, 350, 360, 365]",0.00000000,"[0.00000000, 0.00000000, 0.00000000, 0.00000000, 0.00000000, 0.00000000, 0.00000000, 0.00000000]",0.30200000,0.45934091,2->7
8,8,8,0,82,"(1, 4, 7, 9, 16, 21, 24, 27)",2,381,probe_repair,"[5, 85, 95, 160, 180, 205, 210, 255, 265, 285, 290, 300, 305, 310, 365]",0.00000000,"[0.00000000, 0.00000000, 0.00000000, 0.00000000, 0.00000000, 0.00000000, 0.00000000, 0.00000000]",0.01800000,0.44834091,25->1
8,8,8,0,82,"(1, 4, 7, 9, 16, 21, 24, 27)",3,189,probe_repair,"[15, 40, 55, 75, 105, 115, 140, 155, 165, 200, 230, 265, 280, 330, 355]",0.00000000,"[0.00000000, 0.00000000, 0.00000000, 0.00000000, 0.00000000, 0.00000000, 0.00000000, 0.00000000]",0.07000000,0.43947727,11->27
8,8,8,0,82,"(1, 4, 7, 9, 16, 21, 24, 27)",4,451,probe_repair,"[25, 40, 45, 50, 60, 75, 80, 95, 115, 140, 180, 265, 275, 295, 310]",0.00000000,"[0.00000000, 0.00000000, 0.00000000, 0.00000000, 0.00000000, 0.00000000, 0.00000000, 0.00000000]",0.30400000,0.46009091,26->4
8,8,8,0,82,"(1, 4, 7, 9, 16, 21, 24, 27)",5,700,probe_repair,"[35, 40, 80, 95, 120, 140, 150, 155, 180, 190, 230, 240, 245, 305, 365]",0.00000000,"[0.00000000, 0.00000000, 0.00000000, 0.00000000, 0.00000000, 0.00000000, 0.00000000, 0.00000000]",0.16000000,0.45193182,2->9
8,8,8,0,82,"(1, 4, 7, 9, 16, 21, 24, 27)",6,636,probe_repair,"[5, 30, 40, 75, 130, 150, 185, 200, 235, 240, 255, 280, 285, 325, 340]",0.00000000,"[0.00000000, 0.00000000, 0.00000000, 0.00000000, 0.00000000, 0.00000000, 0.00000000, 0.00000000]",0.16500000,0.44977273,26->7
8,8,8,0,82,"(1, 4, 7, 9, 16, 21, 24, 27)",7,541,probe_repair,"[5, 10, 25, 30, 35, 45, 65, 85, 185, 200, 230, 260, 265, 275, 305]",0.00000000,"[0.00000000, 0.00000000, 0.00000000, 0.00000000, 0.00000000, 0.00000000, 0.00000000, 0.00000000]",0.17100000,0.44302273,20->21
8,8,8,0,82,"(1, 4, 7, 9, 16, 21, 24, 27)",8,115,probe_repair,"[40, 70, 85, 120, 135, 170, 190, 195, 220, 230, 240, 260, 280, 330, 345]",0.00000000,"[0.00000000, 0.00000000, 0.00000000, 0.00000000, 0.00000000, 0.00000000, 0.00000000, 0.00000000]",0.18000000,0.45727273,28->1
8,8,8,0,82,"(1, 4, 7, 9, 16, 21, 24, 27)",9,629,probe_repair,"[5, 30, 40, 75, 130, 150, 185, 200, 235, 240, 255, 280, 285, 325, 340]",0.00000000,"[0.00000000, 0.00000000, 0.00000000, 0.00000000, 0.00000000, 0.00000000, 0.00000000, 0.00000000]",0.18900000,0.43022727,26->7
8,8,8,0,82,"(1, 4, 7, 9, 16, 21, 24, 27)",10,597,probe_repair,"[25, 45, 65, 85, 95, 110, 115, 125, 150, 155, 175, 180, 190, 205, 325]",0.00000000,"[0.00000000, 0.00000000, 0.00000000, 0.00000000, 0.00000000, 0.00000000, 0.00000000, 0.00000000]",0.01700000,0.43827273,15->27
8,8,8,0,83,"(1, 2, 4, 15, 16, 18, 24, 28)",1,21,probe_repair,"[65, 85, 115, 130, 145, 160, 170, 200, 240, 250, 260, 275, 280, 285, 295]",0.00000000,"[0.00000000, 0.00000000, 0.00000000, 0.00000000, 0.00000000, 0.00000000, 0.00000000, 0.00000000]",0.01900000,0.44076136,6->16
8,8,8,0,83,"(1, 2, 4, 15, 16, 18, 24, 28)",2,3,baseline,"[5, 30, 55, 80, 105, 130, 155, 180, 205, 230, 255, 280, 305, 330, 355]",0.00000000,"[0.00000000, 0.00000000, 0.00000000, 0.00000000, 0.00000000, 0.00000000, 0.00000000, 0.00000000]",0.26900000,0.44871591,27->1
8,8,8,0,83,"(1, 2, 4, 15, 16, 18, 24, 28)",3,461,probe_repair,"[25, 40, 130, 135, 150, 170, 200, 245, 250, 285, 300, 310, 320, 350, 355]",0.00000000,"[0.00000000, 0.00000000, 0.00000000, 0.00000000, 0.00000000, 0.00000000, 0.00000000, 0.00000000]",0.04800000,0.44164773,9->2
8,8,8,0,83,"(1, 2, 4, 15, 16, 18, 24, 28)",4,597,probe_repair,"[40, 50, 75, 100, 110, 115, 120, 125, 155, 165, 185, 210, 240, 245, 350]",0.00000000,"[0.00000000, 0.00000000, 0.00000000, 0.00000000, 0.00000000, 0.00000000, 0.00000000, 0.00000000]",0.18100000,0.44162500,21->15
8,8,8,0,83,"(1, 2, 4, 15, 16, 18, 24, 28)",5,642,probe_repair,"[10, 15, 70, 110, 115, 135, 140, 220, 230, 255, 290, 305, 325, 330, 340]",0.00000000,"[0.00000000, 0.00000000, 0.00000000, 0.00000000, 0.00000000, 0.00000000, 0.00000000, 0.00000000]",0.35600000,0.46130682,20->15
8,8,8,0,83,"(1, 2, 4, 15, 16, 18, 24, 28)",6,229,probe_repair,"[35, 50, 60, 80, 90, 105, 180, 205, 235, 245, 260, 265, 300, 320, 330]",0.00000000,"[0.00000000, 0.00000000, 0.00000000, 0.00000000, 0.00000000, 0.00000000, 0.00000000, 0.00000000]",0.08000000,0.44123864,22->1
8,8,8,0,83,"(1, 2, 4, 15, 16, 18, 24, 28)",7,543,probe_repair,"[30, 35, 50, 75, 90, 105, 110, 115, 125, 155, 160, 220, 250, 275, 340]",0.00000000,"[0.00000000, 0.00000000, 0.00000000, 0.00000000, 0.00000000, 0.00000000, 0.00000000, 0.00000000]",0.17000000,0.44787500,7->18
8,8,8,0,83,"(1, 2, 4, 15, 16, 18, 24, 28)",8,544,probe_repair,"[30, 35, 50, 75, 90, 105, 110, 115, 125, 155, 160, 220, 250, 275, 340]",0.00000000,"[0.00000000, 0.00000000, 0.00000000, 0.00000000, 0.00000000, 0.00000000, 0.00000000, 0.00000000]",0.18800000,0.45380682,26->4
8,8,8,0,83,"(1, 2, 4, 15, 16, 18, 24, 28)",9,104,probe_repair,"[5, 10, 25, 45, 75, 80, 95, 175, 190, 235, 245, 250, 300, 345, 365]",0.00000000,"[0.00000000, 0.00000000, 0.00000000, 0.00000000, 0.00000000, 0.00000000, 0.00000000, 0.00000000]",0.16300000,0.45603409,20->1
8,8,8,0,83,"(1, 2, 4, 15, 16, 18, 24, 28)",10,231,probe_repair,"[35, 50, 60, 80, 90, 105, 180, 205, 235, 245, 260, 265, 300, 320, 330]",0.00000000,"[0.00000000, 0.00000000, 0.00000000, 0.00000000, 0.00000000, 0.00000000, 0.00000000, 0.00000000]",0.14000000,0.45432955,25->28
8,8,8,0,84,"(1, 5, 6, 7, 24, 25, 26, 28)",1,157,probe_repair,"[30, 45, 60, 65, 120, 150, 155, 165, 205, 220, 255, 265, 280, 300, 330]",0.00000000,"[0.00000000, 0.00000000, 0.00000000, 0.00000000, 0.00000000, 0.00000000, 0.00000000, 0.00000000]",0.05800000,0.44058333,18->7
8,8,8,0,84,"(1, 5, 6, 7, 24, 25, 26, 28)",2,128,probe_repair,"[5, 35, 40, 105, 120, 130, 135, 155, 200, 220, 250, 265, 305, 345, 360]",0.00000000,"[0.00000000, 0.00000000, 0.00000000, 0.00000000, 0.00000000, 0.00000000, 0.00000000, 0.00000000]",0.29700000,0.45985417,22->5
8,8,8,0,84,"(1, 5, 6, 7, 24, 25, 26, 28)",3,221,probe_repair,"[35, 50, 55, 65, 90, 100, 140, 170, 200, 235, 260, 275, 285, 305, 335]",0.00000000,"[0.00000000, 0.00000000, 0.00000000, 0.00000000, 0.00000000, 0.00000000, 0.00000000, 0.00000000]",0.13400000,0.43816667,21->1
8,8,8,0,84,"(1, 5, 6, 7, 24, 25, 26, 28)",4,126,probe_repair,"[5, 35, 40, 105, 120, 130, 135, 155, 200, 220, 250, 265, 305, 345, 360]",0.00000000,"[0.00000000, 0.00000000, 0.00000000, 0.00000000, 0.00000000, 0.00000000, 0.00000000, 0.00000000]",0.25700000,0.45610417,22->5
8,8,8,0,84,"(1, 5, 6, 7, 24, 25, 26, 28)",5,196,probe_repair,"[15, 25, 35, 50, 55, 100, 115, 145, 165, 170, 175, 185, 220, 235, 275]",0.00000000,"[0.00000000, 0.00000000, 0.00000000, 0.00000000, 0.00000000, 0.00000000, 0.00000000, 0.00000000]",0.24100000,0.45575000,18->5
8,8,8,0,84,"(1, 5, 6, 7, 24, 25, 26, 28)",6,110,probe_repair,"[10, 25, 55, 90, 95, 120, 145, 150, 200, 205, 230, 280, 295, 310, 365]",0.00000000,"[0.00000000, 0.00000000, 0.00000000, 0.00000000, 0.00000000, 0.00000000, 0.00000000, 0.00000000]",0.07500000,0.45583333,17->1
8,8,8,0,84,"(1, 5, 6, 7, 24, 25, 26, 28)",7,21,probe_repair,"[50, 55, 80, 95, 120, 135, 155, 185, 220, 230, 275, 280, 285, 335, 345]",0.00000000,"[0.00000000, 0.00000000, 0.00000000, 0.00000000, 0.00000000, 0.00000000, 0.00000000, 0.00000000]",0.16300000,0.43975000,18->7
8,8,8,0,84,"(1, 5, 6, 7, 24, 25, 26, 28)",8,115,probe_repair,"[10, 25, 55, 90, 95, 120, 145, 150, 200, 205, 230, 280, 295, 310, 365]",0.00000000,"[0.00000000, 0.00000000, 0.00000000, 0.00000000, 0.00000000, 0.00000000, 0.00000000, 0.00000000]",0.03600000,0.45095833,17->1
8,8,8,0,84,"(1, 5, 6, 7, 24, 25, 26, 28)",9,206,probe_repair,"[50, 85, 95, 115, 130, 200, 205, 225, 240, 260, 275, 295, 335, 355, 360]",0.00000000,"[0.00000000, 0.00000000, 0.00000000, 0.00000000, 0.00000000, 0.00000000, 0.00000000, 0.00000000]",0.27900000,0.45693750,21->7
8,8,8,0,84,"(1, 5, 6, 7, 24, 25, 26, 28)",10,130,probe_repair,"[5, 35, 40, 105, 120, 130, 135, 155, 200, 220, 250, 265, 305, 345, 360]",0.00000000,"[0.00000000, 0.00000000, 0.00000000, 0.00000000, 0.00000000, 0.00000000, 0.00000000, 0.00000000]",0.26200000,0.46045833,21->7
8,8,8,0,85,"(1, 5, 6, 9, 15, 17, 21, 27)",1,37,probe_repair,"[5, 40, 45, 50, 95, 125, 130, 165, 175, 190, 210, 250, 265, 340, 365]",0.00000000,"[0.00000000, 0.00000000, 0.00000000, 0.00000000, 0.00000000, 0.00000000, 0.00000000, 0.00000000]",0.19300000,0.43168750,4->27
8,8,8,0,85,"(1, 5, 6, 9, 15, 17, 21, 27)",2,165,probe_repair,"[5, 35, 45, 125, 135, 140, 160, 190, 200, 225, 265, 285, 290, 300, 325]",0.00000000,"[0.00000000, 0.00000000, 0.00000000, 0.00000000, 0.00000000, 0.00000000, 0.00000000, 0.00000000]",0.14500000,0.44406250,16->5
8,8,8,0,85,"(1, 5, 6, 9, 15, 17, 21, 27)",3,53,probe_repair,"[25, 45, 50, 60, 80, 125, 145, 160, 165, 175, 210, 220, 245, 295, 325]",0.00000000,"[0.00000000, 0.00000000, 0.00000000, 0.00000000, 0.00000000, 0.00000000, 0.00000000, 0.00000000]",0.10600000,0.44297917,28->27
8,8,8,0,85,"(1, 5, 6, 9, 15, 17, 21, 27)",4,45,probe_repair,"[5, 90, 105, 135, 145, 160, 180, 190, 210, 255, 260, 265, 300, 335, 340]",0.00000000,"[0.00000000, 0.00000000, 0.00000000, 0.00000000, 0.00000000, 0.00000000, 0.00000000, 0.00000000]",0.06300000,0.44045833,26->9
8,8,8,0,85,"(1, 5, 6, 9, 15, 17, 21, 27)",5,101,probe_repair,"[50, 55, 65, 105, 125, 135, 140, 150, 155, 185, 245, 250, 255, 260, 325]",0.00000000,"[0.00000000, 0.00000000, 0.00000000, 0.00000000, 0.00000000, 0.00000000, 0.00000000, 0.00000000]",0.09700000,0.44595833,25->1
8,8,8,0,85,"(1, 5, 6, 9, 15, 17, 21, 27)",6,149,probe_repair,"[25, 55, 85, 100, 135, 140, 145, 230, 285, 290, 295, 310, 325, 335, 345]",0.00000000,"[0.00000000, 0.00000000, 0.00000000, 0.00000000, 0.00000000, 0.00000000, 0.00000000, 0.00000000]",0.06500000,0.43079167,2->6
8,8,8,0,85,"(1, 5, 6, 9, 15, 17, 21, 27)",7,117,probe_repair,"[40, 60, 65, 85, 90, 105, 110, 150, 175, 180, 205, 230, 280, 330, 340]",0.00000000,"[0.00000000, 0.00000000, 0.00000000, 0.00000000, 0.00000000, 0.00000000, 0.00000000, 0.00000000]",0.04000000,0.44158333,25->27
8,8,8,0,85,"(1, 5, 6, 9, 15, 17, 21, 27)",8,52,probe_repair,"[5, 90, 105, 135, 145, 160, 180, 190, 210, 255, 260, 265, 300, 335, 340]",0.00000000,"[0.00000000, 0.00000000, 0.00000000, 0.00000000, 0.00000000, 0.00000000, 0.00000000, 0.00000000]",0.24800000,0.45595833,26->9
8,8,8,0,85,"(1, 5, 6, 9, 15, 17, 21, 27)",9,33,probe_repair,"[15, 60, 75, 90, 110, 120, 130, 140, 190, 210, 235, 240, 300, 335, 345]",0.00000000,"[0.00000000, 0.00000000, 0.00000000, 0.00000000, 0.00000000, 0.00000000, 0.00000000, 0.00000000]",0.08700000,0.45195833,28->5
8,8,8,0,85,"(1, 5, 6, 9, 15, 17, 21, 27)",10,48,probe_repair,"[5, 90, 105, 135, 145, 160, 180, 190, 210, 255, 260, 265, 300, 335, 340]",0.00000000,"[0.00000000, 0.00000000, 0.00000000, 0.00000000, 0.00000000, 0.00000000, 0.00000000, 0.00000000]",0.30500000,0.46018750,16->6
8,8,8,0,86,"(2, 4, 7, 11, 20, 26, 27, 28)",1,1373,probe_repair,"[20, 50, 70, 80, 100, 105, 155, 160, 180, 190, 215, 230, 235, 265, 365]",0.00000000,"[0.00000000, 0.00000000, 0.00000000, 0.00000000, 0.00000000, 0.00000000, 0.00000000, 0.00000000]",0.14000000,0.44357500,18->7
8,8,8,0,86,"(2, 4, 7, 11, 20, 26, 27, 28)",2,858,probe_repair,"[45, 50, 95, 125, 185, 195, 215, 230, 245, 255, 275, 285, 305, 315, 355]",0.00000000,"[0.00000000, 0.00000000, 0.00000000, 0.00000000, 0.00000000, 0.00000000, 0.00000000, 0.00000000]",0.05000000,0.45587500,21->2
8,8,8,0,86,"(2, 4, 7, 11, 20, 26, 27, 28)",3,232,probe_repair,"[5, 90, 95, 135, 155, 160, 200, 210, 235, 270, 280, 290, 300, 325, 335]",0.00000000,"[0.00000000, 0.00000000, 0.00000000, 0.00000000, 0.00000000, 0.00000000, 0.00000000, 0.00000000]",0.24000000,0.45747500,6->11
8,8,8,0,86,"(2, 4, 7, 11, 20, 26, 27, 28)",4,211,probe_repair,"[20, 35, 45, 70, 95, 105, 110, 130, 175, 260, 280, 295, 300, 310, 365]",0.00000000,"[0.00000000, 0.00000000, 0.00000000, 0.00000000, 0.00000000, 0.00000000, 0.00000000, 0.00000000]",0.28500000,0.46477500,16->7
8,8,8,0,86,"(2, 4, 7, 11, 20, 26, 27, 28)",5,352,probe_repair,"[5, 30, 45, 95, 110, 170, 195, 210, 255, 300, 310, 320, 325, 330, 365]",0.00000000,"[0.00000000, 0.00000000, 0.00000000, 0.00000000, 0.00000000, 0.00000000, 0.00000000, 0.00000000]",0.16100000,0.45670000,9->2
8,8,8,0,86,"(2, 4, 7, 11, 20, 26, 27, 28)",6,589,probe_repair,"[35, 70, 105, 130, 165, 190, 195, 220, 250, 265, 285, 290, 350, 355, 365]",0.00000000,"[0.00000000, 0.00000000, 0.00000000, 0.00000000, 0.00000000, 0.00000000, 0.00000000, 0.00000000]",0.02400000,0.43342500,24->27
8,8,8,0,86,"(2, 4, 7, 11, 20, 26, 27, 28)",7,558,probe_repair,"[5, 80, 85, 105, 115, 170, 185, 225, 255, 270, 275, 300, 320, 335, 365]",0.00000000,"[0.00000000, 0.00000000, 0.00000000, 0.00000000, 0.00000000, 0.00000000, 0.00000000, 0.00000000]",0.12900000,0.45615000,18->4
8,8,8,0,86,"(2, 4, 7, 11, 20, 26, 27, 28)",8,229,probe_repair,"[5, 90, 95, 135, 155, 160, 200, 210, 235, 270, 280, 290, 300, 325, 335]",0.00000000,"[0.00000000, 0.00000000, 0.00000000, 0.00000000, 0.00000000, 0.00000000, 0.00000000, 0.00000000]",0.18800000,0.43462500,6->11
8,8,8,0,86,"(2, 4, 7, 11, 20, 26, 27, 28)",9,1169,probe_repair,"[25, 100, 110, 125, 140, 210, 250, 275, 280, 295, 310, 325, 345, 350, 355]",0.00000000,"[0.00000000, 0.00000000, 0.00000000, 0.00000000, 0.00000000, 0.00000000, 0.00000000, 0.00000000]",0.26000000,0.45705000,15->4
8,8,8,0,86,"(2, 4, 7, 11, 20, 26, 27, 28)",10,466,probe_repair,"[5, 15, 20, 40, 95, 100, 110, 125, 195, 260, 280, 285, 300, 315, 355]",0.00000000,"[0.00000000, 0.00000000, 0.00000000, 0.00000000, 0.00000000, 0.00000000, 0.00000000, 0.00000000]",0.31900000,0.45142500,16->26
8,8,8,0,87,"(5, 6, 11, 16, 18, 24, 26, 28)",1,609,probe_repair,"[10, 40, 55, 65, 95, 100, 105, 120, 155, 230, 255, 260, 280, 285, 345]",0.00000000,"[0.00000000, 0.00000000, 0.00000000, 0.00000000, 0.00000000, 0.00000000, 0.00000000, 0.00000000]",0.22800000,0.45127273,4->11
8,8,8,0,87,"(5, 6, 11, 16, 18, 24, 26, 28)",2,632,probe_repair,"[65, 80, 95, 115, 120, 130, 165, 170, 245, 250, 265, 275, 290, 310, 340]",0.00000000,"[0.00000000, 0.00000000, 0.00000000, 0.00000000, 0.00000000, 0.00000000, 0.00000000, 0.00000000]",0.25000000,0.46404545,21->11
8,8,8,0,87,"(5, 6, 11, 16, 18, 24, 26, 28)",3,387,probe_repair,"[15, 80, 105, 130, 145, 170, 175, 190, 225, 245, 280, 310, 325, 330, 345]",0.00000000,"[0.00000000, 0.00000000, 0.00000000, 0.00000000, 0.00000000, 0.00000000, 0.00000000, 0.00000000]",0.24700000,0.46045455,25->18
8,8,8,0,87,"(5, 6, 11, 16, 18, 24, 26, 28)",4,660,probe_repair,"[5, 20, 40, 45, 55, 95, 150, 160, 200, 225, 245, 255, 300, 310, 360]",0.00000000,"[0.00000000, 0.00000000, 0.00000000, 0.00000000, 0.00000000, 0.00000000, 0.00000000, 0.00000000]",0.22000000,0.45693182,17->11
8,8,8,0,87,"(5, 6, 11, 16, 18, 24, 26, 28)",5,95,probe_repair,"[10, 35, 55, 65, 100, 160, 180, 190, 200, 210, 225, 250, 305, 315, 355]",0.00000000,"[0.00000000, 0.00000000, 0.00000000, 0.00000000, 0.00000000, 0.00000000, 0.00000000, 0.00000000]",0.28300000,0.45970455,17->6
8,8,8,0,87,"(5, 6, 11, 16, 18, 24, 26, 28)",6,181,probe_repair,"[75, 80, 120, 140, 155, 160, 170, 220, 235, 255, 275, 290, 310, 325, 335]",0.00000000,"[0.00000000, 0.00000000, 0.00000000, 0.00000000, 0.00000000, 0.00000000, 0.00000000, 0.00000000]",0.03700000,0.44006818,20->18
8,8,8,0,87,"(5, 6, 11, 16, 18, 24, 26, 28)",7,454,probe_repair,"[5, 20, 35, 50, 55, 75, 85, 90, 190, 205, 220, 235, 250, 280, 290]",0.00000000,"[0.00000000, 0.00000000, 0.00000000, 0.00000000, 0.00000000, 0.00000000, 0.00000000, 0.00000000]",0.28000000,0.45329545,22->6
8,8,8,0,87,"(5, 6, 11, 16, 18, 24, 26, 28)",8,654,probe_repair,"[5, 20, 40, 45, 55, 95, 150, 160, 200, 225, 245, 255, 300, 310, 360]",0.00000000,"[0.00000000, 0.00000000, 0.00000000, 0.00000000, 0.00000000, 0.00000000, 0.00000000, 0.00000000]",0.21400000,0.45420455,2->11
8,8,8,0,87,"(5, 6, 11, 16, 18, 24, 26, 28)",9,185,probe_repair,"[75, 80, 120, 140, 155, 160, 170, 220, 235, 255, 275, 290, 310, 325, 335]",0.00000000,"[0.00000000, 0.00000000, 0.00000000, 0.00000000, 0.00000000, 0.00000000, 0.00000000, 0.00000000]",0.27900000,0.45875000,15->18
8,8,8,0,87,"(5, 6, 11, 16, 18, 24, 26, 28)",10,457,probe_repair,"[5, 20, 35, 50, 55, 75, 85, 90, 190, 205, 220, 235, 250, 280, 290]",0.00000000,"[0.00000000, 0.00000000, 0.00000000, 0.00000000, 0.00000000, 0.00000000, 0.00000000, 0.00000000]",0.26800000,0.45152273,22->6
8,8,8,0,88,"(1, 2, 6, 7, 20, 22, 24, 26)",1,33,probe_repair,"[10, 30, 35, 55, 60, 105, 110, 195, 210, 220, 300, 305, 310, 330, 360]",0.00000000,"[0.00000000, 0.00000000, 0.00000000, 0.00000000, 0.00000000, 0.00000000, 0.00000000, 0.00000000]",0.30000000,0.45778409,18->2
8,8,8,0,88,"(1, 2, 6, 7, 20, 22, 24, 26)",2,189,probe_repair,"[10, 80, 90, 135, 160, 175, 180, 225, 235, 280, 290, 295, 310, 340, 360]",0.00000000,"[0.00000000, 0.00000000, 0.00000000, 0.00000000, 0.00000000, 0.00000000, 0.00000000, 0.00000000]",0.10100000,0.44089773,25->24
8,8,8,0,88,"(1, 2, 6, 7, 20, 22, 24, 26)",3,177,probe_repair,"[10, 30, 65, 85, 105, 135, 140, 170, 190, 285, 290, 305, 340, 345, 350]",0.00000000,"[0.00000000, 0.00000000, 0.00000000, 0.00000000, 0.00000000, 0.00000000, 0.00000000, 0.00000000]",0.21800000,0.45669318,18->2
8,8,8,0,88,"(1, 2, 6, 7, 20, 22, 24, 26)",4,250,probe_repair,"[5, 15, 60, 115, 120, 145, 155, 180, 205, 230, 265, 290, 295, 340, 355]",0.00000000,"[0.00000000, 0.00000000, 0.00000000, 0.00000000, 0.00000000, 0.00000000, 0.00000000, 0.00000000]",0.26400000,0.45421591,18->20
8,8,8,0,88,"(1, 2, 6, 7, 20, 22, 24, 26)",5,365,probe_repair,"[15, 30, 50, 70, 80, 95, 155, 165, 175, 240, 245, 255, 285, 300, 365]",0.00000000,"[0.00000000, 0.00000000, 0.00000000, 0.00000000, 0.00000000, 0.00000000, 0.00000000, 0.00000000]",0.21200000,0.44326136,21->26
8,8,8,0,88,"(1, 2, 6, 7, 20, 22, 24, 26)",6,362,probe_repair,"[25, 40, 70, 80, 140, 150, 175, 225, 230, 250, 265, 295, 335, 345, 360]",0.00000000,"[0.00000000, 0.00000000, 0.00000000, 0.00000000, 0.00000000, 0.00000000, 0.00000000, 0.00000000]",0.29300000,0.45637500,17->26
8,8,8,0,88,"(1, 2, 6, 7, 20, 22, 24, 26)",7,126,probe_repair,"[5, 35, 65, 110, 125, 135, 140, 150, 195, 240, 305, 330, 335, 345, 360]",0.00000000,"[0.00000000, 0.00000000, 0.00000000, 0.00000000, 0.00000000, 0.00000000, 0.00000000, 0.00000000]",0.32400000,0.45905682,18->26
8,8,8,0,88,"(1, 2, 6, 7, 20, 22, 24, 26)",8,452,probe_repair,"[25, 45, 55, 110, 140, 150, 160, 180, 265, 275, 305, 325, 330, 355, 365]",0.00000000,"[0.00000000, 0.00000000, 0.00000000, 0.00000000, 0.00000000, 0.00000000, 0.00000000, 0.00000000]",0.22200000,0.45192045,4->6
8,8,8,0,88,"(1, 2, 6, 7, 20, 22, 24, 26)",9,607,probe_repair,"[55, 120, 145, 160, 175, 190, 195, 235, 265, 275, 300, 305, 320, 325, 330]",0.00000000,"[0.00000000, 0.00000000, 0.00000000, 0.00000000, 0.00000000, 0.00000000, 0.00000000, 0.00000000]",0.20800000,0.45571591,11->1
8,8,8,0,88,"(1, 2, 6, 7, 20, 22, 24, 26)",10,186,probe_repair,"[25, 40, 60, 105, 135, 155, 160, 180, 195, 225, 230, 260, 305, 320, 365]",0.00000000,"[0.00000000, 0.00000000, 0.00000000, 0.00000000, 0.00000000, 0.00000000, 0.00000000, 0.00000000]",0.21200000,0.45723864,27->26
8,8,8,0,89,"(1, 4, 6, 16, 17, 18, 24, 26)",1,474,probe_repair,"[40, 50, 115, 140, 180, 185, 190, 220, 230, 235, 275, 290, 325, 350, 355]",0.00000000,"[0.00000000, 0.00000000, 0.00000000, 0.00000000, 0.00000000, 0.00000000, 0.00000000, 0.00000000]",0.35300000,0.45929545,28->1
8,8,8,0,89,"(1, 4, 6, 16, 17, 18, 24, 26)",2,587,probe_repair,"[25, 50, 65, 90, 120, 145, 150, 170, 175, 185, 195, 220, 265, 280, 285]",0.00000000,"[0.00000000, 0.00000000, 0.00000000, 0.00000000, 0.00000000, 0.00000000, 0.00000000, 0.00000000]",0.22600000,0.45920455,22->16
8,8,8,0,89,"(1, 4, 6, 16, 17, 18, 24, 26)",3,403,probe_repair,"[40, 50, 60, 75, 90, 115, 145, 190, 240, 260, 265, 290, 310, 360, 365]",0.00000000,"[0.00000000, 0.00000000, 0.00000000, 0.00000000, 0.00000000, 0.00000000, 0.00000000, 0.00000000]",0.15000000,0.45225000,9->17
8,8,8,0,89,"(1, 4, 6, 16, 17, 18, 24, 26)",4,489,probe_repair,"[30, 60, 80, 85, 105, 115, 125, 145, 155, 165, 170, 230, 235, 250, 255]",0.00000000,"[0.00000000, 0.00000000, 0.00000000, 0.00000000, 0.00000000, 0.00000000, 0.00000000, 0.00000000]",0.21200000,0.45584091,22->18
8,8,8,0,89,"(1, 4, 6, 16, 17, 18, 24, 26)",5,5,baseline,"[5, 30, 55, 80, 105, 130, 155, 180, 205, 230, 255, 280, 305, 330, 355]",0.00000000,"[0.00000000, 0.00000000, 0.00000000, 0.00000000, 0.00000000, 0.00000000, 0.00000000, 0.00000000]",0.28200000,0.45268182,2->24
8,8,8,0,89,"(1, 4, 6, 16, 17, 18, 24, 26)",6,19,baseline,"[5, 30, 55, 80, 105, 130, 155, 180, 205, 230, 255, 280, 305, 330, 355]",0.00000000,"[0.00000000, 0.00000000, 0.00000000, 0.00000000, 0.00000000, 0.00000000, 0.00000000, 0.00000000]",0.23900000,0.45204545,27->1
8,8,8,0,89,"(1, 4, 6, 16, 17, 18, 24, 26)",7,397,probe_repair,"[40, 50, 60, 75, 90, 115, 145, 190, 240, 260, 265, 290, 310, 360, 365]",0.00000000,"[0.00000000, 0.00000000, 0.00000000, 0.00000000, 0.00000000, 0.00000000, 0.00000000, 0.00000000]",0.03200000,0.43120455,11->4
8,8,8,0,89,"(1, 4, 6, 16, 17, 18, 24, 26)",8,377,probe_repair,"[5, 10, 15, 50, 70, 120, 125, 195, 210, 220, 235, 255, 285, 295, 365]",0.00000000,"[0.00000000, 0.00000000, 0.00000000, 0.00000000, 0.00000000, 0.00000000, 0.00000000, 0.00000000]",0.09000000,0.45515909,28->26
8,8,8,0,89,"(1, 4, 6, 16, 17, 18, 24, 26)",9,236,probe_repair,"[5, 25, 60, 115, 120, 130, 155, 175, 195, 200, 310, 325, 340, 350, 365]",0.00000000,"[0.00000000, 0.00000000, 0.00000000, 0.00000000, 0.00000000, 0.00000000, 0.00000000, 0.00000000]",0.18700000,0.45731818,7->26
8,8,8,0,89,"(1, 4, 6, 16, 17, 18, 24, 26)",10,404,probe_repair,"[40, 50, 60, 75, 90, 115, 145, 190, 240, 260, 265, 290, 310, 360, 365]",0.00000000,"[0.00000000, 0.00000000, 0.00000000, 0.00000000, 0.00000000, 0.00000000, 0.00000000, 0.00000000]",0.11300000,0.45286364,11->4
8,8,8,0,90,"(1, 7, 11, 15, 18, 21, 22, 27)",1,393,probe_repair,"[45, 80, 85, 90, 95, 110, 135, 165, 205, 210, 255, 260, 280, 285, 340]",0.00000000,"[0.00000000, 0.00000000, 0.00000000, 0.00000000, 0.00000000, 0.00000000, 0.00000000, 0.00000000]",0.20600000,0.45832955,16->7
8,8,8,0,90,"(1, 7, 11, 15, 18, 21, 22, 27)",2,148,probe_repair,"[5, 15, 45, 50, 60, 70, 80, 95, 115, 120, 125, 170, 175, 260, 335]",0.00000000,"[0.00000000, 0.00000000, 0.00000000, 0.00000000, 0.00000000, 0.00000000, 0.00000000, 0.00000000]",0.26300000,0.45769318,9->7
8,8,8,0,90,"(1, 7, 11, 15, 18, 21, 22, 27)",3,210,probe_repair,"[5, 35, 40, 85, 110, 115, 160, 185, 195, 200, 205, 260, 285, 345, 360]",0.00000000,"[0.00000000, 0.00000000, 0.00000000, 0.00000000, 0.00000000, 0.00000000, 0.00000000, 0.00000000]",0.26000000,0.45892045,6->22
8,8,8,0,90,"(1, 7, 11, 15, 18, 21, 22, 27)",4,413,probe_repair,"[15, 30, 40, 70, 95, 100, 110, 115, 130, 155, 185, 245, 285, 300, 305]",0.00000000,"[0.00000000, 0.00000000, 0.00000000, 0.00000000, 0.00000000, 0.00000000, 0.00000000, 0.00000000]",0.12100000,0.44055682,4->7
8,8,8,0,90,"(1, 7, 11, 15, 18, 21, 22, 27)",5,107,probe_repair,"[85, 120, 125, 130, 135, 150, 195, 210, 255, 285, 300, 305, 325, 360, 365]",0.00000000,"[0.00000000, 0.00000000, 0.00000000, 0.00000000, 0.00000000, 0.00000000, 0.00000000, 0.00000000]",0.30900000,0.45521591,9->22
8,8,8,0,90,"(1, 7, 11, 15, 18, 21, 22, 27)",6,150,probe_repair,"[5, 15, 25, 40, 45, 65, 125, 200, 210, 260, 275, 300, 320, 325, 355]",0.00000000,"[0.00000000, 0.00000000, 0.00000000, 0.00000000, 0.00000000, 0.00000000, 0.00000000, 0.00000000]",0.26100000,0.45346591,17->7
8,8,8,0,90,"(1, 7, 11, 15, 18, 21, 22, 27)",7,18,baseline,"[5, 30, 55, 80, 105, 130, 155, 180, 205, 230, 255, 280, 305, 330, 355]",0.00000000,"[0.00000000, 0.00000000, 0.00000000, 0.00000000, 0.00000000, 0.00000000, 0.00000000, 0.00000000]",0.31300000,0.45598864,4->22
8,8,8,0,90,"(1, 7, 11, 15, 18, 21, 22, 27)",8,611,probe_repair,"[5, 65, 165, 175, 190, 195, 225, 230, 265, 280, 305, 340, 355, 360, 365]",0.00000000,"[0.00000000, 0.00000000, 0.00000000, 0.00000000, 0.00000000, 0.00000000, 0.00000000, 0.00000000]",0.11000000,0.44739773,28->22
8,8,8,0,90,"(1, 7, 11, 15, 18, 21, 22, 27)",9,244,probe_repair,"[5, 70, 90, 95, 100, 110, 135, 155, 165, 170, 220, 245, 285, 310, 355]",0.00000000,"[0.00000000, 0.00000000, 0.00000000, 0.00000000, 0.00000000, 0.00000000, 0.00000000, 0.00000000]",0.04600000,0.44969318,9->15
8,8,8,0,90,"(1, 7, 11, 15, 18, 21, 22, 27)",10,37,probe_repair,"[30, 100, 105, 120, 135, 165, 175, 210, 235, 240, 260, 295, 300, 330, 365]",0.00000000,"[0.00000000, 0.00000000, 0.00000000, 0.00000000, 0.00000000, 0.00000000, 0.00000000, 0.00000000]",0.16400000,0.43446591,25->27
8,8,8,0,91,"(1, 7, 15, 16, 18, 21, 22, 24)",1,84,probe_repair,"[25, 65, 90, 125, 135, 155, 175, 190, 200, 225, 240, 300, 330, 340, 365]",0.00000000,"[0.00000000, 0.00000000, 0.00000000, 0.00000000, 0.00000000, 0.00000000, 0.00000000, 0.00000000]",0.14000000,0.45055682,4->24
8,8,8,0,91,"(1, 7, 15, 16, 18, 21, 22, 24)",2,445,probe_repair,"[25, 55, 65, 115, 130, 145, 210, 220, 250, 280, 285, 300, 305, 335, 350]",0.00000000,"[0.00000000, 0.00000000, 0.00000000, 0.00000000, 0.00000000, 0.00000000, 0.00000000, 0.00000000]",0.22300000,0.44448864,17->16
8,8,8,0,91,"(1, 7, 15, 16, 18, 21, 22, 24)",3,53,probe_repair,"[15, 25, 90, 105, 110, 185, 190, 205, 235, 240, 245, 290, 310, 325, 350]",0.00000000,"[0.00000000, 0.00000000, 0.00000000, 0.00000000, 0.00000000, 0.00000000, 0.00000000, 0.00000000]",0.09500000,0.43603409,6->18
8,8,8,0,91,"(1, 7, 15, 16, 18, 21, 22, 24)",4,622,probe_repair,"[30, 35, 45, 50, 65, 70, 80, 90, 105, 115, 155, 170, 235, 265, 325]",0.00000000,"[0.00000000, 0.00000000, 0.00000000, 0.00000000, 0.00000000, 0.00000000, 0.00000000, 0.00000000]",0.27100000,0.45930682,4->7
8,8,8,0,91,"(1, 7, 15, 16, 18, 21, 22, 24)",5,533,probe_repair,"[5, 10, 60, 90, 115, 170, 185, 200, 225, 265, 295, 310, 335, 350, 355]",0.00000000,"[0.00000000, 0.00000000, 0.00000000, 0.00000000, 0.00000000, 0.00000000, 0.00000000, 0.00000000]",0.01600000,0.43919318,28->15
8,8,8,0,91,"(1, 7, 15, 16, 18, 21, 22, 24)",6,659,probe_repair,"[10, 30, 45, 80, 165, 195, 220, 240, 260, 265, 275, 295, 305, 340, 350]",0.00000000,"[0.00000000, 0.00000000, 0.00000000, 0.00000000, 0.00000000, 0.00000000, 0.00000000, 0.00000000]",0.21300000,0.45453409,9->16
8,8,8,0,91,"(1, 7, 15, 16, 18, 21, 22, 24)",7,77,probe_repair,"[25, 65, 90, 125, 135, 155, 175, 190, 200, 225, 240, 300, 330, 340, 365]",0.00000000,"[0.00000000, 0.00000000, 0.00000000, 0.00000000, 0.00000000, 0.00000000, 0.00000000, 0.00000000]",0.17400000,0.43526136,26->1
8,8,8,0,91,"(1, 7, 15, 16, 18, 21, 22, 24)",8,258,probe_repair,"[10, 25, 40, 55, 100, 125, 175, 200, 210, 230, 265, 280, 290, 330, 365]",0.00000000,"[0.00000000, 0.00000000, 0.00000000, 0.00000000, 0.00000000, 0.00000000, 0.00000000, 0.00000000]",0.24400000,0.45687500,26->15
8,8,8,0,91,"(1, 7, 15, 16, 18, 21, 22, 24)",9,608,probe_repair,"[80, 90, 110, 145, 175, 185, 195, 220, 245, 255, 260, 265, 325, 335, 345]",0.00000000,"[0.00000000, 0.00000000, 0.00000000, 0.00000000, 0.00000000, 0.00000000, 0.00000000, 0.00000000]",0.20000000,0.46185227,9->16
8,8,8,0,91,"(1, 7, 15, 16, 18, 21, 22, 24)",10,123,probe_repair,"[30, 45, 50, 75, 80, 95, 145, 175, 240, 245, 250, 275, 280, 350, 365]",0.00000000,"[0.00000000, 0.00000000, 0.00000000, 0.00000000, 0.00000000, 0.00000000, 0.00000000, 0.00000000]",0.11900000,0.45412500,17->18
