k,real_k,effective_k,virtual_stream_count,sample_index,position_combination,selection_rank,candidate_id,source,probes,authorized_max_ber,authorized_position_bers,candidate_min_route_min_ber,candidate_avg_route_min_ber,worst_route
9,9,9,0,1,"(1, 2, 4, 11, 18, 20, 24, 27, 28)",1,93,probe_repair,"[15, 30, 35, 55, 70, 85, 165, 175, 180, 205, 225, 230, 235, 245, 290]",0.00000000,"[0.00000000, 0.00000000, 0.00000000, 0.00000000, 0.00000000, 0.00000000, 0.00000000, 0.00000000, 0.00000000]",0.10800000,0.45047778,6->2
9,9,9,0,1,"(1, 2, 4, 11, 18, 20, 24, 27, 28)",2,136,probe_repair,"[60, 75, 95, 110, 155, 165, 180, 190, 200, 250, 255, 285, 295, 305, 345]",0.00000000,"[0.00000000, 0.00000000, 0.00000000, 0.00000000, 0.00000000, 0.00000000, 0.00000000, 0.00000000, 0.00000000]",0.24800000,0.45900000,17->2
9,9,9,0,1,"(1, 2, 4, 11, 18, 20, 24, 27, 28)",3,45,probe_repair,"[5, 25, 40, 85, 120, 130, 150, 190, 200, 210, 225, 265, 295, 305, 360]",0.00000000,"[0.00000000, 0.00000000, 0.00000000, 0.00000000, 0.00000000, 0.00000000, 0.00000000, 0.00000000, 0.00000000]",0.09400000,0.43772222,7->24
9,9,9,0,1,"(1, 2, 4, 11, 18, 20, 24, 27, 28)",4,133,probe_repair,"[60, 75, 95, 110, 155, 165, 180, 190, 200, 250, 255, 285, 295, 305, 345]",0.00000000,"[0.00000000, 0.00000000, 0.00000000, 0.00000000, 0.00000000, 0.00000000, 0.00000000, 0.00000000, 0.00000000]",0.12200000,0.44344444,15->27
9,9,9,0,1,"(1, 2, 4, 11, 18, 20, 24, 27, 28)",5,85,probe_repair,"[5, 10, 15, 50, 70, 85, 115, 135, 140, 145, 190, 205, 235, 275, 360]",0.00000000,"[0.00000000, 0.00000000, 0.00000000, 0.00000000, 0.00000000, 0.00000000, 0.00000000, 0.00000000, 0.00000000]",0.11100000,0.43997778,21->4
9,9,9,0,1,"(1, 2, 4, 11, 18, 20, 24, 27, 28)",6,61,probe_repair,"[45, 50, 80, 115, 125, 135, 140, 160, 220, 225, 255, 295, 320, 325, 365]",0.00000000,"[0.00000000, 0.00000000, 0.00000000, 0.00000000, 0.00000000, 0.00000000, 0.00000000, 0.00000000, 0.00000000]",0.09800000,0.44686667,15->1
9,9,9,0,1,"(1, 2, 4, 11, 18, 20, 24, 27, 28)",7,125,probe_repair,"[25, 30, 50, 95, 115, 125, 135, 145, 155, 235, 250, 280, 285, 330, 345]",0.00000000,"[0.00000000, 0.00000000, 0.00000000, 0.00000000, 0.00000000, 0.00000000, 0.00000000, 0.00000000, 0.00000000]",0.14700000,0.44882222,16->24
9,9,9,0,1,"(1, 2, 4, 11, 18, 20, 24, 27, 28)",8,53,probe_repair,"[40, 50, 55, 70, 85, 90, 95, 100, 185, 200, 205, 290, 330, 340, 365]",0.00000000,"[0.00000000, 0.00000000, 0.00000000, 0.00000000, 0.00000000, 0.00000000, 0.00000000, 0.00000000, 0.00000000]",0.05800000,0.45223333,22->20
9,9,9,0,1,"(1, 2, 4, 11, 18, 20, 24, 27, 28)",9,69,probe_repair,"[25, 60, 85, 100, 105, 115, 175, 190, 255, 265, 275, 285, 290, 325, 330]",0.00000000,"[0.00000000, 0.00000000, 0.00000000, 0.00000000, 0.00000000, 0.00000000, 0.00000000, 0.00000000, 0.00000000]",0.09500000,0.45291111,22->28
9,9,9,0,1,"(1, 2, 4, 11, 18, 20, 24, 27, 28)",10,77,probe_repair,"[15, 125, 150, 180, 185, 210, 235, 245, 250, 265, 280, 285, 300, 330, 355]",0.00000000,"[0.00000000, 0.00000000, 0.00000000, 0.00000000, 0.00000000, 0.00000000, 0.00000000, 0.00000000, 0.00000000]",0.06900000,0.44358889,9->2
9,9,9,0,2,"(5, 6, 9, 11, 15, 16, 17, 21, 26)",1,1,baseline,"[5, 30, 55, 80, 105, 130, 155, 180, 205, 230, 255, 280, 305, 330, 355]",0.00000000,"[0.00000000, 0.00000000, 0.00000000, 0.00000000, 0.00000000, 0.00000000, 0.00000000, 0.00000000, 0.00000000]",0.08300000,0.44561111,2->26
9,9,9,0,2,"(5, 6, 9, 11, 15, 16, 17, 21, 26)",2,61,probe_repair,"[5, 10, 95, 105, 120, 125, 130, 135, 180, 210, 215, 245, 340, 360, 365]",0.00000000,"[0.00000000, 0.00000000, 0.00000000, 0.00000000, 0.00000000, 0.00000000, 0.00000000, 0.00000000, 0.00000000]",0.18600000,0.45172222,2->6
9,9,9,0,2,"(5, 6, 9, 11, 15, 16, 17, 21, 26)",3,77,probe_repair,"[5, 10, 20, 65, 105, 115, 125, 165, 225, 250, 255, 275, 285, 310, 345]",0.00000000,"[0.00000000, 0.00000000, 0.00000000, 0.00000000, 0.00000000, 0.00000000, 0.00000000, 0.00000000, 0.00000000]",0.19300000,0.43827778,18->5
9,9,9,0,2,"(5, 6, 9, 11, 15, 16, 17, 21, 26)",4,45,probe_repair,"[5, 15, 20, 25, 50, 115, 135, 155, 180, 185, 210, 225, 230, 280, 330]",0.00000000,"[0.00000000, 0.00000000, 0.00000000, 0.00000000, 0.00000000, 0.00000000, 0.00000000, 0.00000000, 0.00000000]",0.23400000,0.44768889,7->21
9,9,9,0,2,"(5, 6, 9, 11, 15, 16, 17, 21, 26)",5,101,probe_repair,"[30, 55, 65, 75, 170, 200, 230, 265, 295, 300, 305, 330, 335, 340, 365]",0.00000000,"[0.00000000, 0.00000000, 0.00000000, 0.00000000, 0.00000000, 0.00000000, 0.00000000, 0.00000000, 0.00000000]",0.01300000,0.44434444,28->21
9,9,9,0,2,"(5, 6, 9, 11, 15, 16, 17, 21, 26)",6,69,probe_repair,"[45, 65, 75, 95, 115, 140, 160, 185, 200, 210, 215, 220, 235, 315, 330]",0.00000000,"[0.00000000, 0.00000000, 0.00000000, 0.00000000, 0.00000000, 0.00000000, 0.00000000, 0.00000000, 0.00000000]",0.09000000,0.43548889,22->26
9,9,9,0,2,"(5, 6, 9, 11, 15, 16, 17, 21, 26)",7,29,probe_repair,"[5, 20, 55, 90, 105, 110, 150, 165, 245, 260, 305, 310, 325, 340, 365]",0.00000000,"[0.00000000, 0.00000000, 0.00000000, 0.00000000, 0.00000000, 0.00000000, 0.00000000, 0.00000000, 0.00000000]",0.16200000,0.45247778,18->16
9,9,9,0,2,"(5, 6, 9, 11, 15, 16, 17, 21, 26)",8,85,probe_repair,"[10, 25, 30, 60, 95, 105, 110, 140, 155, 185, 220, 260, 265, 315, 345]",0.00000000,"[0.00000000, 0.00000000, 0.00000000, 0.00000000, 0.00000000, 0.00000000, 0.00000000, 0.00000000, 0.00000000]",0.15100000,0.44474444,22->6
9,9,9,0,2,"(5, 6, 9, 11, 15, 16, 17, 21, 26)",9,93,probe_repair,"[5, 65, 80, 90, 100, 120, 160, 190, 225, 230, 270, 275, 310, 315, 325]",0.00000000,"[0.00000000, 0.00000000, 0.00000000, 0.00000000, 0.00000000, 0.00000000, 0.00000000, 0.00000000, 0.00000000]",0.06600000,0.43870000,18->15
9,9,9,0,3,"(1, 5, 6, 11, 18, 22, 25, 27, 28)",1,1,baseline,"[5, 30, 55, 80, 105, 130, 155, 180, 205, 230, 255, 280, 305, 330, 355]",0.00000000,"[0.00000000, 0.00000000, 0.00000000, 0.00000000, 0.00000000, 0.00000000, 0.00000000, 0.00000000, 0.00000000]",0.11900000,0.45183838,15->5
9,9,9,0,3,"(1, 5, 6, 11, 18, 22, 25, 27, 28)",2,21,probe_repair,"[30, 65, 75, 125, 145, 165, 185, 210, 225, 235, 260, 290, 300, 330, 365]",0.00000000,"[0.00000000, 0.00000000, 0.00000000, 0.00000000, 0.00000000, 0.00000000, 0.00000000, 0.00000000, 0.00000000]",0.04200000,0.44325253,15->6
9,9,9,0,3,"(1, 5, 6, 11, 18, 22, 25, 27, 28)",3,37,probe_repair,"[50, 55, 60, 110, 125, 150, 165, 185, 205, 240, 245, 275, 285, 295, 330]",0.00000000,"[0.00000000, 0.00000000, 0.00000000, 0.00000000, 0.00000000, 0.00000000, 0.00000000, 0.00000000, 0.00000000]",0.23500000,0.44871717,24->27
9,9,9,0,3,"(1, 5, 6, 11, 18, 22, 25, 27, 28)",4,45,probe_repair,"[30, 50, 80, 115, 140, 155, 160, 170, 175, 185, 220, 230, 235, 280, 330]",0.00000000,"[0.00000000, 0.00000000, 0.00000000, 0.00000000, 0.00000000, 0.00000000, 0.00000000, 0.00000000, 0.00000000]",0.17500000,0.44134343,26->1
9,9,9,0,3,"(1, 5, 6, 11, 18, 22, 25, 27, 28)",5,29,probe_repair,"[30, 50, 90, 110, 115, 155, 160, 175, 185, 205, 210, 230, 240, 245, 300]",0.00000000,"[0.00000000, 0.00000000, 0.00000000, 0.00000000, 0.00000000, 0.00000000, 0.00000000, 0.00000000, 0.00000000]",0.16000000,0.45589899,21->18
9,9,9,0,4,"(4, 5, 11, 17, 18, 20, 21, 24, 25)",1,93,probe_repair,"[5, 55, 75, 125, 130, 160, 225, 245, 260, 265, 275, 290, 295, 300, 335]",0.00000000,"[0.00000000, 0.00000000, 0.00000000, 0.00000000, 0.00000000, 0.00000000, 0.00000000, 0.00000000, 0.00000000]",0.17500000,0.43926667,15->18
9,9,9,0,4,"(4, 5, 11, 17, 18, 20, 21, 24, 25)",2,1,baseline,"[5, 30, 55, 80, 105, 130, 155, 180, 205, 230, 255, 280, 305, 330, 355]",0.00000000,"[0.00000000, 0.00000000, 0.00000000, 0.00000000, 0.00000000, 0.00000000, 0.00000000, 0.00000000, 0.00000000]",0.10500000,0.45004444,15->5
9,9,9,0,4,"(4, 5, 11, 17, 18, 20, 21, 24, 25)",3,45,probe_repair,"[55, 60, 65, 75, 85, 120, 140, 155, 160, 170, 185, 200, 225, 280, 315]",0.00000000,"[0.00000000, 0.00000000, 0.00000000, 0.00000000, 0.00000000, 0.00000000, 0.00000000, 0.00000000, 0.00000000]",0.16900000,0.44672222,15->17
9,9,9,0,4,"(4, 5, 11, 17, 18, 20, 21, 24, 25)",4,85,probe_repair,"[25, 55, 140, 170, 180, 185, 220, 240, 245, 260, 280, 295, 300, 305, 335]",0.00000000,"[0.00000000, 0.00000000, 0.00000000, 0.00000000, 0.00000000, 0.00000000, 0.00000000, 0.00000000, 0.00000000]",0.21100000,0.44948889,16->18
9,9,9,0,4,"(4, 5, 11, 17, 18, 20, 21, 24, 25)",5,37,probe_repair,"[20, 30, 60, 75, 100, 165, 180, 185, 210, 220, 240, 280, 285, 295, 345]",0.00000000,"[0.00000000, 0.00000000, 0.00000000, 0.00000000, 0.00000000, 0.00000000, 0.00000000, 0.00000000, 0.00000000]",0.20600000,0.45036667,2->17
9,9,9,0,4,"(4, 5, 11, 17, 18, 20, 21, 24, 25)",6,53,probe_repair,"[10, 20, 65, 75, 105, 120, 130, 135, 215, 260, 295, 300, 325, 335, 340]",0.00000000,"[0.00000000, 0.00000000, 0.00000000, 0.00000000, 0.00000000, 0.00000000, 0.00000000, 0.00000000, 0.00000000]",0.21300000,0.44604444,2->5
9,9,9,0,4,"(4, 5, 11, 17, 18, 20, 21, 24, 25)",7,117,probe_repair,"[40, 75, 85, 90, 105, 125, 130, 140, 155, 160, 240, 245, 285, 305, 315]",0.00000000,"[0.00000000, 0.00000000, 0.00000000, 0.00000000, 0.00000000, 0.00000000, 0.00000000, 0.00000000, 0.00000000]",0.00400000,0.44600000,28->5
9,9,9,0,4,"(4, 5, 11, 17, 18, 20, 21, 24, 25)",8,69,probe_repair,"[40, 65, 75, 80, 85, 115, 120, 135, 140, 245, 250, 275, 285, 315, 330]",0.00000000,"[0.00000000, 0.00000000, 0.00000000, 0.00000000, 0.00000000, 0.00000000, 0.00000000, 0.00000000, 0.00000000]",0.13100000,0.44103333,15->17
9,9,9,0,4,"(4, 5, 11, 17, 18, 20, 21, 24, 25)",9,77,probe_repair,"[20, 60, 125, 145, 190, 200, 235, 250, 265, 280, 290, 295, 310, 335, 365]",0.00000000,"[0.00000000, 0.00000000, 0.00000000, 0.00000000, 0.00000000, 0.00000000, 0.00000000, 0.00000000, 0.00000000]",0.13700000,0.44767778,7->5
9,9,9,0,4,"(4, 5, 11, 17, 18, 20, 21, 24, 25)",10,109,probe_repair,"[20, 30, 40, 50, 115, 180, 200, 205, 220, 245, 265, 300, 315, 325, 345]",0.00000000,"[0.00000000, 0.00000000, 0.00000000, 0.00000000, 0.00000000, 0.00000000, 0.00000000, 0.00000000, 0.00000000]",0.13100000,0.45264444,28->17
9,9,9,0,5,"(9, 11, 15, 16, 17, 22, 25, 26, 27)",1,77,probe_repair,"[10, 30, 45, 50, 55, 90, 145, 170, 185, 205, 270, 290, 355, 360, 365]",0.00000000,"[0.00000000, 0.00000000, 0.00000000, 0.00000000, 0.00000000, 0.00000000, 0.00000000, 0.00000000, 0.00000000]",0.04100000,0.43750617,6->22
9,9,9,0,5,"(9, 11, 15, 16, 17, 22, 25, 26, 27)",2,93,probe_repair,"[20, 25, 30, 35, 95, 110, 145, 185, 250, 280, 290, 305, 335, 355, 365]",0.00000000,"[0.00000000, 0.00000000, 0.00000000, 0.00000000, 0.00000000, 0.00000000, 0.00000000, 0.00000000, 0.00000000]",0.07200000,0.45535802,6->26
9,9,9,0,5,"(9, 11, 15, 16, 17, 22, 25, 26, 27)",3,213,probe_repair,"[5, 20, 25, 80, 115, 130, 135, 165, 200, 245, 270, 295, 320, 345, 360]",0.00000000,"[0.00000000, 0.00000000, 0.00000000, 0.00000000, 0.00000000, 0.00000000, 0.00000000, 0.00000000, 0.00000000]",0.19500000,0.44234568,21->22
9,9,9,0,5,"(9, 11, 15, 16, 17, 22, 25, 26, 27)",4,69,probe_repair,"[20, 50, 55, 65, 90, 110, 160, 210, 215, 220, 275, 280, 295, 325, 365]",0.00000000,"[0.00000000, 0.00000000, 0.00000000, 0.00000000, 0.00000000, 0.00000000, 0.00000000, 0.00000000, 0.00000000]",0.23600000,0.44748148,24->11
9,9,9,0,5,"(9, 11, 15, 16, 17, 22, 25, 26, 27)",5,325,probe_repair,"[25, 40, 105, 120, 155, 175, 180, 190, 220, 225, 270, 275, 280, 305, 355]",0.00000000,"[0.00000000, 0.00000000, 0.00000000, 0.00000000, 0.00000000, 0.00000000, 0.00000000, 0.00000000, 0.00000000]",0.10700000,0.44597531,4->22
9,9,9,0,5,"(9, 11, 15, 16, 17, 22, 25, 26, 27)",6,309,probe_repair,"[15, 45, 50, 70, 75, 150, 180, 225, 275, 290, 300, 315, 330, 340, 350]",0.00000000,"[0.00000000, 0.00000000, 0.00000000, 0.00000000, 0.00000000, 0.00000000, 0.00000000, 0.00000000, 0.00000000]",0.20600000,0.44565432,24->25
9,9,9,0,5,"(9, 11, 15, 16, 17, 22, 25, 26, 27)",7,173,probe_repair,"[50, 70, 80, 85, 95, 135, 180, 220, 225, 245, 250, 260, 330, 340, 365]",0.00000000,"[0.00000000, 0.00000000, 0.00000000, 0.00000000, 0.00000000, 0.00000000, 0.00000000, 0.00000000, 0.00000000]",0.14800000,0.44906173,7->11
9,9,9,0,5,"(9, 11, 15, 16, 17, 22, 25, 26, 27)",8,29,probe_repair,"[15, 30, 65, 70, 85, 105, 175, 200, 245, 265, 275, 285, 295, 300, 355]",0.00000000,"[0.00000000, 0.00000000, 0.00000000, 0.00000000, 0.00000000, 0.00000000, 0.00000000, 0.00000000, 0.00000000]",0.07300000,0.44519753,24->16
9,9,9,0,5,"(9, 11, 15, 16, 17, 22, 25, 26, 27)",9,285,probe_repair,"[35, 60, 115, 140, 150, 160, 190, 250, 255, 260, 270, 285, 300, 310, 355]",0.00000000,"[0.00000000, 0.00000000, 0.00000000, 0.00000000, 0.00000000, 0.00000000, 0.00000000, 0.00000000, 0.00000000]",0.28500000,0.44079012,7->9
9,9,9,0,5,"(9, 11, 15, 16, 17, 22, 25, 26, 27)",10,183,probe_repair,"[10, 30, 50, 55, 70, 85, 90, 105, 115, 195, 265, 270, 300, 325, 340]",0.00000000,"[0.00000000, 0.00000000, 0.00000000, 0.00000000, 0.00000000, 0.00000000, 0.00000000, 0.00000000, 0.00000000]",0.25500000,0.46732099,4->11
9,9,9,0,6,"(1, 2, 4, 5, 11, 18, 20, 21, 24)",1,45,probe_repair,"[5, 40, 85, 100, 135, 150, 180, 190, 225, 275, 285, 330, 340, 345, 355]",0.00000000,"[0.00000000, 0.00000000, 0.00000000, 0.00000000, 0.00000000, 0.00000000, 0.00000000, 0.00000000, 0.00000000]",0.10300000,0.43469697,26->18
9,9,9,0,6,"(1, 2, 4, 5, 11, 18, 20, 21, 24)",2,1,baseline,"[5, 30, 55, 80, 105, 130, 155, 180, 205, 230, 255, 280, 305, 330, 355]",0.00000000,"[0.00000000, 0.00000000, 0.00000000, 0.00000000, 0.00000000, 0.00000000, 0.00000000, 0.00000000, 0.00000000]",0.13100000,0.44219192,15->5
9,9,9,0,6,"(1, 2, 4, 5, 11, 18, 20, 21, 24)",3,37,probe_repair,"[40, 75, 85, 160, 175, 180, 185, 190, 205, 245, 250, 265, 310, 335, 345]",0.00000000,"[0.00000000, 0.00000000, 0.00000000, 0.00000000, 0.00000000, 0.00000000, 0.00000000, 0.00000000, 0.00000000]",0.06500000,0.44993939,9->24
9,9,9,0,6,"(1, 2, 4, 5, 11, 18, 20, 21, 24)",4,53,probe_repair,"[25, 35, 75, 85, 100, 105, 145, 160, 165, 205, 250, 265, 275, 285, 295]",0.00000000,"[0.00000000, 0.00000000, 0.00000000, 0.00000000, 0.00000000, 0.00000000, 0.00000000, 0.00000000, 0.00000000]",0.02500000,0.44085859,22->1
9,9,9,0,6,"(1, 2, 4, 5, 11, 18, 20, 21, 24)",5,21,probe_repair,"[5, 25, 30, 35, 115, 120, 130, 135, 190, 225, 235, 240, 295, 335, 365]",0.00000000,"[0.00000000, 0.00000000, 0.00000000, 0.00000000, 0.00000000, 0.00000000, 0.00000000, 0.00000000, 0.00000000]",0.06900000,0.43629293,15->24
9,9,9,0,7,"(6, 9, 11, 20, 21, 22, 24, 25, 26)",1,804,probe_repair,"[5, 25, 40, 95, 125, 140, 145, 150, 180, 215, 230, 235, 250, 260, 310]",0.00000000,"[0.00000000, 0.00000000, 0.00000000, 0.00000000, 0.00000000, 0.00000000, 0.00000000, 0.00000000, 0.00000000]",0.24900000,0.46172840,18->26
9,9,9,0,7,"(6, 9, 11, 20, 21, 22, 24, 25, 26)",2,1469,probe_repair,"[5, 10, 40, 45, 60, 75, 100, 135, 155, 175, 180, 315, 320, 325, 365]",0.00000000,"[0.00000000, 0.00000000, 0.00000000, 0.00000000, 0.00000000, 0.00000000, 0.00000000, 0.00000000, 0.00000000]",0.14100000,0.43781481,28->9
9,9,9,0,7,"(6, 9, 11, 20, 21, 22, 24, 25, 26)",3,813,probe_repair,"[20, 75, 85, 110, 115, 160, 175, 200, 230, 275, 295, 310, 345, 350, 355]",0.00000000,"[0.00000000, 0.00000000, 0.00000000, 0.00000000, 0.00000000, 0.00000000, 0.00000000, 0.00000000, 0.00000000]",0.15600000,0.44437037,15->22
9,9,9,0,7,"(6, 9, 11, 20, 21, 22, 24, 25, 26)",4,461,probe_repair,"[10, 35, 45, 50, 60, 70, 75, 85, 140, 195, 200, 210, 270, 345, 360]",0.00000000,"[0.00000000, 0.00000000, 0.00000000, 0.00000000, 0.00000000, 0.00000000, 0.00000000, 0.00000000, 0.00000000]",0.19400000,0.44316049,17->20
9,9,9,0,7,"(6, 9, 11, 20, 21, 22, 24, 25, 26)",5,397,probe_repair,"[35, 40, 55, 145, 155, 185, 235, 245, 250, 255, 270, 310, 315, 360, 365]",0.00000000,"[0.00000000, 0.00000000, 0.00000000, 0.00000000, 0.00000000, 0.00000000, 0.00000000, 0.00000000, 0.00000000]",0.17900000,0.44361728,27->11
9,9,9,0,7,"(6, 9, 11, 20, 21, 22, 24, 25, 26)",6,765,probe_repair,"[25, 45, 85, 120, 125, 195, 215, 230, 235, 260, 270, 290, 300, 310, 325]",0.00000000,"[0.00000000, 0.00000000, 0.00000000, 0.00000000, 0.00000000, 0.00000000, 0.00000000, 0.00000000, 0.00000000]",0.03600000,0.44913580,16->20
9,9,9,0,7,"(6, 9, 11, 20, 21, 22, 24, 25, 26)",7,381,probe_repair,"[30, 60, 75, 80, 90, 105, 135, 160, 170, 205, 215, 285, 290, 330, 350]",0.00000000,"[0.00000000, 0.00000000, 0.00000000, 0.00000000, 0.00000000, 0.00000000, 0.00000000, 0.00000000, 0.00000000]",0.03800000,0.44656790,2->20
9,9,9,0,7,"(6, 9, 11, 20, 21, 22, 24, 25, 26)",8,173,probe_repair,"[10, 50, 55, 80, 105, 140, 155, 170, 175, 220, 275, 285, 290, 315, 350]",0.00000000,"[0.00000000, 0.00000000, 0.00000000, 0.00000000, 0.00000000, 0.00000000, 0.00000000, 0.00000000, 0.00000000]",0.23100000,0.44756790,28->20
9,9,9,0,7,"(6, 9, 11, 20, 21, 22, 24, 25, 26)",9,69,probe_repair,"[45, 60, 75, 80, 125, 145, 195, 200, 225, 240, 250, 265, 275, 295, 350]",0.00000000,"[0.00000000, 0.00000000, 0.00000000, 0.00000000, 0.00000000, 0.00000000, 0.00000000, 0.00000000, 0.00000000]",0.21900000,0.44748148,4->11
9,9,9,0,7,"(6, 9, 11, 20, 21, 22, 24, 25, 26)",10,413,probe_repair,"[10, 40, 60, 75, 160, 180, 185, 190, 200, 210, 245, 290, 300, 315, 345]",0.00000000,"[0.00000000, 0.00000000, 0.00000000, 0.00000000, 0.00000000, 0.00000000, 0.00000000, 0.00000000, 0.00000000]",0.04300000,0.43790123,15->21
9,9,9,0,8,"(2, 4, 5, 6, 9, 17, 20, 24, 27)",1,1,baseline,"[5, 30, 55, 80, 105, 130, 155, 180, 205, 230, 255, 280, 305, 330, 355]",0.00000000,"[0.00000000, 0.00000000, 0.00000000, 0.00000000, 0.00000000, 0.00000000, 0.00000000, 0.00000000, 0.00000000]",0.06400000,0.44716667,15->5
9,9,9,0,8,"(2, 4, 5, 6, 9, 17, 20, 24, 27)",2,589,probe_repair,"[5, 20, 30, 40, 80, 125, 155, 165, 170, 245, 260, 280, 295, 335, 360]",0.00000000,"[0.00000000, 0.00000000, 0.00000000, 0.00000000, 0.00000000, 0.00000000, 0.00000000, 0.00000000, 0.00000000]",0.10200000,0.43984444,7->2
9,9,9,0,8,"(2, 4, 5, 6, 9, 17, 20, 24, 27)",3,165,probe_repair,"[30, 45, 80, 95, 150, 175, 180, 190, 230, 240, 245, 260, 275, 305, 365]",0.00000000,"[0.00000000, 0.00000000, 0.00000000, 0.00000000, 0.00000000, 0.00000000, 0.00000000, 0.00000000, 0.00000000]",0.17200000,0.44868889,26->2
9,9,9,0,8,"(2, 4, 5, 6, 9, 17, 20, 24, 27)",4,661,probe_repair,"[15, 25, 50, 105, 120, 175, 185, 205, 240, 255, 275, 280, 305, 310, 330]",0.00000000,"[0.00000000, 0.00000000, 0.00000000, 0.00000000, 0.00000000, 0.00000000, 0.00000000, 0.00000000, 0.00000000]",0.25200000,0.44937778,18->2
9,9,9,0,8,"(2, 4, 5, 6, 9, 17, 20, 24, 27)",5,109,probe_repair,"[5, 25, 75, 80, 100, 200, 210, 215, 260, 270, 290, 330, 335, 345, 355]",0.00000000,"[0.00000000, 0.00000000, 0.00000000, 0.00000000, 0.00000000, 0.00000000, 0.00000000, 0.00000000, 0.00000000]",0.16900000,0.44996667,22->17
9,9,9,0,8,"(2, 4, 5, 6, 9, 17, 20, 24, 27)",6,669,probe_repair,"[45, 60, 80, 95, 115, 140, 160, 185, 220, 225, 260, 265, 280, 305, 315]",0.00000000,"[0.00000000, 0.00000000, 0.00000000, 0.00000000, 0.00000000, 0.00000000, 0.00000000, 0.00000000, 0.00000000]",0.17500000,0.44511111,16->9
9,9,9,0,8,"(2, 4, 5, 6, 9, 17, 20, 24, 27)",7,77,probe_repair,"[55, 60, 95, 100, 115, 225, 230, 235, 240, 270, 285, 295, 325, 340, 355]",0.00000000,"[0.00000000, 0.00000000, 0.00000000, 0.00000000, 0.00000000, 0.00000000, 0.00000000, 0.00000000, 0.00000000]",0.20200000,0.45280000,15->20
9,9,9,0,8,"(2, 4, 5, 6, 9, 17, 20, 24, 27)",8,445,probe_repair,"[40, 45, 50, 80, 85, 90, 150, 155, 170, 200, 205, 255, 345, 360, 365]",0.00000000,"[0.00000000, 0.00000000, 0.00000000, 0.00000000, 0.00000000, 0.00000000, 0.00000000, 0.00000000, 0.00000000]",0.01300000,0.44121111,16->4
9,9,9,0,8,"(2, 4, 5, 6, 9, 17, 20, 24, 27)",9,447,probe_repair,"[40, 45, 50, 80, 85, 90, 150, 155, 170, 200, 205, 255, 345, 360, 365]",0.00000000,"[0.00000000, 0.00000000, 0.00000000, 0.00000000, 0.00000000, 0.00000000, 0.00000000, 0.00000000, 0.00000000]",0.23000000,0.45503333,22->24
9,9,9,0,8,"(2, 4, 5, 6, 9, 17, 20, 24, 27)",10,549,probe_repair,"[35, 55, 130, 160, 165, 175, 200, 265, 270, 275, 305, 310, 335, 355, 365]",0.00000000,"[0.00000000, 0.00000000, 0.00000000, 0.00000000, 0.00000000, 0.00000000, 0.00000000, 0.00000000, 0.00000000]",0.04200000,0.44621111,28->20
9,9,9,0,9,"(1, 2, 7, 11, 17, 18, 20, 21, 25)",1,293,probe_repair,"[25, 60, 75, 115, 145, 175, 230, 245, 265, 275, 280, 310, 350, 360, 365]",0.00000000,"[0.00000000, 0.00000000, 0.00000000, 0.00000000, 0.00000000, 0.00000000, 0.00000000, 0.00000000, 0.00000000]",0.06000000,0.44316667,28->18
9,9,9,0,9,"(1, 2, 7, 11, 17, 18, 20, 21, 25)",2,469,probe_repair,"[5, 10, 35, 40, 55, 80, 110, 115, 175, 210, 230, 260, 290, 345, 365]",0.00000000,"[0.00000000, 0.00000000, 0.00000000, 0.00000000, 0.00000000, 0.00000000, 0.00000000, 0.00000000, 0.00000000]",0.13400000,0.44683333,26->20
9,9,9,0,9,"(1, 2, 7, 11, 17, 18, 20, 21, 25)",3,525,probe_repair,"[50, 55, 60, 65, 70, 75, 80, 105, 115, 150, 220, 225, 230, 300, 325]",0.00000000,"[0.00000000, 0.00000000, 0.00000000, 0.00000000, 0.00000000, 0.00000000, 0.00000000, 0.00000000, 0.00000000]",0.10700000,0.44264444,22->17
9,9,9,0,9,"(1, 2, 7, 11, 17, 18, 20, 21, 25)",4,229,probe_repair,"[10, 55, 60, 95, 100, 130, 155, 165, 190, 225, 250, 260, 305, 335, 345]",0.00000000,"[0.00000000, 0.00000000, 0.00000000, 0.00000000, 0.00000000, 0.00000000, 0.00000000, 0.00000000, 0.00000000]",0.12700000,0.44785556,22->21
9,9,9,0,9,"(1, 2, 7, 11, 17, 18, 20, 21, 25)",5,453,probe_repair,"[35, 40, 70, 80, 140, 175, 180, 230, 250, 255, 275, 300, 330, 350, 355]",0.00000000,"[0.00000000, 0.00000000, 0.00000000, 0.00000000, 0.00000000, 0.00000000, 0.00000000, 0.00000000, 0.00000000]",0.09400000,0.44645556,15->11
9,9,9,0,9,"(1, 2, 7, 11, 17, 18, 20, 21, 25)",6,53,probe_repair,"[5, 30, 40, 45, 90, 205, 210, 250, 255, 280, 285, 290, 295, 355, 365]",0.00000000,"[0.00000000, 0.00000000, 0.00000000, 0.00000000, 0.00000000, 0.00000000, 0.00000000, 0.00000000, 0.00000000]",0.09300000,0.44387778,9->1
9,9,9,0,9,"(1, 2, 7, 11, 17, 18, 20, 21, 25)",7,189,probe_repair,"[5, 15, 85, 100, 105, 110, 205, 230, 275, 295, 300, 305, 330, 350, 365]",0.00000000,"[0.00000000, 0.00000000, 0.00000000, 0.00000000, 0.00000000, 0.00000000, 0.00000000, 0.00000000, 0.00000000]",0.20900000,0.44622222,27->2
9,9,9,0,9,"(1, 2, 7, 11, 17, 18, 20, 21, 25)",8,533,probe_repair,"[25, 40, 60, 65, 120, 145, 185, 190, 205, 235, 255, 285, 290, 355, 365]",0.00000000,"[0.00000000, 0.00000000, 0.00000000, 0.00000000, 0.00000000, 0.00000000, 0.00000000, 0.00000000, 0.00000000]",0.06000000,0.44721111,26->25
9,9,9,0,9,"(1, 2, 7, 11, 17, 18, 20, 21, 25)",9,365,probe_repair,"[40, 55, 80, 85, 95, 125, 140, 150, 155, 175, 195, 230, 245, 340, 355]",0.00000000,"[0.00000000, 0.00000000, 0.00000000, 0.00000000, 0.00000000, 0.00000000, 0.00000000, 0.00000000, 0.00000000]",0.00900000,0.44933333,26->18
9,9,9,0,9,"(1, 2, 7, 11, 17, 18, 20, 21, 25)",10,133,probe_repair,"[30, 40, 45, 60, 70, 75, 85, 100, 180, 190, 210, 220, 230, 305, 310]",0.00000000,"[0.00000000, 0.00000000, 0.00000000, 0.00000000, 0.00000000, 0.00000000, 0.00000000, 0.00000000, 0.00000000]",0.13300000,0.44903333,26->7
9,9,9,0,10,"(2, 4, 11, 16, 18, 21, 22, 26, 27)",1,821,probe_repair,"[40, 65, 85, 95, 135, 140, 165, 170, 175, 200, 230, 255, 270, 290, 305]",0.00000000,"[0.00000000, 0.00000000, 0.00000000, 0.00000000, 0.00000000, 0.00000000, 0.00000000, 0.00000000, 0.00000000]",0.24000000,0.45083951,24->16
9,9,9,0,10,"(2, 4, 11, 16, 18, 21, 22, 26, 27)",2,1125,probe_repair,"[5, 30, 50, 85, 95, 120, 175, 180, 205, 210, 255, 290, 310, 330, 355]",0.00000000,"[0.00000000, 0.00000000, 0.00000000, 0.00000000, 0.00000000, 0.00000000, 0.00000000, 0.00000000, 0.00000000]",0.22700000,0.44637037,17->18
9,9,9,0,10,"(2, 4, 11, 16, 18, 21, 22, 26, 27)",3,645,probe_repair,"[5, 10, 15, 30, 35, 105, 110, 115, 135, 145, 150, 200, 230, 260, 325]",0.00000000,"[0.00000000, 0.00000000, 0.00000000, 0.00000000, 0.00000000, 0.00000000, 0.00000000, 0.00000000, 0.00000000]",0.18900000,0.44307407,24->11
9,9,9,0,10,"(2, 4, 11, 16, 18, 21, 22, 26, 27)",4,1021,probe_repair,"[20, 45, 50, 55, 120, 125, 130, 155, 190, 215, 225, 285, 300, 310, 330]",0.00000000,"[0.00000000, 0.00000000, 0.00000000, 0.00000000, 0.00000000, 0.00000000, 0.00000000, 0.00000000, 0.00000000]",0.10500000,0.44748148,24->22
9,9,9,0,10,"(2, 4, 11, 16, 18, 21, 22, 26, 27)",5,477,probe_repair,"[10, 30, 40, 45, 85, 90, 115, 120, 145, 150, 200, 315, 325, 335, 345]",0.00000000,"[0.00000000, 0.00000000, 0.00000000, 0.00000000, 0.00000000, 0.00000000, 0.00000000, 0.00000000, 0.00000000]",0.22300000,0.44538272,17->21
9,9,9,0,10,"(2, 4, 11, 16, 18, 21, 22, 26, 27)",6,517,probe_repair,"[90, 105, 140, 155, 180, 185, 190, 245, 255, 275, 285, 295, 315, 345, 360]",0.00000000,"[0.00000000, 0.00000000, 0.00000000, 0.00000000, 0.00000000, 0.00000000, 0.00000000, 0.00000000, 0.00000000]",0.11000000,0.44179012,20->22
9,9,9,0,10,"(2, 4, 11, 16, 18, 21, 22, 26, 27)",7,1485,probe_repair,"[30, 45, 70, 75, 90, 115, 120, 125, 180, 205, 260, 285, 290, 295, 320]",0.00000000,"[0.00000000, 0.00000000, 0.00000000, 0.00000000, 0.00000000, 0.00000000, 0.00000000, 0.00000000, 0.00000000]",0.08100000,0.45087654,6->27
9,9,9,0,10,"(2, 4, 11, 16, 18, 21, 22, 26, 27)",8,1245,probe_repair,"[10, 20, 30, 40, 55, 70, 90, 100, 120, 130, 155, 175, 185, 190, 250]",0.00000000,"[0.00000000, 0.00000000, 0.00000000, 0.00000000, 0.00000000, 0.00000000, 0.00000000, 0.00000000, 0.00000000]",0.06100000,0.43839506,7->18
9,9,9,0,10,"(2, 4, 11, 16, 18, 21, 22, 26, 27)",9,277,probe_repair,"[10, 55, 65, 90, 105, 110, 120, 140, 145, 170, 200, 205, 230, 330, 335]",0.00000000,"[0.00000000, 0.00000000, 0.00000000, 0.00000000, 0.00000000, 0.00000000, 0.00000000, 0.00000000, 0.00000000]",0.24800000,0.44818519,20->2
9,9,9,0,10,"(2, 4, 11, 16, 18, 21, 22, 26, 27)",10,1546,probe_repair,"[40, 75, 80, 95, 160, 170, 175, 215, 225, 230, 250, 255, 270, 305, 335]",0.00000000,"[0.00000000, 0.00000000, 0.00000000, 0.00000000, 0.00000000, 0.00000000, 0.00000000, 0.00000000, 0.00000000]",0.23300000,0.46664198,17->22
9,9,9,0,11,"(2, 4, 5, 6, 7, 11, 18, 21, 22)",1,221,probe_repair,"[15, 30, 115, 125, 130, 170, 190, 220, 235, 260, 275, 325, 340, 345, 355]",0.00000000,"[0.00000000, 0.00000000, 0.00000000, 0.00000000, 0.00000000, 0.00000000, 0.00000000, 0.00000000, 0.00000000]",0.00100000,0.45211111,16->6
9,9,9,0,11,"(2, 4, 5, 6, 7, 11, 18, 21, 22)",2,325,probe_repair,"[5, 35, 40, 45, 75, 90, 100, 110, 120, 170, 185, 275, 285, 290, 330]",0.00000000,"[0.00000000, 0.00000000, 0.00000000, 0.00000000, 0.00000000, 0.00000000, 0.00000000, 0.00000000, 0.00000000]",0.06300000,0.44548889,16->5
9,9,9,0,11,"(2, 4, 5, 6, 7, 11, 18, 21, 22)",3,509,probe_repair,"[5, 60, 65, 95, 105, 165, 170, 175, 180, 185, 240, 265, 330, 355, 360]",0.00000000,"[0.00000000, 0.00000000, 0.00000000, 0.00000000, 0.00000000, 0.00000000, 0.00000000, 0.00000000, 0.00000000]",0.04000000,0.43658889,25->22
9,9,9,0,11,"(2, 4, 5, 6, 7, 11, 18, 21, 22)",4,485,probe_repair,"[10, 20, 50, 125, 150, 160, 180, 190, 200, 220, 235, 245, 270, 275, 300]",0.00000000,"[0.00000000, 0.00000000, 0.00000000, 0.00000000, 0.00000000, 0.00000000, 0.00000000, 0.00000000, 0.00000000]",0.16600000,0.44886667,28->11
9,9,9,0,11,"(2, 4, 5, 6, 7, 11, 18, 21, 22)",5,573,probe_repair,"[20, 25, 30, 35, 45, 90, 130, 135, 145, 175, 210, 215, 220, 225, 250]",0.00000000,"[0.00000000, 0.00000000, 0.00000000, 0.00000000, 0.00000000, 0.00000000, 0.00000000, 0.00000000, 0.00000000]",0.09100000,0.45576667,27->2
9,9,9,0,11,"(2, 4, 5, 6, 7, 11, 18, 21, 22)",6,1,baseline,"[5, 30, 55, 80, 105, 130, 155, 180, 205, 230, 255, 280, 305, 330, 355]",0.00000000,"[0.00000000, 0.00000000, 0.00000000, 0.00000000, 0.00000000, 0.00000000, 0.00000000, 0.00000000, 0.00000000]",0.05700000,0.44326667,15->5
9,9,9,0,11,"(2, 4, 5, 6, 7, 11, 18, 21, 22)",7,445,probe_repair,"[45, 135, 145, 150, 200, 215, 225, 285, 295, 300, 310, 315, 335, 355, 365]",0.00000000,"[0.00000000, 0.00000000, 0.00000000, 0.00000000, 0.00000000, 0.00000000, 0.00000000, 0.00000000, 0.00000000]",0.16600000,0.44073333,24->6
9,9,9,0,11,"(2, 4, 5, 6, 7, 11, 18, 21, 22)",8,381,probe_repair,"[65, 80, 90, 125, 150, 160, 165, 170, 175, 190, 255, 265, 285, 345, 365]",0.00000000,"[0.00000000, 0.00000000, 0.00000000, 0.00000000, 0.00000000, 0.00000000, 0.00000000, 0.00000000, 0.00000000]",0.09500000,0.43913333,27->11
9,9,9,0,11,"(2, 4, 5, 6, 7, 11, 18, 21, 22)",9,165,probe_repair,"[10, 15, 25, 60, 120, 210, 225, 245, 265, 275, 300, 325, 330, 340, 355]",0.00000000,"[0.00000000, 0.00000000, 0.00000000, 0.00000000, 0.00000000, 0.00000000, 0.00000000, 0.00000000, 0.00000000]",0.22500000,0.44780000,9->18
9,9,9,0,11,"(2, 4, 5, 6, 7, 11, 18, 21, 22)",10,285,probe_repair,"[10, 35, 55, 95, 125, 160, 165, 190, 210, 225, 255, 265, 280, 285, 330]",0.00000000,"[0.00000000, 0.00000000, 0.00000000, 0.00000000, 0.00000000, 0.00000000, 0.00000000, 0.00000000, 0.00000000]",0.17600000,0.44794444,26->7
9,9,9,0,12,"(2, 4, 5, 6, 9, 24, 25, 26, 28)",1,317,probe_repair,"[5, 15, 105, 115, 125, 140, 190, 200, 220, 250, 275, 280, 290, 300, 305]",0.00000000,"[0.00000000, 0.00000000, 0.00000000, 0.00000000, 0.00000000, 0.00000000, 0.00000000, 0.00000000, 0.00000000]",0.08100000,0.44596667,21->24
9,9,9,0,12,"(2, 4, 5, 6, 9, 24, 25, 26, 28)",2,287,probe_repair,"[20, 80, 95, 210, 215, 220, 225, 240, 265, 300, 310, 325, 335, 340, 360]",0.00000000,"[0.00000000, 0.00000000, 0.00000000, 0.00000000, 0.00000000, 0.00000000, 0.00000000, 0.00000000, 0.00000000]",0.15100000,0.44877778,17->9
9,9,9,0,12,"(2, 4, 5, 6, 9, 24, 25, 26, 28)",3,285,probe_repair,"[20, 80, 95, 210, 215, 220, 225, 240, 265, 300, 310, 325, 335, 340, 360]",0.00000000,"[0.00000000, 0.00000000, 0.00000000, 0.00000000, 0.00000000, 0.00000000, 0.00000000, 0.00000000, 0.00000000]",0.08300000,0.43501111,17->9
9,9,9,0,12,"(2, 4, 5, 6, 9, 24, 25, 26, 28)",4,456,probe_repair,"[5, 20, 35, 60, 105, 120, 125, 130, 140, 165, 175, 185, 245, 270, 310]",0.00000000,"[0.00000000, 0.00000000, 0.00000000, 0.00000000, 0.00000000, 0.00000000, 0.00000000, 0.00000000, 0.00000000]",0.29700000,0.46476667,17->2
9,9,9,0,12,"(2, 4, 5, 6, 9, 24, 25, 26, 28)",5,29,probe_repair,"[10, 20, 25, 35, 50, 95, 125, 135, 165, 185, 210, 230, 260, 285, 290]",0.00000000,"[0.00000000, 0.00000000, 0.00000000, 0.00000000, 0.00000000, 0.00000000, 0.00000000, 0.00000000, 0.00000000]",0.08800000,0.45735556,22->5
9,9,9,0,12,"(2, 4, 5, 6, 9, 24, 25, 26, 28)",6,165,probe_repair,"[20, 30, 35, 50, 55, 75, 110, 135, 140, 155, 230, 305, 325, 335, 340]",0.00000000,"[0.00000000, 0.00000000, 0.00000000, 0.00000000, 0.00000000, 0.00000000, 0.00000000, 0.00000000, 0.00000000]",0.08900000,0.44703333,20->25
9,9,9,0,12,"(2, 4, 5, 6, 9, 24, 25, 26, 28)",7,213,probe_repair,"[5, 10, 50, 95, 105, 160, 200, 205, 215, 255, 265, 285, 310, 315, 330]",0.00000000,"[0.00000000, 0.00000000, 0.00000000, 0.00000000, 0.00000000, 0.00000000, 0.00000000, 0.00000000, 0.00000000]",0.10100000,0.45043333,17->28
9,9,9,0,12,"(2, 4, 5, 6, 9, 24, 25, 26, 28)",8,77,probe_repair,"[35, 40, 75, 80, 125, 130, 140, 155, 160, 175, 250, 260, 270, 295, 335]",0.00000000,"[0.00000000, 0.00000000, 0.00000000, 0.00000000, 0.00000000, 0.00000000, 0.00000000, 0.00000000, 0.00000000]",0.16700000,0.44188889,20->2
9,9,9,0,12,"(2, 4, 5, 6, 9, 24, 25, 26, 28)",9,205,probe_repair,"[20, 30, 95, 100, 105, 115, 180, 200, 205, 245, 250, 275, 310, 340, 365]",0.00000000,"[0.00000000, 0.00000000, 0.00000000, 0.00000000, 0.00000000, 0.00000000, 0.00000000, 0.00000000, 0.00000000]",0.09800000,0.44330000,18->9
9,9,9,0,12,"(2, 4, 5, 6, 9, 24, 25, 26, 28)",10,133,probe_repair,"[10, 20, 115, 125, 140, 145, 175, 215, 220, 250, 265, 270, 345, 360, 365]",0.00000000,"[0.00000000, 0.00000000, 0.00000000, 0.00000000, 0.00000000, 0.00000000, 0.00000000, 0.00000000, 0.00000000]",0.12700000,0.44441111,16->9
9,9,9,0,13,"(7, 9, 11, 15, 18, 20, 21, 25, 26)",1,1437,probe_repair,"[35, 40, 85, 100, 120, 165, 170, 185, 205, 230, 275, 280, 305, 310, 360]",0.00000000,"[0.00000000, 0.00000000, 0.00000000, 0.00000000, 0.00000000, 0.00000000, 0.00000000, 0.00000000, 0.00000000]",0.15000000,0.43562963,2->21
9,9,9,0,13,"(7, 9, 11, 15, 18, 20, 21, 25, 26)",2,1205,probe_repair,"[10, 35, 70, 110, 115, 155, 160, 165, 195, 235, 275, 285, 290, 310, 355]",0.00000000,"[0.00000000, 0.00000000, 0.00000000, 0.00000000, 0.00000000, 0.00000000, 0.00000000, 0.00000000, 0.00000000]",0.22800000,0.45629630,28->26
9,9,9,0,13,"(7, 9, 11, 15, 18, 20, 21, 25, 26)",3,781,probe_repair,"[10, 20, 25, 65, 155, 170, 175, 200, 210, 220, 295, 320, 350, 355, 365]",0.00000000,"[0.00000000, 0.00000000, 0.00000000, 0.00000000, 0.00000000, 0.00000000, 0.00000000, 0.00000000, 0.00000000]",0.05900000,0.44407407,24->26
9,9,9,0,13,"(7, 9, 11, 15, 18, 20, 21, 25, 26)",4,21,probe_repair,"[10, 15, 30, 40, 55, 75, 80, 115, 195, 200, 230, 325, 330, 335, 350]",0.00000000,"[0.00000000, 0.00000000, 0.00000000, 0.00000000, 0.00000000, 0.00000000, 0.00000000, 0.00000000, 0.00000000]",0.25300000,0.45256790,22->26
9,9,9,0,13,"(7, 9, 11, 15, 18, 20, 21, 25, 26)",5,1101,probe_repair,"[20, 25, 30, 40, 55, 185, 195, 230, 240, 300, 325, 335, 345, 355, 365]",0.00000000,"[0.00000000, 0.00000000, 0.00000000, 0.00000000, 0.00000000, 0.00000000, 0.00000000, 0.00000000, 0.00000000]",0.15300000,0.44461728,16->9
9,9,9,0,13,"(7, 9, 11, 15, 18, 20, 21, 25, 26)",6,1597,probe_repair,"[55, 65, 70, 90, 95, 120, 135, 160, 210, 220, 280, 300, 340, 350, 360]",0.00000000,"[0.00000000, 0.00000000, 0.00000000, 0.00000000, 0.00000000, 0.00000000, 0.00000000, 0.00000000, 0.00000000]",0.19400000,0.44991358,16->21
9,9,9,0,13,"(7, 9, 11, 15, 18, 20, 21, 25, 26)",7,797,probe_repair,"[35, 45, 55, 70, 75, 80, 135, 175, 215, 225, 265, 270, 315, 330, 360]",0.00000000,"[0.00000000, 0.00000000, 0.00000000, 0.00000000, 0.00000000, 0.00000000, 0.00000000, 0.00000000, 0.00000000]",0.08500000,0.44443210,4->25
9,9,9,0,13,"(7, 9, 11, 15, 18, 20, 21, 25, 26)",8,1525,probe_repair,"[35, 135, 140, 150, 160, 175, 200, 225, 260, 265, 290, 305, 315, 330, 360]",0.00000000,"[0.00000000, 0.00000000, 0.00000000, 0.00000000, 0.00000000, 0.00000000, 0.00000000, 0.00000000, 0.00000000]",0.13400000,0.44706173,17->26
9,9,9,0,13,"(7, 9, 11, 15, 18, 20, 21, 25, 26)",9,1485,probe_repair,"[5, 10, 35, 95, 105, 135, 140, 155, 165, 195, 280, 315, 320, 330, 345]",0.00000000,"[0.00000000, 0.00000000, 0.00000000, 0.00000000, 0.00000000, 0.00000000, 0.00000000, 0.00000000, 0.00000000]",0.18800000,0.44918519,6->7
9,9,9,0,13,"(7, 9, 11, 15, 18, 20, 21, 25, 26)",10,96,probe_repair,"[10, 55, 85, 135, 150, 190, 200, 225, 235, 255, 315, 340, 345, 350, 360]",0.00000000,"[0.00000000, 0.00000000, 0.00000000, 0.00000000, 0.00000000, 0.00000000, 0.00000000, 0.00000000, 0.00000000]",0.33000000,0.46262963,17->18
9,9,9,0,14,"(1, 2, 7, 11, 15, 20, 22, 24, 28)",1,501,probe_repair,"[25, 90, 100, 130, 150, 155, 190, 195, 240, 245, 280, 285, 290, 295, 320]",0.00000000,"[0.00000000, 0.00000000, 0.00000000, 0.00000000, 0.00000000, 0.00000000, 0.00000000, 0.00000000, 0.00000000]",0.20000000,0.45067778,16->2
9,9,9,0,14,"(1, 2, 7, 11, 15, 20, 22, 24, 28)",2,285,probe_repair,"[15, 70, 80, 90, 95, 135, 145, 175, 200, 220, 235, 280, 325, 330, 335]",0.00000000,"[0.00000000, 0.00000000, 0.00000000, 0.00000000, 0.00000000, 0.00000000, 0.00000000, 0.00000000, 0.00000000]",0.14700000,0.45577778,6->28
9,9,9,0,14,"(1, 2, 7, 11, 15, 20, 22, 24, 28)",3,493,probe_repair,"[5, 30, 35, 40, 85, 95, 145, 150, 210, 235, 255, 275, 295, 320, 340]",0.00000000,"[0.00000000, 0.00000000, 0.00000000, 0.00000000, 0.00000000, 0.00000000, 0.00000000, 0.00000000, 0.00000000]",0.09800000,0.43554444,25->28
9,9,9,0,14,"(1, 2, 7, 11, 15, 20, 22, 24, 28)",4,40,probe_repair,"[25, 30, 50, 60, 85, 90, 115, 130, 165, 170, 285, 300, 325, 360, 365]",0.00000000,"[0.00000000, 0.00000000, 0.00000000, 0.00000000, 0.00000000, 0.00000000, 0.00000000, 0.00000000, 0.00000000]",0.29600000,0.46095556,21->11
9,9,9,0,14,"(1, 2, 7, 11, 15, 20, 22, 24, 28)",5,61,probe_repair,"[35, 45, 50, 65, 105, 110, 150, 165, 240, 260, 265, 295, 300, 335, 350]",0.00000000,"[0.00000000, 0.00000000, 0.00000000, 0.00000000, 0.00000000, 0.00000000, 0.00000000, 0.00000000, 0.00000000]",0.09600000,0.43987778,26->22
9,9,9,0,14,"(1, 2, 7, 11, 15, 20, 22, 24, 28)",6,373,probe_repair,"[35, 110, 140, 160, 175, 185, 200, 210, 220, 230, 240, 255, 295, 330, 335]",0.00000000,"[0.00000000, 0.00000000, 0.00000000, 0.00000000, 0.00000000, 0.00000000, 0.00000000, 0.00000000, 0.00000000]",0.08100000,0.44264444,4->22
9,9,9,0,14,"(1, 2, 7, 11, 15, 20, 22, 24, 28)",7,333,probe_repair,"[65, 85, 110, 160, 190, 195, 205, 230, 235, 260, 295, 305, 310, 335, 365]",0.00000000,"[0.00000000, 0.00000000, 0.00000000, 0.00000000, 0.00000000, 0.00000000, 0.00000000, 0.00000000, 0.00000000]",0.28300000,0.45246667,25->1
9,9,9,0,14,"(1, 2, 7, 11, 15, 20, 22, 24, 28)",8,237,probe_repair,"[5, 25, 40, 50, 70, 95, 165, 170, 200, 205, 260, 285, 290, 295, 335]",0.00000000,"[0.00000000, 0.00000000, 0.00000000, 0.00000000, 0.00000000, 0.00000000, 0.00000000, 0.00000000, 0.00000000]",0.06900000,0.43855556,25->11
9,9,9,0,14,"(1, 2, 7, 11, 15, 20, 22, 24, 28)",9,1,baseline,"[5, 30, 55, 80, 105, 130, 155, 180, 205, 230, 255, 280, 305, 330, 355]",0.00000000,"[0.00000000, 0.00000000, 0.00000000, 0.00000000, 0.00000000, 0.00000000, 0.00000000, 0.00000000, 0.00000000]",0.14900000,0.43762222,27->1
9,9,9,0,14,"(1, 2, 7, 11, 15, 20, 22, 24, 28)",10,197,probe_repair,"[5, 80, 105, 115, 155, 160, 165, 190, 200, 240, 250, 255, 275, 330, 355]",0.00000000,"[0.00000000, 0.00000000, 0.00000000, 0.00000000, 0.00000000, 0.00000000, 0.00000000, 0.00000000, 0.00000000]",0.14900000,0.44381111,6->20
9,9,9,0,15,"(1, 4, 15, 18, 20, 21, 22, 26, 28)",1,141,probe_repair,"[25, 40, 55, 70, 75, 105, 135, 145, 160, 235, 275, 280, 340, 350, 355]",0.00000000,"[0.00000000, 0.00000000, 0.00000000, 0.00000000, 0.00000000, 0.00000000, 0.00000000, 0.00000000, 0.00000000]",0.12800000,0.44675556,2->20
9,9,9,0,15,"(1, 4, 15, 18, 20, 21, 22, 26, 28)",2,357,probe_repair,"[15, 30, 45, 60, 100, 115, 130, 150, 180, 185, 275, 280, 325, 330, 360]",0.00000000,"[0.00000000, 0.00000000, 0.00000000, 0.00000000, 0.00000000, 0.00000000, 0.00000000, 0.00000000, 0.00000000]",0.09200000,0.44450000,11->1
9,9,9,0,15,"(1, 4, 15, 18, 20, 21, 22, 26, 28)",3,674,probe_repair,"[25, 35, 105, 150, 170, 180, 190, 195, 205, 225, 230, 260, 310, 325, 355]",0.00000000,"[0.00000000, 0.00000000, 0.00000000, 0.00000000, 0.00000000, 0.00000000, 0.00000000, 0.00000000, 0.00000000]",0.20700000,0.45732222,9->18
9,9,9,0,15,"(1, 4, 15, 18, 20, 21, 22, 26, 28)",4,109,probe_repair,"[60, 75, 80, 115, 160, 180, 200, 240, 275, 290, 295, 330, 335, 350, 360]",0.00000000,"[0.00000000, 0.00000000, 0.00000000, 0.00000000, 0.00000000, 0.00000000, 0.00000000, 0.00000000, 0.00000000]",0.23400000,0.44936667,11->15
9,9,9,0,15,"(1, 4, 15, 18, 20, 21, 22, 26, 28)",5,661,probe_repair,"[5, 10, 30, 40, 50, 55, 90, 95, 130, 140, 195, 220, 280, 285, 330]",0.00000000,"[0.00000000, 0.00000000, 0.00000000, 0.00000000, 0.00000000, 0.00000000, 0.00000000, 0.00000000, 0.00000000]",0.13400000,0.44123333,25->21
9,9,9,0,15,"(1, 4, 15, 18, 20, 21, 22, 26, 28)",6,37,probe_repair,"[5, 25, 30, 35, 40, 50, 60, 90, 115, 135, 175, 240, 245, 320, 360]",0.00000000,"[0.00000000, 0.00000000, 0.00000000, 0.00000000, 0.00000000, 0.00000000, 0.00000000, 0.00000000, 0.00000000]",0.17400000,0.45047778,17->28
9,9,9,0,15,"(1, 4, 15, 18, 20, 21, 22, 26, 28)",7,221,probe_repair,"[10, 25, 40, 60, 80, 110, 115, 130, 140, 145, 225, 235, 300, 310, 365]",0.00000000,"[0.00000000, 0.00000000, 0.00000000, 0.00000000, 0.00000000, 0.00000000, 0.00000000, 0.00000000, 0.00000000]",0.19100000,0.44248889,17->4
9,9,9,0,15,"(1, 4, 15, 18, 20, 21, 22, 26, 28)",8,670,probe_repair,"[25, 35, 105, 150, 170, 180, 190, 195, 205, 225, 230, 260, 310, 325, 355]",0.00000000,"[0.00000000, 0.00000000, 0.00000000, 0.00000000, 0.00000000, 0.00000000, 0.00000000, 0.00000000, 0.00000000]",0.19800000,0.45274444,9->18
9,9,9,0,15,"(1, 4, 15, 18, 20, 21, 22, 26, 28)",9,581,probe_repair,"[40, 105, 120, 125, 150, 160, 175, 195, 200, 265, 300, 320, 325, 340, 345]",0.00000000,"[0.00000000, 0.00000000, 0.00000000, 0.00000000, 0.00000000, 0.00000000, 0.00000000, 0.00000000, 0.00000000]",0.21300000,0.44683333,7->1
9,9,9,0,15,"(1, 4, 15, 18, 20, 21, 22, 26, 28)",10,1,baseline,"[5, 30, 55, 80, 105, 130, 155, 180, 205, 230, 255, 280, 305, 330, 355]",0.00000000,"[0.00000000, 0.00000000, 0.00000000, 0.00000000, 0.00000000, 0.00000000, 0.00000000, 0.00000000, 0.00000000]",0.10600000,0.43994444,27->1
9,9,9,0,16,"(4, 6, 9, 11, 18, 20, 24, 25, 27)",1,425,probe_repair,"[60, 65, 105, 130, 165, 190, 200, 205, 220, 250, 275, 315, 325, 340, 345]",0.00000000,"[0.00000000, 0.00000000, 0.00000000, 0.00000000, 0.00000000, 0.00000000, 0.00000000, 0.00000000, 0.00000000]",0.23000000,0.46259259,17->18
9,9,9,0,16,"(4, 6, 9, 11, 18, 20, 24, 25, 27)",2,1509,probe_repair,"[25, 45, 95, 100, 105, 145, 195, 205, 250, 275, 285, 290, 320, 345, 365]",0.00000000,"[0.00000000, 0.00000000, 0.00000000, 0.00000000, 0.00000000, 0.00000000, 0.00000000, 0.00000000, 0.00000000]",0.23000000,0.45072840,16->18
9,9,9,0,16,"(4, 6, 9, 11, 18, 20, 24, 25, 27)",3,1453,probe_repair,"[25, 30, 100, 150, 200, 210, 235, 245, 285, 300, 305, 340, 345, 355, 360]",0.00000000,"[0.00000000, 0.00000000, 0.00000000, 0.00000000, 0.00000000, 0.00000000, 0.00000000, 0.00000000, 0.00000000]",0.24300000,0.44974074,16->18
9,9,9,0,16,"(4, 6, 9, 11, 18, 20, 24, 25, 27)",4,1314,probe_repair,"[65, 70, 135, 155, 160, 165, 170, 195, 205, 245, 270, 280, 285, 355, 360]",0.00000000,"[0.00000000, 0.00000000, 0.00000000, 0.00000000, 0.00000000, 0.00000000, 0.00000000, 0.00000000, 0.00000000]",0.27400000,0.46013580,16->24
9,9,9,0,16,"(4, 6, 9, 11, 18, 20, 24, 25, 27)",5,1309,probe_repair,"[65, 70, 135, 155, 160, 165, 170, 195, 205, 245, 270, 280, 285, 355, 360]",0.00000000,"[0.00000000, 0.00000000, 0.00000000, 0.00000000, 0.00000000, 0.00000000, 0.00000000, 0.00000000, 0.00000000]",0.13200000,0.44304938,16->24
9,9,9,0,16,"(4, 6, 9, 11, 18, 20, 24, 25, 27)",6,501,probe_repair,"[55, 75, 110, 115, 130, 160, 205, 215, 250, 255, 265, 280, 305, 325, 330]",0.00000000,"[0.00000000, 0.00000000, 0.00000000, 0.00000000, 0.00000000, 0.00000000, 0.00000000, 0.00000000, 0.00000000]",0.31900000,0.45354321,28->25
9,9,9,0,16,"(4, 6, 9, 11, 18, 20, 24, 25, 27)",7,837,probe_repair,"[50, 95, 130, 135, 160, 165, 180, 210, 235, 245, 250, 260, 275, 285, 345]",0.00000000,"[0.00000000, 0.00000000, 0.00000000, 0.00000000, 0.00000000, 0.00000000, 0.00000000, 0.00000000, 0.00000000]",0.08100000,0.44198765,28->27
9,9,9,0,16,"(4, 6, 9, 11, 18, 20, 24, 25, 27)",8,1445,probe_repair,"[25, 30, 100, 170, 190, 200, 205, 235, 290, 300, 325, 330, 335, 340, 355]",0.00000000,"[0.00000000, 0.00000000, 0.00000000, 0.00000000, 0.00000000, 0.00000000, 0.00000000, 0.00000000, 0.00000000]",0.18200000,0.44197531,28->27
9,9,9,0,16,"(4, 6, 9, 11, 18, 20, 24, 25, 27)",9,598,probe_repair,"[25, 70, 90, 135, 140, 155, 160, 180, 230, 240, 250, 255, 285, 325, 355]",0.00000000,"[0.00000000, 0.00000000, 0.00000000, 0.00000000, 0.00000000, 0.00000000, 0.00000000, 0.00000000, 0.00000000]",0.21500000,0.45887654,15->9
9,9,9,0,16,"(4, 6, 9, 11, 18, 20, 24, 25, 27)",10,493,probe_repair,"[25, 75, 80, 105, 115, 120, 140, 160, 220, 265, 280, 290, 330, 340, 350]",0.00000000,"[0.00000000, 0.00000000, 0.00000000, 0.00000000, 0.00000000, 0.00000000, 0.00000000, 0.00000000, 0.00000000]",0.00000000,0.43851852,26->11
9,9,9,0,17,"(1, 4, 15, 16, 18, 21, 22, 25, 27)",1,157,probe_repair,"[30, 50, 65, 95, 120, 135, 140, 150, 155, 190, 195, 205, 235, 330, 355]",0.00000000,"[0.00000000, 0.00000000, 0.00000000, 0.00000000, 0.00000000, 0.00000000, 0.00000000, 0.00000000, 0.00000000]",0.01000000,0.44922222,11->4
9,9,9,0,17,"(1, 4, 15, 16, 18, 21, 22, 25, 27)",2,117,probe_repair,"[35, 40, 45, 50, 85, 135, 145, 150, 165, 240, 245, 250, 285, 325, 335]",0.00000000,"[0.00000000, 0.00000000, 0.00000000, 0.00000000, 0.00000000, 0.00000000, 0.00000000, 0.00000000, 0.00000000]",0.22100000,0.44743333,26->4
9,9,9,0,17,"(1, 4, 15, 16, 18, 21, 22, 25, 27)",3,637,probe_repair,"[5, 25, 35, 55, 80, 110, 125, 160, 170, 175, 255, 265, 275, 280, 360]",0.00000000,"[0.00000000, 0.00000000, 0.00000000, 0.00000000, 0.00000000, 0.00000000, 0.00000000, 0.00000000, 0.00000000]",0.21900000,0.44282222,20->18
9,9,9,0,17,"(1, 4, 15, 16, 18, 21, 22, 25, 27)",4,341,probe_repair,"[30, 65, 90, 100, 120, 165, 180, 185, 220, 240, 245, 260, 275, 290, 300]",0.00000000,"[0.00000000, 0.00000000, 0.00000000, 0.00000000, 0.00000000, 0.00000000, 0.00000000, 0.00000000, 0.00000000]",0.25600000,0.45447778,9->1
9,9,9,0,17,"(1, 4, 15, 16, 18, 21, 22, 25, 27)",5,613,probe_repair,"[15, 25, 65, 80, 85, 110, 115, 140, 170, 180, 185, 195, 290, 320, 350]",0.00000000,"[0.00000000, 0.00000000, 0.00000000, 0.00000000, 0.00000000, 0.00000000, 0.00000000, 0.00000000, 0.00000000]",0.15200000,0.44364444,11->27
9,9,9,0,17,"(1, 4, 15, 16, 18, 21, 22, 25, 27)",6,376,probe_repair,"[10, 110, 125, 150, 170, 175, 185, 190, 195, 220, 275, 290, 300, 325, 340]",0.00000000,"[0.00000000, 0.00000000, 0.00000000, 0.00000000, 0.00000000, 0.00000000, 0.00000000, 0.00000000, 0.00000000]",0.21700000,0.46450000,26->16
9,9,9,0,17,"(1, 4, 15, 16, 18, 21, 22, 25, 27)",7,693,probe_repair,"[5, 15, 55, 65, 80, 120, 160, 165, 200, 225, 255, 265, 275, 290, 305]",0.00000000,"[0.00000000, 0.00000000, 0.00000000, 0.00000000, 0.00000000, 0.00000000, 0.00000000, 0.00000000, 0.00000000]",0.08300000,0.44805556,9->16
9,9,9,0,17,"(1, 4, 15, 16, 18, 21, 22, 25, 27)",8,461,probe_repair,"[10, 50, 95, 110, 120, 150, 155, 160, 200, 230, 250, 280, 295, 350, 355]",0.00000000,"[0.00000000, 0.00000000, 0.00000000, 0.00000000, 0.00000000, 0.00000000, 0.00000000, 0.00000000, 0.00000000]",0.27300000,0.45632222,26->22
9,9,9,0,17,"(1, 4, 15, 16, 18, 21, 22, 25, 27)",9,213,probe_repair,"[60, 80, 85, 100, 115, 125, 135, 210, 250, 295, 305, 310, 340, 350, 355]",0.00000000,"[0.00000000, 0.00000000, 0.00000000, 0.00000000, 0.00000000, 0.00000000, 0.00000000, 0.00000000, 0.00000000]",0.10200000,0.43697778,6->16
9,9,9,0,17,"(1, 4, 15, 16, 18, 21, 22, 25, 27)",10,589,probe_repair,"[30, 40, 95, 115, 120, 130, 150, 195, 210, 230, 235, 280, 290, 325, 365]",0.00000000,"[0.00000000, 0.00000000, 0.00000000, 0.00000000, 0.00000000, 0.00000000, 0.00000000, 0.00000000, 0.00000000]",0.00500000,0.43774444,6->18
9,9,9,0,18,"(1, 9, 18, 21, 24, 25, 26, 27, 28)",1,125,probe_repair,"[5, 10, 30, 45, 70, 80, 85, 105, 155, 160, 180, 230, 295, 355, 365]",0.00000000,"[0.00000000, 0.00000000, 0.00000000, 0.00000000, 0.00000000, 0.00000000, 0.00000000, 0.00000000, 0.00000000]",0.11000000,0.44211111,4->27
9,9,9,0,18,"(1, 9, 18, 21, 24, 25, 26, 27, 28)",2,53,probe_repair,"[10, 50, 80, 100, 120, 125, 160, 185, 205, 210, 225, 245, 290, 350, 365]",0.00000000,"[0.00000000, 0.00000000, 0.00000000, 0.00000000, 0.00000000, 0.00000000, 0.00000000, 0.00000000, 0.00000000]",0.13000000,0.44921111,17->1
9,9,9,0,18,"(1, 9, 18, 21, 24, 25, 26, 27, 28)",3,397,probe_repair,"[10, 15, 50, 70, 85, 90, 115, 120, 160, 195, 235, 240, 245, 295, 355]",0.00000000,"[0.00000000, 0.00000000, 0.00000000, 0.00000000, 0.00000000, 0.00000000, 0.00000000, 0.00000000, 0.00000000]",0.17800000,0.44265556,4->21
9,9,9,0,18,"(1, 9, 18, 21, 24, 25, 26, 27, 28)",4,102,probe_repair,"[10, 85, 90, 110, 155, 170, 240, 255, 265, 290, 295, 320, 325, 335, 360]",0.00000000,"[0.00000000, 0.00000000, 0.00000000, 0.00000000, 0.00000000, 0.00000000, 0.00000000, 0.00000000, 0.00000000]",0.29600000,0.46398889,20->18
9,9,9,0,18,"(1, 9, 18, 21, 24, 25, 26, 27, 28)",5,197,probe_repair,"[60, 95, 115, 150, 155, 175, 180, 185, 210, 225, 310, 320, 335, 350, 360]",0.00000000,"[0.00000000, 0.00000000, 0.00000000, 0.00000000, 0.00000000, 0.00000000, 0.00000000, 0.00000000, 0.00000000]",0.01400000,0.44360000,4->18
9,9,9,0,18,"(1, 9, 18, 21, 24, 25, 26, 27, 28)",6,293,probe_repair,"[5, 25, 50, 60, 90, 95, 105, 160, 165, 175, 195, 200, 235, 245, 310]",0.00000000,"[0.00000000, 0.00000000, 0.00000000, 0.00000000, 0.00000000, 0.00000000, 0.00000000, 0.00000000, 0.00000000]",0.19100000,0.44597778,15->9
9,9,9,0,18,"(1, 9, 18, 21, 24, 25, 26, 27, 28)",7,101,probe_repair,"[10, 85, 90, 110, 155, 170, 240, 255, 265, 290, 295, 320, 325, 335, 360]",0.00000000,"[0.00000000, 0.00000000, 0.00000000, 0.00000000, 0.00000000, 0.00000000, 0.00000000, 0.00000000, 0.00000000]",0.20000000,0.45034444,11->18
9,9,9,0,18,"(1, 9, 18, 21, 24, 25, 26, 27, 28)",8,341,probe_repair,"[25, 40, 120, 130, 140, 155, 160, 175, 180, 185, 190, 220, 225, 240, 265]",0.00000000,"[0.00000000, 0.00000000, 0.00000000, 0.00000000, 0.00000000, 0.00000000, 0.00000000, 0.00000000, 0.00000000]",0.21300000,0.45098889,4->27
9,9,9,0,18,"(1, 9, 18, 21, 24, 25, 26, 27, 28)",9,77,probe_repair,"[15, 25, 55, 60, 70, 95, 125, 155, 165, 220, 225, 245, 260, 300, 365]",0.00000000,"[0.00000000, 0.00000000, 0.00000000, 0.00000000, 0.00000000, 0.00000000, 0.00000000, 0.00000000, 0.00000000]",0.05800000,0.45255556,15->26
9,9,9,0,18,"(1, 9, 18, 21, 24, 25, 26, 27, 28)",10,45,probe_repair,"[55, 60, 70, 95, 135, 155, 180, 190, 200, 210, 240, 255, 260, 305, 325]",0.00000000,"[0.00000000, 0.00000000, 0.00000000, 0.00000000, 0.00000000, 0.00000000, 0.00000000, 0.00000000, 0.00000000]",0.27500000,0.45383333,15->26
9,9,9,0,19,"(1, 7, 9, 16, 18, 21, 25, 26, 28)",1,230,probe_repair,"[10, 25, 35, 40, 55, 60, 105, 125, 155, 165, 205, 220, 305, 310, 345]",0.00000000,"[0.00000000, 0.00000000, 0.00000000, 0.00000000, 0.00000000, 0.00000000, 0.00000000, 0.00000000, 0.00000000]",0.23200000,0.46214444,20->18
9,9,9,0,19,"(1, 7, 9, 16, 18, 21, 25, 26, 28)",2,141,probe_repair,"[25, 110, 115, 125, 140, 145, 150, 220, 230, 245, 260, 275, 285, 310, 360]",0.00000000,"[0.00000000, 0.00000000, 0.00000000, 0.00000000, 0.00000000, 0.00000000, 0.00000000, 0.00000000, 0.00000000]",0.08600000,0.44348889,4->9
9,9,9,0,19,"(1, 7, 9, 16, 18, 21, 25, 26, 28)",3,413,probe_repair,"[30, 35, 45, 60, 65, 75, 165, 170, 180, 210, 220, 290, 340, 345, 350]",0.00000000,"[0.00000000, 0.00000000, 0.00000000, 0.00000000, 0.00000000, 0.00000000, 0.00000000, 0.00000000, 0.00000000]",0.20800000,0.45341111,24->26
9,9,9,0,19,"(1, 7, 9, 16, 18, 21, 25, 26, 28)",4,73,probe_repair,"[15, 25, 55, 75, 90, 120, 130, 155, 175, 205, 260, 280, 320, 325, 365]",0.00000000,"[0.00000000, 0.00000000, 0.00000000, 0.00000000, 0.00000000, 0.00000000, 0.00000000, 0.00000000, 0.00000000]",0.19900000,0.45831111,15->9
9,9,9,0,19,"(1, 7, 9, 16, 18, 21, 25, 26, 28)",5,733,probe_repair,"[10, 60, 65, 105, 110, 125, 150, 175, 180, 210, 250, 265, 305, 345, 350]",0.00000000,"[0.00000000, 0.00000000, 0.00000000, 0.00000000, 0.00000000, 0.00000000, 0.00000000, 0.00000000, 0.00000000]",0.13600000,0.43786667,4->9
9,9,9,0,19,"(1, 7, 9, 16, 18, 21, 25, 26, 28)",6,573,probe_repair,"[5, 15, 40, 50, 65, 95, 125, 145, 170, 180, 225, 255, 325, 330, 345]",0.00000000,"[0.00000000, 0.00000000, 0.00000000, 0.00000000, 0.00000000, 0.00000000, 0.00000000, 0.00000000, 0.00000000]",0.23400000,0.44654444,11->28
9,9,9,0,19,"(1, 7, 9, 16, 18, 21, 25, 26, 28)",7,365,probe_repair,"[55, 95, 100, 170, 175, 185, 220, 255, 260, 265, 290, 295, 310, 330, 340]",0.00000000,"[0.00000000, 0.00000000, 0.00000000, 0.00000000, 0.00000000, 0.00000000, 0.00000000, 0.00000000, 0.00000000]",0.03100000,0.45150000,4->9
9,9,9,0,19,"(1, 7, 9, 16, 18, 21, 25, 26, 28)",8,645,probe_repair,"[45, 55, 70, 90, 95, 135, 245, 255, 260, 265, 290, 320, 325, 345, 355]",0.00000000,"[0.00000000, 0.00000000, 0.00000000, 0.00000000, 0.00000000, 0.00000000, 0.00000000, 0.00000000, 0.00000000]",0.17900000,0.44321111,6->16
9,9,9,0,19,"(1, 7, 9, 16, 18, 21, 25, 26, 28)",9,85,probe_repair,"[70, 95, 100, 140, 150, 170, 180, 210, 220, 255, 265, 275, 285, 295, 345]",0.00000000,"[0.00000000, 0.00000000, 0.00000000, 0.00000000, 0.00000000, 0.00000000, 0.00000000, 0.00000000, 0.00000000]",0.07700000,0.45371111,4->7
9,9,9,0,19,"(1, 7, 9, 16, 18, 21, 25, 26, 28)",10,221,probe_repair,"[10, 40, 45, 80, 95, 120, 125, 155, 160, 190, 240, 280, 290, 310, 365]",0.00000000,"[0.00000000, 0.00000000, 0.00000000, 0.00000000, 0.00000000, 0.00000000, 0.00000000, 0.00000000, 0.00000000]",0.00600000,0.44363333,27->18
9,9,9,0,20,"(1, 2, 5, 6, 11, 15, 24, 26, 27)",1,213,probe_repair,"[40, 45, 115, 130, 145, 155, 180, 210, 225, 230, 235, 240, 265, 330, 365]",0.00000000,"[0.00000000, 0.00000000, 0.00000000, 0.00000000, 0.00000000, 0.00000000, 0.00000000, 0.00000000, 0.00000000]",0.07200000,0.44753535,22->2
9,9,9,0,20,"(1, 2, 5, 6, 11, 15, 24, 26, 27)",2,221,probe_repair,"[5, 10, 25, 35, 75, 105, 110, 115, 185, 200, 225, 245, 275, 280, 365]",0.00000000,"[0.00000000, 0.00000000, 0.00000000, 0.00000000, 0.00000000, 0.00000000, 0.00000000, 0.00000000, 0.00000000]",0.01600000,0.43820202,16->1
9,9,9,0,20,"(1, 2, 5, 6, 11, 15, 24, 26, 27)",3,133,probe_repair,"[15, 50, 55, 65, 95, 110, 115, 170, 175, 220, 225, 240, 260, 295, 355]",0.00000000,"[0.00000000, 0.00000000, 0.00000000, 0.00000000, 0.00000000, 0.00000000, 0.00000000, 0.00000000, 0.00000000]",0.16000000,0.44242424,25->27
9,9,9,0,20,"(1, 2, 5, 6, 11, 15, 24, 26, 27)",4,69,probe_repair,"[40, 90, 100, 105, 115, 120, 140, 150, 160, 170, 200, 210, 220, 310, 325]",0.00000000,"[0.00000000, 0.00000000, 0.00000000, 0.00000000, 0.00000000, 0.00000000, 0.00000000, 0.00000000, 0.00000000]",0.15200000,0.44161616,16->27
9,9,9,0,20,"(1, 2, 5, 6, 11, 15, 24, 26, 27)",5,61,probe_repair,"[5, 75, 85, 95, 145, 165, 180, 185, 205, 210, 235, 255, 295, 335, 345]",0.00000000,"[0.00000000, 0.00000000, 0.00000000, 0.00000000, 0.00000000, 0.00000000, 0.00000000, 0.00000000, 0.00000000]",0.03600000,0.44309091,28->1
9,9,9,0,20,"(1, 2, 5, 6, 11, 15, 24, 26, 27)",6,205,probe_repair,"[15, 30, 35, 45, 65, 90, 100, 120, 125, 145, 250, 275, 295, 310, 325]",0.00000000,"[0.00000000, 0.00000000, 0.00000000, 0.00000000, 0.00000000, 0.00000000, 0.00000000, 0.00000000, 0.00000000]",0.11800000,0.44153535,4->26
9,9,9,0,20,"(1, 2, 5, 6, 11, 15, 24, 26, 27)",7,141,probe_repair,"[30, 50, 75, 105, 120, 130, 155, 205, 245, 250, 285, 310, 335, 355, 360]",0.00000000,"[0.00000000, 0.00000000, 0.00000000, 0.00000000, 0.00000000, 0.00000000, 0.00000000, 0.00000000, 0.00000000]",0.11900000,0.44621212,7->26
9,9,9,0,20,"(1, 2, 5, 6, 11, 15, 24, 26, 27)",8,77,probe_repair,"[25, 40, 55, 60, 110, 135, 140, 150, 170, 200, 280, 295, 325, 360, 365]",0.00000000,"[0.00000000, 0.00000000, 0.00000000, 0.00000000, 0.00000000, 0.00000000, 0.00000000, 0.00000000, 0.00000000]",0.13400000,0.44942424,17->5
9,9,9,0,20,"(1, 2, 5, 6, 11, 15, 24, 26, 27)",9,37,probe_repair,"[5, 10, 15, 35, 55, 75, 100, 130, 160, 165, 175, 245, 290, 305, 355]",0.00000000,"[0.00000000, 0.00000000, 0.00000000, 0.00000000, 0.00000000, 0.00000000, 0.00000000, 0.00000000, 0.00000000]",0.11600000,0.44634343,9->24
9,9,9,0,20,"(1, 2, 5, 6, 11, 15, 24, 26, 27)",10,165,probe_repair,"[30, 60, 65, 75, 80, 100, 105, 125, 130, 160, 285, 290, 310, 330, 365]",0.00000000,"[0.00000000, 0.00000000, 0.00000000, 0.00000000, 0.00000000, 0.00000000, 0.00000000, 0.00000000, 0.00000000]",0.20200000,0.45701010,22->15
9,9,9,0,21,"(1, 7, 15, 18, 20, 21, 22, 25, 26)",1,316,probe_repair,"[35, 45, 50, 70, 80, 90, 115, 120, 125, 180, 200, 205, 240, 255, 350]",0.00000000,"[0.00000000, 0.00000000, 0.00000000, 0.00000000, 0.00000000, 0.00000000, 0.00000000, 0.00000000, 0.00000000]",0.21400000,0.45542222,27->1
9,9,9,0,21,"(1, 7, 15, 18, 20, 21, 22, 25, 26)",2,77,probe_repair,"[5, 10, 25, 30, 35, 55, 105, 125, 130, 165, 175, 180, 275, 285, 360]",0.00000000,"[0.00000000, 0.00000000, 0.00000000, 0.00000000, 0.00000000, 0.00000000, 0.00000000, 0.00000000, 0.00000000]",0.17500000,0.45117778,4->25
9,9,9,0,21,"(1, 7, 15, 18, 20, 21, 22, 25, 26)",3,453,probe_repair,"[5, 35, 75, 80, 100, 105, 130, 135, 235, 255, 265, 275, 285, 340, 365]",0.00000000,"[0.00000000, 0.00000000, 0.00000000, 0.00000000, 0.00000000, 0.00000000, 0.00000000, 0.00000000, 0.00000000]",0.00000000,0.43254444,9->1
9,9,9,0,21,"(1, 7, 15, 18, 20, 21, 22, 25, 26)",4,309,probe_repair,"[35, 45, 50, 70, 80, 90, 115, 120, 125, 180, 200, 205, 240, 255, 350]",0.00000000,"[0.00000000, 0.00000000, 0.00000000, 0.00000000, 0.00000000, 0.00000000, 0.00000000, 0.00000000, 0.00000000]",0.10600000,0.44011111,27->1
9,9,9,0,21,"(1, 7, 15, 18, 20, 21, 22, 25, 26)",5,581,probe_repair,"[30, 90, 110, 120, 130, 140, 225, 250, 275, 285, 290, 300, 310, 340, 365]",0.00000000,"[0.00000000, 0.00000000, 0.00000000, 0.00000000, 0.00000000, 0.00000000, 0.00000000, 0.00000000, 0.00000000]",0.09400000,0.44231111,24->7
9,9,9,0,21,"(1, 7, 15, 18, 20, 21, 22, 25, 26)",6,293,probe_repair,"[10, 80, 90, 95, 100, 130, 150, 165, 195, 205, 220, 230, 255, 260, 335]",0.00000000,"[0.00000000, 0.00000000, 0.00000000, 0.00000000, 0.00000000, 0.00000000, 0.00000000, 0.00000000, 0.00000000]",0.26900000,0.44773333,24->20
9,9,9,0,21,"(1, 7, 15, 18, 20, 21, 22, 25, 26)",7,245,probe_repair,"[35, 40, 85, 90, 110, 140, 155, 225, 240, 250, 260, 265, 300, 335, 360]",0.00000000,"[0.00000000, 0.00000000, 0.00000000, 0.00000000, 0.00000000, 0.00000000, 0.00000000, 0.00000000, 0.00000000]",0.21800000,0.44397778,27->25
9,9,9,0,21,"(1, 7, 15, 18, 20, 21, 22, 25, 26)",8,373,probe_repair,"[60, 65, 70, 110, 125, 155, 160, 180, 200, 205, 225, 250, 280, 290, 330]",0.00000000,"[0.00000000, 0.00000000, 0.00000000, 0.00000000, 0.00000000, 0.00000000, 0.00000000, 0.00000000, 0.00000000]",0.08400000,0.45130000,4->18
9,9,9,0,21,"(1, 7, 15, 18, 20, 21, 22, 25, 26)",9,149,probe_repair,"[60, 70, 100, 110, 150, 155, 170, 190, 240, 265, 285, 290, 295, 330, 355]",0.00000000,"[0.00000000, 0.00000000, 0.00000000, 0.00000000, 0.00000000, 0.00000000, 0.00000000, 0.00000000, 0.00000000]",0.18500000,0.44101111,27->7
9,9,9,0,21,"(1, 7, 15, 18, 20, 21, 22, 25, 26)",10,517,probe_repair,"[10, 30, 50, 85, 105, 125, 145, 195, 205, 225, 275, 290, 310, 335, 360]",0.00000000,"[0.00000000, 0.00000000, 0.00000000, 0.00000000, 0.00000000, 0.00000000, 0.00000000, 0.00000000, 0.00000000]",0.18400000,0.44034444,2->18
9,9,9,0,22,"(2, 5, 6, 7, 18, 20, 21, 26, 27)",1,221,probe_repair,"[25, 55, 60, 95, 135, 140, 205, 220, 240, 245, 285, 295, 315, 335, 360]",0.00000000,"[0.00000000, 0.00000000, 0.00000000, 0.00000000, 0.00000000, 0.00000000, 0.00000000, 0.00000000, 0.00000000]",0.05400000,0.44786667,28->2
9,9,9,0,22,"(2, 5, 6, 7, 18, 20, 21, 26, 27)",2,141,probe_repair,"[10, 25, 60, 75, 80, 110, 130, 155, 215, 230, 260, 270, 295, 330, 355]",0.00000000,"[0.00000000, 0.00000000, 0.00000000, 0.00000000, 0.00000000, 0.00000000, 0.00000000, 0.00000000, 0.00000000]",0.19200000,0.44047778,17->5
9,9,9,0,22,"(2, 5, 6, 7, 18, 20, 21, 26, 27)",3,349,probe_repair,"[5, 20, 45, 55, 60, 80, 165, 220, 230, 250, 270, 290, 295, 300, 360]",0.00000000,"[0.00000000, 0.00000000, 0.00000000, 0.00000000, 0.00000000, 0.00000000, 0.00000000, 0.00000000, 0.00000000]",0.08100000,0.44506667,24->26
9,9,9,0,22,"(2, 5, 6, 7, 18, 20, 21, 26, 27)",4,461,probe_repair,"[25, 35, 45, 50, 55, 60, 105, 120, 145, 150, 165, 180, 270, 275, 335]",0.00000000,"[0.00000000, 0.00000000, 0.00000000, 0.00000000, 0.00000000, 0.00000000, 0.00000000, 0.00000000, 0.00000000]",0.11600000,0.45354444,11->2
9,9,9,0,22,"(2, 5, 6, 7, 18, 20, 21, 26, 27)",5,565,probe_repair,"[20, 40, 105, 110, 115, 130, 140, 170, 175, 220, 225, 250, 255, 335, 340]",0.00000000,"[0.00000000, 0.00000000, 0.00000000, 0.00000000, 0.00000000, 0.00000000, 0.00000000, 0.00000000, 0.00000000]",0.11500000,0.44711111,15->27
9,9,9,0,22,"(2, 5, 6, 7, 18, 20, 21, 26, 27)",6,293,probe_repair,"[65, 75, 90, 100, 120, 130, 135, 145, 210, 215, 225, 245, 250, 255, 260]",0.00000000,"[0.00000000, 0.00000000, 0.00000000, 0.00000000, 0.00000000, 0.00000000, 0.00000000, 0.00000000, 0.00000000]",0.16800000,0.44573333,4->2
9,9,9,0,22,"(2, 5, 6, 7, 18, 20, 21, 26, 27)",7,69,probe_repair,"[5, 105, 120, 130, 165, 175, 180, 245, 250, 260, 270, 325, 335, 340, 365]",0.00000000,"[0.00000000, 0.00000000, 0.00000000, 0.00000000, 0.00000000, 0.00000000, 0.00000000, 0.00000000, 0.00000000]",0.26300000,0.45354444,24->6
9,9,9,0,22,"(2, 5, 6, 7, 18, 20, 21, 26, 27)",8,325,probe_repair,"[20, 100, 110, 145, 155, 190, 245, 260, 265, 290, 300, 315, 325, 345, 360]",0.00000000,"[0.00000000, 0.00000000, 0.00000000, 0.00000000, 0.00000000, 0.00000000, 0.00000000, 0.00000000, 0.00000000]",0.10600000,0.44820000,28->26
9,9,9,0,22,"(2, 5, 6, 7, 18, 20, 21, 26, 27)",9,1,baseline,"[5, 30, 55, 80, 105, 130, 155, 180, 205, 230, 255, 280, 305, 330, 355]",0.00000000,"[0.00000000, 0.00000000, 0.00000000, 0.00000000, 0.00000000, 0.00000000, 0.00000000, 0.00000000, 0.00000000]",0.02500000,0.43820000,15->5
9,9,9,0,22,"(2, 5, 6, 7, 18, 20, 21, 26, 27)",10,149,probe_repair,"[15, 30, 40, 50, 120, 135, 140, 145, 160, 200, 205, 260, 315, 335, 355]",0.00000000,"[0.00000000, 0.00000000, 0.00000000, 0.00000000, 0.00000000, 0.00000000, 0.00000000, 0.00000000, 0.00000000]",0.22300000,0.44291111,4->2
9,9,9,0,23,"(5, 9, 11, 15, 18, 21, 22, 26, 28)",1,197,probe_repair,"[20, 40, 90, 95, 105, 115, 140, 160, 180, 230, 250, 290, 305, 340, 365]",0.00000000,"[0.00000000, 0.00000000, 0.00000000, 0.00000000, 0.00000000, 0.00000000, 0.00000000, 0.00000000, 0.00000000]",0.15100000,0.44004444,7->26
9,9,9,0,23,"(5, 9, 11, 15, 18, 21, 22, 26, 28)",2,343,probe_repair,"[5, 45, 50, 85, 90, 135, 155, 185, 210, 235, 250, 295, 305, 310, 335]",0.00000000,"[0.00000000, 0.00000000, 0.00000000, 0.00000000, 0.00000000, 0.00000000, 0.00000000, 0.00000000, 0.00000000]",0.32200000,0.46281111,17->5
9,9,9,0,23,"(5, 9, 11, 15, 18, 21, 22, 26, 28)",3,285,probe_repair,"[20, 80, 95, 100, 115, 125, 170, 175, 210, 215, 220, 225, 235, 260, 340]",0.00000000,"[0.00000000, 0.00000000, 0.00000000, 0.00000000, 0.00000000, 0.00000000, 0.00000000, 0.00000000, 0.00000000]",0.17000000,0.44186667,24->26
9,9,9,0,23,"(5, 9, 11, 15, 18, 21, 22, 26, 28)",4,381,probe_repair,"[15, 20, 50, 95, 125, 135, 180, 190, 200, 215, 250, 270, 285, 315, 355]",0.00000000,"[0.00000000, 0.00000000, 0.00000000, 0.00000000, 0.00000000, 0.00000000, 0.00000000, 0.00000000, 0.00000000]",0.15100000,0.43755556,2->11
9,9,9,0,23,"(5, 9, 11, 15, 18, 21, 22, 26, 28)",5,77,probe_repair,"[35, 40, 45, 90, 115, 120, 135, 155, 165, 175, 180, 190, 220, 225, 235]",0.00000000,"[0.00000000, 0.00000000, 0.00000000, 0.00000000, 0.00000000, 0.00000000, 0.00000000, 0.00000000, 0.00000000]",0.02800000,0.45130000,7->26
9,9,9,0,23,"(5, 9, 11, 15, 18, 21, 22, 26, 28)",6,293,probe_repair,"[5, 40, 50, 55, 100, 180, 190, 205, 210, 230, 255, 280, 285, 335, 355]",0.00000000,"[0.00000000, 0.00000000, 0.00000000, 0.00000000, 0.00000000, 0.00000000, 0.00000000, 0.00000000, 0.00000000]",0.16300000,0.44282222,25->26
9,9,9,0,23,"(5, 9, 11, 15, 18, 21, 22, 26, 28)",7,85,probe_repair,"[10, 30, 80, 90, 100, 120, 145, 170, 205, 235, 255, 295, 310, 315, 360]",0.00000000,"[0.00000000, 0.00000000, 0.00000000, 0.00000000, 0.00000000, 0.00000000, 0.00000000, 0.00000000, 0.00000000]",0.05000000,0.45014444,7->22
9,9,9,0,23,"(5, 9, 11, 15, 18, 21, 22, 26, 28)",8,365,probe_repair,"[25, 45, 55, 90, 145, 160, 165, 200, 210, 235, 250, 255, 270, 295, 300]",0.00000000,"[0.00000000, 0.00000000, 0.00000000, 0.00000000, 0.00000000, 0.00000000, 0.00000000, 0.00000000, 0.00000000]",0.19400000,0.44756667,24->11
9,9,9,0,23,"(5, 9, 11, 15, 18, 21, 22, 26, 28)",9,413,probe_repair,"[35, 55, 60, 65, 80, 115, 155, 165, 185, 205, 215, 250, 270, 325, 355]",0.00000000,"[0.00000000, 0.00000000, 0.00000000, 0.00000000, 0.00000000, 0.00000000, 0.00000000, 0.00000000, 0.00000000]",0.13800000,0.43622222,20->5
9,9,9,0,23,"(5, 9, 11, 15, 18, 21, 22, 26, 28)",10,405,probe_repair,"[25, 40, 45, 60, 85, 145, 150, 185, 210, 215, 220, 235, 250, 265, 280]",0.00000000,"[0.00000000, 0.00000000, 0.00000000, 0.00000000, 0.00000000, 0.00000000, 0.00000000, 0.00000000, 0.00000000]",0.04100000,0.44390000,2->9
9,9,9,0,24,"(1, 6, 9, 15, 16, 18, 20, 22, 26)",1,237,probe_repair,"[30, 40, 50, 65, 70, 110, 180, 210, 220, 230, 250, 255, 260, 290, 335]",0.00000000,"[0.00000000, 0.00000000, 0.00000000, 0.00000000, 0.00000000, 0.00000000, 0.00000000, 0.00000000, 0.00000000]",0.11900000,0.44705556,28->26
9,9,9,0,24,"(1, 6, 9, 15, 16, 18, 20, 22, 26)",2,436,probe_repair,"[60, 75, 135, 140, 155, 160, 165, 180, 195, 200, 220, 255, 265, 325, 350]",0.00000000,"[0.00000000, 0.00000000, 0.00000000, 0.00000000, 0.00000000, 0.00000000, 0.00000000, 0.00000000, 0.00000000]",0.12400000,0.45281111,11->9
9,9,9,0,24,"(1, 6, 9, 15, 16, 18, 20, 22, 26)",3,37,probe_repair,"[25, 30, 35, 50, 90, 105, 110, 130, 170, 185, 210, 305, 340, 345, 350]",0.00000000,"[0.00000000, 0.00000000, 0.00000000, 0.00000000, 0.00000000, 0.00000000, 0.00000000, 0.00000000, 0.00000000]",0.16900000,0.45447778,7->18
9,9,9,0,24,"(1, 6, 9, 15, 16, 18, 20, 22, 26)",4,445,probe_repair,"[30, 40, 100, 105, 115, 120, 135, 155, 220, 250, 255, 260, 310, 320, 360]",0.00000000,"[0.00000000, 0.00000000, 0.00000000, 0.00000000, 0.00000000, 0.00000000, 0.00000000, 0.00000000, 0.00000000]",0.20300000,0.45462222,27->1
9,9,9,0,24,"(1, 6, 9, 15, 16, 18, 20, 22, 26)",5,125,probe_repair,"[25, 35, 85, 90, 115, 170, 180, 190, 205, 235, 240, 295, 300, 320, 345]",0.00000000,"[0.00000000, 0.00000000, 0.00000000, 0.00000000, 0.00000000, 0.00000000, 0.00000000, 0.00000000, 0.00000000]",0.23900000,0.45410000,27->9
9,9,9,0,24,"(1, 6, 9, 15, 16, 18, 20, 22, 26)",6,525,probe_repair,"[10, 15, 80, 115, 135, 140, 145, 175, 185, 195, 205, 250, 300, 345, 350]",0.00000000,"[0.00000000, 0.00000000, 0.00000000, 0.00000000, 0.00000000, 0.00000000, 0.00000000, 0.00000000, 0.00000000]",0.11200000,0.44014444,4->22
9,9,9,0,24,"(1, 6, 9, 15, 16, 18, 20, 22, 26)",7,333,probe_repair,"[15, 30, 35, 85, 90, 100, 110, 205, 260, 275, 300, 330, 335, 345, 360]",0.00000000,"[0.00000000, 0.00000000, 0.00000000, 0.00000000, 0.00000000, 0.00000000, 0.00000000, 0.00000000, 0.00000000]",0.07200000,0.44930000,4->18
9,9,9,0,24,"(1, 6, 9, 15, 16, 18, 20, 22, 26)",8,509,probe_repair,"[5, 10, 15, 40, 60, 65, 145, 190, 220, 235, 250, 265, 310, 335, 345]",0.00000000,"[0.00000000, 0.00000000, 0.00000000, 0.00000000, 0.00000000, 0.00000000, 0.00000000, 0.00000000, 0.00000000]",0.27600000,0.44956667,11->16
9,9,9,0,24,"(1, 6, 9, 15, 16, 18, 20, 22, 26)",9,77,probe_repair,"[30, 35, 65, 70, 75, 135, 170, 185, 220, 230, 275, 310, 325, 340, 355]",0.00000000,"[0.00000000, 0.00000000, 0.00000000, 0.00000000, 0.00000000, 0.00000000, 0.00000000, 0.00000000, 0.00000000]",0.14600000,0.44592222,7->26
9,9,9,0,24,"(1, 6, 9, 15, 16, 18, 20, 22, 26)",10,109,probe_repair,"[45, 65, 70, 85, 95, 110, 190, 220, 230, 290, 320, 325, 335, 345, 360]",0.00000000,"[0.00000000, 0.00000000, 0.00000000, 0.00000000, 0.00000000, 0.00000000, 0.00000000, 0.00000000, 0.00000000]",0.13200000,0.44186667,28->22
9,9,9,0,25,"(1, 4, 5, 15, 22, 24, 25, 26, 28)",1,241,probe_repair,"[10, 15, 75, 115, 125, 130, 150, 170, 180, 185, 295, 300, 305, 310, 330]",0.00000000,"[0.00000000, 0.00000000, 0.00000000, 0.00000000, 0.00000000, 0.00000000, 0.00000000, 0.00000000, 0.00000000]",0.33500000,0.46542424,16->25
9,9,9,0,25,"(1, 4, 5, 15, 22, 24, 25, 26, 28)",2,237,probe_repair,"[10, 15, 75, 115, 125, 130, 150, 170, 180, 185, 295, 300, 305, 310, 330]",0.00000000,"[0.00000000, 0.00000000, 0.00000000, 0.00000000, 0.00000000, 0.00000000, 0.00000000, 0.00000000, 0.00000000]",0.13100000,0.45444444,7->24
9,9,9,0,25,"(1, 4, 5, 15, 22, 24, 25, 26, 28)",3,21,probe_repair,"[10, 35, 50, 65, 90, 95, 110, 115, 175, 180, 255, 260, 280, 285, 325]",0.00000000,"[0.00000000, 0.00000000, 0.00000000, 0.00000000, 0.00000000, 0.00000000, 0.00000000, 0.00000000, 0.00000000]",0.21700000,0.45121212,11->4
9,9,9,0,25,"(1, 4, 5, 15, 22, 24, 25, 26, 28)",4,133,probe_repair,"[30, 40, 45, 100, 105, 145, 165, 170, 185, 250, 295, 325, 335, 340, 360]",0.00000000,"[0.00000000, 0.00000000, 0.00000000, 0.00000000, 0.00000000, 0.00000000, 0.00000000, 0.00000000, 0.00000000]",0.20700000,0.45283838,20->26
9,9,9,0,25,"(1, 4, 5, 15, 22, 24, 25, 26, 28)",5,149,probe_repair,"[15, 25, 30, 45, 105, 135, 210, 225, 265, 305, 310, 330, 345, 355, 365]",0.00000000,"[0.00000000, 0.00000000, 0.00000000, 0.00000000, 0.00000000, 0.00000000, 0.00000000, 0.00000000, 0.00000000]",0.10100000,0.45033333,6->22
9,9,9,0,25,"(1, 4, 5, 15, 22, 24, 25, 26, 28)",6,221,probe_repair,"[40, 45, 75, 105, 125, 145, 150, 165, 175, 180, 210, 230, 260, 280, 355]",0.00000000,"[0.00000000, 0.00000000, 0.00000000, 0.00000000, 0.00000000, 0.00000000, 0.00000000, 0.00000000, 0.00000000]",0.08900000,0.44633333,16->28
9,9,9,0,25,"(1, 4, 5, 15, 22, 24, 25, 26, 28)",7,109,probe_repair,"[10, 15, 25, 45, 90, 100, 105, 115, 180, 200, 280, 300, 305, 335, 365]",0.00000000,"[0.00000000, 0.00000000, 0.00000000, 0.00000000, 0.00000000, 0.00000000, 0.00000000, 0.00000000, 0.00000000]",0.16500000,0.44497980,16->5
9,9,9,0,25,"(1, 4, 5, 15, 22, 24, 25, 26, 28)",8,189,probe_repair,"[80, 85, 105, 120, 140, 170, 180, 185, 200, 225, 245, 295, 325, 355, 365]",0.00000000,"[0.00000000, 0.00000000, 0.00000000, 0.00000000, 0.00000000, 0.00000000, 0.00000000, 0.00000000, 0.00000000]",0.21000000,0.44487879,17->26
9,9,9,0,25,"(1, 4, 5, 15, 22, 24, 25, 26, 28)",9,245,probe_repair,"[30, 35, 100, 115, 145, 155, 165, 190, 200, 245, 280, 285, 290, 310, 360]",0.00000000,"[0.00000000, 0.00000000, 0.00000000, 0.00000000, 0.00000000, 0.00000000, 0.00000000, 0.00000000, 0.00000000]",0.07100000,0.44215152,7->15
9,9,9,0,25,"(1, 4, 5, 15, 22, 24, 25, 26, 28)",10,141,probe_repair,"[5, 25, 40, 50, 75, 100, 105, 140, 145, 190, 325, 330, 335, 340, 355]",0.00000000,"[0.00000000, 0.00000000, 0.00000000, 0.00000000, 0.00000000, 0.00000000, 0.00000000, 0.00000000, 0.00000000]",0.12900000,0.44118182,21->4
9,9,9,0,26,"(1, 5, 11, 15, 16, 18, 21, 24, 28)",1,125,probe_repair,"[10, 90, 120, 145, 155, 165, 175, 180, 210, 240, 260, 265, 290, 330, 335]",0.00000000,"[0.00000000, 0.00000000, 0.00000000, 0.00000000, 0.00000000, 0.00000000, 0.00000000, 0.00000000, 0.00000000]",0.07000000,0.45112121,6->5
9,9,9,0,26,"(1, 5, 11, 15, 16, 18, 21, 24, 28)",2,133,probe_repair,"[60, 90, 125, 130, 145, 170, 175, 200, 235, 265, 275, 290, 310, 355, 365]",0.00000000,"[0.00000000, 0.00000000, 0.00000000, 0.00000000, 0.00000000, 0.00000000, 0.00000000, 0.00000000, 0.00000000]",0.14800000,0.44471717,6->16
9,9,9,0,26,"(1, 5, 11, 15, 16, 18, 21, 24, 28)",3,237,probe_repair,"[5, 65, 85, 105, 110, 135, 150, 190, 200, 245, 250, 280, 290, 300, 340]",0.00000000,"[0.00000000, 0.00000000, 0.00000000, 0.00000000, 0.00000000, 0.00000000, 0.00000000, 0.00000000, 0.00000000]",0.16500000,0.44277778,17->18
9,9,9,0,26,"(1, 5, 11, 15, 16, 18, 21, 24, 28)",4,229,probe_repair,"[5, 35, 55, 85, 115, 130, 140, 145, 160, 185, 225, 275, 300, 335, 355]",0.00000000,"[0.00000000, 0.00000000, 0.00000000, 0.00000000, 0.00000000, 0.00000000, 0.00000000, 0.00000000, 0.00000000]",0.16900000,0.44488889,6->24
9,9,9,0,26,"(1, 5, 11, 15, 16, 18, 21, 24, 28)",5,117,probe_repair,"[35, 45, 55, 60, 75, 80, 90, 115, 120, 180, 185, 220, 285, 310, 335]",0.00000000,"[0.00000000, 0.00000000, 0.00000000, 0.00000000, 0.00000000, 0.00000000, 0.00000000, 0.00000000, 0.00000000]",0.16100000,0.44997980,17->1
9,9,9,0,26,"(1, 5, 11, 15, 16, 18, 21, 24, 28)",6,29,probe_repair,"[10, 35, 65, 100, 115, 120, 125, 140, 165, 205, 210, 260, 275, 330, 335]",0.00000000,"[0.00000000, 0.00000000, 0.00000000, 0.00000000, 0.00000000, 0.00000000, 0.00000000, 0.00000000, 0.00000000]",0.03600000,0.44927273,27->11
9,9,9,0,26,"(1, 5, 11, 15, 16, 18, 21, 24, 28)",7,205,probe_repair,"[10, 15, 30, 75, 90, 105, 150, 190, 245, 275, 310, 330, 345, 355, 360]",0.00000000,"[0.00000000, 0.00000000, 0.00000000, 0.00000000, 0.00000000, 0.00000000, 0.00000000, 0.00000000, 0.00000000]",0.19500000,0.44077778,2->5
9,9,9,0,26,"(1, 5, 11, 15, 16, 18, 21, 24, 28)",8,109,probe_repair,"[35, 45, 80, 110, 115, 160, 165, 225, 240, 255, 260, 290, 305, 335, 365]",0.00000000,"[0.00000000, 0.00000000, 0.00000000, 0.00000000, 0.00000000, 0.00000000, 0.00000000, 0.00000000, 0.00000000]",0.12400000,0.44101010,6->11
9,9,9,0,26,"(1, 5, 11, 15, 16, 18, 21, 24, 28)",9,198,probe_repair,"[5, 30, 35, 45, 50, 55, 65, 85, 105, 120, 150, 240, 245, 255, 285]",0.00000000,"[0.00000000, 0.00000000, 0.00000000, 0.00000000, 0.00000000, 0.00000000, 0.00000000, 0.00000000, 0.00000000]",0.29300000,0.45305051,2->24
9,9,9,0,26,"(1, 5, 11, 15, 16, 18, 21, 24, 28)",10,181,probe_repair,"[5, 25, 35, 85, 105, 115, 130, 145, 155, 200, 250, 300, 305, 310, 355]",0.00000000,"[0.00000000, 0.00000000, 0.00000000, 0.00000000, 0.00000000, 0.00000000, 0.00000000, 0.00000000, 0.00000000]",0.08700000,0.44810101,4->5
9,9,9,0,27,"(9, 11, 15, 17, 20, 22, 24, 25, 28)",1,301,probe_repair,"[5, 10, 15, 20, 45, 65, 85, 125, 155, 175, 205, 225, 240, 325, 350]",0.00000000,"[0.00000000, 0.00000000, 0.00000000, 0.00000000, 0.00000000, 0.00000000, 0.00000000, 0.00000000, 0.00000000]",0.01800000,0.44711111,21->15
9,9,9,0,27,"(9, 11, 15, 17, 20, 22, 24, 25, 28)",2,273,probe_repair,"[15, 45, 80, 85, 100, 165, 175, 185, 200, 205, 240, 245, 315, 330, 355]",0.00000000,"[0.00000000, 0.00000000, 0.00000000, 0.00000000, 0.00000000, 0.00000000, 0.00000000, 0.00000000, 0.00000000]",0.26900000,0.45802469,2->9
9,9,9,0,27,"(9, 11, 15, 17, 20, 22, 24, 25, 28)",3,1317,probe_repair,"[20, 25, 30, 35, 120, 125, 165, 170, 210, 265, 270, 280, 285, 330, 355]",0.00000000,"[0.00000000, 0.00000000, 0.00000000, 0.00000000, 0.00000000, 0.00000000, 0.00000000, 0.00000000, 0.00000000]",0.10000000,0.44876543,18->25
9,9,9,0,27,"(9, 11, 15, 17, 20, 22, 24, 25, 28)",4,1533,probe_repair,"[20, 25, 35, 60, 90, 105, 135, 150, 185, 205, 225, 265, 270, 280, 320]",0.00000000,"[0.00000000, 0.00000000, 0.00000000, 0.00000000, 0.00000000, 0.00000000, 0.00000000, 0.00000000, 0.00000000]",0.30300000,0.44923457,2->9
9,9,9,0,27,"(9, 11, 15, 17, 20, 22, 24, 25, 28)",5,1469,probe_repair,"[5, 20, 80, 100, 120, 160, 170, 185, 190, 210, 245, 260, 295, 300, 320]",0.00000000,"[0.00000000, 0.00000000, 0.00000000, 0.00000000, 0.00000000, 0.00000000, 0.00000000, 0.00000000, 0.00000000]",0.07900000,0.44311111,4->28
9,9,9,0,27,"(9, 11, 15, 17, 20, 22, 24, 25, 28)",6,925,probe_repair,"[25, 30, 35, 145, 160, 215, 235, 240, 260, 275, 280, 295, 305, 330, 350]",0.00000000,"[0.00000000, 0.00000000, 0.00000000, 0.00000000, 0.00000000, 0.00000000, 0.00000000, 0.00000000, 0.00000000]",0.15600000,0.43769136,27->24
9,9,9,0,27,"(9, 11, 15, 17, 20, 22, 24, 25, 28)",7,949,probe_repair,"[5, 10, 35, 50, 125, 140, 195, 200, 255, 260, 290, 310, 320, 340, 355]",0.00000000,"[0.00000000, 0.00000000, 0.00000000, 0.00000000, 0.00000000, 0.00000000, 0.00000000, 0.00000000, 0.00000000]",0.11000000,0.44837037,27->25
9,9,9,0,27,"(9, 11, 15, 17, 20, 22, 24, 25, 28)",8,789,probe_repair,"[25, 40, 70, 180, 190, 205, 215, 235, 255, 280, 290, 295, 345, 360, 365]",0.00000000,"[0.00000000, 0.00000000, 0.00000000, 0.00000000, 0.00000000, 0.00000000, 0.00000000, 0.00000000, 0.00000000]",0.20300000,0.43919753,2->9
9,9,9,0,27,"(9, 11, 15, 17, 20, 22, 24, 25, 28)",9,285,probe_repair,"[15, 25, 80, 105, 115, 145, 150, 155, 165, 205, 215, 225, 255, 315, 345]",0.00000000,"[0.00000000, 0.00000000, 0.00000000, 0.00000000, 0.00000000, 0.00000000, 0.00000000, 0.00000000, 0.00000000]",0.04600000,0.44683951,21->24
9,9,9,0,27,"(9, 11, 15, 17, 20, 22, 24, 25, 28)",10,749,probe_repair,"[20, 30, 80, 90, 120, 125, 215, 225, 235, 285, 295, 320, 330, 345, 350]",0.00000000,"[0.00000000, 0.00000000, 0.00000000, 0.00000000, 0.00000000, 0.00000000, 0.00000000, 0.00000000, 0.00000000]",0.07500000,0.44014815,7->24
9,9,9,0,28,"(4, 7, 9, 17, 21, 25, 26, 27, 28)",1,693,probe_repair,"[20, 25, 30, 50, 70, 125, 140, 160, 210, 225, 245, 275, 340, 350, 360]",0.00000000,"[0.00000000, 0.00000000, 0.00000000, 0.00000000, 0.00000000, 0.00000000, 0.00000000, 0.00000000, 0.00000000]",0.08600000,0.44586420,16->17
9,9,9,0,28,"(4, 7, 9, 17, 21, 25, 26, 27, 28)",2,1549,probe_repair,"[50, 95, 100, 135, 170, 185, 215, 230, 235, 250, 265, 340, 350, 355, 360]",0.00000000,"[0.00000000, 0.00000000, 0.00000000, 0.00000000, 0.00000000, 0.00000000, 0.00000000, 0.00000000, 0.00000000]",0.18900000,0.44811111,18->28
9,9,9,0,28,"(4, 7, 9, 17, 21, 25, 26, 27, 28)",3,301,probe_repair,"[5, 10, 35, 40, 60, 90, 115, 130, 140, 170, 180, 185, 240, 285, 300]",0.00000000,"[0.00000000, 0.00000000, 0.00000000, 0.00000000, 0.00000000, 0.00000000, 0.00000000, 0.00000000, 0.00000000]",0.16000000,0.45043210,18->27
9,9,9,0,28,"(4, 7, 9, 17, 21, 25, 26, 27, 28)",4,1501,probe_repair,"[25, 35, 45, 85, 95, 105, 135, 140, 190, 220, 225, 300, 315, 335, 345]",0.00000000,"[0.00000000, 0.00000000, 0.00000000, 0.00000000, 0.00000000, 0.00000000, 0.00000000, 0.00000000, 0.00000000]",0.09800000,0.43864198,22->7
9,9,9,0,28,"(4, 7, 9, 17, 21, 25, 26, 27, 28)",5,1127,probe_repair,"[15, 30, 50, 60, 85, 90, 95, 140, 150, 155, 200, 205, 255, 305, 330]",0.00000000,"[0.00000000, 0.00000000, 0.00000000, 0.00000000, 0.00000000, 0.00000000, 0.00000000, 0.00000000, 0.00000000]",0.16300000,0.45628395,24->17
9,9,9,0,28,"(4, 7, 9, 17, 21, 25, 26, 27, 28)",6,325,probe_repair,"[20, 30, 70, 80, 175, 205, 210, 245, 250, 260, 280, 285, 290, 305, 325]",0.00000000,"[0.00000000, 0.00000000, 0.00000000, 0.00000000, 0.00000000, 0.00000000, 0.00000000, 0.00000000, 0.00000000]",0.07000000,0.44614815,6->27
9,9,9,0,28,"(4, 7, 9, 17, 21, 25, 26, 27, 28)",7,381,probe_repair,"[30, 35, 70, 100, 165, 185, 210, 255, 285, 310, 320, 325, 330, 345, 350]",0.00000000,"[0.00000000, 0.00000000, 0.00000000, 0.00000000, 0.00000000, 0.00000000, 0.00000000, 0.00000000, 0.00000000]",0.07900000,0.44788889,24->25
9,9,9,0,28,"(4, 7, 9, 17, 21, 25, 26, 27, 28)",8,429,probe_repair,"[50, 75, 115, 165, 195, 230, 245, 255, 265, 280, 285, 315, 350, 360, 365]",0.00000000,"[0.00000000, 0.00000000, 0.00000000, 0.00000000, 0.00000000, 0.00000000, 0.00000000, 0.00000000, 0.00000000]",0.21300000,0.45308642,15->17
9,9,9,0,28,"(4, 7, 9, 17, 21, 25, 26, 27, 28)",9,1405,probe_repair,"[5, 10, 120, 125, 140, 175, 195, 245, 250, 255, 270, 275, 305, 325, 340]",0.00000000,"[0.00000000, 0.00000000, 0.00000000, 0.00000000, 0.00000000, 0.00000000, 0.00000000, 0.00000000, 0.00000000]",0.16700000,0.44544444,6->7
9,9,9,0,28,"(4, 7, 9, 17, 21, 25, 26, 27, 28)",10,61,probe_repair,"[20, 50, 120, 155, 160, 170, 205, 210, 250, 260, 330, 335, 340, 350, 365]",0.00000000,"[0.00000000, 0.00000000, 0.00000000, 0.00000000, 0.00000000, 0.00000000, 0.00000000, 0.00000000, 0.00000000]",0.07600000,0.44517284,2->9
9,9,9,0,29,"(1, 5, 18, 20, 21, 22, 25, 27, 28)",1,37,probe_repair,"[30, 35, 40, 95, 100, 115, 125, 165, 205, 240, 255, 290, 300, 305, 345]",0.00000000,"[0.00000000, 0.00000000, 0.00000000, 0.00000000, 0.00000000, 0.00000000, 0.00000000, 0.00000000, 0.00000000]",0.18500000,0.43955556,15->20
9,9,9,0,29,"(1, 5, 18, 20, 21, 22, 25, 27, 28)",2,245,probe_repair,"[10, 65, 75, 105, 150, 165, 170, 200, 210, 220, 230, 285, 305, 330, 365]",0.00000000,"[0.00000000, 0.00000000, 0.00000000, 0.00000000, 0.00000000, 0.00000000, 0.00000000, 0.00000000, 0.00000000]",0.15700000,0.44751515,26->20
9,9,9,0,29,"(1, 5, 18, 20, 21, 22, 25, 27, 28)",3,247,probe_repair,"[10, 65, 75, 105, 150, 165, 170, 200, 210, 220, 230, 285, 305, 330, 365]",0.00000000,"[0.00000000, 0.00000000, 0.00000000, 0.00000000, 0.00000000, 0.00000000, 0.00000000, 0.00000000, 0.00000000]",0.29300000,0.46011111,11->25
9,9,9,0,29,"(1, 5, 18, 20, 21, 22, 25, 27, 28)",4,45,probe_repair,"[25, 30, 65, 125, 145, 155, 165, 170, 180, 205, 220, 240, 355, 360, 365]",0.00000000,"[0.00000000, 0.00000000, 0.00000000, 0.00000000, 0.00000000, 0.00000000, 0.00000000, 0.00000000, 0.00000000]",0.20800000,0.44701010,9->21
9,9,9,0,29,"(1, 5, 18, 20, 21, 22, 25, 27, 28)",5,125,probe_repair,"[15, 75, 80, 85, 115, 130, 135, 160, 185, 190, 205, 235, 245, 360, 365]",0.00000000,"[0.00000000, 0.00000000, 0.00000000, 0.00000000, 0.00000000, 0.00000000, 0.00000000, 0.00000000, 0.00000000]",0.17500000,0.44273737,24->5
9,9,9,0,29,"(1, 5, 18, 20, 21, 22, 25, 27, 28)",6,77,probe_repair,"[35, 50, 60, 65, 85, 100, 135, 140, 145, 210, 230, 255, 275, 355, 365]",0.00000000,"[0.00000000, 0.00000000, 0.00000000, 0.00000000, 0.00000000, 0.00000000, 0.00000000, 0.00000000, 0.00000000]",0.09400000,0.44650505,11->22
9,9,9,0,29,"(1, 5, 18, 20, 21, 22, 25, 27, 28)",7,213,probe_repair,"[10, 35, 45, 60, 65, 85, 100, 105, 135, 175, 230, 260, 290, 335, 360]",0.00000000,"[0.00000000, 0.00000000, 0.00000000, 0.00000000, 0.00000000, 0.00000000, 0.00000000, 0.00000000, 0.00000000]",0.05800000,0.44685859,9->21
9,9,9,0,29,"(1, 5, 18, 20, 21, 22, 25, 27, 28)",8,241,probe_repair,"[15, 30, 35, 80, 85, 110, 115, 130, 180, 240, 305, 310, 340, 355, 360]",0.00000000,"[0.00000000, 0.00000000, 0.00000000, 0.00000000, 0.00000000, 0.00000000, 0.00000000, 0.00000000, 0.00000000]",0.31900000,0.45054545,26->5
9,9,9,0,29,"(1, 5, 18, 20, 21, 22, 25, 27, 28)",9,21,probe_repair,"[65, 80, 115, 130, 135, 170, 175, 200, 230, 245, 265, 285, 300, 335, 365]",0.00000000,"[0.00000000, 0.00000000, 0.00000000, 0.00000000, 0.00000000, 0.00000000, 0.00000000, 0.00000000, 0.00000000]",0.02400000,0.44548485,16->22
9,9,9,0,29,"(1, 5, 18, 20, 21, 22, 25, 27, 28)",10,29,probe_repair,"[35, 40, 55, 60, 85, 100, 135, 145, 165, 175, 185, 225, 240, 335, 355]",0.00000000,"[0.00000000, 0.00000000, 0.00000000, 0.00000000, 0.00000000, 0.00000000, 0.00000000, 0.00000000, 0.00000000]",0.16100000,0.44414141,9->1
9,9,9,0,30,"(2, 9, 11, 15, 16, 18, 20, 22, 28)",1,365,probe_repair,"[20, 50, 100, 120, 145, 155, 185, 190, 200, 210, 235, 255, 285, 300, 350]",0.00000000,"[0.00000000, 0.00000000, 0.00000000, 0.00000000, 0.00000000, 0.00000000, 0.00000000, 0.00000000, 0.00000000]",0.14400000,0.45313580,25->2
9,9,9,0,30,"(2, 9, 11, 15, 16, 18, 20, 22, 28)",2,637,probe_repair,"[130, 140, 155, 160, 170, 175, 185, 205, 215, 240, 275, 330, 345, 350, 360]",0.00000000,"[0.00000000, 0.00000000, 0.00000000, 0.00000000, 0.00000000, 0.00000000, 0.00000000, 0.00000000, 0.00000000]",0.06700000,0.44440741,17->18
9,9,9,0,30,"(2, 9, 11, 15, 16, 18, 20, 22, 28)",3,1053,probe_repair,"[20, 35, 50, 65, 90, 95, 105, 130, 150, 175, 235, 240, 255, 305, 330]",0.00000000,"[0.00000000, 0.00000000, 0.00000000, 0.00000000, 0.00000000, 0.00000000, 0.00000000, 0.00000000, 0.00000000]",0.20300000,0.44500000,25->16
9,9,9,0,30,"(2, 9, 11, 15, 16, 18, 20, 22, 28)",4,549,probe_repair,"[15, 20, 30, 55, 105, 110, 130, 185, 215, 225, 240, 250, 265, 350, 355]",0.00000000,"[0.00000000, 0.00000000, 0.00000000, 0.00000000, 0.00000000, 0.00000000, 0.00000000, 0.00000000, 0.00000000]",0.02100000,0.45034568,27->18
9,9,9,0,30,"(2, 9, 11, 15, 16, 18, 20, 22, 28)",5,1453,probe_repair,"[15, 35, 75, 95, 105, 115, 145, 160, 185, 195, 280, 285, 295, 300, 335]",0.00000000,"[0.00000000, 0.00000000, 0.00000000, 0.00000000, 0.00000000, 0.00000000, 0.00000000, 0.00000000, 0.00000000]",0.16400000,0.44738272,25->22
9,9,9,0,30,"(2, 9, 11, 15, 16, 18, 20, 22, 28)",6,325,probe_repair,"[55, 60, 70, 90, 120, 140, 160, 175, 185, 225, 240, 275, 300, 320, 335]",0.00000000,"[0.00000000, 0.00000000, 0.00000000, 0.00000000, 0.00000000, 0.00000000, 0.00000000, 0.00000000, 0.00000000]",0.13000000,0.44595062,24->2
9,9,9,0,30,"(2, 9, 11, 15, 16, 18, 20, 22, 28)",7,485,probe_repair,"[20, 35, 110, 115, 130, 155, 180, 185, 190, 255, 285, 300, 320, 340, 355]",0.00000000,"[0.00000000, 0.00000000, 0.00000000, 0.00000000, 0.00000000, 0.00000000, 0.00000000, 0.00000000, 0.00000000]",0.11200000,0.45169136,26->18
9,9,9,0,30,"(2, 9, 11, 15, 16, 18, 20, 22, 28)",8,650,probe_repair,"[20, 30, 115, 140, 150, 160, 190, 200, 210, 215, 265, 285, 295, 330, 335]",0.00000000,"[0.00000000, 0.00000000, 0.00000000, 0.00000000, 0.00000000, 0.00000000, 0.00000000, 0.00000000, 0.00000000]",0.35400000,0.45855556,24->22
9,9,9,0,30,"(2, 9, 11, 15, 16, 18, 20, 22, 28)",9,917,probe_repair,"[50, 55, 75, 110, 145, 165, 175, 195, 205, 225, 235, 285, 290, 325, 335]",0.00000000,"[0.00000000, 0.00000000, 0.00000000, 0.00000000, 0.00000000, 0.00000000, 0.00000000, 0.00000000, 0.00000000]",0.06300000,0.45087654,7->18
9,9,9,0,30,"(2, 9, 11, 15, 16, 18, 20, 22, 28)",10,845,probe_repair,"[10, 25, 35, 60, 65, 85, 110, 120, 125, 150, 210, 235, 305, 325, 330]",0.00000000,"[0.00000000, 0.00000000, 0.00000000, 0.00000000, 0.00000000, 0.00000000, 0.00000000, 0.00000000, 0.00000000]",0.25900000,0.44509877,6->16
9,9,9,0,31,"(7, 9, 15, 16, 17, 24, 26, 27, 28)",1,669,probe_repair,"[45, 50, 55, 80, 90, 105, 135, 145, 200, 220, 250, 285, 295, 300, 360]",0.00000000,"[0.00000000, 0.00000000, 0.00000000, 0.00000000, 0.00000000, 0.00000000, 0.00000000, 0.00000000, 0.00000000]",0.28200000,0.45397531,22->24
9,9,9,0,31,"(7, 9, 15, 16, 17, 24, 26, 27, 28)",2,565,probe_repair,"[5, 25, 30, 105, 120, 165, 170, 185, 195, 280, 290, 300, 325, 330, 335]",0.00000000,"[0.00000000, 0.00000000, 0.00000000, 0.00000000, 0.00000000, 0.00000000, 0.00000000, 0.00000000, 0.00000000]",0.00500000,0.45645679,2->15
9,9,9,0,31,"(7, 9, 15, 16, 17, 24, 26, 27, 28)",3,405,probe_repair,"[25, 30, 70, 85, 145, 160, 180, 200, 215, 260, 295, 300, 310, 315, 355]",0.00000000,"[0.00000000, 0.00000000, 0.00000000, 0.00000000, 0.00000000, 0.00000000, 0.00000000, 0.00000000, 0.00000000]",0.16000000,0.44918519,18->9
9,9,9,0,31,"(7, 9, 15, 16, 17, 24, 26, 27, 28)",4,277,probe_repair,"[15, 20, 35, 55, 110, 125, 130, 165, 170, 185, 190, 205, 295, 335, 340]",0.00000000,"[0.00000000, 0.00000000, 0.00000000, 0.00000000, 0.00000000, 0.00000000, 0.00000000, 0.00000000, 0.00000000]",0.15400000,0.44703704,25->17
9,9,9,0,31,"(7, 9, 15, 16, 17, 24, 26, 27, 28)",5,1165,probe_repair,"[15, 25, 35, 60, 70, 85, 105, 185, 215, 225, 240, 295, 305, 335, 360]",0.00000000,"[0.00000000, 0.00000000, 0.00000000, 0.00000000, 0.00000000, 0.00000000, 0.00000000, 0.00000000, 0.00000000]",0.11700000,0.44544444,6->26
9,9,9,0,31,"(7, 9, 15, 16, 17, 24, 26, 27, 28)",6,101,probe_repair,"[15, 55, 105, 125, 130, 150, 170, 190, 220, 230, 245, 315, 320, 330, 335]",0.00000000,"[0.00000000, 0.00000000, 0.00000000, 0.00000000, 0.00000000, 0.00000000, 0.00000000, 0.00000000, 0.00000000]",0.23400000,0.44928395,4->24
9,9,9,0,31,"(7, 9, 15, 16, 17, 24, 26, 27, 28)",7,821,probe_repair,"[10, 20, 35, 40, 55, 60, 70, 95, 100, 190, 230, 250, 270, 300, 315]",0.00000000,"[0.00000000, 0.00000000, 0.00000000, 0.00000000, 0.00000000, 0.00000000, 0.00000000, 0.00000000, 0.00000000]",0.07200000,0.44641975,25->17
9,9,9,0,31,"(7, 9, 15, 16, 17, 24, 26, 27, 28)",8,1309,probe_repair,"[10, 35, 45, 50, 105, 125, 140, 155, 165, 170, 265, 290, 305, 340, 345]",0.00000000,"[0.00000000, 0.00000000, 0.00000000, 0.00000000, 0.00000000, 0.00000000, 0.00000000, 0.00000000, 0.00000000]",0.01800000,0.43802469,4->27
9,9,9,0,31,"(7, 9, 15, 16, 17, 24, 26, 27, 28)",9,1197,probe_repair,"[15, 70, 125, 130, 140, 145, 175, 180, 210, 220, 230, 250, 270, 280, 305]",0.00000000,"[0.00000000, 0.00000000, 0.00000000, 0.00000000, 0.00000000, 0.00000000, 0.00000000, 0.00000000, 0.00000000]",0.22100000,0.44730864,4->27
9,9,9,0,31,"(7, 9, 15, 16, 17, 24, 26, 27, 28)",10,1261,probe_repair,"[45, 55, 75, 125, 135, 155, 185, 195, 210, 225, 230, 240, 260, 290, 330]",0.00000000,"[0.00000000, 0.00000000, 0.00000000, 0.00000000, 0.00000000, 0.00000000, 0.00000000, 0.00000000, 0.00000000]",0.02700000,0.44818519,2->24
9,9,9,0,32,"(2, 4, 6, 9, 16, 17, 21, 22, 25)",1,1069,probe_repair,"[10, 15, 20, 40, 115, 135, 190, 240, 245, 260, 290, 315, 330, 335, 360]",0.00000000,"[0.00000000, 0.00000000, 0.00000000, 0.00000000, 0.00000000, 0.00000000, 0.00000000, 0.00000000, 0.00000000]",0.06900000,0.44270370,15->9
9,9,9,0,32,"(2, 4, 6, 9, 16, 17, 21, 22, 25)",2,1597,probe_repair,"[45, 55, 60, 85, 160, 180, 185, 230, 245, 250, 265, 285, 290, 295, 315]",0.00000000,"[0.00000000, 0.00000000, 0.00000000, 0.00000000, 0.00000000, 0.00000000, 0.00000000, 0.00000000, 0.00000000]",0.21900000,0.44033333,26->6
9,9,9,0,32,"(2, 4, 6, 9, 16, 17, 21, 22, 25)",3,1229,probe_repair,"[30, 35, 55, 60, 70, 80, 185, 200, 260, 275, 280, 305, 325, 335, 350]",0.00000000,"[0.00000000, 0.00000000, 0.00000000, 0.00000000, 0.00000000, 0.00000000, 0.00000000, 0.00000000, 0.00000000]",0.10900000,0.44079012,20->21
9,9,9,0,32,"(2, 4, 6, 9, 16, 17, 21, 22, 25)",4,773,probe_repair,"[30, 55, 60, 85, 95, 110, 145, 155, 195, 205, 225, 230, 255, 280, 350]",0.00000000,"[0.00000000, 0.00000000, 0.00000000, 0.00000000, 0.00000000, 0.00000000, 0.00000000, 0.00000000, 0.00000000]",0.08800000,0.44669136,15->6
9,9,9,0,32,"(2, 4, 6, 9, 16, 17, 21, 22, 25)",5,1557,probe_repair,"[5, 50, 70, 85, 90, 95, 130, 140, 175, 190, 220, 260, 325, 350, 355]",0.00000000,"[0.00000000, 0.00000000, 0.00000000, 0.00000000, 0.00000000, 0.00000000, 0.00000000, 0.00000000, 0.00000000]",0.14400000,0.44313580,18->22
9,9,9,0,32,"(2, 4, 6, 9, 16, 17, 21, 22, 25)",6,293,probe_repair,"[30, 50, 80, 105, 120, 165, 170, 230, 235, 245, 255, 270, 275, 300, 350]",0.00000000,"[0.00000000, 0.00000000, 0.00000000, 0.00000000, 0.00000000, 0.00000000, 0.00000000, 0.00000000, 0.00000000]",0.16900000,0.44848148,7->21
9,9,9,0,32,"(2, 4, 6, 9, 16, 17, 21, 22, 25)",7,1165,probe_repair,"[50, 70, 80, 95, 100, 105, 135, 140, 145, 160, 180, 200, 220, 225, 270]",0.00000000,"[0.00000000, 0.00000000, 0.00000000, 0.00000000, 0.00000000, 0.00000000, 0.00000000, 0.00000000, 0.00000000]",0.16200000,0.45298765,27->16
9,9,9,0,32,"(2, 4, 6, 9, 16, 17, 21, 22, 25)",8,1405,probe_repair,"[50, 70, 75, 95, 105, 145, 165, 215, 235, 275, 300, 305, 325, 330, 345]",0.00000000,"[0.00000000, 0.00000000, 0.00000000, 0.00000000, 0.00000000, 0.00000000, 0.00000000, 0.00000000, 0.00000000]",0.13200000,0.45040741,7->6
9,9,9,0,32,"(2, 4, 6, 9, 16, 17, 21, 22, 25)",9,1348,probe_repair,"[10, 25, 35, 45, 75, 95, 135, 210, 220, 245, 285, 320, 325, 350, 365]",0.00000000,"[0.00000000, 0.00000000, 0.00000000, 0.00000000, 0.00000000, 0.00000000, 0.00000000, 0.00000000, 0.00000000]",0.12500000,0.45695062,20->17
9,9,9,0,32,"(2, 4, 6, 9, 16, 17, 21, 22, 25)",10,797,probe_repair,"[5, 45, 65, 70, 110, 140, 160, 165, 195, 225, 235, 275, 285, 335, 365]",0.00000000,"[0.00000000, 0.00000000, 0.00000000, 0.00000000, 0.00000000, 0.00000000, 0.00000000, 0.00000000, 0.00000000]",0.06100000,0.43549383,28->21
9,9,9,0,33,"(2, 11, 16, 17, 18, 21, 24, 25, 26)",1,493,probe_repair,"[10, 25, 40, 75, 80, 90, 95, 100, 105, 140, 210, 230, 260, 315, 320]",0.00000000,"[0.00000000, 0.00000000, 0.00000000, 0.00000000, 0.00000000, 0.00000000, 0.00000000, 0.00000000, 0.00000000]",0.25700000,0.44788889,4->11
9,9,9,0,33,"(2, 11, 16, 17, 18, 21, 24, 25, 26)",2,1431,probe_repair,"[10, 40, 45, 75, 85, 90, 145, 165, 205, 235, 250, 275, 280, 330, 335]",0.00000000,"[0.00000000, 0.00000000, 0.00000000, 0.00000000, 0.00000000, 0.00000000, 0.00000000, 0.00000000, 0.00000000]",0.18700000,0.46003704,9->2
9,9,9,0,33,"(2, 11, 16, 17, 18, 21, 24, 25, 26)",3,1533,probe_repair,"[10, 105, 130, 135, 145, 150, 180, 210, 220, 235, 240, 305, 315, 335, 355]",0.00000000,"[0.00000000, 0.00000000, 0.00000000, 0.00000000, 0.00000000, 0.00000000, 0.00000000, 0.00000000, 0.00000000]",0.10900000,0.44323457,7->2
9,9,9,0,33,"(2, 11, 16, 17, 18, 21, 24, 25, 26)",4,1029,probe_repair,"[25, 70, 105, 115, 145, 175, 185, 195, 210, 215, 225, 260, 290, 315, 330]",0.00000000,"[0.00000000, 0.00000000, 0.00000000, 0.00000000, 0.00000000, 0.00000000, 0.00000000, 0.00000000, 0.00000000]",0.21200000,0.44281481,7->26
9,9,9,0,33,"(2, 11, 16, 17, 18, 21, 24, 25, 26)",5,1085,probe_repair,"[45, 55, 65, 110, 155, 165, 185, 190, 250, 275, 300, 325, 340, 350, 365]",0.00000000,"[0.00000000, 0.00000000, 0.00000000, 0.00000000, 0.00000000, 0.00000000, 0.00000000, 0.00000000, 0.00000000]",0.16900000,0.43695062,28->2
9,9,9,0,33,"(2, 11, 16, 17, 18, 21, 24, 25, 26)",6,1549,probe_repair,"[15, 25, 50, 65, 100, 110, 165, 265, 280, 295, 305, 320, 335, 345, 365]",0.00000000,"[0.00000000, 0.00000000, 0.00000000, 0.00000000, 0.00000000, 0.00000000, 0.00000000, 0.00000000, 0.00000000]",0.20800000,0.44788889,28->25
9,9,9,0,33,"(2, 11, 16, 17, 18, 21, 24, 25, 26)",7,1329,probe_repair,"[15, 60, 70, 95, 125, 165, 190, 225, 235, 290, 300, 310, 330, 335, 355]",0.00000000,"[0.00000000, 0.00000000, 0.00000000, 0.00000000, 0.00000000, 0.00000000, 0.00000000, 0.00000000, 0.00000000]",0.31600000,0.46306173,7->2
9,9,9,0,33,"(2, 11, 16, 17, 18, 21, 24, 25, 26)",8,549,probe_repair,"[5, 35, 60, 85, 90, 105, 160, 180, 195, 205, 215, 260, 265, 315, 330]",0.00000000,"[0.00000000, 0.00000000, 0.00000000, 0.00000000, 0.00000000, 0.00000000, 0.00000000, 0.00000000, 0.00000000]",0.20800000,0.44009877,4->11
9,9,9,0,33,"(2, 11, 16, 17, 18, 21, 24, 25, 26)",9,613,probe_repair,"[55, 70, 80, 85, 120, 135, 185, 190, 210, 260, 275, 295, 305, 315, 325]",0.00000000,"[0.00000000, 0.00000000, 0.00000000, 0.00000000, 0.00000000, 0.00000000, 0.00000000, 0.00000000, 0.00000000]",0.19500000,0.43456790,6->25
9,9,9,0,33,"(2, 11, 16, 17, 18, 21, 24, 25, 26)",10,869,probe_repair,"[20, 70, 80, 85, 95, 145, 205, 240, 255, 260, 265, 270, 285, 300, 330]",0.00000000,"[0.00000000, 0.00000000, 0.00000000, 0.00000000, 0.00000000, 0.00000000, 0.00000000, 0.00000000, 0.00000000]",0.19700000,0.44923457,6->25
9,9,9,0,34,"(1, 2, 4, 6, 9, 11, 16, 24, 27)",1,93,probe_repair,"[30, 40, 75, 120, 145, 165, 170, 185, 200, 240, 250, 255, 310, 325, 345]",0.00000000,"[0.00000000, 0.00000000, 0.00000000, 0.00000000, 0.00000000, 0.00000000, 0.00000000, 0.00000000, 0.00000000]",0.13700000,0.44618889,26->9
9,9,9,0,34,"(1, 2, 4, 6, 9, 11, 16, 24, 27)",2,187,probe_repair,"[55, 80, 85, 150, 160, 170, 190, 250, 255, 260, 280, 290, 310, 335, 345]",0.00000000,"[0.00000000, 0.00000000, 0.00000000, 0.00000000, 0.00000000, 0.00000000, 0.00000000, 0.00000000, 0.00000000]",0.20100000,0.45428889,17->27
9,9,9,0,34,"(1, 2, 4, 6, 9, 11, 16, 24, 27)",3,389,probe_repair,"[50, 55, 60, 85, 90, 145, 165, 210, 235, 240, 250, 260, 300, 360, 365]",0.00000000,"[0.00000000, 0.00000000, 0.00000000, 0.00000000, 0.00000000, 0.00000000, 0.00000000, 0.00000000, 0.00000000]",0.09100000,0.44447778,7->9
9,9,9,0,34,"(1, 2, 4, 6, 9, 11, 16, 24, 27)",4,397,probe_repair,"[10, 35, 60, 75, 105, 160, 165, 175, 185, 205, 230, 260, 285, 345, 360]",0.00000000,"[0.00000000, 0.00000000, 0.00000000, 0.00000000, 0.00000000, 0.00000000, 0.00000000, 0.00000000, 0.00000000]",0.12800000,0.45033333,25->4
9,9,9,0,34,"(1, 2, 4, 6, 9, 11, 16, 24, 27)",5,173,probe_repair,"[10, 45, 50, 65, 75, 85, 105, 130, 180, 225, 240, 290, 305, 310, 340]",0.00000000,"[0.00000000, 0.00000000, 0.00000000, 0.00000000, 0.00000000, 0.00000000, 0.00000000, 0.00000000, 0.00000000]",0.25700000,0.45030000,21->4
9,9,9,0,34,"(1, 2, 4, 6, 9, 11, 16, 24, 27)",6,469,probe_repair,"[10, 15, 75, 90, 95, 100, 175, 180, 205, 235, 245, 250, 260, 295, 320]",0.00000000,"[0.00000000, 0.00000000, 0.00000000, 0.00000000, 0.00000000, 0.00000000, 0.00000000, 0.00000000, 0.00000000]",0.20300000,0.43788889,18->6
9,9,9,0,34,"(1, 2, 4, 6, 9, 11, 16, 24, 27)",7,533,probe_repair,"[5, 50, 155, 175, 185, 200, 220, 230, 235, 285, 305, 310, 320, 350, 360]",0.00000000,"[0.00000000, 0.00000000, 0.00000000, 0.00000000, 0.00000000, 0.00000000, 0.00000000, 0.00000000, 0.00000000]",0.13800000,0.45596667,15->9
9,9,9,0,34,"(1, 2, 4, 6, 9, 11, 16, 24, 27)",8,309,probe_repair,"[45, 50, 60, 80, 130, 135, 140, 150, 175, 185, 245, 260, 295, 310, 355]",0.00000000,"[0.00000000, 0.00000000, 0.00000000, 0.00000000, 0.00000000, 0.00000000, 0.00000000, 0.00000000, 0.00000000]",0.07200000,0.45005556,7->2
9,9,9,0,34,"(1, 2, 4, 6, 9, 11, 16, 24, 27)",9,245,probe_repair,"[5, 10, 15, 40, 50, 55, 70, 80, 95, 115, 135, 145, 180, 195, 250]",0.00000000,"[0.00000000, 0.00000000, 0.00000000, 0.00000000, 0.00000000, 0.00000000, 0.00000000, 0.00000000, 0.00000000]",0.16300000,0.44361111,26->2
9,9,9,0,34,"(1, 2, 4, 6, 9, 11, 16, 24, 27)",10,517,probe_repair,"[5, 55, 65, 75, 90, 110, 135, 145, 250, 275, 280, 285, 330, 360, 365]",0.00000000,"[0.00000000, 0.00000000, 0.00000000, 0.00000000, 0.00000000, 0.00000000, 0.00000000, 0.00000000, 0.00000000]",0.23400000,0.44634444,22->24
9,9,9,0,35,"(4, 6, 9, 11, 17, 20, 22, 26, 28)",1,205,probe_repair,"[5, 30, 55, 65, 80, 85, 95, 115, 140, 200, 225, 255, 280, 295, 330]",0.00000000,"[0.00000000, 0.00000000, 0.00000000, 0.00000000, 0.00000000, 0.00000000, 0.00000000, 0.00000000, 0.00000000]",0.24500000,0.45069136,18->26
9,9,9,0,35,"(4, 6, 9, 11, 17, 20, 22, 26, 28)",2,453,probe_repair,"[50, 70, 100, 105, 145, 185, 215, 235, 245, 275, 280, 305, 345, 350, 365]",0.00000000,"[0.00000000, 0.00000000, 0.00000000, 0.00000000, 0.00000000, 0.00000000, 0.00000000, 0.00000000, 0.00000000]",0.17300000,0.44396296,15->6
9,9,9,0,35,"(4, 6, 9, 11, 17, 20, 22, 26, 28)",3,981,probe_repair,"[5, 30, 50, 70, 100, 120, 125, 165, 270, 275, 280, 285, 310, 355, 360]",0.00000000,"[0.00000000, 0.00000000, 0.00000000, 0.00000000, 0.00000000, 0.00000000, 0.00000000, 0.00000000, 0.00000000]",0.11300000,0.43602469,21->4
9,9,9,0,35,"(4, 6, 9, 11, 17, 20, 22, 26, 28)",4,413,probe_repair,"[5, 15, 40, 90, 95, 120, 125, 130, 210, 220, 230, 240, 305, 335, 345]",0.00000000,"[0.00000000, 0.00000000, 0.00000000, 0.00000000, 0.00000000, 0.00000000, 0.00000000, 0.00000000, 0.00000000]",0.07700000,0.43551852,7->20
9,9,9,0,35,"(4, 6, 9, 11, 17, 20, 22, 26, 28)",5,1485,probe_repair,"[25, 45, 65, 70, 80, 100, 110, 155, 165, 200, 260, 280, 335, 350, 365]",0.00000000,"[0.00000000, 0.00000000, 0.00000000, 0.00000000, 0.00000000, 0.00000000, 0.00000000, 0.00000000, 0.00000000]",0.05700000,0.44928395,15->6
9,9,9,0,35,"(4, 6, 9, 11, 17, 20, 22, 26, 28)",6,1509,probe_repair,"[15, 30, 50, 85, 90, 100, 130, 165, 175, 200, 255, 275, 285, 300, 315]",0.00000000,"[0.00000000, 0.00000000, 0.00000000, 0.00000000, 0.00000000, 0.00000000, 0.00000000, 0.00000000, 0.00000000]",0.05700000,0.43977778,2->22
9,9,9,0,35,"(4, 6, 9, 11, 17, 20, 22, 26, 28)",7,285,probe_repair,"[50, 60, 70, 85, 90, 145, 150, 185, 215, 235, 240, 245, 250, 285, 355]",0.00000000,"[0.00000000, 0.00000000, 0.00000000, 0.00000000, 0.00000000, 0.00000000, 0.00000000, 0.00000000, 0.00000000]",0.30200000,0.44660494,21->22
9,9,9,0,35,"(4, 6, 9, 11, 17, 20, 22, 26, 28)",8,1045,probe_repair,"[50, 55, 95, 100, 115, 120, 155, 170, 185, 215, 255, 290, 315, 335, 340]",0.00000000,"[0.00000000, 0.00000000, 0.00000000, 0.00000000, 0.00000000, 0.00000000, 0.00000000, 0.00000000, 0.00000000]",0.29300000,0.44604938,27->22
9,9,9,0,35,"(4, 6, 9, 11, 17, 20, 22, 26, 28)",9,1077,probe_repair,"[5, 15, 20, 35, 55, 85, 150, 185, 210, 215, 265, 275, 280, 310, 345]",0.00000000,"[0.00000000, 0.00000000, 0.00000000, 0.00000000, 0.00000000, 0.00000000, 0.00000000, 0.00000000, 0.00000000]",0.25500000,0.44251852,2->28
9,9,9,0,35,"(4, 6, 9, 11, 17, 20, 22, 26, 28)",10,1445,probe_repair,"[70, 80, 90, 100, 105, 140, 165, 180, 200, 245, 260, 275, 335, 360, 365]",0.00000000,"[0.00000000, 0.00000000, 0.00000000, 0.00000000, 0.00000000, 0.00000000, 0.00000000, 0.00000000, 0.00000000]",0.22900000,0.44813580,27->28
9,9,9,0,36,"(2, 5, 6, 7, 20, 21, 24, 25, 28)",1,413,probe_repair,"[30, 80, 85, 90, 105, 180, 215, 235, 280, 285, 295, 310, 315, 345, 355]",0.00000000,"[0.00000000, 0.00000000, 0.00000000, 0.00000000, 0.00000000, 0.00000000, 0.00000000, 0.00000000, 0.00000000]",0.28300000,0.44575556,15->21
9,9,9,0,36,"(2, 5, 6, 7, 20, 21, 24, 25, 28)",2,461,probe_repair,"[5, 30, 35, 130, 145, 155, 175, 190, 200, 220, 280, 285, 310, 340, 360]",0.00000000,"[0.00000000, 0.00000000, 0.00000000, 0.00000000, 0.00000000, 0.00000000, 0.00000000, 0.00000000, 0.00000000]",0.22600000,0.44777778,16->25
9,9,9,0,36,"(2, 5, 6, 7, 20, 21, 24, 25, 28)",3,117,probe_repair,"[15, 30, 45, 50, 60, 90, 95, 155, 170, 190, 210, 280, 305, 360, 365]",0.00000000,"[0.00000000, 0.00000000, 0.00000000, 0.00000000, 0.00000000, 0.00000000, 0.00000000, 0.00000000, 0.00000000]",0.15300000,0.44131111,9->28
9,9,9,0,36,"(2, 5, 6, 7, 20, 21, 24, 25, 28)",4,381,probe_repair,"[15, 20, 40, 50, 75, 95, 135, 145, 190, 210, 270, 275, 285, 330, 355]",0.00000000,"[0.00000000, 0.00000000, 0.00000000, 0.00000000, 0.00000000, 0.00000000, 0.00000000, 0.00000000, 0.00000000]",0.03600000,0.44185556,27->20
9,9,9,0,36,"(2, 5, 6, 7, 20, 21, 24, 25, 28)",5,189,probe_repair,"[30, 45, 80, 85, 165, 180, 235, 240, 255, 285, 290, 325, 340, 345, 360]",0.00000000,"[0.00000000, 0.00000000, 0.00000000, 0.00000000, 0.00000000, 0.00000000, 0.00000000, 0.00000000, 0.00000000]",0.30500000,0.45437778,26->28
9,9,9,0,36,"(2, 5, 6, 7, 20, 21, 24, 25, 28)",6,317,probe_repair,"[80, 145, 155, 160, 170, 180, 200, 205, 215, 225, 230, 255, 290, 310, 335]",0.00000000,"[0.00000000, 0.00000000, 0.00000000, 0.00000000, 0.00000000, 0.00000000, 0.00000000, 0.00000000, 0.00000000]",0.24100000,0.44677778,26->28
9,9,9,0,36,"(2, 5, 6, 7, 20, 21, 24, 25, 28)",7,429,probe_repair,"[15, 30, 95, 115, 145, 170, 190, 200, 255, 260, 280, 285, 330, 340, 365]",0.00000000,"[0.00000000, 0.00000000, 0.00000000, 0.00000000, 0.00000000, 0.00000000, 0.00000000, 0.00000000, 0.00000000]",0.21300000,0.44277778,17->7
9,9,9,0,36,"(2, 5, 6, 7, 20, 21, 24, 25, 28)",8,325,probe_repair,"[55, 80, 110, 115, 155, 215, 220, 255, 260, 275, 280, 290, 310, 330, 345]",0.00000000,"[0.00000000, 0.00000000, 0.00000000, 0.00000000, 0.00000000, 0.00000000, 0.00000000, 0.00000000, 0.00000000]",0.16100000,0.45290000,15->7
9,9,9,0,36,"(2, 5, 6, 7, 20, 21, 24, 25, 28)",9,61,probe_repair,"[20, 25, 40, 45, 75, 90, 120, 125, 140, 160, 175, 180, 270, 285, 365]",0.00000000,"[0.00000000, 0.00000000, 0.00000000, 0.00000000, 0.00000000, 0.00000000, 0.00000000, 0.00000000, 0.00000000]",0.11800000,0.44054444,18->21
9,9,9,0,36,"(2, 5, 6, 7, 20, 21, 24, 25, 28)",10,53,probe_repair,"[25, 35, 40, 60, 85, 110, 160, 175, 210, 215, 235, 260, 280, 300, 355]",0.00000000,"[0.00000000, 0.00000000, 0.00000000, 0.00000000, 0.00000000, 0.00000000, 0.00000000, 0.00000000, 0.00000000]",0.15600000,0.44158889,9->20
9,9,9,0,37,"(4, 7, 9, 11, 18, 21, 24, 25, 26)",1,989,probe_repair,"[10, 30, 75, 85, 90, 130, 155, 175, 205, 230, 275, 280, 320, 350, 355]",0.00000000,"[0.00000000, 0.00000000, 0.00000000, 0.00000000, 0.00000000, 0.00000000, 0.00000000, 0.00000000, 0.00000000]",0.20900000,0.44146914,16->26
9,9,9,0,37,"(4, 7, 9, 11, 18, 21, 24, 25, 26)",2,1277,probe_repair,"[20, 25, 50, 110, 150, 160, 175, 180, 185, 210, 225, 260, 305, 330, 365]",0.00000000,"[0.00000000, 0.00000000, 0.00000000, 0.00000000, 0.00000000, 0.00000000, 0.00000000, 0.00000000, 0.00000000]",0.18000000,0.45255556,27->4
9,9,9,0,37,"(4, 7, 9, 11, 18, 21, 24, 25, 26)",3,60,probe_repair,"[25, 35, 40, 60, 65, 110, 125, 205, 220, 225, 285, 325, 345, 350, 360]",0.00000000,"[0.00000000, 0.00000000, 0.00000000, 0.00000000, 0.00000000, 0.00000000, 0.00000000, 0.00000000, 0.00000000]",0.27900000,0.46506173,15->25
9,9,9,0,37,"(4, 7, 9, 11, 18, 21, 24, 25, 26)",4,1059,probe_repair,"[30, 65, 75, 80, 85, 100, 115, 155, 185, 200, 210, 240, 285, 345, 365]",0.00000000,"[0.00000000, 0.00000000, 0.00000000, 0.00000000, 0.00000000, 0.00000000, 0.00000000, 0.00000000, 0.00000000]",0.13100000,0.46183951,6->21
9,9,9,0,37,"(4, 7, 9, 11, 18, 21, 24, 25, 26)",5,53,probe_repair,"[25, 35, 40, 60, 65, 110, 125, 205, 220, 225, 285, 325, 345, 350, 360]",0.00000000,"[0.00000000, 0.00000000, 0.00000000, 0.00000000, 0.00000000, 0.00000000, 0.00000000, 0.00000000, 0.00000000]",0.03000000,0.45109877,20->7
9,9,9,0,37,"(4, 7, 9, 11, 18, 21, 24, 25, 26)",6,517,probe_repair,"[5, 15, 30, 40, 45, 70, 100, 120, 155, 165, 175, 185, 225, 325, 360]",0.00000000,"[0.00000000, 0.00000000, 0.00000000, 0.00000000, 0.00000000, 0.00000000, 0.00000000, 0.00000000, 0.00000000]",0.20200000,0.44851852,2->25
9,9,9,0,37,"(4, 7, 9, 11, 18, 21, 24, 25, 26)",7,1397,probe_repair,"[20, 50, 75, 110, 115, 140, 145, 150, 165, 205, 230, 235, 290, 315, 360]",0.00000000,"[0.00000000, 0.00000000, 0.00000000, 0.00000000, 0.00000000, 0.00000000, 0.00000000, 0.00000000, 0.00000000]",0.16300000,0.44248148,22->25
9,9,9,0,37,"(4, 7, 9, 11, 18, 21, 24, 25, 26)",8,1477,probe_repair,"[55, 80, 85, 95, 110, 140, 175, 190, 265, 275, 285, 320, 325, 340, 365]",0.00000000,"[0.00000000, 0.00000000, 0.00000000, 0.00000000, 0.00000000, 0.00000000, 0.00000000, 0.00000000, 0.00000000]",0.12200000,0.45064198,22->11
9,9,9,0,37,"(4, 7, 9, 11, 18, 21, 24, 25, 26)",9,1,baseline,"[5, 30, 55, 80, 105, 130, 155, 180, 205, 230, 255, 280, 305, 330, 355]",0.00000000,"[0.00000000, 0.00000000, 0.00000000, 0.00000000, 0.00000000, 0.00000000, 0.00000000, 0.00000000, 0.00000000]",0.25100000,0.44862963,2->24
9,9,9,0,37,"(4, 7, 9, 11, 18, 21, 24, 25, 26)",10,389,probe_repair,"[25, 40, 50, 80, 85, 175, 230, 235, 300, 310, 315, 325, 335, 340, 345]",0.00000000,"[0.00000000, 0.00000000, 0.00000000, 0.00000000, 0.00000000, 0.00000000, 0.00000000, 0.00000000, 0.00000000]",0.01300000,0.44453086,22->25
9,9,9,0,38,"(1, 2, 4, 6, 22, 24, 25, 26, 28)",1,605,probe_repair,"[5, 40, 50, 60, 100, 120, 125, 140, 245, 280, 290, 325, 335, 345, 355]",0.00000000,"[0.00000000, 0.00000000, 0.00000000, 0.00000000, 0.00000000, 0.00000000, 0.00000000, 0.00000000, 0.00000000]",0.05700000,0.44528889,15->25
9,9,9,0,38,"(1, 2, 4, 6, 22, 24, 25, 26, 28)",2,485,probe_repair,"[75, 90, 135, 140, 190, 195, 200, 235, 255, 260, 265, 275, 280, 285, 350]",0.00000000,"[0.00000000, 0.00000000, 0.00000000, 0.00000000, 0.00000000, 0.00000000, 0.00000000, 0.00000000, 0.00000000]",0.14400000,0.43936667,27->28
9,9,9,0,38,"(1, 2, 4, 6, 22, 24, 25, 26, 28)",3,245,probe_repair,"[35, 90, 105, 110, 120, 150, 170, 185, 230, 235, 240, 265, 275, 310, 355]",0.00000000,"[0.00000000, 0.00000000, 0.00000000, 0.00000000, 0.00000000, 0.00000000, 0.00000000, 0.00000000, 0.00000000]",0.26700000,0.45025556,27->22
9,9,9,0,38,"(1, 2, 4, 6, 22, 24, 25, 26, 28)",4,397,probe_repair,"[45, 120, 125, 150, 160, 200, 225, 240, 260, 275, 300, 330, 345, 350, 360]",0.00000000,"[0.00000000, 0.00000000, 0.00000000, 0.00000000, 0.00000000, 0.00000000, 0.00000000, 0.00000000, 0.00000000]",0.21700000,0.44300000,15->25
9,9,9,0,38,"(1, 2, 4, 6, 22, 24, 25, 26, 28)",5,469,probe_repair,"[30, 40, 70, 75, 80, 115, 140, 155, 185, 205, 245, 250, 265, 280, 310]",0.00000000,"[0.00000000, 0.00000000, 0.00000000, 0.00000000, 0.00000000, 0.00000000, 0.00000000, 0.00000000, 0.00000000]",0.23500000,0.44043333,20->2
9,9,9,0,38,"(1, 2, 4, 6, 22, 24, 25, 26, 28)",6,629,probe_repair,"[70, 95, 105, 135, 165, 175, 190, 255, 265, 275, 285, 290, 310, 335, 340]",0.00000000,"[0.00000000, 0.00000000, 0.00000000, 0.00000000, 0.00000000, 0.00000000, 0.00000000, 0.00000000, 0.00000000]",0.13900000,0.44277778,7->2
9,9,9,0,38,"(1, 2, 4, 6, 22, 24, 25, 26, 28)",7,181,probe_repair,"[35, 55, 85, 95, 100, 120, 135, 175, 220, 250, 285, 305, 320, 360, 365]",0.00000000,"[0.00000000, 0.00000000, 0.00000000, 0.00000000, 0.00000000, 0.00000000, 0.00000000, 0.00000000, 0.00000000]",0.20900000,0.43962222,27->22
9,9,9,0,38,"(1, 2, 4, 6, 22, 24, 25, 26, 28)",8,341,probe_repair,"[15, 30, 35, 40, 45, 135, 170, 220, 230, 235, 250, 300, 305, 310, 330]",0.00000000,"[0.00000000, 0.00000000, 0.00000000, 0.00000000, 0.00000000, 0.00000000, 0.00000000, 0.00000000, 0.00000000]",0.15400000,0.45252222,15->28
9,9,9,0,38,"(1, 2, 4, 6, 22, 24, 25, 26, 28)",9,21,probe_repair,"[5, 35, 55, 105, 120, 150, 170, 190, 195, 210, 240, 245, 280, 305, 310]",0.00000000,"[0.00000000, 0.00000000, 0.00000000, 0.00000000, 0.00000000, 0.00000000, 0.00000000, 0.00000000, 0.00000000]",0.08800000,0.43550000,9->2
9,9,9,0,38,"(1, 2, 4, 6, 22, 24, 25, 26, 28)",10,309,probe_repair,"[10, 80, 85, 100, 115, 195, 210, 235, 240, 245, 250, 255, 320, 325, 330]",0.00000000,"[0.00000000, 0.00000000, 0.00000000, 0.00000000, 0.00000000, 0.00000000, 0.00000000, 0.00000000, 0.00000000]",0.04700000,0.44116667,9->2
9,9,9,0,39,"(2, 4, 5, 6, 15, 18, 24, 25, 26)",1,573,probe_repair,"[15, 20, 25, 45, 55, 105, 185, 205, 220, 265, 275, 280, 295, 300, 345]",0.00000000,"[0.00000000, 0.00000000, 0.00000000, 0.00000000, 0.00000000, 0.00000000, 0.00000000, 0.00000000, 0.00000000]",0.25600000,0.44848889,28->18
9,9,9,0,39,"(2, 4, 5, 6, 15, 18, 24, 25, 26)",2,1,baseline,"[5, 30, 55, 80, 105, 130, 155, 180, 205, 230, 255, 280, 305, 330, 355]",0.00000000,"[0.00000000, 0.00000000, 0.00000000, 0.00000000, 0.00000000, 0.00000000, 0.00000000, 0.00000000, 0.00000000]",0.18800000,0.45036667,22->4
9,9,9,0,39,"(2, 4, 5, 6, 15, 18, 24, 25, 26)",3,437,probe_repair,"[5, 35, 95, 115, 120, 140, 155, 175, 185, 205, 245, 270, 280, 310, 325]",0.00000000,"[0.00000000, 0.00000000, 0.00000000, 0.00000000, 0.00000000, 0.00000000, 0.00000000, 0.00000000, 0.00000000]",0.25000000,0.45000000,11->24
9,9,9,0,39,"(2, 4, 5, 6, 15, 18, 24, 25, 26)",4,149,probe_repair,"[20, 35, 50, 95, 115, 140, 165, 180, 190, 200, 235, 255, 265, 330, 335]",0.00000000,"[0.00000000, 0.00000000, 0.00000000, 0.00000000, 0.00000000, 0.00000000, 0.00000000, 0.00000000, 0.00000000]",0.16900000,0.44940000,21->24
9,9,9,0,39,"(2, 4, 5, 6, 15, 18, 24, 25, 26)",5,501,probe_repair,"[30, 35, 40, 50, 65, 105, 115, 120, 190, 215, 220, 225, 250, 260, 300]",0.00000000,"[0.00000000, 0.00000000, 0.00000000, 0.00000000, 0.00000000, 0.00000000, 0.00000000, 0.00000000, 0.00000000]",0.20900000,0.43301111,9->24
9,9,9,0,39,"(2, 4, 5, 6, 15, 18, 24, 25, 26)",6,154,probe_repair,"[20, 35, 50, 95, 115, 140, 165, 180, 190, 200, 235, 255, 265, 330, 335]",0.00000000,"[0.00000000, 0.00000000, 0.00000000, 0.00000000, 0.00000000, 0.00000000, 0.00000000, 0.00000000, 0.00000000]",0.27800000,0.46590000,16->25
9,9,9,0,39,"(2, 4, 5, 6, 15, 18, 24, 25, 26)",7,364,probe_repair,"[50, 90, 95, 110, 120, 160, 180, 185, 200, 230, 240, 260, 265, 275, 290]",0.00000000,"[0.00000000, 0.00000000, 0.00000000, 0.00000000, 0.00000000, 0.00000000, 0.00000000, 0.00000000, 0.00000000]",0.24600000,0.46341111,21->15
9,9,9,0,39,"(2, 4, 5, 6, 15, 18, 24, 25, 26)",8,453,probe_repair,"[15, 30, 65, 100, 115, 130, 155, 160, 185, 205, 245, 255, 290, 315, 330]",0.00000000,"[0.00000000, 0.00000000, 0.00000000, 0.00000000, 0.00000000, 0.00000000, 0.00000000, 0.00000000, 0.00000000]",0.19000000,0.44977778,16->24
9,9,9,0,39,"(2, 4, 5, 6, 15, 18, 24, 25, 26)",9,269,probe_repair,"[15, 30, 75, 95, 135, 155, 185, 190, 225, 230, 245, 250, 280, 315, 335]",0.00000000,"[0.00000000, 0.00000000, 0.00000000, 0.00000000, 0.00000000, 0.00000000, 0.00000000, 0.00000000, 0.00000000]",0.24100000,0.44785556,17->6
9,9,9,0,39,"(2, 4, 5, 6, 15, 18, 24, 25, 26)",10,157,probe_repair,"[10, 20, 75, 80, 95, 100, 115, 140, 145, 200, 215, 255, 310, 330, 360]",0.00000000,"[0.00000000, 0.00000000, 0.00000000, 0.00000000, 0.00000000, 0.00000000, 0.00000000, 0.00000000, 0.00000000]",0.02400000,0.44331111,22->26
9,9,9,0,40,"(1, 6, 7, 15, 16, 21, 22, 25, 27)",1,1,baseline,"[5, 30, 55, 80, 105, 130, 155, 180, 205, 230, 255, 280, 305, 330, 355]",0.00000000,"[0.00000000, 0.00000000, 0.00000000, 0.00000000, 0.00000000, 0.00000000, 0.00000000, 0.00000000, 0.00000000]",0.18000000,0.45011111,4->22
9,9,9,0,40,"(1, 6, 7, 15, 16, 21, 22, 25, 27)",2,125,probe_repair,"[45, 70, 85, 95, 100, 115, 175, 205, 225, 250, 260, 295, 300, 310, 325]",0.00000000,"[0.00000000, 0.00000000, 0.00000000, 0.00000000, 0.00000000, 0.00000000, 0.00000000, 0.00000000, 0.00000000]",0.07700000,0.44766667,4->22
9,9,9,0,40,"(1, 6, 7, 15, 16, 21, 22, 25, 27)",3,29,probe_repair,"[10, 30, 70, 90, 135, 140, 160, 190, 195, 205, 250, 265, 325, 335, 345]",0.00000000,"[0.00000000, 0.00000000, 0.00000000, 0.00000000, 0.00000000, 0.00000000, 0.00000000, 0.00000000, 0.00000000]",0.07100000,0.44617778,11->27
9,9,9,0,40,"(1, 6, 7, 15, 16, 21, 22, 25, 27)",4,173,probe_repair,"[25, 30, 50, 65, 75, 85, 170, 200, 210, 220, 250, 260, 330, 345, 355]",0.00000000,"[0.00000000, 0.00000000, 0.00000000, 0.00000000, 0.00000000, 0.00000000, 0.00000000, 0.00000000, 0.00000000]",0.05000000,0.45344444,2->21
9,9,9,0,40,"(1, 6, 7, 15, 16, 21, 22, 25, 27)",5,77,probe_repair,"[5, 15, 25, 30, 50, 55, 95, 105, 155, 180, 235, 245, 265, 310, 345]",0.00000000,"[0.00000000, 0.00000000, 0.00000000, 0.00000000, 0.00000000, 0.00000000, 0.00000000, 0.00000000, 0.00000000]",0.22900000,0.44284444,11->6
9,9,9,0,40,"(1, 6, 7, 15, 16, 21, 22, 25, 27)",6,501,probe_repair,"[25, 35, 85, 105, 125, 145, 180, 195, 220, 235, 255, 260, 285, 320, 365]",0.00000000,"[0.00000000, 0.00000000, 0.00000000, 0.00000000, 0.00000000, 0.00000000, 0.00000000, 0.00000000, 0.00000000]",0.18600000,0.45628889,18->15
9,9,9,0,40,"(1, 6, 7, 15, 16, 21, 22, 25, 27)",7,37,probe_repair,"[30, 35, 40, 65, 70, 75, 80, 145, 220, 225, 235, 240, 290, 295, 365]",0.00000000,"[0.00000000, 0.00000000, 0.00000000, 0.00000000, 0.00000000, 0.00000000, 0.00000000, 0.00000000, 0.00000000]",0.16700000,0.44013333,24->7
9,9,9,0,40,"(1, 6, 7, 15, 16, 21, 22, 25, 27)",8,621,probe_repair,"[45, 60, 65, 85, 115, 120, 125, 155, 190, 200, 210, 240, 255, 265, 280]",0.00000000,"[0.00000000, 0.00000000, 0.00000000, 0.00000000, 0.00000000, 0.00000000, 0.00000000, 0.00000000, 0.00000000]",0.05900000,0.44198889,28->25
9,9,9,0,40,"(1, 6, 7, 15, 16, 21, 22, 25, 27)",9,517,probe_repair,"[15, 75, 85, 90, 105, 110, 130, 135, 145, 195, 225, 260, 290, 345, 365]",0.00000000,"[0.00000000, 0.00000000, 0.00000000, 0.00000000, 0.00000000, 0.00000000, 0.00000000, 0.00000000, 0.00000000]",0.19300000,0.44246667,18->16
9,9,9,0,40,"(1, 6, 7, 15, 16, 21, 22, 25, 27)",10,685,probe_repair,"[25, 55, 70, 85, 110, 135, 150, 160, 175, 205, 210, 240, 255, 260, 355]",0.00000000,"[0.00000000, 0.00000000, 0.00000000, 0.00000000, 0.00000000, 0.00000000, 0.00000000, 0.00000000, 0.00000000]",0.34400000,0.45566667,18->1
9,9,9,0,41,"(2, 4, 11, 15, 16, 17, 20, 25, 27)",1,1029,probe_repair,"[10, 20, 70, 90, 100, 145, 155, 170, 210, 225, 295, 315, 350, 355, 365]",0.00000000,"[0.00000000, 0.00000000, 0.00000000, 0.00000000, 0.00000000, 0.00000000, 0.00000000, 0.00000000, 0.00000000]",0.06000000,0.44004938,6->25
9,9,9,0,41,"(2, 4, 11, 15, 16, 17, 20, 25, 27)",2,137,probe_repair,"[15, 25, 45, 145, 155, 185, 210, 225, 230, 240, 260, 300, 350, 355, 360]",0.00000000,"[0.00000000, 0.00000000, 0.00000000, 0.00000000, 0.00000000, 0.00000000, 0.00000000, 0.00000000, 0.00000000]",0.31400000,0.46579012,6->27
9,9,9,0,41,"(2, 4, 11, 15, 16, 17, 20, 25, 27)",3,781,probe_repair,"[25, 35, 65, 95, 125, 130, 170, 190, 210, 225, 235, 255, 310, 320, 340]",0.00000000,"[0.00000000, 0.00000000, 0.00000000, 0.00000000, 0.00000000, 0.00000000, 0.00000000, 0.00000000, 0.00000000]",0.19400000,0.44670370,26->20
9,9,9,0,41,"(2, 4, 11, 15, 16, 17, 20, 25, 27)",4,813,probe_repair,"[10, 20, 40, 70, 90, 105, 140, 160, 175, 180, 190, 195, 265, 295, 310]",0.00000000,"[0.00000000, 0.00000000, 0.00000000, 0.00000000, 0.00000000, 0.00000000, 0.00000000, 0.00000000, 0.00000000]",0.13700000,0.44416049,7->25
9,9,9,0,41,"(2, 4, 11, 15, 16, 17, 20, 25, 27)",5,173,probe_repair,"[25, 70, 75, 80, 100, 130, 135, 195, 230, 235, 280, 290, 295, 335, 355]",0.00000000,"[0.00000000, 0.00000000, 0.00000000, 0.00000000, 0.00000000, 0.00000000, 0.00000000, 0.00000000, 0.00000000]",0.07000000,0.44883951,6->4
9,9,9,0,41,"(2, 4, 11, 15, 16, 17, 20, 25, 27)",6,661,probe_repair,"[10, 55, 90, 100, 110, 140, 180, 200, 225, 240, 255, 290, 325, 340, 350]",0.00000000,"[0.00000000, 0.00000000, 0.00000000, 0.00000000, 0.00000000, 0.00000000, 0.00000000, 0.00000000, 0.00000000]",0.14700000,0.44375309,6->20
9,9,9,0,41,"(2, 4, 11, 15, 16, 17, 20, 25, 27)",7,869,probe_repair,"[25, 35, 50, 60, 95, 120, 150, 165, 215, 260, 315, 320, 340, 345, 365]",0.00000000,"[0.00000000, 0.00000000, 0.00000000, 0.00000000, 0.00000000, 0.00000000, 0.00000000, 0.00000000, 0.00000000]",0.19600000,0.44350617,28->16
9,9,9,0,41,"(2, 4, 11, 15, 16, 17, 20, 25, 27)",8,1341,probe_repair,"[5, 40, 50, 60, 70, 105, 125, 150, 180, 200, 230, 255, 305, 335, 360]",0.00000000,"[0.00000000, 0.00000000, 0.00000000, 0.00000000, 0.00000000, 0.00000000, 0.00000000, 0.00000000, 0.00000000]",0.23300000,0.44371605,26->2
9,9,9,0,41,"(2, 4, 11, 15, 16, 17, 20, 25, 27)",9,1421,probe_repair,"[40, 105, 125, 135, 175, 230, 260, 275, 280, 290, 300, 310, 335, 355, 365]",0.00000000,"[0.00000000, 0.00000000, 0.00000000, 0.00000000, 0.00000000, 0.00000000, 0.00000000, 0.00000000, 0.00000000]",0.21100000,0.44600000,9->11
9,9,9,0,41,"(2, 4, 11, 15, 16, 17, 20, 25, 27)",10,1181,probe_repair,"[25, 35, 40, 55, 100, 170, 175, 235, 265, 270, 290, 305, 315, 350, 365]",0.00000000,"[0.00000000, 0.00000000, 0.00000000, 0.00000000, 0.00000000, 0.00000000, 0.00000000, 0.00000000, 0.00000000]",0.01900000,0.44364198,22->27
9,9,9,0,42,"(6, 7, 11, 15, 16, 18, 20, 22, 25)",1,1397,probe_repair,"[50, 80, 90, 140, 145, 175, 210, 220, 250, 280, 290, 315, 325, 345, 350]",0.00000000,"[0.00000000, 0.00000000, 0.00000000, 0.00000000, 0.00000000, 0.00000000, 0.00000000, 0.00000000, 0.00000000]",0.16800000,0.45060494,9->11
9,9,9,0,42,"(6, 7, 11, 15, 16, 18, 20, 22, 25)",2,517,probe_repair,"[5, 20, 30, 75, 80, 85, 125, 135, 160, 200, 215, 270, 305, 330, 340]",0.00000000,"[0.00000000, 0.00000000, 0.00000000, 0.00000000, 0.00000000, 0.00000000, 0.00000000, 0.00000000, 0.00000000]",0.20400000,0.43876543,2->22
9,9,9,0,42,"(6, 7, 11, 15, 16, 18, 20, 22, 25)",3,69,probe_repair,"[5, 70, 130, 135, 160, 170, 205, 250, 270, 285, 310, 315, 320, 325, 330]",0.00000000,"[0.00000000, 0.00000000, 0.00000000, 0.00000000, 0.00000000, 0.00000000, 0.00000000, 0.00000000, 0.00000000]",0.04200000,0.44353086,2->25
9,9,9,0,42,"(6, 7, 11, 15, 16, 18, 20, 22, 25)",4,1253,probe_repair,"[5, 10, 55, 90, 120, 140, 165, 210, 220, 255, 305, 350, 355, 360, 365]",0.00000000,"[0.00000000, 0.00000000, 0.00000000, 0.00000000, 0.00000000, 0.00000000, 0.00000000, 0.00000000, 0.00000000]",0.03000000,0.43567901,17->22
9,9,9,0,42,"(6, 7, 11, 15, 16, 18, 20, 22, 25)",5,701,probe_repair,"[35, 45, 80, 100, 105, 140, 145, 165, 215, 230, 245, 265, 300, 305, 320]",0.00000000,"[0.00000000, 0.00000000, 0.00000000, 0.00000000, 0.00000000, 0.00000000, 0.00000000, 0.00000000, 0.00000000]",0.08800000,0.43592593,4->16
9,9,9,0,42,"(6, 7, 11, 15, 16, 18, 20, 22, 25)",6,1341,probe_repair,"[40, 115, 125, 130, 180, 185, 205, 225, 230, 310, 320, 330, 335, 340, 345]",0.00000000,"[0.00000000, 0.00000000, 0.00000000, 0.00000000, 0.00000000, 0.00000000, 0.00000000, 0.00000000, 0.00000000]",0.11100000,0.45292593,26->15
9,9,9,0,42,"(6, 7, 11, 15, 16, 18, 20, 22, 25)",7,437,probe_repair,"[20, 30, 35, 60, 100, 145, 175, 185, 210, 255, 260, 275, 300, 320, 365]",0.00000000,"[0.00000000, 0.00000000, 0.00000000, 0.00000000, 0.00000000, 0.00000000, 0.00000000, 0.00000000, 0.00000000]",0.06900000,0.43787654,2->18
9,9,9,0,42,"(6, 7, 11, 15, 16, 18, 20, 22, 25)",8,1421,probe_repair,"[5, 40, 125, 135, 150, 170, 175, 190, 280, 310, 315, 320, 325, 360, 365]",0.00000000,"[0.00000000, 0.00000000, 0.00000000, 0.00000000, 0.00000000, 0.00000000, 0.00000000, 0.00000000, 0.00000000]",0.22800000,0.44504938,27->7
9,9,9,0,42,"(6, 7, 11, 15, 16, 18, 20, 22, 25)",9,253,probe_repair,"[90, 110, 120, 130, 140, 150, 170, 210, 225, 250, 265, 310, 315, 320, 355]",0.00000000,"[0.00000000, 0.00000000, 0.00000000, 0.00000000, 0.00000000, 0.00000000, 0.00000000, 0.00000000, 0.00000000]",0.25200000,0.45435802,28->16
9,9,9,0,42,"(6, 7, 11, 15, 16, 18, 20, 22, 25)",10,117,probe_repair,"[20, 35, 45, 105, 110, 115, 145, 190, 210, 240, 250, 275, 305, 310, 335]",0.00000000,"[0.00000000, 0.00000000, 0.00000000, 0.00000000, 0.00000000, 0.00000000, 0.00000000, 0.00000000, 0.00000000]",0.16600000,0.45202469,26->20
9,9,9,0,43,"(5, 6, 7, 9, 20, 21, 24, 26, 27)",1,501,probe_repair,"[40, 45, 55, 65, 95, 100, 135, 150, 155, 205, 250, 270, 310, 325, 360]",0.00000000,"[0.00000000, 0.00000000, 0.00000000, 0.00000000, 0.00000000, 0.00000000, 0.00000000, 0.00000000, 0.00000000]",0.20900000,0.44878889,16->9
9,9,9,0,43,"(5, 6, 7, 9, 20, 21, 24, 26, 27)",2,413,probe_repair,"[15, 30, 85, 90, 110, 125, 140, 145, 160, 175, 180, 230, 255, 315, 360]",0.00000000,"[0.00000000, 0.00000000, 0.00000000, 0.00000000, 0.00000000, 0.00000000, 0.00000000, 0.00000000, 0.00000000]",0.02400000,0.43416667,15->21
9,9,9,0,43,"(5, 6, 7, 9, 20, 21, 24, 26, 27)",3,453,probe_repair,"[25, 30, 45, 50, 115, 120, 140, 155, 170, 185, 225, 280, 290, 300, 355]",0.00000000,"[0.00000000, 0.00000000, 0.00000000, 0.00000000, 0.00000000, 0.00000000, 0.00000000, 0.00000000, 0.00000000]",0.17800000,0.44336667,22->6
9,9,9,0,43,"(5, 6, 7, 9, 20, 21, 24, 26, 27)",4,365,probe_repair,"[5, 35, 40, 75, 115, 120, 125, 135, 230, 265, 270, 285, 290, 355, 365]",0.00000000,"[0.00000000, 0.00000000, 0.00000000, 0.00000000, 0.00000000, 0.00000000, 0.00000000, 0.00000000, 0.00000000]",0.05900000,0.43824444,28->26
9,9,9,0,43,"(5, 6, 7, 9, 20, 21, 24, 26, 27)",5,269,probe_repair,"[40, 50, 65, 75, 90, 120, 150, 160, 225, 255, 270, 280, 285, 345, 360]",0.00000000,"[0.00000000, 0.00000000, 0.00000000, 0.00000000, 0.00000000, 0.00000000, 0.00000000, 0.00000000, 0.00000000]",0.20000000,0.44842222,17->24
9,9,9,0,43,"(5, 6, 7, 9, 20, 21, 24, 26, 27)",6,389,probe_repair,"[15, 55, 85, 145, 155, 175, 215, 230, 270, 285, 290, 315, 335, 345, 365]",0.00000000,"[0.00000000, 0.00000000, 0.00000000, 0.00000000, 0.00000000, 0.00000000, 0.00000000, 0.00000000, 0.00000000]",0.08600000,0.44943333,17->21
9,9,9,0,43,"(5, 6, 7, 9, 20, 21, 24, 26, 27)",7,77,probe_repair,"[20, 90, 120, 125, 130, 160, 175, 250, 265, 280, 290, 330, 345, 355, 360]",0.00000000,"[0.00000000, 0.00000000, 0.00000000, 0.00000000, 0.00000000, 0.00000000, 0.00000000, 0.00000000, 0.00000000]",0.00200000,0.44191111,28->26
9,9,9,0,43,"(5, 6, 7, 9, 20, 21, 24, 26, 27)",8,61,probe_repair,"[30, 80, 90, 105, 125, 145, 155, 160, 170, 175, 210, 270, 295, 305, 365]",0.00000000,"[0.00000000, 0.00000000, 0.00000000, 0.00000000, 0.00000000, 0.00000000, 0.00000000, 0.00000000, 0.00000000]",0.09100000,0.43974444,16->9
9,9,9,0,43,"(5, 6, 7, 9, 20, 21, 24, 26, 27)",9,621,probe_repair,"[25, 35, 80, 110, 120, 130, 160, 170, 175, 205, 235, 270, 290, 310, 365]",0.00000000,"[0.00000000, 0.00000000, 0.00000000, 0.00000000, 0.00000000, 0.00000000, 0.00000000, 0.00000000, 0.00000000]",0.22700000,0.45341111,11->27
9,9,9,0,43,"(5, 6, 7, 9, 20, 21, 24, 26, 27)",10,1,baseline,"[5, 30, 55, 80, 105, 130, 155, 180, 205, 230, 255, 280, 305, 330, 355]",0.00000000,"[0.00000000, 0.00000000, 0.00000000, 0.00000000, 0.00000000, 0.00000000, 0.00000000, 0.00000000, 0.00000000]",0.04800000,0.44130000,15->5
9,9,9,0,44,"(2, 5, 9, 17, 18, 20, 21, 24, 25)",1,221,probe_repair,"[5, 60, 75, 85, 115, 140, 155, 175, 200, 205, 275, 280, 305, 310, 325]",0.00000000,"[0.00000000, 0.00000000, 0.00000000, 0.00000000, 0.00000000, 0.00000000, 0.00000000, 0.00000000, 0.00000000]",0.00300000,0.44696667,28->18
9,9,9,0,44,"(2, 5, 9, 17, 18, 20, 21, 24, 25)",2,549,probe_repair,"[30, 95, 100, 145, 170, 220, 225, 235, 255, 260, 270, 275, 310, 330, 335]",0.00000000,"[0.00000000, 0.00000000, 0.00000000, 0.00000000, 0.00000000, 0.00000000, 0.00000000, 0.00000000, 0.00000000]",0.09800000,0.45081111,22->2
9,9,9,0,44,"(2, 5, 9, 17, 18, 20, 21, 24, 25)",3,74,probe_repair,"[10, 65, 90, 100, 130, 145, 190, 205, 230, 240, 260, 270, 285, 300, 365]",0.00000000,"[0.00000000, 0.00000000, 0.00000000, 0.00000000, 0.00000000, 0.00000000, 0.00000000, 0.00000000, 0.00000000]",0.10700000,0.46494444,6->5
9,9,9,0,44,"(2, 5, 9, 17, 18, 20, 21, 24, 25)",4,237,probe_repair,"[10, 30, 35, 50, 75, 85, 100, 125, 145, 155, 180, 210, 225, 255, 310]",0.00000000,"[0.00000000, 0.00000000, 0.00000000, 0.00000000, 0.00000000, 0.00000000, 0.00000000, 0.00000000, 0.00000000]",0.11300000,0.44184444,28->20
9,9,9,0,44,"(2, 5, 9, 17, 18, 20, 21, 24, 25)",5,621,probe_repair,"[20, 25, 55, 75, 80, 95, 115, 140, 160, 240, 295, 310, 330, 355, 365]",0.00000000,"[0.00000000, 0.00000000, 0.00000000, 0.00000000, 0.00000000, 0.00000000, 0.00000000, 0.00000000, 0.00000000]",0.07900000,0.43857778,7->21
9,9,9,0,44,"(2, 5, 9, 17, 18, 20, 21, 24, 25)",6,69,probe_repair,"[10, 65, 90, 100, 130, 145, 190, 205, 230, 240, 260, 270, 285, 300, 365]",0.00000000,"[0.00000000, 0.00000000, 0.00000000, 0.00000000, 0.00000000, 0.00000000, 0.00000000, 0.00000000, 0.00000000]",0.16000000,0.45495556,6->5
9,9,9,0,44,"(2, 5, 9, 17, 18, 20, 21, 24, 25)",7,590,probe_repair,"[25, 30, 40, 90, 125, 145, 165, 180, 205, 220, 230, 260, 335, 340, 355]",0.00000000,"[0.00000000, 0.00000000, 0.00000000, 0.00000000, 0.00000000, 0.00000000, 0.00000000, 0.00000000, 0.00000000]",0.25800000,0.45412222,27->20
9,9,9,0,44,"(2, 5, 9, 17, 18, 20, 21, 24, 25)",8,381,probe_repair,"[45, 50, 55, 110, 120, 125, 140, 150, 200, 205, 220, 265, 290, 300, 355]",0.00000000,"[0.00000000, 0.00000000, 0.00000000, 0.00000000, 0.00000000, 0.00000000, 0.00000000, 0.00000000, 0.00000000]",0.21200000,0.44011111,26->18
9,9,9,0,44,"(2, 5, 9, 17, 18, 20, 21, 24, 25)",9,525,probe_repair,"[5, 15, 75, 85, 140, 165, 170, 205, 210, 220, 235, 240, 270, 285, 310]",0.00000000,"[0.00000000, 0.00000000, 0.00000000, 0.00000000, 0.00000000, 0.00000000, 0.00000000, 0.00000000, 0.00000000]",0.15300000,0.44233333,27->20
9,9,9,0,44,"(2, 5, 9, 17, 18, 20, 21, 24, 25)",10,61,probe_repair,"[25, 30, 75, 105, 140, 145, 160, 170, 190, 225, 295, 300, 315, 330, 345]",0.00000000,"[0.00000000, 0.00000000, 0.00000000, 0.00000000, 0.00000000, 0.00000000, 0.00000000, 0.00000000, 0.00000000]",0.08600000,0.44662222,6->24
9,9,9,0,45,"(1, 4, 6, 7, 9, 18, 21, 24, 26)",1,149,probe_repair,"[60, 80, 120, 145, 150, 165, 175, 280, 290, 305, 335, 345, 350, 355, 365]",0.00000000,"[0.00000000, 0.00000000, 0.00000000, 0.00000000, 0.00000000, 0.00000000, 0.00000000, 0.00000000, 0.00000000]",0.18000000,0.44570000,28->9
9,9,9,0,45,"(1, 4, 6, 7, 9, 18, 21, 24, 26)",2,213,probe_repair,"[5, 25, 35, 45, 50, 60, 75, 100, 115, 120, 180, 205, 240, 245, 255]",0.00000000,"[0.00000000, 0.00000000, 0.00000000, 0.00000000, 0.00000000, 0.00000000, 0.00000000, 0.00000000, 0.00000000]",0.11300000,0.44110000,28->1
9,9,9,0,45,"(1, 4, 6, 7, 9, 18, 21, 24, 26)",3,389,probe_repair,"[10, 30, 35, 45, 60, 70, 90, 125, 140, 160, 180, 220, 310, 330, 365]",0.00000000,"[0.00000000, 0.00000000, 0.00000000, 0.00000000, 0.00000000, 0.00000000, 0.00000000, 0.00000000, 0.00000000]",0.19000000,0.44916667,27->7
9,9,9,0,45,"(1, 4, 6, 7, 9, 18, 21, 24, 26)",4,93,probe_repair,"[10, 15, 25, 80, 115, 120, 140, 185, 205, 210, 250, 280, 320, 335, 360]",0.00000000,"[0.00000000, 0.00000000, 0.00000000, 0.00000000, 0.00000000, 0.00000000, 0.00000000, 0.00000000, 0.00000000]",0.11000000,0.43691111,11->4
9,9,9,0,45,"(1, 4, 6, 7, 9, 18, 21, 24, 26)",5,140,probe_repair,"[5, 10, 25, 45, 120, 130, 160, 175, 190, 255, 260, 290, 320, 350, 355]",0.00000000,"[0.00000000, 0.00000000, 0.00000000, 0.00000000, 0.00000000, 0.00000000, 0.00000000, 0.00000000, 0.00000000]",0.27300000,0.45885556,25->4
9,9,9,0,45,"(1, 4, 6, 7, 9, 18, 21, 24, 26)",6,189,probe_repair,"[15, 45, 100, 130, 155, 170, 185, 195, 230, 285, 290, 305, 320, 330, 335]",0.00000000,"[0.00000000, 0.00000000, 0.00000000, 0.00000000, 0.00000000, 0.00000000, 0.00000000, 0.00000000, 0.00000000]",0.17100000,0.44863333,15->4
9,9,9,0,45,"(1, 4, 6, 7, 9, 18, 21, 24, 26)",7,605,probe_repair,"[35, 95, 110, 115, 120, 125, 145, 155, 190, 225, 230, 260, 295, 335, 350]",0.00000000,"[0.00000000, 0.00000000, 0.00000000, 0.00000000, 0.00000000, 0.00000000, 0.00000000, 0.00000000, 0.00000000]",0.17400000,0.44426667,15->1
9,9,9,0,45,"(1, 4, 6, 7, 9, 18, 21, 24, 26)",8,485,probe_repair,"[60, 65, 90, 120, 140, 200, 235, 265, 275, 300, 305, 320, 330, 350, 360]",0.00000000,"[0.00000000, 0.00000000, 0.00000000, 0.00000000, 0.00000000, 0.00000000, 0.00000000, 0.00000000, 0.00000000]",0.14500000,0.44546667,11->18
9,9,9,0,45,"(1, 4, 6, 7, 9, 18, 21, 24, 26)",9,573,probe_repair,"[15, 40, 95, 105, 110, 145, 190, 195, 285, 295, 305, 310, 335, 340, 350]",0.00000000,"[0.00000000, 0.00000000, 0.00000000, 0.00000000, 0.00000000, 0.00000000, 0.00000000, 0.00000000, 0.00000000]",0.21900000,0.45687778,27->26
9,9,9,0,45,"(1, 4, 6, 7, 9, 18, 21, 24, 26)",10,325,probe_repair,"[5, 40, 65, 75, 100, 120, 145, 155, 170, 200, 250, 255, 295, 305, 320]",0.00000000,"[0.00000000, 0.00000000, 0.00000000, 0.00000000, 0.00000000, 0.00000000, 0.00000000, 0.00000000, 0.00000000]",0.05300000,0.45134444,28->26
9,9,9,0,46,"(2, 6, 7, 11, 15, 21, 24, 25, 26)",1,805,probe_repair,"[20, 30, 40, 50, 75, 80, 85, 90, 145, 155, 160, 255, 270, 275, 285]",0.00000000,"[0.00000000, 0.00000000, 0.00000000, 0.00000000, 0.00000000, 0.00000000, 0.00000000, 0.00000000, 0.00000000]",0.11100000,0.44809877,16->11
9,9,9,0,46,"(2, 6, 7, 11, 15, 21, 24, 25, 26)",2,330,probe_repair,"[20, 30, 50, 70, 125, 130, 185, 190, 195, 225, 250, 265, 280, 290, 355]",0.00000000,"[0.00000000, 0.00000000, 0.00000000, 0.00000000, 0.00000000, 0.00000000, 0.00000000, 0.00000000, 0.00000000]",0.32900000,0.45867901,27->6
9,9,9,0,46,"(2, 6, 7, 11, 15, 21, 24, 25, 26)",3,413,probe_repair,"[10, 40, 60, 100, 140, 165, 190, 195, 230, 235, 260, 275, 285, 315, 355]",0.00000000,"[0.00000000, 0.00000000, 0.00000000, 0.00000000, 0.00000000, 0.00000000, 0.00000000, 0.00000000, 0.00000000]",0.08500000,0.44541975,17->26
9,9,9,0,46,"(2, 6, 7, 11, 15, 21, 24, 25, 26)",4,629,probe_repair,"[10, 80, 95, 100, 115, 135, 145, 200, 215, 225, 250, 275, 305, 330, 350]",0.00000000,"[0.00000000, 0.00000000, 0.00000000, 0.00000000, 0.00000000, 0.00000000, 0.00000000, 0.00000000, 0.00000000]",0.20800000,0.44240741,22->24
9,9,9,0,46,"(2, 6, 7, 11, 15, 21, 24, 25, 26)",5,1205,probe_repair,"[70, 80, 125, 140, 145, 215, 225, 255, 275, 280, 285, 295, 305, 320, 355]",0.00000000,"[0.00000000, 0.00000000, 0.00000000, 0.00000000, 0.00000000, 0.00000000, 0.00000000, 0.00000000, 0.00000000]",0.09600000,0.44111111,18->2
9,9,9,0,46,"(2, 6, 7, 11, 15, 21, 24, 25, 26)",6,954,probe_repair,"[10, 25, 30, 35, 65, 135, 140, 145, 180, 190, 265, 275, 320, 345, 360]",0.00000000,"[0.00000000, 0.00000000, 0.00000000, 0.00000000, 0.00000000, 0.00000000, 0.00000000, 0.00000000, 0.00000000]",0.29100000,0.46075309,28->21
9,9,9,0,46,"(2, 6, 7, 11, 15, 21, 24, 25, 26)",7,1291,probe_repair,"[20, 25, 45, 50, 90, 95, 145, 170, 175, 190, 215, 265, 270, 320, 365]",0.00000000,"[0.00000000, 0.00000000, 0.00000000, 0.00000000, 0.00000000, 0.00000000, 0.00000000, 0.00000000, 0.00000000]",0.18900000,0.45819753,18->7
9,9,9,0,46,"(2, 6, 7, 11, 15, 21, 24, 25, 26)",8,1453,probe_repair,"[10, 30, 120, 140, 165, 180, 220, 260, 270, 285, 295, 320, 325, 350, 365]",0.00000000,"[0.00000000, 0.00000000, 0.00000000, 0.00000000, 0.00000000, 0.00000000, 0.00000000, 0.00000000, 0.00000000]",0.24100000,0.44311111,17->21
9,9,9,0,46,"(2, 6, 7, 11, 15, 21, 24, 25, 26)",9,1325,probe_repair,"[15, 25, 30, 40, 55, 70, 80, 130, 165, 180, 285, 305, 330, 340, 365]",0.00000000,"[0.00000000, 0.00000000, 0.00000000, 0.00000000, 0.00000000, 0.00000000, 0.00000000, 0.00000000, 0.00000000]",0.19600000,0.44102469,17->24
9,9,9,0,46,"(2, 6, 7, 11, 15, 21, 24, 25, 26)",10,1517,probe_repair,"[60, 90, 95, 120, 125, 130, 165, 175, 190, 200, 220, 245, 275, 290, 325]",0.00000000,"[0.00000000, 0.00000000, 0.00000000, 0.00000000, 0.00000000, 0.00000000, 0.00000000, 0.00000000, 0.00000000]",0.02500000,0.45071605,18->25
9,9,9,0,47,"(1, 4, 7, 11, 16, 18, 20, 24, 27)",1,93,probe_repair,"[10, 60, 70, 100, 150, 165, 170, 185, 230, 260, 300, 310, 325, 330, 360]",0.00000000,"[0.00000000, 0.00000000, 0.00000000, 0.00000000, 0.00000000, 0.00000000, 0.00000000, 0.00000000, 0.00000000]",0.12100000,0.43846667,25->4
9,9,9,0,47,"(1, 4, 7, 11, 16, 18, 20, 24, 27)",2,477,probe_repair,"[10, 15, 45, 55, 70, 85, 95, 140, 170, 200, 205, 210, 250, 285, 290]",0.00000000,"[0.00000000, 0.00000000, 0.00000000, 0.00000000, 0.00000000, 0.00000000, 0.00000000, 0.00000000, 0.00000000]",0.02900000,0.44653333,9->4
9,9,9,0,47,"(1, 4, 7, 11, 16, 18, 20, 24, 27)",3,381,probe_repair,"[25, 100, 105, 110, 120, 155, 180, 200, 210, 250, 290, 340, 350, 360, 365]",0.00000000,"[0.00000000, 0.00000000, 0.00000000, 0.00000000, 0.00000000, 0.00000000, 0.00000000, 0.00000000, 0.00000000]",0.22400000,0.44755556,28->16
9,9,9,0,47,"(1, 4, 7, 11, 16, 18, 20, 24, 27)",4,437,probe_repair,"[10, 55, 60, 110, 125, 155, 165, 185, 210, 230, 240, 245, 260, 275, 325]",0.00000000,"[0.00000000, 0.00000000, 0.00000000, 0.00000000, 0.00000000, 0.00000000, 0.00000000, 0.00000000, 0.00000000]",0.14800000,0.44292222,2->18
9,9,9,0,47,"(1, 4, 7, 11, 16, 18, 20, 24, 27)",5,149,probe_repair,"[5, 15, 85, 90, 125, 155, 170, 180, 200, 220, 250, 260, 290, 310, 335]",0.00000000,"[0.00000000, 0.00000000, 0.00000000, 0.00000000, 0.00000000, 0.00000000, 0.00000000, 0.00000000, 0.00000000]",0.05900000,0.44744444,21->1
9,9,9,0,47,"(1, 4, 7, 11, 16, 18, 20, 24, 27)",6,421,probe_repair,"[10, 50, 70, 105, 135, 150, 240, 250, 290, 295, 305, 325, 330, 335, 345]",0.00000000,"[0.00000000, 0.00000000, 0.00000000, 0.00000000, 0.00000000, 0.00000000, 0.00000000, 0.00000000, 0.00000000]",0.24300000,0.44806667,6->16
9,9,9,0,47,"(1, 4, 7, 11, 16, 18, 20, 24, 27)",7,189,probe_repair,"[30, 45, 65, 75, 100, 125, 160, 200, 210, 225, 305, 325, 330, 340, 345]",0.00000000,"[0.00000000, 0.00000000, 0.00000000, 0.00000000, 0.00000000, 0.00000000, 0.00000000, 0.00000000, 0.00000000]",0.01900000,0.44792222,17->1
9,9,9,0,47,"(1, 4, 7, 11, 16, 18, 20, 24, 27)",8,77,probe_repair,"[40, 100, 110, 130, 155, 175, 190, 200, 210, 225, 235, 250, 265, 310, 360]",0.00000000,"[0.00000000, 0.00000000, 0.00000000, 0.00000000, 0.00000000, 0.00000000, 0.00000000, 0.00000000, 0.00000000]",0.24300000,0.45046667,2->4
9,9,9,0,47,"(1, 4, 7, 11, 16, 18, 20, 24, 27)",9,85,probe_repair,"[10, 25, 95, 110, 120, 135, 145, 165, 245, 290, 320, 330, 335, 355, 360]",0.00000000,"[0.00000000, 0.00000000, 0.00000000, 0.00000000, 0.00000000, 0.00000000, 0.00000000, 0.00000000, 0.00000000]",0.03000000,0.45116667,25->4
9,9,9,0,47,"(1, 4, 7, 11, 16, 18, 20, 24, 27)",10,293,probe_repair,"[50, 55, 90, 140, 165, 170, 175, 190, 205, 240, 255, 260, 275, 285, 290]",0.00000000,"[0.00000000, 0.00000000, 0.00000000, 0.00000000, 0.00000000, 0.00000000, 0.00000000, 0.00000000, 0.00000000]",0.14300000,0.44260000,25->27
9,9,9,0,48,"(1, 2, 5, 6, 9, 17, 21, 26, 27)",1,117,probe_repair,"[30, 45, 50, 55, 105, 125, 155, 170, 205, 250, 265, 280, 295, 345, 360]",0.00000000,"[0.00000000, 0.00000000, 0.00000000, 0.00000000, 0.00000000, 0.00000000, 0.00000000, 0.00000000, 0.00000000]",0.01700000,0.44056566,18->9
9,9,9,0,48,"(1, 2, 5, 6, 9, 17, 21, 26, 27)",2,21,probe_repair,"[10, 55, 65, 85, 90, 110, 150, 165, 190, 210, 235, 305, 310, 330, 360]",0.00000000,"[0.00000000, 0.00000000, 0.00000000, 0.00000000, 0.00000000, 0.00000000, 0.00000000, 0.00000000, 0.00000000]",0.29600000,0.44785859,22->1
9,9,9,0,48,"(1, 2, 5, 6, 9, 17, 21, 26, 27)",3,25,probe_repair,"[10, 55, 65, 85, 90, 110, 150, 165, 190, 210, 235, 305, 310, 330, 360]",0.00000000,"[0.00000000, 0.00000000, 0.00000000, 0.00000000, 0.00000000, 0.00000000, 0.00000000, 0.00000000, 0.00000000]",0.27200000,0.46125253,7->17
9,9,9,0,48,"(1, 2, 5, 6, 9, 17, 21, 26, 27)",4,37,probe_repair,"[40, 55, 110, 145, 160, 170, 175, 210, 240, 245, 250, 275, 305, 330, 345]",0.00000000,"[0.00000000, 0.00000000, 0.00000000, 0.00000000, 0.00000000, 0.00000000, 0.00000000, 0.00000000, 0.00000000]",0.13800000,0.43925253,15->21
9,9,9,0,48,"(1, 2, 5, 6, 9, 17, 21, 26, 27)",5,125,probe_repair,"[5, 60, 75, 95, 120, 125, 130, 150, 165, 170, 180, 230, 245, 260, 265]",0.00000000,"[0.00000000, 0.00000000, 0.00000000, 0.00000000, 0.00000000, 0.00000000, 0.00000000, 0.00000000, 0.00000000]",0.02400000,0.44371717,4->27
9,9,9,0,48,"(1, 2, 5, 6, 9, 17, 21, 26, 27)",6,61,probe_repair,"[30, 40, 55, 60, 100, 140, 155, 160, 175, 210, 245, 255, 290, 295, 325]",0.00000000,"[0.00000000, 0.00000000, 0.00000000, 0.00000000, 0.00000000, 0.00000000, 0.00000000, 0.00000000, 0.00000000]",0.22100000,0.44936364,18->26
9,9,9,0,48,"(1, 2, 5, 6, 9, 17, 21, 26, 27)",7,133,probe_repair,"[25, 40, 55, 90, 100, 165, 205, 210, 230, 295, 300, 305, 310, 325, 360]",0.00000000,"[0.00000000, 0.00000000, 0.00000000, 0.00000000, 0.00000000, 0.00000000, 0.00000000, 0.00000000, 0.00000000]",0.11500000,0.44493939,20->1
9,9,9,0,48,"(1, 2, 5, 6, 9, 17, 21, 26, 27)",8,109,probe_repair,"[10, 25, 35, 40, 75, 90, 100, 145, 155, 185, 225, 260, 290, 325, 330]",0.00000000,"[0.00000000, 0.00000000, 0.00000000, 0.00000000, 0.00000000, 0.00000000, 0.00000000, 0.00000000, 0.00000000]",0.18900000,0.44932323,28->26
9,9,9,0,48,"(1, 2, 5, 6, 9, 17, 21, 26, 27)",9,29,probe_repair,"[5, 15, 25, 40, 60, 115, 120, 130, 140, 175, 205, 235, 325, 335, 345]",0.00000000,"[0.00000000, 0.00000000, 0.00000000, 0.00000000, 0.00000000, 0.00000000, 0.00000000, 0.00000000, 0.00000000]",0.24900000,0.44922222,7->2
9,9,9,0,48,"(1, 2, 5, 6, 9, 17, 21, 26, 27)",10,101,probe_repair,"[10, 30, 60, 65, 85, 100, 170, 190, 210, 235, 265, 290, 310, 345, 365]",0.00000000,"[0.00000000, 0.00000000, 0.00000000, 0.00000000, 0.00000000, 0.00000000, 0.00000000, 0.00000000, 0.00000000]",0.09800000,0.44444444,24->26
9,9,9,0,49,"(1, 5, 6, 9, 20, 21, 25, 26, 27)",1,243,probe_repair,"[50, 65, 75, 85, 110, 180, 200, 230, 235, 300, 325, 330, 345, 355, 360]",0.00000000,"[0.00000000, 0.00000000, 0.00000000, 0.00000000, 0.00000000, 0.00000000, 0.00000000, 0.00000000, 0.00000000]",0.26000000,0.45416162,15->21
9,9,9,0,49,"(1, 5, 6, 9, 20, 21, 25, 26, 27)",2,1,baseline,"[5, 30, 55, 80, 105, 130, 155, 180, 205, 230, 255, 280, 305, 330, 355]",0.00000000,"[0.00000000, 0.00000000, 0.00000000, 0.00000000, 0.00000000, 0.00000000, 0.00000000, 0.00000000, 0.00000000]",0.06600000,0.44869697,15->5
9,9,9,0,49,"(1, 5, 6, 9, 20, 21, 25, 26, 27)",3,173,probe_repair,"[5, 15, 45, 95, 135, 170, 190, 220, 230, 235, 305, 310, 325, 335, 355]",0.00000000,"[0.00000000, 0.00000000, 0.00000000, 0.00000000, 0.00000000, 0.00000000, 0.00000000, 0.00000000, 0.00000000]",0.21900000,0.45624242,15->25
9,9,9,0,49,"(1, 5, 6, 9, 20, 21, 25, 26, 27)",4,277,probe_repair,"[40, 55, 60, 80, 90, 115, 120, 260, 265, 280, 300, 305, 325, 330, 355]",0.00000000,"[0.00000000, 0.00000000, 0.00000000, 0.00000000, 0.00000000, 0.00000000, 0.00000000, 0.00000000, 0.00000000]",0.20500000,0.44070707,16->27
9,9,9,0,49,"(1, 5, 6, 9, 20, 21, 25, 26, 27)",5,237,probe_repair,"[50, 65, 75, 85, 110, 180, 200, 230, 235, 300, 325, 330, 345, 355, 360]",0.00000000,"[0.00000000, 0.00000000, 0.00000000, 0.00000000, 0.00000000, 0.00000000, 0.00000000, 0.00000000, 0.00000000]",0.04400000,0.43746465,15->21
9,9,9,0,49,"(1, 5, 6, 9, 20, 21, 25, 26, 27)",6,101,probe_repair,"[25, 60, 110, 115, 140, 185, 200, 235, 245, 275, 285, 290, 300, 340, 360]",0.00000000,"[0.00000000, 0.00000000, 0.00000000, 0.00000000, 0.00000000, 0.00000000, 0.00000000, 0.00000000, 0.00000000]",0.24000000,0.44812121,2->20
9,9,9,0,49,"(1, 5, 6, 9, 20, 21, 25, 26, 27)",7,197,probe_repair,"[15, 35, 75, 85, 105, 130, 140, 185, 225, 240, 260, 290, 305, 310, 360]",0.00000000,"[0.00000000, 0.00000000, 0.00000000, 0.00000000, 0.00000000, 0.00000000, 0.00000000, 0.00000000, 0.00000000]",0.12500000,0.44857576,17->21
9,9,9,0,49,"(1, 5, 6, 9, 20, 21, 25, 26, 27)",8,141,probe_repair,"[25, 75, 115, 125, 130, 135, 140, 170, 185, 205, 250, 260, 285, 310, 335]",0.00000000,"[0.00000000, 0.00000000, 0.00000000, 0.00000000, 0.00000000, 0.00000000, 0.00000000, 0.00000000, 0.00000000]",0.20900000,0.44992929,22->27
9,9,9,0,49,"(1, 5, 6, 9, 20, 21, 25, 26, 27)",9,117,probe_repair,"[55, 75, 95, 110, 120, 145, 180, 185, 275, 280, 290, 305, 335, 360, 365]",0.00000000,"[0.00000000, 0.00000000, 0.00000000, 0.00000000, 0.00000000, 0.00000000, 0.00000000, 0.00000000, 0.00000000]",0.18800000,0.44149495,18->6
9,9,9,0,49,"(1, 5, 6, 9, 20, 21, 25, 26, 27)",10,221,probe_repair,"[5, 10, 15, 40, 45, 55, 65, 110, 145, 180, 210, 245, 280, 285, 305]",0.00000000,"[0.00000000, 0.00000000, 0.00000000, 0.00000000, 0.00000000, 0.00000000, 0.00000000, 0.00000000, 0.00000000]",0.13100000,0.44118182,28->27
9,9,9,0,50,"(2, 4, 7, 9, 17, 20, 22, 24, 28)",1,1461,probe_repair,"[35, 55, 65, 70, 115, 150, 190, 195, 215, 255, 260, 270, 290, 300, 325]",0.00000000,"[0.00000000, 0.00000000, 0.00000000, 0.00000000, 0.00000000, 0.00000000, 0.00000000, 0.00000000, 0.00000000]",0.00000000,0.43300000,11->24
9,9,9,0,50,"(2, 4, 7, 9, 17, 20, 22, 24, 28)",2,1261,probe_repair,"[30, 55, 75, 135, 170, 195, 210, 230, 270, 285, 305, 325, 330, 345, 365]",0.00000000,"[0.00000000, 0.00000000, 0.00000000, 0.00000000, 0.00000000, 0.00000000, 0.00000000, 0.00000000, 0.00000000]",0.15500000,0.44417284,16->22
9,9,9,0,50,"(2, 4, 7, 9, 17, 20, 22, 24, 28)",3,901,probe_repair,"[15, 85, 90, 105, 145, 165, 170, 195, 225, 230, 270, 290, 300, 320, 335]",0.00000000,"[0.00000000, 0.00000000, 0.00000000, 0.00000000, 0.00000000, 0.00000000, 0.00000000, 0.00000000, 0.00000000]",0.23800000,0.43517284,6->9
9,9,9,0,50,"(2, 4, 7, 9, 17, 20, 22, 24, 28)",4,1365,probe_repair,"[15, 45, 85, 105, 125, 140, 150, 155, 170, 175, 220, 235, 275, 325, 365]",0.00000000,"[0.00000000, 0.00000000, 0.00000000, 0.00000000, 0.00000000, 0.00000000, 0.00000000, 0.00000000, 0.00000000]",0.06300000,0.44166667,6->24
9,9,9,0,50,"(2, 4, 7, 9, 17, 20, 22, 24, 28)",5,800,probe_repair,"[40, 45, 50, 70, 115, 135, 195, 205, 210, 225, 230, 235, 275, 325, 340]",0.00000000,"[0.00000000, 0.00000000, 0.00000000, 0.00000000, 0.00000000, 0.00000000, 0.00000000, 0.00000000, 0.00000000]",0.18900000,0.45537037,27->20
9,9,9,0,50,"(2, 4, 7, 9, 17, 20, 22, 24, 28)",6,1325,probe_repair,"[50, 60, 85, 130, 135, 140, 180, 235, 285, 290, 320, 330, 335, 340, 350]",0.00000000,"[0.00000000, 0.00000000, 0.00000000, 0.00000000, 0.00000000, 0.00000000, 0.00000000, 0.00000000, 0.00000000]",0.12000000,0.44929630,27->24
9,9,9,0,50,"(2, 4, 7, 9, 17, 20, 22, 24, 28)",7,173,probe_repair,"[60, 105, 125, 135, 200, 205, 230, 235, 255, 295, 300, 315, 320, 325, 365]",0.00000000,"[0.00000000, 0.00000000, 0.00000000, 0.00000000, 0.00000000, 0.00000000, 0.00000000, 0.00000000, 0.00000000]",0.29200000,0.45807407,11->20
9,9,9,0,50,"(2, 4, 7, 9, 17, 20, 22, 24, 28)",8,1085,probe_repair,"[35, 40, 55, 65, 80, 85, 145, 165, 185, 235, 255, 260, 265, 275, 355]",0.00000000,"[0.00000000, 0.00000000, 0.00000000, 0.00000000, 0.00000000, 0.00000000, 0.00000000, 0.00000000, 0.00000000]",0.00400000,0.44238272,26->20
9,9,9,0,50,"(2, 4, 7, 9, 17, 20, 22, 24, 28)",9,801,probe_repair,"[40, 45, 50, 70, 115, 135, 195, 205, 210, 225, 230, 235, 275, 325, 340]",0.00000000,"[0.00000000, 0.00000000, 0.00000000, 0.00000000, 0.00000000, 0.00000000, 0.00000000, 0.00000000, 0.00000000]",0.25700000,0.45274074,6->2
9,9,9,0,50,"(2, 4, 7, 9, 17, 20, 22, 24, 28)",10,181,probe_repair,"[5, 30, 40, 65, 85, 90, 130, 180, 255, 285, 300, 305, 330, 345, 360]",0.00000000,"[0.00000000, 0.00000000, 0.00000000, 0.00000000, 0.00000000, 0.00000000, 0.00000000, 0.00000000, 0.00000000]",0.05700000,0.43925926,25->24
9,9,9,0,51,"(1, 4, 6, 7, 15, 16, 20, 22, 27)",1,213,probe_repair,"[25, 30, 75, 85, 90, 100, 120, 125, 145, 150, 230, 260, 300, 335, 350]",0.00000000,"[0.00000000, 0.00000000, 0.00000000, 0.00000000, 0.00000000, 0.00000000, 0.00000000, 0.00000000, 0.00000000]",0.06100000,0.45082222,21->22
9,9,9,0,51,"(1, 4, 6, 7, 15, 16, 20, 22, 27)",2,293,probe_repair,"[55, 60, 75, 120, 195, 205, 220, 230, 245, 255, 285, 300, 305, 330, 340]",0.00000000,"[0.00000000, 0.00000000, 0.00000000, 0.00000000, 0.00000000, 0.00000000, 0.00000000, 0.00000000, 0.00000000]",0.18800000,0.44353333,24->4
9,9,9,0,51,"(1, 4, 6, 7, 15, 16, 20, 22, 27)",3,87,probe_repair,"[90, 115, 130, 140, 150, 155, 180, 185, 235, 245, 260, 280, 285, 310, 355]",0.00000000,"[0.00000000, 0.00000000, 0.00000000, 0.00000000, 0.00000000, 0.00000000, 0.00000000, 0.00000000, 0.00000000]",0.24100000,0.46501111,9->15
9,9,9,0,51,"(1, 4, 6, 7, 15, 16, 20, 22, 27)",4,413,probe_repair,"[25, 30, 40, 60, 70, 85, 90, 140, 165, 170, 225, 230, 250, 305, 350]",0.00000000,"[0.00000000, 0.00000000, 0.00000000, 0.00000000, 0.00000000, 0.00000000, 0.00000000, 0.00000000, 0.00000000]",0.02500000,0.44278889,18->22
9,9,9,0,51,"(1, 4, 6, 7, 15, 16, 20, 22, 27)",5,285,probe_repair,"[10, 50, 55, 60, 120, 125, 185, 190, 205, 210, 225, 250, 300, 325, 335]",0.00000000,"[0.00000000, 0.00000000, 0.00000000, 0.00000000, 0.00000000, 0.00000000, 0.00000000, 0.00000000, 0.00000000]",0.10300000,0.44812222,9->7
9,9,9,0,51,"(1, 4, 6, 7, 15, 16, 20, 22, 27)",6,454,probe_repair,"[30, 95, 115, 170, 180, 200, 220, 235, 285, 290, 310, 330, 340, 345, 355]",0.00000000,"[0.00000000, 0.00000000, 0.00000000, 0.00000000, 0.00000000, 0.00000000, 0.00000000, 0.00000000, 0.00000000]",0.27900000,0.45803333,26->6
9,9,9,0,51,"(1, 4, 6, 7, 15, 16, 20, 22, 27)",7,301,probe_repair,"[30, 55, 135, 145, 170, 185, 255, 260, 265, 275, 280, 335, 345, 350, 355]",0.00000000,"[0.00000000, 0.00000000, 0.00000000, 0.00000000, 0.00000000, 0.00000000, 0.00000000, 0.00000000, 0.00000000]",0.10500000,0.45087778,25->7
9,9,9,0,51,"(1, 4, 6, 7, 15, 16, 20, 22, 27)",8,333,probe_repair,"[10, 15, 25, 40, 50, 135, 165, 180, 210, 245, 260, 275, 310, 325, 330]",0.00000000,"[0.00000000, 0.00000000, 0.00000000, 0.00000000, 0.00000000, 0.00000000, 0.00000000, 0.00000000, 0.00000000]",0.07100000,0.43798889,24->22
9,9,9,0,51,"(1, 4, 6, 7, 15, 16, 20, 22, 27)",9,173,probe_repair,"[25, 65, 90, 105, 140, 165, 190, 210, 245, 255, 260, 290, 295, 320, 360]",0.00000000,"[0.00000000, 0.00000000, 0.00000000, 0.00000000, 0.00000000, 0.00000000, 0.00000000, 0.00000000, 0.00000000]",0.11700000,0.44375556,26->7
9,9,9,0,51,"(1, 4, 6, 7, 15, 16, 20, 22, 27)",10,149,probe_repair,"[5, 15, 30, 50, 100, 125, 135, 150, 165, 230, 245, 335, 340, 355, 360]",0.00000000,"[0.00000000, 0.00000000, 0.00000000, 0.00000000, 0.00000000, 0.00000000, 0.00000000, 0.00000000, 0.00000000]",0.20600000,0.44127778,25->4
9,9,9,0,52,"(6, 7, 15, 16, 17, 21, 24, 25, 27)",1,1346,probe_repair,"[50, 65, 90, 150, 175, 185, 205, 215, 230, 235, 240, 260, 270, 275, 310]",0.00000000,"[0.00000000, 0.00000000, 0.00000000, 0.00000000, 0.00000000, 0.00000000, 0.00000000, 0.00000000, 0.00000000]",0.27100000,0.46361728,28->6
9,9,9,0,52,"(6, 7, 15, 16, 17, 21, 24, 25, 27)",2,1405,probe_repair,"[30, 45, 80, 85, 105, 155, 170, 175, 195, 245, 275, 295, 315, 335, 345]",0.00000000,"[0.00000000, 0.00000000, 0.00000000, 0.00000000, 0.00000000, 0.00000000, 0.00000000, 0.00000000, 0.00000000]",0.31600000,0.44553086,2->25
9,9,9,0,52,"(6, 7, 15, 16, 17, 21, 24, 25, 27)",3,1573,probe_repair,"[30, 60, 105, 125, 155, 160, 175, 180, 200, 240, 245, 255, 270, 275, 315]",0.00000000,"[0.00000000, 0.00000000, 0.00000000, 0.00000000, 0.00000000, 0.00000000, 0.00000000, 0.00000000, 0.00000000]",0.10100000,0.45271605,2->24
9,9,9,0,52,"(6, 7, 15, 16, 17, 21, 24, 25, 27)",4,874,probe_repair,"[5, 15, 60, 65, 80, 85, 90, 120, 130, 155, 160, 210, 230, 290, 360]",0.00000000,"[0.00000000, 0.00000000, 0.00000000, 0.00000000, 0.00000000, 0.00000000, 0.00000000, 0.00000000, 0.00000000]",0.32200000,0.46240741,18->25
9,9,9,0,52,"(6, 7, 15, 16, 17, 21, 24, 25, 27)",5,429,probe_repair,"[30, 40, 45, 155, 190, 200, 250, 255, 280, 285, 295, 320, 330, 345, 365]",0.00000000,"[0.00000000, 0.00000000, 0.00000000, 0.00000000, 0.00000000, 0.00000000, 0.00000000, 0.00000000, 0.00000000]",0.16900000,0.45056790,22->15
9,9,9,0,52,"(6, 7, 15, 16, 17, 21, 24, 25, 27)",6,926,probe_repair,"[25, 65, 70, 120, 125, 130, 170, 210, 225, 255, 275, 280, 310, 325, 335]",0.00000000,"[0.00000000, 0.00000000, 0.00000000, 0.00000000, 0.00000000, 0.00000000, 0.00000000, 0.00000000, 0.00000000]",0.28700000,0.46285185,11->27
9,9,9,0,52,"(6, 7, 15, 16, 17, 21, 24, 25, 27)",7,397,probe_repair,"[5, 65, 70, 120, 125, 170, 180, 205, 210, 230, 245, 270, 295, 315, 340]",0.00000000,"[0.00000000, 0.00000000, 0.00000000, 0.00000000, 0.00000000, 0.00000000, 0.00000000, 0.00000000, 0.00000000]",0.03900000,0.43559259,2->7
9,9,9,0,52,"(6, 7, 15, 16, 17, 21, 24, 25, 27)",8,1509,probe_repair,"[40, 50, 55, 75, 90, 110, 115, 135, 155, 205, 215, 325, 330, 360, 365]",0.00000000,"[0.00000000, 0.00000000, 0.00000000, 0.00000000, 0.00000000, 0.00000000, 0.00000000, 0.00000000, 0.00000000]",0.19400000,0.45239506,9->16
9,9,9,0,52,"(6, 7, 15, 16, 17, 21, 24, 25, 27)",9,367,probe_repair,"[35, 50, 55, 70, 90, 175, 210, 225, 240, 260, 285, 295, 315, 320, 325]",0.00000000,"[0.00000000, 0.00000000, 0.00000000, 0.00000000, 0.00000000, 0.00000000, 0.00000000, 0.00000000, 0.00000000]",0.17900000,0.45528395,18->24
9,9,9,0,52,"(6, 7, 15, 16, 17, 21, 24, 25, 27)",10,565,probe_repair,"[10, 25, 30, 40, 60, 105, 115, 120, 155, 170, 200, 230, 245, 250, 275]",0.00000000,"[0.00000000, 0.00000000, 0.00000000, 0.00000000, 0.00000000, 0.00000000, 0.00000000, 0.00000000, 0.00000000]",0.23500000,0.44695062,20->25
9,9,9,0,53,"(1, 2, 4, 5, 9, 15, 21, 24, 28)",1,53,probe_repair,"[45, 50, 65, 105, 145, 150, 155, 185, 190, 210, 275, 305, 335, 355, 360]",0.00000000,"[0.00000000, 0.00000000, 0.00000000, 0.00000000, 0.00000000, 0.00000000, 0.00000000, 0.00000000, 0.00000000]",0.26600000,0.44837374,25->15
9,9,9,0,53,"(1, 2, 4, 5, 9, 15, 21, 24, 28)",2,101,probe_repair,"[25, 30, 50, 65, 135, 140, 185, 235, 240, 255, 265, 280, 310, 330, 360]",0.00000000,"[0.00000000, 0.00000000, 0.00000000, 0.00000000, 0.00000000, 0.00000000, 0.00000000, 0.00000000, 0.00000000]",0.10700000,0.44517172,17->5
9,9,9,0,53,"(1, 2, 4, 5, 9, 15, 21, 24, 28)",3,133,probe_repair,"[15, 35, 80, 115, 135, 170, 190, 210, 220, 235, 260, 295, 325, 335, 340]",0.00000000,"[0.00000000, 0.00000000, 0.00000000, 0.00000000, 0.00000000, 0.00000000, 0.00000000, 0.00000000, 0.00000000]",0.02400000,0.44880808,18->1
9,9,9,0,53,"(1, 2, 4, 5, 9, 15, 21, 24, 28)",4,109,probe_repair,"[15, 80, 85, 95, 100, 105, 115, 175, 225, 240, 290, 325, 345, 355, 365]",0.00000000,"[0.00000000, 0.00000000, 0.00000000, 0.00000000, 0.00000000, 0.00000000, 0.00000000, 0.00000000, 0.00000000]",0.19700000,0.44444444,16->5
9,9,9,0,53,"(1, 2, 4, 5, 9, 15, 21, 24, 28)",5,141,probe_repair,"[5, 10, 15, 30, 35, 90, 125, 130, 175, 185, 190, 230, 255, 305, 335]",0.00000000,"[0.00000000, 0.00000000, 0.00000000, 0.00000000, 0.00000000, 0.00000000, 0.00000000, 0.00000000, 0.00000000]",0.18100000,0.44438384,11->24
9,9,9,0,53,"(1, 2, 4, 5, 9, 15, 21, 24, 28)",6,293,probe_repair,"[30, 35, 40, 50, 55, 75, 100, 105, 110, 175, 185, 240, 295, 305, 335]",0.00000000,"[0.00000000, 0.00000000, 0.00000000, 0.00000000, 0.00000000, 0.00000000, 0.00000000, 0.00000000, 0.00000000]",0.17300000,0.44694949,11->2
9,9,9,0,53,"(1, 2, 4, 5, 9, 15, 21, 24, 28)",7,309,probe_repair,"[30, 35, 60, 65, 115, 125, 165, 180, 220, 230, 240, 255, 265, 330, 355]",0.00000000,"[0.00000000, 0.00000000, 0.00000000, 0.00000000, 0.00000000, 0.00000000, 0.00000000, 0.00000000, 0.00000000]",0.07800000,0.44273737,26->28
9,9,9,0,53,"(1, 2, 4, 5, 9, 15, 21, 24, 28)",8,181,probe_repair,"[15, 35, 75, 80, 100, 105, 110, 150, 190, 225, 235, 245, 265, 285, 290]",0.00000000,"[0.00000000, 0.00000000, 0.00000000, 0.00000000, 0.00000000, 0.00000000, 0.00000000, 0.00000000, 0.00000000]",0.30600000,0.44685859,18->9
9,9,9,0,53,"(1, 2, 4, 5, 9, 15, 21, 24, 28)",9,21,probe_repair,"[10, 30, 45, 100, 110, 120, 130, 135, 145, 200, 280, 325, 335, 345, 355]",0.00000000,"[0.00000000, 0.00000000, 0.00000000, 0.00000000, 0.00000000, 0.00000000, 0.00000000, 0.00000000, 0.00000000]",0.11800000,0.44400000,16->9
9,9,9,0,53,"(1, 2, 4, 5, 9, 15, 21, 24, 28)",10,261,probe_repair,"[25, 45, 110, 115, 120, 155, 165, 175, 200, 220, 280, 285, 300, 345, 365]",0.00000000,"[0.00000000, 0.00000000, 0.00000000, 0.00000000, 0.00000000, 0.00000000, 0.00000000, 0.00000000, 0.00000000]",0.18000000,0.44153535,7->5
9,9,9,0,54,"(6, 9, 11, 17, 18, 22, 24, 26, 28)",1,587,probe_repair,"[15, 50, 55, 60, 70, 95, 100, 125, 130, 175, 225, 270, 275, 310, 325]",0.00000000,"[0.00000000, 0.00000000, 0.00000000, 0.00000000, 0.00000000, 0.00000000, 0.00000000, 0.00000000, 0.00000000]",0.28600000,0.45904938,25->6
9,9,9,0,54,"(6, 9, 11, 17, 18, 22, 24, 26, 28)",2,1293,probe_repair,"[10, 95, 110, 145, 160, 175, 195, 210, 225, 230, 270, 275, 280, 295, 355]",0.00000000,"[0.00000000, 0.00000000, 0.00000000, 0.00000000, 0.00000000, 0.00000000, 0.00000000, 0.00000000, 0.00000000]",0.13800000,0.44256790,7->28
9,9,9,0,54,"(6, 9, 11, 17, 18, 22, 24, 26, 28)",3,1069,probe_repair,"[15, 20, 25, 35, 55, 95, 115, 140, 180, 185, 190, 210, 235, 245, 320]",0.00000000,"[0.00000000, 0.00000000, 0.00000000, 0.00000000, 0.00000000, 0.00000000, 0.00000000, 0.00000000, 0.00000000]",0.15500000,0.44887654,27->18
9,9,9,0,54,"(6, 9, 11, 17, 18, 22, 24, 26, 28)",4,1197,probe_repair,"[15, 55, 80, 85, 120, 135, 160, 165, 190, 220, 235, 275, 280, 295, 305]",0.00000000,"[0.00000000, 0.00000000, 0.00000000, 0.00000000, 0.00000000, 0.00000000, 0.00000000, 0.00000000, 0.00000000]",0.08100000,0.43512346,27->24
9,9,9,0,54,"(6, 9, 11, 17, 18, 22, 24, 26, 28)",5,1037,probe_repair,"[5, 30, 60, 65, 100, 130, 135, 195, 200, 255, 270, 300, 305, 355, 360]",0.00000000,"[0.00000000, 0.00000000, 0.00000000, 0.00000000, 0.00000000, 0.00000000, 0.00000000, 0.00000000, 0.00000000]",0.12900000,0.44751852,7->6
9,9,9,0,54,"(6, 9, 11, 17, 18, 22, 24, 26, 28)",6,461,probe_repair,"[25, 30, 80, 90, 135, 175, 205, 210, 220, 240, 265, 290, 345, 350, 355]",0.00000000,"[0.00000000, 0.00000000, 0.00000000, 0.00000000, 0.00000000, 0.00000000, 0.00000000, 0.00000000, 0.00000000]",0.11800000,0.43696296,25->6
9,9,9,0,54,"(6, 9, 11, 17, 18, 22, 24, 26, 28)",7,588,probe_repair,"[15, 50, 55, 60, 70, 95, 100, 125, 130, 175, 225, 270, 275, 310, 325]",0.00000000,"[0.00000000, 0.00000000, 0.00000000, 0.00000000, 0.00000000, 0.00000000, 0.00000000, 0.00000000, 0.00000000]",0.23000000,0.45534568,25->6
9,9,9,0,54,"(6, 9, 11, 17, 18, 22, 24, 26, 28)",8,997,probe_repair,"[30, 35, 45, 50, 60, 90, 95, 155, 200, 205, 270, 290, 300, 310, 345]",0.00000000,"[0.00000000, 0.00000000, 0.00000000, 0.00000000, 0.00000000, 0.00000000, 0.00000000, 0.00000000, 0.00000000]",0.00200000,0.44377778,25->9
9,9,9,0,54,"(6, 9, 11, 17, 18, 22, 24, 26, 28)",9,117,probe_repair,"[5, 10, 25, 45, 75, 85, 115, 145, 175, 230, 240, 340, 345, 355, 360]",0.00000000,"[0.00000000, 0.00000000, 0.00000000, 0.00000000, 0.00000000, 0.00000000, 0.00000000, 0.00000000, 0.00000000]",0.17200000,0.44598765,21->22
9,9,9,0,54,"(6, 9, 11, 17, 18, 22, 24, 26, 28)",10,917,probe_repair,"[40, 50, 55, 100, 105, 125, 155, 180, 200, 225, 265, 280, 285, 320, 330]",0.00000000,"[0.00000000, 0.00000000, 0.00000000, 0.00000000, 0.00000000, 0.00000000, 0.00000000, 0.00000000, 0.00000000]",0.13100000,0.44702469,2->11
9,9,9,0,55,"(2, 5, 11, 16, 17, 18, 21, 26, 28)",1,410,probe_repair,"[15, 25, 45, 105, 110, 140, 145, 155, 160, 165, 190, 220, 240, 290, 360]",0.00000000,"[0.00000000, 0.00000000, 0.00000000, 0.00000000, 0.00000000, 0.00000000, 0.00000000, 0.00000000, 0.00000000]",0.22800000,0.45925556,20->5
9,9,9,0,55,"(2, 5, 11, 16, 17, 18, 21, 26, 28)",2,37,probe_repair,"[20, 25, 35, 55, 60, 65, 95, 110, 190, 240, 260, 315, 325, 340, 345]",0.00000000,"[0.00000000, 0.00000000, 0.00000000, 0.00000000, 0.00000000, 0.00000000, 0.00000000, 0.00000000, 0.00000000]",0.23900000,0.44932222,15->21
9,9,9,0,55,"(2, 5, 11, 16, 17, 18, 21, 26, 28)",3,565,probe_repair,"[5, 35, 75, 80, 100, 140, 145, 150, 170, 190, 215, 220, 225, 295, 300]",0.00000000,"[0.00000000, 0.00000000, 0.00000000, 0.00000000, 0.00000000, 0.00000000, 0.00000000, 0.00000000, 0.00000000]",0.09200000,0.43878889,25->2
9,9,9,0,55,"(2, 5, 11, 16, 17, 18, 21, 26, 28)",4,389,probe_repair,"[5, 80, 85, 120, 160, 165, 180, 215, 225, 235, 260, 280, 290, 305, 340]",0.00000000,"[0.00000000, 0.00000000, 0.00000000, 0.00000000, 0.00000000, 0.00000000, 0.00000000, 0.00000000, 0.00000000]",0.12000000,0.44182222,7->26
9,9,9,0,55,"(2, 5, 11, 16, 17, 18, 21, 26, 28)",5,85,probe_repair,"[90, 95, 105, 155, 160, 170, 185, 190, 205, 215, 220, 250, 280, 300, 335]",0.00000000,"[0.00000000, 0.00000000, 0.00000000, 0.00000000, 0.00000000, 0.00000000, 0.00000000, 0.00000000, 0.00000000]",0.28100000,0.44491111,22->17
9,9,9,0,55,"(2, 5, 11, 16, 17, 18, 21, 26, 28)",6,485,probe_repair,"[15, 85, 110, 155, 180, 190, 215, 235, 285, 310, 315, 330, 335, 360, 365]",0.00000000,"[0.00000000, 0.00000000, 0.00000000, 0.00000000, 0.00000000, 0.00000000, 0.00000000, 0.00000000, 0.00000000]",0.18100000,0.44792222,24->26
9,9,9,0,55,"(2, 5, 11, 16, 17, 18, 21, 26, 28)",7,53,probe_repair,"[35, 45, 100, 110, 125, 130, 140, 160, 200, 215, 235, 275, 290, 315, 365]",0.00000000,"[0.00000000, 0.00000000, 0.00000000, 0.00000000, 0.00000000, 0.00000000, 0.00000000, 0.00000000, 0.00000000]",0.16200000,0.44564444,9->28
9,9,9,0,55,"(2, 5, 11, 16, 17, 18, 21, 26, 28)",8,277,probe_repair,"[10, 20, 25, 40, 115, 150, 175, 180, 190, 250, 255, 290, 295, 300, 310]",0.00000000,"[0.00000000, 0.00000000, 0.00000000, 0.00000000, 0.00000000, 0.00000000, 0.00000000, 0.00000000, 0.00000000]",0.11000000,0.44468889,24->11
9,9,9,0,55,"(2, 5, 11, 16, 17, 18, 21, 26, 28)",9,405,probe_repair,"[15, 25, 45, 105, 110, 140, 145, 155, 160, 165, 190, 220, 240, 290, 360]",0.00000000,"[0.00000000, 0.00000000, 0.00000000, 0.00000000, 0.00000000, 0.00000000, 0.00000000, 0.00000000, 0.00000000]",0.21400000,0.44903333,20->5
9,9,9,0,55,"(2, 5, 11, 16, 17, 18, 21, 26, 28)",10,165,probe_repair,"[10, 35, 40, 55, 80, 120, 185, 230, 235, 240, 280, 295, 305, 310, 345]",0.00000000,"[0.00000000, 0.00000000, 0.00000000, 0.00000000, 0.00000000, 0.00000000, 0.00000000, 0.00000000, 0.00000000]",0.28700000,0.45048889,9->26
9,9,9,0,56,"(1, 4, 7, 9, 15, 16, 17, 25, 28)",1,293,probe_repair,"[30, 55, 60, 80, 90, 120, 150, 155, 160, 170, 185, 225, 305, 345, 365]",0.00000000,"[0.00000000, 0.00000000, 0.00000000, 0.00000000, 0.00000000, 0.00000000, 0.00000000, 0.00000000, 0.00000000]",0.07700000,0.44933333,27->4
9,9,9,0,56,"(1, 4, 7, 9, 15, 16, 17, 25, 28)",2,261,probe_repair,"[15, 75, 80, 85, 90, 105, 140, 145, 160, 190, 245, 290, 305, 320, 330]",0.00000000,"[0.00000000, 0.00000000, 0.00000000, 0.00000000, 0.00000000, 0.00000000, 0.00000000, 0.00000000, 0.00000000]",0.07600000,0.43887778,21->28
9,9,9,0,56,"(1, 4, 7, 9, 15, 16, 17, 25, 28)",3,373,probe_repair,"[75, 95, 100, 110, 125, 175, 225, 240, 245, 250, 260, 285, 295, 310, 330]",0.00000000,"[0.00000000, 0.00000000, 0.00000000, 0.00000000, 0.00000000, 0.00000000, 0.00000000, 0.00000000, 0.00000000]",0.03700000,0.44140000,21->1
9,9,9,0,56,"(1, 4, 7, 9, 15, 16, 17, 25, 28)",4,573,probe_repair,"[35, 60, 80, 90, 110, 115, 145, 155, 170, 230, 240, 250, 310, 360, 365]",0.00000000,"[0.00000000, 0.00000000, 0.00000000, 0.00000000, 0.00000000, 0.00000000, 0.00000000, 0.00000000, 0.00000000]",0.10500000,0.44996667,2->9
9,9,9,0,56,"(1, 4, 7, 9, 15, 16, 17, 25, 28)",5,574,probe_repair,"[35, 60, 80, 90, 110, 115, 145, 155, 170, 230, 240, 250, 310, 360, 365]",0.00000000,"[0.00000000, 0.00000000, 0.00000000, 0.00000000, 0.00000000, 0.00000000, 0.00000000, 0.00000000, 0.00000000]",0.25800000,0.46692222,2->9
9,9,9,0,56,"(1, 4, 7, 9, 15, 16, 17, 25, 28)",6,461,probe_repair,"[45, 50, 90, 110, 115, 125, 135, 160, 165, 175, 220, 275, 320, 340, 355]",0.00000000,"[0.00000000, 0.00000000, 0.00000000, 0.00000000, 0.00000000, 0.00000000, 0.00000000, 0.00000000, 0.00000000]",0.10700000,0.44533333,18->15
9,9,9,0,56,"(1, 4, 7, 9, 15, 16, 17, 25, 28)",7,538,probe_repair,"[25, 30, 35, 55, 75, 95, 100, 140, 155, 185, 195, 200, 220, 295, 350]",0.00000000,"[0.00000000, 0.00000000, 0.00000000, 0.00000000, 0.00000000, 0.00000000, 0.00000000, 0.00000000, 0.00000000]",0.27500000,0.45588889,27->15
9,9,9,0,56,"(1, 4, 7, 9, 15, 16, 17, 25, 28)",8,275,probe_repair,"[10, 25, 30, 35, 45, 55, 70, 100, 115, 130, 165, 195, 200, 325, 350]",0.00000000,"[0.00000000, 0.00000000, 0.00000000, 0.00000000, 0.00000000, 0.00000000, 0.00000000, 0.00000000, 0.00000000]",0.20900000,0.45102222,6->7
9,9,9,0,56,"(1, 4, 7, 9, 15, 16, 17, 25, 28)",9,421,probe_repair,"[15, 40, 45, 50, 75, 100, 140, 150, 155, 160, 185, 210, 290, 295, 310]",0.00000000,"[0.00000000, 0.00000000, 0.00000000, 0.00000000, 0.00000000, 0.00000000, 0.00000000, 0.00000000, 0.00000000]",0.24600000,0.44837778,21->17
9,9,9,0,56,"(1, 4, 7, 9, 15, 16, 17, 25, 28)",10,485,probe_repair,"[15, 25, 55, 105, 120, 130, 190, 195, 200, 250, 255, 280, 300, 350, 360]",0.00000000,"[0.00000000, 0.00000000, 0.00000000, 0.00000000, 0.00000000, 0.00000000, 0.00000000, 0.00000000, 0.00000000]",0.12900000,0.44467778,6->4
9,9,9,0,57,"(1, 4, 7, 9, 11, 16, 22, 26, 27)",1,445,probe_repair,"[25, 55, 85, 95, 125, 155, 185, 190, 200, 230, 265, 285, 330, 340, 345]",0.00000000,"[0.00000000, 0.00000000, 0.00000000, 0.00000000, 0.00000000, 0.00000000, 0.00000000, 0.00000000, 0.00000000]",0.21300000,0.44724444,15->7
9,9,9,0,57,"(1, 4, 7, 9, 11, 16, 22, 26, 27)",2,501,probe_repair,"[45, 60, 70, 90, 120, 140, 175, 210, 235, 245, 250, 265, 320, 340, 350]",0.00000000,"[0.00000000, 0.00000000, 0.00000000, 0.00000000, 0.00000000, 0.00000000, 0.00000000, 0.00000000, 0.00000000]",0.06100000,0.44297778,17->26
9,9,9,0,57,"(1, 4, 7, 9, 11, 16, 22, 26, 27)",3,333,probe_repair,"[10, 15, 30, 45, 70, 80, 105, 130, 145, 175, 195, 225, 265, 275, 360]",0.00000000,"[0.00000000, 0.00000000, 0.00000000, 0.00000000, 0.00000000, 0.00000000, 0.00000000, 0.00000000, 0.00000000]",0.21500000,0.45058889,6->16
9,9,9,0,57,"(1, 4, 7, 9, 11, 16, 22, 26, 27)",4,477,probe_repair,"[70, 85, 95, 100, 125, 145, 175, 180, 210, 240, 245, 280, 290, 295, 305]",0.00000000,"[0.00000000, 0.00000000, 0.00000000, 0.00000000, 0.00000000, 0.00000000, 0.00000000, 0.00000000, 0.00000000]",0.06300000,0.44311111,2->9
9,9,9,0,57,"(1, 4, 7, 9, 11, 16, 22, 26, 27)",5,45,probe_repair,"[95, 125, 155, 165, 180, 190, 195, 230, 250, 255, 265, 275, 280, 300, 365]",0.00000000,"[0.00000000, 0.00000000, 0.00000000, 0.00000000, 0.00000000, 0.00000000, 0.00000000, 0.00000000, 0.00000000]",0.24200000,0.45168889,24->27
9,9,9,0,57,"(1, 4, 7, 9, 11, 16, 22, 26, 27)",6,685,probe_repair,"[5, 10, 65, 110, 115, 120, 190, 195, 240, 285, 295, 305, 320, 330, 345]",0.00000000,"[0.00000000, 0.00000000, 0.00000000, 0.00000000, 0.00000000, 0.00000000, 0.00000000, 0.00000000, 0.00000000]",0.18100000,0.44900000,6->27
9,9,9,0,57,"(1, 4, 7, 9, 11, 16, 22, 26, 27)",7,205,probe_repair,"[5, 30, 50, 75, 80, 125, 140, 145, 160, 185, 225, 255, 300, 330, 345]",0.00000000,"[0.00000000, 0.00000000, 0.00000000, 0.00000000, 0.00000000, 0.00000000, 0.00000000, 0.00000000, 0.00000000]",0.17900000,0.43678889,24->7
9,9,9,0,57,"(1, 4, 7, 9, 11, 16, 22, 26, 27)",8,101,probe_repair,"[15, 55, 60, 75, 120, 145, 165, 170, 200, 240, 265, 290, 295, 305, 365]",0.00000000,"[0.00000000, 0.00000000, 0.00000000, 0.00000000, 0.00000000, 0.00000000, 0.00000000, 0.00000000, 0.00000000]",0.18100000,0.44724444,25->1
9,9,9,0,57,"(1, 4, 7, 9, 11, 16, 22, 26, 27)",9,125,probe_repair,"[30, 65, 145, 150, 185, 195, 210, 240, 285, 290, 310, 345, 350, 355, 360]",0.00000000,"[0.00000000, 0.00000000, 0.00000000, 0.00000000, 0.00000000, 0.00000000, 0.00000000, 0.00000000, 0.00000000]",0.17700000,0.44341111,6->16
9,9,9,0,57,"(1, 4, 7, 9, 11, 16, 22, 26, 27)",10,53,probe_repair,"[50, 95, 115, 135, 155, 180, 190, 195, 200, 230, 250, 255, 275, 355, 360]",0.00000000,"[0.00000000, 0.00000000, 0.00000000, 0.00000000, 0.00000000, 0.00000000, 0.00000000, 0.00000000, 0.00000000]",0.08800000,0.44542222,21->7
9,9,9,0,58,"(5, 6, 7, 9, 11, 17, 18, 21, 27)",1,45,probe_repair,"[10, 15, 65, 105, 150, 170, 175, 180, 210, 230, 270, 280, 300, 315, 345]",0.00000000,"[0.00000000, 0.00000000, 0.00000000, 0.00000000, 0.00000000, 0.00000000, 0.00000000, 0.00000000, 0.00000000]",0.13500000,0.44562222,2->21
9,9,9,0,58,"(5, 6, 7, 9, 11, 17, 18, 21, 27)",2,181,probe_repair,"[40, 55, 60, 120, 150, 155, 215, 240, 245, 265, 270, 310, 335, 340, 360]",0.00000000,"[0.00000000, 0.00000000, 0.00000000, 0.00000000, 0.00000000, 0.00000000, 0.00000000, 0.00000000, 0.00000000]",0.08500000,0.45391111,2->7
9,9,9,0,58,"(5, 6, 7, 9, 11, 17, 18, 21, 27)",3,677,probe_repair,"[5, 30, 60, 85, 90, 100, 135, 140, 210, 215, 225, 260, 265, 270, 315]",0.00000000,"[0.00000000, 0.00000000, 0.00000000, 0.00000000, 0.00000000, 0.00000000, 0.00000000, 0.00000000, 0.00000000]",0.15700000,0.44063333,25->17
9,9,9,0,58,"(5, 6, 7, 9, 11, 17, 18, 21, 27)",4,285,probe_repair,"[20, 40, 45, 50, 60, 80, 125, 130, 175, 185, 190, 200, 225, 355, 360]",0.00000000,"[0.00000000, 0.00000000, 0.00000000, 0.00000000, 0.00000000, 0.00000000, 0.00000000, 0.00000000, 0.00000000]",0.14100000,0.44467778,25->9
9,9,9,0,58,"(5, 6, 7, 9, 11, 17, 18, 21, 27)",5,622,probe_repair,"[25, 40, 65, 120, 130, 160, 165, 170, 210, 275, 280, 285, 300, 335, 355]",0.00000000,"[0.00000000, 0.00000000, 0.00000000, 0.00000000, 0.00000000, 0.00000000, 0.00000000, 0.00000000, 0.00000000]",0.14800000,0.45947778,28->9
9,9,9,0,58,"(5, 6, 7, 9, 11, 17, 18, 21, 27)",6,149,probe_repair,"[30, 55, 75, 85, 90, 125, 150, 160, 175, 190, 220, 255, 260, 265, 305]",0.00000000,"[0.00000000, 0.00000000, 0.00000000, 0.00000000, 0.00000000, 0.00000000, 0.00000000, 0.00000000, 0.00000000]",0.16000000,0.44036667,20->11
9,9,9,0,58,"(5, 6, 7, 9, 11, 17, 18, 21, 27)",7,53,probe_repair,"[5, 15, 55, 80, 85, 90, 95, 100, 165, 180, 190, 210, 235, 265, 270]",0.00000000,"[0.00000000, 0.00000000, 0.00000000, 0.00000000, 0.00000000, 0.00000000, 0.00000000, 0.00000000, 0.00000000]",0.07500000,0.43494444,24->27
9,9,9,0,58,"(5, 6, 7, 9, 11, 17, 18, 21, 27)",8,627,probe_repair,"[25, 40, 65, 120, 130, 160, 165, 170, 210, 275, 280, 285, 300, 335, 355]",0.00000000,"[0.00000000, 0.00000000, 0.00000000, 0.00000000, 0.00000000, 0.00000000, 0.00000000, 0.00000000, 0.00000000]",0.16900000,0.46043333,28->9
9,9,9,0,58,"(5, 6, 7, 9, 11, 17, 18, 21, 27)",9,525,probe_repair,"[5, 15, 140, 170, 175, 200, 220, 225, 270, 300, 325, 330, 335, 345, 365]",0.00000000,"[0.00000000, 0.00000000, 0.00000000, 0.00000000, 0.00000000, 0.00000000, 0.00000000, 0.00000000, 0.00000000]",0.06500000,0.44952222,2->7
9,9,9,0,58,"(5, 6, 7, 9, 11, 17, 18, 21, 27)",10,357,probe_repair,"[55, 65, 80, 125, 145, 165, 170, 190, 225, 230, 245, 250, 265, 280, 365]",0.00000000,"[0.00000000, 0.00000000, 0.00000000, 0.00000000, 0.00000000, 0.00000000, 0.00000000, 0.00000000, 0.00000000]",0.20300000,0.43868889,26->27
9,9,9,0,59,"(6, 7, 9, 17, 21, 24, 26, 27, 28)",1,53,probe_repair,"[20, 25, 55, 75, 105, 135, 155, 245, 260, 285, 295, 300, 320, 325, 355]",0.00000000,"[0.00000000, 0.00000000, 0.00000000, 0.00000000, 0.00000000, 0.00000000, 0.00000000, 0.00000000, 0.00000000]",0.08000000,0.45001235,2->28
9,9,9,0,59,"(6, 7, 9, 17, 21, 24, 26, 27, 28)",2,909,probe_repair,"[65, 80, 95, 135, 155, 160, 165, 190, 200, 205, 220, 245, 265, 280, 295]",0.00000000,"[0.00000000, 0.00000000, 0.00000000, 0.00000000, 0.00000000, 0.00000000, 0.00000000, 0.00000000, 0.00000000]",0.19500000,0.45356790,25->9
9,9,9,0,59,"(6, 7, 9, 17, 21, 24, 26, 27, 28)",3,1454,probe_repair,"[35, 70, 85, 105, 125, 160, 170, 175, 195, 230, 240, 300, 305, 355, 365]",0.00000000,"[0.00000000, 0.00000000, 0.00000000, 0.00000000, 0.00000000, 0.00000000, 0.00000000, 0.00000000, 0.00000000]",0.24300000,0.46025926,22->21
9,9,9,0,59,"(6, 7, 9, 17, 21, 24, 26, 27, 28)",4,1189,probe_repair,"[15, 45, 65, 75, 100, 105, 115, 130, 140, 195, 260, 280, 285, 320, 325]",0.00000000,"[0.00000000, 0.00000000, 0.00000000, 0.00000000, 0.00000000, 0.00000000, 0.00000000, 0.00000000, 0.00000000]",0.05900000,0.45206173,11->21
9,9,9,0,59,"(6, 7, 9, 17, 21, 24, 26, 27, 28)",5,1453,probe_repair,"[35, 70, 85, 105, 125, 160, 170, 175, 195, 230, 240, 300, 305, 355, 365]",0.00000000,"[0.00000000, 0.00000000, 0.00000000, 0.00000000, 0.00000000, 0.00000000, 0.00000000, 0.00000000, 0.00000000]",0.11800000,0.44688889,20->28
9,9,9,0,59,"(6, 7, 9, 17, 21, 24, 26, 27, 28)",6,1,baseline,"[5, 30, 55, 80, 105, 130, 155, 180, 205, 230, 255, 280, 305, 330, 355]",0.00000000,"[0.00000000, 0.00000000, 0.00000000, 0.00000000, 0.00000000, 0.00000000, 0.00000000, 0.00000000, 0.00000000]",0.28300000,0.44201235,22->6
9,9,9,0,59,"(6, 7, 9, 17, 21, 24, 26, 27, 28)",7,165,probe_repair,"[10, 15, 25, 130, 145, 165, 175, 185, 190, 195, 220, 260, 265, 330, 350]",0.00000000,"[0.00000000, 0.00000000, 0.00000000, 0.00000000, 0.00000000, 0.00000000, 0.00000000, 0.00000000, 0.00000000]",0.22900000,0.45598765,16->9
9,9,9,0,59,"(6, 7, 9, 17, 21, 24, 26, 27, 28)",8,685,probe_repair,"[30, 40, 60, 70, 85, 90, 120, 125, 195, 200, 215, 255, 285, 310, 315]",0.00000000,"[0.00000000, 0.00000000, 0.00000000, 0.00000000, 0.00000000, 0.00000000, 0.00000000, 0.00000000, 0.00000000]",0.17100000,0.44992593,2->27
9,9,9,0,59,"(6, 7, 9, 17, 21, 24, 26, 27, 28)",9,1141,probe_repair,"[40, 45, 55, 65, 75, 95, 120, 130, 175, 190, 215, 225, 270, 340, 365]",0.00000000,"[0.00000000, 0.00000000, 0.00000000, 0.00000000, 0.00000000, 0.00000000, 0.00000000, 0.00000000, 0.00000000]",0.15600000,0.45170370,11->26
9,9,9,0,59,"(6, 7, 9, 17, 21, 24, 26, 27, 28)",10,901,probe_repair,"[5, 10, 25, 45, 70, 90, 105, 170, 195, 240, 280, 305, 330, 340, 355]",0.00000000,"[0.00000000, 0.00000000, 0.00000000, 0.00000000, 0.00000000, 0.00000000, 0.00000000, 0.00000000, 0.00000000]",0.03700000,0.43739506,22->21
9,9,9,0,60,"(5, 6, 7, 9, 20, 22, 24, 25, 26)",1,42,probe_repair,"[5, 20, 55, 95, 105, 140, 150, 165, 185, 240, 310, 315, 325, 335, 345]",0.00000000,"[0.00000000, 0.00000000, 0.00000000, 0.00000000, 0.00000000, 0.00000000, 0.00000000, 0.00000000, 0.00000000]",0.16700000,0.46381111,28->25
9,9,9,0,60,"(5, 6, 7, 9, 20, 22, 24, 25, 26)",2,459,probe_repair,"[5, 35, 55, 100, 105, 155, 175, 180, 220, 225, 230, 260, 285, 290, 360]",0.00000000,"[0.00000000, 0.00000000, 0.00000000, 0.00000000, 0.00000000, 0.00000000, 0.00000000, 0.00000000, 0.00000000]",0.28400000,0.46216667,4->5
9,9,9,0,60,"(5, 6, 7, 9, 20, 22, 24, 25, 26)",3,197,probe_repair,"[105, 120, 160, 170, 210, 230, 245, 250, 270, 275, 280, 290, 305, 330, 355]",0.00000000,"[0.00000000, 0.00000000, 0.00000000, 0.00000000, 0.00000000, 0.00000000, 0.00000000, 0.00000000, 0.00000000]",0.12900000,0.44390000,4->6
9,9,9,0,60,"(5, 6, 7, 9, 20, 22, 24, 25, 26)",4,457,probe_repair,"[5, 35, 55, 100, 105, 155, 175, 180, 220, 225, 230, 260, 285, 290, 360]",0.00000000,"[0.00000000, 0.00000000, 0.00000000, 0.00000000, 0.00000000, 0.00000000, 0.00000000, 0.00000000, 0.00000000]",0.31000000,0.46140000,17->20
9,9,9,0,60,"(5, 6, 7, 9, 20, 22, 24, 25, 26)",5,173,probe_repair,"[65, 95, 100, 110, 130, 135, 140, 190, 205, 210, 220, 325, 345, 355, 360]",0.00000000,"[0.00000000, 0.00000000, 0.00000000, 0.00000000, 0.00000000, 0.00000000, 0.00000000, 0.00000000, 0.00000000]",0.08300000,0.44680000,16->7
9,9,9,0,60,"(5, 6, 7, 9, 20, 22, 24, 25, 26)",6,40,probe_repair,"[5, 20, 55, 95, 105, 140, 150, 165, 185, 240, 310, 315, 325, 335, 345]",0.00000000,"[0.00000000, 0.00000000, 0.00000000, 0.00000000, 0.00000000, 0.00000000, 0.00000000, 0.00000000, 0.00000000]",0.21900000,0.46351111,17->9
9,9,9,0,60,"(5, 6, 7, 9, 20, 22, 24, 25, 26)",7,261,probe_repair,"[10, 75, 80, 130, 135, 145, 190, 205, 210, 225, 230, 250, 300, 310, 340]",0.00000000,"[0.00000000, 0.00000000, 0.00000000, 0.00000000, 0.00000000, 0.00000000, 0.00000000, 0.00000000, 0.00000000]",0.22800000,0.45331111,11->20
9,9,9,0,60,"(5, 6, 7, 9, 20, 22, 24, 25, 26)",8,333,probe_repair,"[15, 45, 60, 110, 115, 125, 130, 135, 150, 160, 200, 215, 225, 255, 300]",0.00000000,"[0.00000000, 0.00000000, 0.00000000, 0.00000000, 0.00000000, 0.00000000, 0.00000000, 0.00000000, 0.00000000]",0.18500000,0.44908889,28->5
9,9,9,0,60,"(5, 6, 7, 9, 20, 22, 24, 25, 26)",9,245,probe_repair,"[20, 30, 60, 95, 110, 155, 165, 190, 210, 220, 240, 250, 300, 315, 355]",0.00000000,"[0.00000000, 0.00000000, 0.00000000, 0.00000000, 0.00000000, 0.00000000, 0.00000000, 0.00000000, 0.00000000]",0.21400000,0.44311111,27->6
9,9,9,0,60,"(5, 6, 7, 9, 20, 22, 24, 25, 26)",10,93,probe_repair,"[20, 90, 115, 140, 145, 215, 225, 245, 250, 265, 280, 285, 310, 315, 335]",0.00000000,"[0.00000000, 0.00000000, 0.00000000, 0.00000000, 0.00000000, 0.00000000, 0.00000000, 0.00000000, 0.00000000]",0.08800000,0.44178889,28->5
9,9,9,0,61,"(1, 4, 5, 15, 16, 18, 22, 25, 26)",1,21,probe_repair,"[5, 100, 130, 135, 140, 145, 150, 175, 235, 245, 260, 275, 330, 335, 365]",0.00000000,"[0.00000000, 0.00000000, 0.00000000, 0.00000000, 0.00000000, 0.00000000, 0.00000000, 0.00000000, 0.00000000]",0.17200000,0.44274747,17->26
9,9,9,0,61,"(1, 4, 5, 15, 16, 18, 22, 25, 26)",2,253,probe_repair,"[25, 50, 75, 170, 180, 185, 225, 235, 245, 250, 260, 280, 300, 340, 345]",0.00000000,"[0.00000000, 0.00000000, 0.00000000, 0.00000000, 0.00000000, 0.00000000, 0.00000000, 0.00000000, 0.00000000]",0.09700000,0.44125253,6->26
9,9,9,0,61,"(1, 4, 5, 15, 16, 18, 22, 25, 26)",3,46,probe_repair,"[5, 55, 85, 105, 130, 135, 140, 150, 160, 220, 225, 280, 285, 310, 330]",0.00000000,"[0.00000000, 0.00000000, 0.00000000, 0.00000000, 0.00000000, 0.00000000, 0.00000000, 0.00000000, 0.00000000]",0.29400000,0.46251515,24->15
9,9,9,0,61,"(1, 4, 5, 15, 16, 18, 22, 25, 26)",4,45,probe_repair,"[5, 55, 85, 105, 130, 135, 140, 150, 160, 220, 225, 280, 285, 310, 330]",0.00000000,"[0.00000000, 0.00000000, 0.00000000, 0.00000000, 0.00000000, 0.00000000, 0.00000000, 0.00000000, 0.00000000]",0.11900000,0.44477778,11->26
9,9,9,0,61,"(1, 4, 5, 15, 16, 18, 22, 25, 26)",5,181,probe_repair,"[10, 30, 50, 75, 130, 135, 140, 210, 235, 260, 290, 305, 310, 335, 355]",0.00000000,"[0.00000000, 0.00000000, 0.00000000, 0.00000000, 0.00000000, 0.00000000, 0.00000000, 0.00000000, 0.00000000]",0.04400000,0.44711111,28->15
9,9,9,0,61,"(1, 4, 5, 15, 16, 18, 22, 25, 26)",6,277,probe_repair,"[30, 50, 60, 65, 120, 125, 160, 180, 185, 205, 240, 265, 285, 335, 345]",0.00000000,"[0.00000000, 0.00000000, 0.00000000, 0.00000000, 0.00000000, 0.00000000, 0.00000000, 0.00000000, 0.00000000]",0.13100000,0.44535354,11->15
9,9,9,0,61,"(1, 4, 5, 15, 16, 18, 22, 25, 26)",7,189,probe_repair,"[10, 25, 30, 35, 50, 55, 85, 120, 145, 190, 220, 245, 295, 330, 340]",0.00000000,"[0.00000000, 0.00000000, 0.00000000, 0.00000000, 0.00000000, 0.00000000, 0.00000000, 0.00000000, 0.00000000]",0.25600000,0.44402020,6->26
9,9,9,0,61,"(1, 4, 5, 15, 16, 18, 22, 25, 26)",8,173,probe_repair,"[85, 90, 95, 100, 170, 205, 225, 245, 255, 260, 265, 280, 285, 290, 310]",0.00000000,"[0.00000000, 0.00000000, 0.00000000, 0.00000000, 0.00000000, 0.00000000, 0.00000000, 0.00000000, 0.00000000]",0.00300000,0.43968687,6->5
9,9,9,0,61,"(1, 4, 5, 15, 16, 18, 22, 25, 26)",9,117,probe_repair,"[30, 60, 80, 95, 100, 125, 155, 170, 180, 275, 280, 300, 325, 340, 360]",0.00000000,"[0.00000000, 0.00000000, 0.00000000, 0.00000000, 0.00000000, 0.00000000, 0.00000000, 0.00000000, 0.00000000]",0.13700000,0.44437374,27->26
9,9,9,0,61,"(1, 4, 5, 15, 16, 18, 22, 25, 26)",10,77,probe_repair,"[15, 80, 85, 90, 155, 165, 185, 200, 220, 230, 235, 265, 295, 330, 360]",0.00000000,"[0.00000000, 0.00000000, 0.00000000, 0.00000000, 0.00000000, 0.00000000, 0.00000000, 0.00000000, 0.00000000]",0.13200000,0.44811111,20->15
9,9,9,0,62,"(2, 5, 7, 11, 16, 21, 22, 25, 26)",1,405,probe_repair,"[25, 30, 60, 75, 85, 90, 140, 155, 160, 210, 240, 255, 270, 275, 315]",0.00000000,"[0.00000000, 0.00000000, 0.00000000, 0.00000000, 0.00000000, 0.00000000, 0.00000000, 0.00000000, 0.00000000]",0.11500000,0.43824444,6->21
9,9,9,0,62,"(2, 5, 7, 11, 16, 21, 22, 25, 26)",2,485,probe_repair,"[10, 25, 40, 65, 75, 90, 125, 150, 155, 175, 225, 240, 250, 265, 280]",0.00000000,"[0.00000000, 0.00000000, 0.00000000, 0.00000000, 0.00000000, 0.00000000, 0.00000000, 0.00000000, 0.00000000]",0.13500000,0.44597778,4->21
9,9,9,0,62,"(2, 5, 7, 11, 16, 21, 22, 25, 26)",3,412,probe_repair,"[25, 30, 60, 75, 85, 90, 140, 155, 160, 210, 240, 255, 270, 275, 315]",0.00000000,"[0.00000000, 0.00000000, 0.00000000, 0.00000000, 0.00000000, 0.00000000, 0.00000000, 0.00000000, 0.00000000]",0.18900000,0.46115556,17->21
9,9,9,0,62,"(2, 5, 7, 11, 16, 21, 22, 25, 26)",4,241,probe_repair,"[25, 50, 75, 150, 165, 170, 175, 180, 185, 220, 240, 265, 310, 335, 355]",0.00000000,"[0.00000000, 0.00000000, 0.00000000, 0.00000000, 0.00000000, 0.00000000, 0.00000000, 0.00000000, 0.00000000]",0.29600000,0.46258889,17->16
9,9,9,0,62,"(2, 5, 7, 11, 16, 21, 22, 25, 26)",5,45,probe_repair,"[20, 50, 60, 80, 85, 180, 200, 220, 225, 235, 250, 265, 310, 345, 360]",0.00000000,"[0.00000000, 0.00000000, 0.00000000, 0.00000000, 0.00000000, 0.00000000, 0.00000000, 0.00000000, 0.00000000]",0.17300000,0.44030000,20->7
9,9,9,0,62,"(2, 5, 7, 11, 16, 21, 22, 25, 26)",6,581,probe_repair,"[5, 15, 75, 95, 145, 160, 165, 185, 205, 235, 280, 295, 305, 315, 360]",0.00000000,"[0.00000000, 0.00000000, 0.00000000, 0.00000000, 0.00000000, 0.00000000, 0.00000000, 0.00000000, 0.00000000]",0.10900000,0.44668889,9->25
9,9,9,0,62,"(2, 5, 7, 11, 16, 21, 22, 25, 26)",7,411,probe_repair,"[25, 30, 60, 75, 85, 90, 140, 155, 160, 210, 240, 255, 270, 275, 315]",0.00000000,"[0.00000000, 0.00000000, 0.00000000, 0.00000000, 0.00000000, 0.00000000, 0.00000000, 0.00000000, 0.00000000]",0.15200000,0.46043333,17->21
9,9,9,0,62,"(2, 5, 7, 11, 16, 21, 22, 25, 26)",8,237,probe_repair,"[25, 50, 75, 150, 165, 170, 175, 180, 185, 220, 240, 265, 310, 335, 355]",0.00000000,"[0.00000000, 0.00000000, 0.00000000, 0.00000000, 0.00000000, 0.00000000, 0.00000000, 0.00000000, 0.00000000]",0.17400000,0.44763333,17->26
9,9,9,0,62,"(2, 5, 7, 11, 16, 21, 22, 25, 26)",9,20,baseline,"[5, 30, 55, 80, 105, 130, 155, 180, 205, 230, 255, 280, 305, 330, 355]",0.00000000,"[0.00000000, 0.00000000, 0.00000000, 0.00000000, 0.00000000, 0.00000000, 0.00000000, 0.00000000, 0.00000000]",0.11400000,0.45062222,15->5
9,9,9,0,62,"(2, 5, 7, 11, 16, 21, 22, 25, 26)",10,469,probe_repair,"[5, 50, 75, 95, 100, 160, 205, 220, 230, 240, 270, 275, 305, 330, 365]",0.00000000,"[0.00000000, 0.00000000, 0.00000000, 0.00000000, 0.00000000, 0.00000000, 0.00000000, 0.00000000, 0.00000000]",0.23200000,0.44611111,24->2
9,9,9,0,63,"(2, 9, 11, 15, 17, 18, 20, 26, 27)",1,1272,probe_repair,"[15, 30, 35, 40, 50, 95, 135, 150, 170, 180, 185, 215, 280, 305, 325]",0.00000000,"[0.00000000, 0.00000000, 0.00000000, 0.00000000, 0.00000000, 0.00000000, 0.00000000, 0.00000000, 0.00000000]",0.23500000,0.46017284,25->18
9,9,9,0,63,"(2, 9, 11, 15, 17, 18, 20, 26, 27)",2,1485,probe_repair,"[55, 80, 90, 100, 150, 155, 180, 195, 210, 230, 250, 270, 290, 320, 355]",0.00000000,"[0.00000000, 0.00000000, 0.00000000, 0.00000000, 0.00000000, 0.00000000, 0.00000000, 0.00000000, 0.00000000]",0.16000000,0.45287654,24->15
9,9,9,0,63,"(2, 9, 11, 15, 17, 18, 20, 26, 27)",3,685,probe_repair,"[15, 45, 60, 65, 70, 85, 120, 140, 180, 195, 225, 255, 285, 295, 360]",0.00000000,"[0.00000000, 0.00000000, 0.00000000, 0.00000000, 0.00000000, 0.00000000, 0.00000000, 0.00000000, 0.00000000]",0.24300000,0.44827160,6->15
9,9,9,0,63,"(2, 9, 11, 15, 17, 18, 20, 26, 27)",4,989,probe_repair,"[10, 40, 70, 100, 105, 110, 130, 145, 160, 175, 200, 205, 225, 315, 360]",0.00000000,"[0.00000000, 0.00000000, 0.00000000, 0.00000000, 0.00000000, 0.00000000, 0.00000000, 0.00000000, 0.00000000]",0.14400000,0.45541975,25->11
9,9,9,0,63,"(2, 9, 11, 15, 17, 18, 20, 26, 27)",5,949,probe_repair,"[35, 70, 80, 85, 90, 95, 120, 130, 165, 170, 195, 220, 280, 335, 345]",0.00000000,"[0.00000000, 0.00000000, 0.00000000, 0.00000000, 0.00000000, 0.00000000, 0.00000000, 0.00000000, 0.00000000]",0.12100000,0.44692593,25->18
9,9,9,0,63,"(2, 9, 11, 15, 17, 18, 20, 26, 27)",6,58,probe_repair,"[15, 40, 50, 70, 85, 130, 200, 215, 220, 235, 300, 310, 315, 325, 355]",0.00000000,"[0.00000000, 0.00000000, 0.00000000, 0.00000000, 0.00000000, 0.00000000, 0.00000000, 0.00000000, 0.00000000]",0.35200000,0.46245679,6->27
9,9,9,0,63,"(2, 9, 11, 15, 17, 18, 20, 26, 27)",7,197,probe_repair,"[10, 35, 85, 90, 115, 145, 160, 165, 245, 280, 285, 315, 320, 340, 365]",0.00000000,"[0.00000000, 0.00000000, 0.00000000, 0.00000000, 0.00000000, 0.00000000, 0.00000000, 0.00000000, 0.00000000]",0.20200000,0.45509877,22->17
9,9,9,0,63,"(2, 9, 11, 15, 17, 18, 20, 26, 27)",8,1461,probe_repair,"[15, 35, 45, 70, 75, 135, 175, 190, 210, 230, 240, 260, 270, 285, 365]",0.00000000,"[0.00000000, 0.00000000, 0.00000000, 0.00000000, 0.00000000, 0.00000000, 0.00000000, 0.00000000, 0.00000000]",0.11100000,0.44397531,22->18
9,9,9,0,63,"(2, 9, 11, 15, 17, 18, 20, 26, 27)",9,1517,probe_repair,"[10, 30, 40, 60, 70, 75, 90, 170, 210, 225, 245, 265, 290, 345, 355]",0.00000000,"[0.00000000, 0.00000000, 0.00000000, 0.00000000, 0.00000000, 0.00000000, 0.00000000, 0.00000000, 0.00000000]",0.20400000,0.44241975,21->15
9,9,9,0,63,"(2, 9, 11, 15, 17, 18, 20, 26, 27)",10,1118,probe_repair,"[25, 75, 85, 145, 150, 160, 165, 180, 195, 215, 250, 270, 295, 310, 365]",0.00000000,"[0.00000000, 0.00000000, 0.00000000, 0.00000000, 0.00000000, 0.00000000, 0.00000000, 0.00000000, 0.00000000]",0.22000000,0.45949383,4->26
9,9,9,0,64,"(6, 7, 11, 16, 17, 22, 24, 25, 27)",1,1325,probe_repair,"[5, 70, 85, 105, 115, 145, 160, 185, 190, 195, 210, 245, 250, 260, 365]",0.00000000,"[0.00000000, 0.00000000, 0.00000000, 0.00000000, 0.00000000, 0.00000000, 0.00000000, 0.00000000, 0.00000000]",0.12700000,0.44781481,15->22
9,9,9,0,64,"(6, 7, 11, 16, 17, 22, 24, 25, 27)",2,1149,probe_repair,"[10, 35, 65, 70, 90, 120, 140, 170, 190, 200, 235, 255, 260, 300, 360]",0.00000000,"[0.00000000, 0.00000000, 0.00000000, 0.00000000, 0.00000000, 0.00000000, 0.00000000, 0.00000000, 0.00000000]",0.23000000,0.45343210,20->25
9,9,9,0,64,"(6, 7, 11, 16, 17, 22, 24, 25, 27)",3,1525,probe_repair,"[5, 30, 45, 50, 60, 75, 80, 130, 160, 175, 215, 245, 265, 270, 305]",0.00000000,"[0.00000000, 0.00000000, 0.00000000, 0.00000000, 0.00000000, 0.00000000, 0.00000000, 0.00000000, 0.00000000]",0.15400000,0.44993827,20->22
9,9,9,0,64,"(6, 7, 11, 16, 17, 22, 24, 25, 27)",4,957,probe_repair,"[35, 55, 105, 145, 155, 185, 195, 200, 205, 225, 255, 290, 300, 315, 330]",0.00000000,"[0.00000000, 0.00000000, 0.00000000, 0.00000000, 0.00000000, 0.00000000, 0.00000000, 0.00000000, 0.00000000]",0.14900000,0.44588889,18->25
9,9,9,0,64,"(6, 7, 11, 16, 17, 22, 24, 25, 27)",5,133,probe_repair,"[70, 125, 130, 155, 165, 185, 230, 255, 280, 290, 295, 300, 315, 325, 355]",0.00000000,"[0.00000000, 0.00000000, 0.00000000, 0.00000000, 0.00000000, 0.00000000, 0.00000000, 0.00000000, 0.00000000]",0.02900000,0.44992593,4->25
9,9,9,0,64,"(6, 7, 11, 16, 17, 22, 24, 25, 27)",6,309,probe_repair,"[25, 50, 80, 100, 130, 145, 155, 165, 180, 220, 260, 285, 315, 325, 330]",0.00000000,"[0.00000000, 0.00000000, 0.00000000, 0.00000000, 0.00000000, 0.00000000, 0.00000000, 0.00000000, 0.00000000]",0.11700000,0.44381481,15->16
9,9,9,0,64,"(6, 7, 11, 16, 17, 22, 24, 25, 27)",7,301,probe_repair,"[5, 115, 135, 150, 165, 170, 195, 220, 225, 255, 270, 280, 320, 325, 355]",0.00000000,"[0.00000000, 0.00000000, 0.00000000, 0.00000000, 0.00000000, 0.00000000, 0.00000000, 0.00000000, 0.00000000]",0.08000000,0.45272840,26->6
9,9,9,0,64,"(6, 7, 11, 16, 17, 22, 24, 25, 27)",8,885,probe_repair,"[10, 25, 65, 90, 105, 120, 125, 160, 175, 185, 195, 245, 315, 320, 355]",0.00000000,"[0.00000000, 0.00000000, 0.00000000, 0.00000000, 0.00000000, 0.00000000, 0.00000000, 0.00000000, 0.00000000]",0.17000000,0.44395062,4->11
9,9,9,0,64,"(6, 7, 11, 16, 17, 22, 24, 25, 27)",9,1317,probe_repair,"[45, 60, 65, 75, 100, 120, 125, 175, 180, 200, 215, 250, 255, 345, 365]",0.00000000,"[0.00000000, 0.00000000, 0.00000000, 0.00000000, 0.00000000, 0.00000000, 0.00000000, 0.00000000, 0.00000000]",0.15100000,0.44408642,9->25
9,9,9,0,64,"(6, 7, 11, 16, 17, 22, 24, 25, 27)",10,717,probe_repair,"[55, 85, 90, 100, 105, 130, 155, 160, 175, 200, 215, 245, 265, 310, 315]",0.00000000,"[0.00000000, 0.00000000, 0.00000000, 0.00000000, 0.00000000, 0.00000000, 0.00000000, 0.00000000, 0.00000000]",0.03100000,0.44908642,9->25
9,9,9,0,65,"(1, 5, 6, 15, 16, 17, 24, 25, 26)",1,93,probe_repair,"[30, 55, 80, 100, 120, 165, 170, 180, 220, 230, 235, 245, 260, 335, 345]",0.00000000,"[0.00000000, 0.00000000, 0.00000000, 0.00000000, 0.00000000, 0.00000000, 0.00000000, 0.00000000, 0.00000000]",0.23700000,0.44959596,20->1
9,9,9,0,65,"(1, 5, 6, 15, 16, 17, 24, 25, 26)",2,277,probe_repair,"[10, 45, 50, 55, 60, 100, 110, 135, 175, 190, 240, 245, 285, 325, 340]",0.00000000,"[0.00000000, 0.00000000, 0.00000000, 0.00000000, 0.00000000, 0.00000000, 0.00000000, 0.00000000, 0.00000000]",0.19100000,0.44394949,22->25
9,9,9,0,65,"(1, 5, 6, 15, 16, 17, 24, 25, 26)",3,77,probe_repair,"[10, 15, 95, 105, 130, 165, 175, 220, 240, 250, 260, 285, 325, 345, 360]",0.00000000,"[0.00000000, 0.00000000, 0.00000000, 0.00000000, 0.00000000, 0.00000000, 0.00000000, 0.00000000, 0.00000000]",0.06000000,0.44646465,20->24
9,9,9,0,65,"(1, 5, 6, 15, 16, 17, 24, 25, 26)",4,278,probe_repair,"[10, 45, 50, 55, 60, 100, 110, 135, 175, 190, 240, 245, 285, 325, 340]",0.00000000,"[0.00000000, 0.00000000, 0.00000000, 0.00000000, 0.00000000, 0.00000000, 0.00000000, 0.00000000, 0.00000000]",0.23300000,0.45872727,28->1
9,9,9,0,65,"(1, 5, 6, 15, 16, 17, 24, 25, 26)",5,261,probe_repair,"[15, 90, 95, 100, 110, 135, 140, 150, 155, 165, 205, 230, 265, 285, 325]",0.00000000,"[0.00000000, 0.00000000, 0.00000000, 0.00000000, 0.00000000, 0.00000000, 0.00000000, 0.00000000, 0.00000000]",0.12600000,0.44309091,9->17
9,9,9,0,65,"(1, 5, 6, 15, 16, 17, 24, 25, 26)",6,125,probe_repair,"[35, 60, 95, 115, 140, 175, 250, 255, 260, 300, 305, 310, 325, 330, 335]",0.00000000,"[0.00000000, 0.00000000, 0.00000000, 0.00000000, 0.00000000, 0.00000000, 0.00000000, 0.00000000, 0.00000000]",0.27300000,0.45163636,11->6
9,9,9,0,65,"(1, 5, 6, 15, 16, 17, 24, 25, 26)",7,133,probe_repair,"[25, 55, 60, 75, 85, 110, 170, 205, 225, 235, 255, 275, 300, 310, 355]",0.00000000,"[0.00000000, 0.00000000, 0.00000000, 0.00000000, 0.00000000, 0.00000000, 0.00000000, 0.00000000, 0.00000000]",0.20000000,0.44780808,18->5
9,9,9,0,65,"(1, 5, 6, 15, 16, 17, 24, 25, 26)",8,189,probe_repair,"[5, 25, 40, 105, 110, 125, 165, 175, 255, 260, 265, 285, 300, 330, 365]",0.00000000,"[0.00000000, 0.00000000, 0.00000000, 0.00000000, 0.00000000, 0.00000000, 0.00000000, 0.00000000, 0.00000000]",0.16200000,0.44565657,7->26
9,9,9,0,65,"(1, 5, 6, 15, 16, 17, 24, 25, 26)",9,101,probe_repair,"[25, 30, 35, 80, 155, 165, 190, 210, 245, 265, 295, 305, 325, 335, 355]",0.00000000,"[0.00000000, 0.00000000, 0.00000000, 0.00000000, 0.00000000, 0.00000000, 0.00000000, 0.00000000, 0.00000000]",0.09300000,0.44807071,28->25
9,9,9,0,65,"(1, 5, 6, 15, 16, 17, 24, 25, 26)",10,197,probe_repair,"[5, 10, 35, 45, 60, 65, 80, 85, 100, 135, 185, 230, 250, 300, 330]",0.00000000,"[0.00000000, 0.00000000, 0.00000000, 0.00000000, 0.00000000, 0.00000000, 0.00000000, 0.00000000, 0.00000000]",0.17200000,0.44623232,9->1
9,9,9,0,66,"(1, 2, 4, 5, 6, 7, 9, 25, 28)",1,77,probe_repair,"[10, 45, 55, 85, 125, 135, 190, 210, 225, 240, 275, 295, 305, 310, 330]",0.00000000,"[0.00000000, 0.00000000, 0.00000000, 0.00000000, 0.00000000, 0.00000000, 0.00000000, 0.00000000, 0.00000000]",0.18200000,0.42673737,26->6
9,9,9,0,66,"(1, 2, 4, 5, 6, 7, 9, 25, 28)",2,149,probe_repair,"[40, 45, 90, 100, 110, 125, 145, 150, 155, 240, 260, 305, 310, 330, 365]",0.00000000,"[0.00000000, 0.00000000, 0.00000000, 0.00000000, 0.00000000, 0.00000000, 0.00000000, 0.00000000, 0.00000000]",0.07200000,0.44200000,17->9
9,9,9,0,66,"(1, 2, 4, 5, 6, 7, 9, 25, 28)",3,61,probe_repair,"[35, 55, 60, 85, 140, 155, 185, 200, 235, 245, 255, 280, 285, 305, 325]",0.00000000,"[0.00000000, 0.00000000, 0.00000000, 0.00000000, 0.00000000, 0.00000000, 0.00000000, 0.00000000, 0.00000000]",0.17600000,0.44553535,22->6
9,9,9,0,66,"(1, 2, 4, 5, 6, 7, 9, 25, 28)",4,125,probe_repair,"[25, 35, 45, 75, 80, 120, 135, 145, 200, 245, 295, 300, 325, 345, 365]",0.00000000,"[0.00000000, 0.00000000, 0.00000000, 0.00000000, 0.00000000, 0.00000000, 0.00000000, 0.00000000, 0.00000000]",0.16400000,0.43069697,17->28
9,9,9,0,66,"(1, 2, 4, 5, 6, 7, 9, 25, 28)",5,221,probe_repair,"[15, 45, 65, 95, 100, 110, 115, 130, 150, 160, 170, 175, 225, 245, 300]",0.00000000,"[0.00000000, 0.00000000, 0.00000000, 0.00000000, 0.00000000, 0.00000000, 0.00000000, 0.00000000, 0.00000000]",0.21900000,0.45627273,21->25
9,9,9,0,66,"(1, 2, 4, 5, 6, 7, 9, 25, 28)",6,21,probe_repair,"[35, 40, 50, 60, 120, 125, 130, 150, 220, 225, 240, 295, 305, 325, 340]",0.00000000,"[0.00000000, 0.00000000, 0.00000000, 0.00000000, 0.00000000, 0.00000000, 0.00000000, 0.00000000, 0.00000000]",0.09600000,0.44486869,17->1
9,9,9,0,66,"(1, 2, 4, 5, 6, 7, 9, 25, 28)",7,189,probe_repair,"[35, 50, 55, 60, 90, 125, 175, 205, 230, 240, 250, 260, 285, 330, 355]",0.00000000,"[0.00000000, 0.00000000, 0.00000000, 0.00000000, 0.00000000, 0.00000000, 0.00000000, 0.00000000, 0.00000000]",0.12500000,0.44576768,26->28
9,9,9,0,66,"(1, 2, 4, 5, 6, 7, 9, 25, 28)",8,141,probe_repair,"[10, 35, 45, 60, 115, 145, 150, 160, 180, 205, 220, 225, 230, 300, 330]",0.00000000,"[0.00000000, 0.00000000, 0.00000000, 0.00000000, 0.00000000, 0.00000000, 0.00000000, 0.00000000, 0.00000000]",0.17600000,0.44426263,26->9
9,9,9,0,66,"(1, 2, 4, 5, 6, 7, 9, 25, 28)",9,269,probe_repair,"[45, 50, 110, 120, 145, 150, 160, 170, 220, 250, 275, 290, 295, 310, 355]",0.00000000,"[0.00000000, 0.00000000, 0.00000000, 0.00000000, 0.00000000, 0.00000000, 0.00000000, 0.00000000, 0.00000000]",0.06600000,0.44998990,27->1
9,9,9,0,66,"(1, 2, 4, 5, 6, 7, 9, 25, 28)",10,229,probe_repair,"[5, 15, 25, 60, 80, 90, 110, 120, 135, 170, 175, 220, 290, 300, 330]",0.00000000,"[0.00000000, 0.00000000, 0.00000000, 0.00000000, 0.00000000, 0.00000000, 0.00000000, 0.00000000, 0.00000000]",0.15800000,0.44009091,15->9
9,9,9,0,67,"(1, 2, 4, 6, 16, 17, 20, 26, 27)",1,277,probe_repair,"[5, 55, 60, 90, 135, 160, 185, 205, 235, 265, 280, 285, 340, 345, 365]",0.00000000,"[0.00000000, 0.00000000, 0.00000000, 0.00000000, 0.00000000, 0.00000000, 0.00000000, 0.00000000, 0.00000000]",0.15100000,0.44730000,28->2
9,9,9,0,67,"(1, 2, 4, 6, 16, 17, 20, 26, 27)",2,77,probe_repair,"[25, 50, 70, 110, 120, 145, 195, 205, 235, 255, 285, 295, 300, 310, 355]",0.00000000,"[0.00000000, 0.00000000, 0.00000000, 0.00000000, 0.00000000, 0.00000000, 0.00000000, 0.00000000, 0.00000000]",0.12400000,0.45011111,11->4
9,9,9,0,67,"(1, 2, 4, 6, 16, 17, 20, 26, 27)",3,93,probe_repair,"[15, 45, 65, 120, 125, 165, 180, 200, 250, 265, 275, 280, 285, 325, 360]",0.00000000,"[0.00000000, 0.00000000, 0.00000000, 0.00000000, 0.00000000, 0.00000000, 0.00000000, 0.00000000, 0.00000000]",0.17300000,0.45013333,9->17
9,9,9,0,67,"(1, 2, 4, 6, 16, 17, 20, 26, 27)",4,405,probe_repair,"[25, 30, 50, 55, 65, 100, 110, 135, 140, 145, 185, 230, 290, 320, 355]",0.00000000,"[0.00000000, 0.00000000, 0.00000000, 0.00000000, 0.00000000, 0.00000000, 0.00000000, 0.00000000, 0.00000000]",0.11200000,0.44404444,24->6
9,9,9,0,67,"(1, 2, 4, 6, 16, 17, 20, 26, 27)",5,568,probe_repair,"[70, 85, 110, 140, 155, 195, 230, 235, 250, 260, 265, 275, 320, 340, 355]",0.00000000,"[0.00000000, 0.00000000, 0.00000000, 0.00000000, 0.00000000, 0.00000000, 0.00000000, 0.00000000, 0.00000000]",0.33200000,0.46592222,9->20
9,9,9,0,67,"(1, 2, 4, 6, 16, 17, 20, 26, 27)",6,413,probe_repair,"[10, 45, 50, 65, 75, 100, 115, 120, 190, 195, 235, 280, 295, 335, 360]",0.00000000,"[0.00000000, 0.00000000, 0.00000000, 0.00000000, 0.00000000, 0.00000000, 0.00000000, 0.00000000, 0.00000000]",0.12400000,0.44153333,7->6
9,9,9,0,67,"(1, 2, 4, 6, 16, 17, 20, 26, 27)",7,653,probe_repair,"[5, 25, 110, 145, 160, 165, 180, 185, 195, 235, 250, 255, 310, 330, 345]",0.00000000,"[0.00000000, 0.00000000, 0.00000000, 0.00000000, 0.00000000, 0.00000000, 0.00000000, 0.00000000, 0.00000000]",0.20900000,0.44353333,18->20
9,9,9,0,67,"(1, 2, 4, 6, 16, 17, 20, 26, 27)",8,213,probe_repair,"[25, 40, 45, 95, 100, 125, 130, 145, 175, 225, 240, 250, 255, 265, 320]",0.00000000,"[0.00000000, 0.00000000, 0.00000000, 0.00000000, 0.00000000, 0.00000000, 0.00000000, 0.00000000, 0.00000000]",0.16100000,0.45212222,7->1
9,9,9,0,67,"(1, 2, 4, 6, 16, 17, 20, 26, 27)",9,85,probe_repair,"[10, 30, 50, 70, 100, 120, 145, 165, 170, 300, 305, 330, 335, 345, 355]",0.00000000,"[0.00000000, 0.00000000, 0.00000000, 0.00000000, 0.00000000, 0.00000000, 0.00000000, 0.00000000, 0.00000000]",0.24600000,0.44718889,25->1
9,9,9,0,67,"(1, 2, 4, 6, 16, 17, 20, 26, 27)",10,373,probe_repair,"[25, 40, 45, 65, 75, 140, 155, 180, 195, 205, 260, 285, 320, 340, 350]",0.00000000,"[0.00000000, 0.00000000, 0.00000000, 0.00000000, 0.00000000, 0.00000000, 0.00000000, 0.00000000, 0.00000000]",0.05200000,0.44208889,7->1
9,9,9,0,68,"(2, 4, 5, 15, 16, 20, 21, 26, 28)",1,669,probe_repair,"[10, 25, 50, 55, 85, 95, 140, 150, 175, 225, 240, 245, 250, 295, 355]",0.00000000,"[0.00000000, 0.00000000, 0.00000000, 0.00000000, 0.00000000, 0.00000000, 0.00000000, 0.00000000, 0.00000000]",0.19300000,0.44017778,17->20
9,9,9,0,68,"(2, 4, 5, 15, 16, 20, 21, 26, 28)",2,245,probe_repair,"[35, 40, 45, 120, 130, 135, 140, 160, 225, 245, 250, 260, 280, 285, 355]",0.00000000,"[0.00000000, 0.00000000, 0.00000000, 0.00000000, 0.00000000, 0.00000000, 0.00000000, 0.00000000, 0.00000000]",0.03600000,0.44131111,7->26
9,9,9,0,68,"(2, 4, 5, 15, 16, 20, 21, 26, 28)",3,637,probe_repair,"[50, 75, 105, 135, 165, 205, 215, 240, 245, 280, 300, 325, 330, 345, 355]",0.00000000,"[0.00000000, 0.00000000, 0.00000000, 0.00000000, 0.00000000, 0.00000000, 0.00000000, 0.00000000, 0.00000000]",0.11100000,0.44480000,6->15
9,9,9,0,68,"(2, 4, 5, 15, 16, 20, 21, 26, 28)",4,221,probe_repair,"[30, 55, 75, 85, 105, 130, 165, 170, 175, 210, 240, 260, 295, 305, 345]",0.00000000,"[0.00000000, 0.00000000, 0.00000000, 0.00000000, 0.00000000, 0.00000000, 0.00000000, 0.00000000, 0.00000000]",0.01200000,0.43906667,25->28
9,9,9,0,68,"(2, 4, 5, 15, 16, 20, 21, 26, 28)",5,93,probe_repair,"[15, 50, 55, 95, 100, 105, 130, 145, 160, 220, 225, 230, 245, 340, 345]",0.00000000,"[0.00000000, 0.00000000, 0.00000000, 0.00000000, 0.00000000, 0.00000000, 0.00000000, 0.00000000, 0.00000000]",0.22300000,0.44342222,18->5
9,9,9,0,68,"(2, 4, 5, 15, 16, 20, 21, 26, 28)",6,645,probe_repair,"[15, 55, 65, 100, 140, 150, 160, 175, 180, 230, 240, 245, 255, 280, 365]",0.00000000,"[0.00000000, 0.00000000, 0.00000000, 0.00000000, 0.00000000, 0.00000000, 0.00000000, 0.00000000, 0.00000000]",0.17800000,0.44325556,9->2
9,9,9,0,68,"(2, 4, 5, 15, 16, 20, 21, 26, 28)",7,309,probe_repair,"[55, 65, 95, 110, 115, 150, 190, 210, 235, 240, 250, 255, 300, 305, 335]",0.00000000,"[0.00000000, 0.00000000, 0.00000000, 0.00000000, 0.00000000, 0.00000000, 0.00000000, 0.00000000, 0.00000000]",0.06500000,0.45185556,24->21
9,9,9,0,68,"(2, 4, 5, 15, 16, 20, 21, 26, 28)",8,271,probe_repair,"[25, 30, 65, 130, 140, 170, 175, 210, 220, 260, 270, 285, 295, 300, 330]",0.00000000,"[0.00000000, 0.00000000, 0.00000000, 0.00000000, 0.00000000, 0.00000000, 0.00000000, 0.00000000, 0.00000000]",0.26300000,0.45674444,25->2
9,9,9,0,68,"(2, 4, 5, 15, 16, 20, 21, 26, 28)",9,629,probe_repair,"[15, 20, 45, 50, 55, 90, 105, 125, 145, 225, 240, 280, 285, 345, 365]",0.00000000,"[0.00000000, 0.00000000, 0.00000000, 0.00000000, 0.00000000, 0.00000000, 0.00000000, 0.00000000, 0.00000000]",0.11400000,0.44765556,6->16
9,9,9,0,68,"(2, 4, 5, 15, 16, 20, 21, 26, 28)",10,149,probe_repair,"[30, 65, 115, 120, 130, 155, 160, 165, 200, 220, 265, 270, 275, 325, 365]",0.00000000,"[0.00000000, 0.00000000, 0.00000000, 0.00000000, 0.00000000, 0.00000000, 0.00000000, 0.00000000, 0.00000000]",0.06200000,0.44532222,24->5
9,9,9,0,69,"(1, 2, 9, 18, 20, 21, 22, 26, 28)",1,93,probe_repair,"[10, 60, 90, 105, 125, 140, 175, 230, 250, 290, 300, 330, 335, 345, 355]",0.00000000,"[0.00000000, 0.00000000, 0.00000000, 0.00000000, 0.00000000, 0.00000000, 0.00000000, 0.00000000, 0.00000000]",0.13800000,0.44703333,17->28
9,9,9,0,69,"(1, 2, 9, 18, 20, 21, 22, 26, 28)",2,637,probe_repair,"[30, 65, 70, 80, 115, 155, 165, 175, 185, 200, 250, 280, 340, 345, 365]",0.00000000,"[0.00000000, 0.00000000, 0.00000000, 0.00000000, 0.00000000, 0.00000000, 0.00000000, 0.00000000, 0.00000000]",0.14300000,0.43902222,15->28
9,9,9,0,69,"(1, 2, 9, 18, 20, 21, 22, 26, 28)",3,677,probe_repair,"[25, 40, 70, 110, 115, 120, 195, 205, 240, 280, 285, 295, 325, 335, 345]",0.00000000,"[0.00000000, 0.00000000, 0.00000000, 0.00000000, 0.00000000, 0.00000000, 0.00000000, 0.00000000, 0.00000000]",0.14100000,0.44752222,7->28
9,9,9,0,69,"(1, 2, 9, 18, 20, 21, 22, 26, 28)",4,1,baseline,"[5, 30, 55, 80, 105, 130, 155, 180, 205, 230, 255, 280, 305, 330, 355]",0.00000000,"[0.00000000, 0.00000000, 0.00000000, 0.00000000, 0.00000000, 0.00000000, 0.00000000, 0.00000000, 0.00000000]",0.12800000,0.43806667,27->1
9,9,9,0,69,"(1, 2, 9, 18, 20, 21, 22, 26, 28)",5,47,probe_repair,"[40, 50, 55, 70, 75, 95, 140, 150, 220, 225, 290, 325, 345, 355, 365]",0.00000000,"[0.00000000, 0.00000000, 0.00000000, 0.00000000, 0.00000000, 0.00000000, 0.00000000, 0.00000000, 0.00000000]",0.10500000,0.45812222,7->26
9,9,9,0,69,"(1, 2, 9, 18, 20, 21, 22, 26, 28)",6,458,probe_repair,"[5, 15, 80, 85, 90, 140, 150, 155, 170, 210, 225, 260, 265, 290, 335]",0.00000000,"[0.00000000, 0.00000000, 0.00000000, 0.00000000, 0.00000000, 0.00000000, 0.00000000, 0.00000000, 0.00000000]",0.10600000,0.45560000,17->22
9,9,9,0,69,"(1, 2, 9, 18, 20, 21, 22, 26, 28)",7,349,probe_repair,"[15, 45, 90, 120, 160, 170, 190, 225, 230, 260, 265, 275, 290, 295, 310]",0.00000000,"[0.00000000, 0.00000000, 0.00000000, 0.00000000, 0.00000000, 0.00000000, 0.00000000, 0.00000000, 0.00000000]",0.23500000,0.44746667,16->26
9,9,9,0,69,"(1, 2, 9, 18, 20, 21, 22, 26, 28)",8,45,probe_repair,"[40, 50, 55, 70, 75, 95, 140, 150, 220, 225, 290, 325, 345, 355, 365]",0.00000000,"[0.00000000, 0.00000000, 0.00000000, 0.00000000, 0.00000000, 0.00000000, 0.00000000, 0.00000000, 0.00000000]",0.03400000,0.44785556,7->26
9,9,9,0,69,"(1, 2, 9, 18, 20, 21, 22, 26, 28)",9,453,probe_repair,"[5, 15, 80, 85, 90, 140, 150, 155, 170, 210, 225, 260, 265, 290, 335]",0.00000000,"[0.00000000, 0.00000000, 0.00000000, 0.00000000, 0.00000000, 0.00000000, 0.00000000, 0.00000000, 0.00000000]",0.05400000,0.44430000,17->22
9,9,9,0,69,"(1, 2, 9, 18, 20, 21, 22, 26, 28)",10,645,probe_repair,"[90, 110, 115, 125, 180, 220, 230, 235, 240, 260, 265, 310, 325, 340, 355]",0.00000000,"[0.00000000, 0.00000000, 0.00000000, 0.00000000, 0.00000000, 0.00000000, 0.00000000, 0.00000000, 0.00000000]",0.04100000,0.44163333,6->21
9,9,9,0,70,"(1, 4, 7, 11, 15, 21, 24, 26, 27)",1,325,probe_repair,"[5, 15, 25, 45, 75, 90, 165, 180, 225, 230, 275, 290, 295, 335, 365]",0.00000000,"[0.00000000, 0.00000000, 0.00000000, 0.00000000, 0.00000000, 0.00000000, 0.00000000, 0.00000000, 0.00000000]",0.14200000,0.44547778,18->7
9,9,9,0,70,"(1, 4, 7, 11, 15, 21, 24, 26, 27)",2,634,probe_repair,"[50, 60, 100, 120, 135, 155, 160, 165, 230, 275, 285, 320, 335, 355, 365]",0.00000000,"[0.00000000, 0.00000000, 0.00000000, 0.00000000, 0.00000000, 0.00000000, 0.00000000, 0.00000000, 0.00000000]",0.21400000,0.45507778,6->1
9,9,9,0,70,"(1, 4, 7, 11, 15, 21, 24, 26, 27)",3,525,probe_repair,"[75, 80, 90, 105, 165, 220, 255, 265, 275, 300, 310, 325, 340, 355, 360]",0.00000000,"[0.00000000, 0.00000000, 0.00000000, 0.00000000, 0.00000000, 0.00000000, 0.00000000, 0.00000000, 0.00000000]",0.11400000,0.44828889,2->1
9,9,9,0,70,"(1, 4, 7, 11, 15, 21, 24, 26, 27)",4,405,probe_repair,"[40, 95, 105, 115, 130, 150, 195, 220, 235, 250, 325, 330, 345, 350, 365]",0.00000000,"[0.00000000, 0.00000000, 0.00000000, 0.00000000, 0.00000000, 0.00000000, 0.00000000, 0.00000000, 0.00000000]",0.23800000,0.44561111,25->26
9,9,9,0,70,"(1, 4, 7, 11, 15, 21, 24, 26, 27)",5,181,probe_repair,"[5, 45, 60, 80, 90, 115, 135, 180, 205, 220, 235, 265, 305, 320, 350]",0.00000000,"[0.00000000, 0.00000000, 0.00000000, 0.00000000, 0.00000000, 0.00000000, 0.00000000, 0.00000000, 0.00000000]",0.21100000,0.44498889,16->24
9,9,9,0,70,"(1, 4, 7, 11, 15, 21, 24, 26, 27)",6,21,probe_repair,"[10, 25, 30, 45, 50, 55, 60, 95, 105, 205, 210, 255, 310, 335, 360]",0.00000000,"[0.00000000, 0.00000000, 0.00000000, 0.00000000, 0.00000000, 0.00000000, 0.00000000, 0.00000000, 0.00000000]",0.22200000,0.44502222,28->24
9,9,9,0,70,"(1, 4, 7, 11, 15, 21, 24, 26, 27)",7,413,probe_repair,"[35, 55, 70, 145, 200, 210, 230, 245, 250, 255, 275, 295, 300, 310, 320]",0.00000000,"[0.00000000, 0.00000000, 0.00000000, 0.00000000, 0.00000000, 0.00000000, 0.00000000, 0.00000000, 0.00000000]",0.10200000,0.44900000,25->4
9,9,9,0,70,"(1, 4, 7, 11, 15, 21, 24, 26, 27)",8,102,probe_repair,"[15, 25, 55, 95, 105, 110, 165, 190, 200, 205, 245, 305, 310, 320, 360]",0.00000000,"[0.00000000, 0.00000000, 0.00000000, 0.00000000, 0.00000000, 0.00000000, 0.00000000, 0.00000000, 0.00000000]",0.20600000,0.45664444,17->11
9,9,9,0,70,"(1, 4, 7, 11, 15, 21, 24, 26, 27)",9,421,probe_repair,"[15, 25, 30, 55, 60, 80, 95, 100, 140, 165, 170, 285, 330, 340, 365]",0.00000000,"[0.00000000, 0.00000000, 0.00000000, 0.00000000, 0.00000000, 0.00000000, 0.00000000, 0.00000000, 0.00000000]",0.27100000,0.44494444,16->27
9,9,9,0,70,"(1, 4, 7, 11, 15, 21, 24, 26, 27)",10,573,probe_repair,"[25, 60, 80, 85, 100, 160, 170, 205, 210, 240, 285, 295, 340, 345, 355]",0.00000000,"[0.00000000, 0.00000000, 0.00000000, 0.00000000, 0.00000000, 0.00000000, 0.00000000, 0.00000000, 0.00000000]",0.24100000,0.45266667,22->26
9,9,9,0,71,"(1, 9, 15, 20, 21, 22, 25, 27, 28)",1,141,probe_repair,"[10, 55, 65, 75, 85, 100, 145, 175, 180, 230, 235, 245, 255, 320, 325]",0.00000000,"[0.00000000, 0.00000000, 0.00000000, 0.00000000, 0.00000000, 0.00000000, 0.00000000, 0.00000000, 0.00000000]",0.24200000,0.44367778,26->1
9,9,9,0,71,"(1, 9, 15, 20, 21, 22, 25, 27, 28)",2,45,probe_repair,"[15, 40, 80, 110, 125, 170, 180, 190, 210, 220, 260, 300, 320, 340, 345]",0.00000000,"[0.00000000, 0.00000000, 0.00000000, 0.00000000, 0.00000000, 0.00000000, 0.00000000, 0.00000000, 0.00000000]",0.11800000,0.44536667,7->22
9,9,9,0,71,"(1, 9, 15, 20, 21, 22, 25, 27, 28)",3,229,probe_repair,"[5, 25, 45, 55, 85, 105, 140, 155, 225, 235, 265, 300, 305, 350, 355]",0.00000000,"[0.00000000, 0.00000000, 0.00000000, 0.00000000, 0.00000000, 0.00000000, 0.00000000, 0.00000000, 0.00000000]",0.16700000,0.45098889,7->28
9,9,9,0,71,"(1, 9, 15, 20, 21, 22, 25, 27, 28)",4,197,probe_repair,"[15, 25, 40, 60, 65, 75, 85, 140, 195, 200, 235, 260, 265, 300, 330]",0.00000000,"[0.00000000, 0.00000000, 0.00000000, 0.00000000, 0.00000000, 0.00000000, 0.00000000, 0.00000000, 0.00000000]",0.09700000,0.45172222,4->28
9,9,9,0,71,"(1, 9, 15, 20, 21, 22, 25, 27, 28)",5,85,probe_repair,"[40, 65, 80, 85, 135, 140, 155, 200, 265, 280, 290, 320, 335, 350, 365]",0.00000000,"[0.00000000, 0.00000000, 0.00000000, 0.00000000, 0.00000000, 0.00000000, 0.00000000, 0.00000000, 0.00000000]",0.07100000,0.44606667,4->25
9,9,9,0,71,"(1, 9, 15, 20, 21, 22, 25, 27, 28)",6,221,probe_repair,"[10, 15, 25, 55, 85, 105, 145, 150, 160, 165, 200, 225, 240, 255, 330]",0.00000000,"[0.00000000, 0.00000000, 0.00000000, 0.00000000, 0.00000000, 0.00000000, 0.00000000, 0.00000000, 0.00000000]",0.18400000,0.44253333,4->25
9,9,9,0,71,"(1, 9, 15, 20, 21, 22, 25, 27, 28)",7,501,probe_repair,"[10, 30, 60, 90, 105, 125, 160, 190, 195, 200, 245, 260, 285, 340, 355]",0.00000000,"[0.00000000, 0.00000000, 0.00000000, 0.00000000, 0.00000000, 0.00000000, 0.00000000, 0.00000000, 0.00000000]",0.01700000,0.44498889,17->22
9,9,9,0,71,"(1, 9, 15, 20, 21, 22, 25, 27, 28)",8,421,probe_repair,"[25, 55, 80, 95, 105, 115, 140, 185, 200, 210, 330, 340, 355, 360, 365]",0.00000000,"[0.00000000, 0.00000000, 0.00000000, 0.00000000, 0.00000000, 0.00000000, 0.00000000, 0.00000000, 0.00000000]",0.17400000,0.45615556,24->21
9,9,9,0,71,"(1, 9, 15, 20, 21, 22, 25, 27, 28)",9,597,probe_repair,"[5, 45, 75, 95, 100, 110, 130, 160, 165, 185, 200, 240, 260, 265, 360]",0.00000000,"[0.00000000, 0.00000000, 0.00000000, 0.00000000, 0.00000000, 0.00000000, 0.00000000, 0.00000000, 0.00000000]",0.14700000,0.44408889,6->28
9,9,9,0,71,"(1, 9, 15, 20, 21, 22, 25, 27, 28)",10,630,probe_repair,"[5, 10, 35, 55, 70, 135, 185, 200, 205, 305, 330, 345, 350, 360, 365]",0.00000000,"[0.00000000, 0.00000000, 0.00000000, 0.00000000, 0.00000000, 0.00000000, 0.00000000, 0.00000000, 0.00000000]",0.12600000,0.46103333,16->15
9,9,9,0,72,"(4, 7, 17, 18, 20, 21, 25, 26, 27)",1,29,probe_repair,"[5, 40, 55, 60, 120, 155, 215, 230, 245, 250, 265, 285, 290, 345, 365]",0.00000000,"[0.00000000, 0.00000000, 0.00000000, 0.00000000, 0.00000000, 0.00000000, 0.00000000, 0.00000000, 0.00000000]",0.03300000,0.43997531,9->25
9,9,9,0,72,"(4, 7, 17, 18, 20, 21, 25, 26, 27)",2,1207,probe_repair,"[20, 30, 35, 65, 90, 95, 140, 180, 190, 195, 200, 275, 305, 315, 325]",0.00000000,"[0.00000000, 0.00000000, 0.00000000, 0.00000000, 0.00000000, 0.00000000, 0.00000000, 0.00000000, 0.00000000]",0.25500000,0.46355556,11->20
9,9,9,0,72,"(4, 7, 17, 18, 20, 21, 25, 26, 27)",3,757,probe_repair,"[10, 25, 30, 50, 70, 85, 95, 115, 260, 285, 300, 305, 320, 360, 365]",0.00000000,"[0.00000000, 0.00000000, 0.00000000, 0.00000000, 0.00000000, 0.00000000, 0.00000000, 0.00000000, 0.00000000]",0.26300000,0.44611111,11->26
9,9,9,0,72,"(4, 7, 17, 18, 20, 21, 25, 26, 27)",4,1211,probe_repair,"[20, 30, 35, 65, 90, 95, 140, 180, 190, 195, 200, 275, 305, 315, 325]",0.00000000,"[0.00000000, 0.00000000, 0.00000000, 0.00000000, 0.00000000, 0.00000000, 0.00000000, 0.00000000, 0.00000000]",0.30300000,0.46361728,2->26
9,9,9,0,72,"(4, 7, 17, 18, 20, 21, 25, 26, 27)",5,1077,probe_repair,"[10, 35, 90, 115, 120, 155, 170, 225, 275, 290, 305, 315, 335, 355, 365]",0.00000000,"[0.00000000, 0.00000000, 0.00000000, 0.00000000, 0.00000000, 0.00000000, 0.00000000, 0.00000000, 0.00000000]",0.21500000,0.44165432,22->17
9,9,9,0,72,"(4, 7, 17, 18, 20, 21, 25, 26, 27)",6,1181,probe_repair,"[10, 35, 40, 50, 60, 75, 80, 130, 135, 160, 175, 235, 240, 290, 320]",0.00000000,"[0.00000000, 0.00000000, 0.00000000, 0.00000000, 0.00000000, 0.00000000, 0.00000000, 0.00000000, 0.00000000]",0.05700000,0.45192593,24->27
9,9,9,0,72,"(4, 7, 17, 18, 20, 21, 25, 26, 27)",7,909,probe_repair,"[5, 40, 45, 60, 80, 145, 215, 230, 240, 250, 260, 280, 320, 330, 350]",0.00000000,"[0.00000000, 0.00000000, 0.00000000, 0.00000000, 0.00000000, 0.00000000, 0.00000000, 0.00000000, 0.00000000]",0.19100000,0.44460494,28->18
9,9,9,0,72,"(4, 7, 17, 18, 20, 21, 25, 26, 27)",8,597,probe_repair,"[5, 45, 65, 100, 115, 125, 135, 140, 150, 165, 190, 260, 290, 345, 360]",0.00000000,"[0.00000000, 0.00000000, 0.00000000, 0.00000000, 0.00000000, 0.00000000, 0.00000000, 0.00000000, 0.00000000]",0.13800000,0.43654321,2->4
9,9,9,0,72,"(4, 7, 17, 18, 20, 21, 25, 26, 27)",9,357,probe_repair,"[65, 105, 110, 115, 160, 165, 195, 200, 205, 235, 240, 300, 320, 325, 365]",0.00000000,"[0.00000000, 0.00000000, 0.00000000, 0.00000000, 0.00000000, 0.00000000, 0.00000000, 0.00000000, 0.00000000]",0.12600000,0.45262963,22->25
9,9,9,0,72,"(4, 7, 17, 18, 20, 21, 25, 26, 27)",10,1149,probe_repair,"[25, 30, 80, 85, 110, 115, 185, 220, 230, 235, 265, 270, 280, 305, 340]",0.00000000,"[0.00000000, 0.00000000, 0.00000000, 0.00000000, 0.00000000, 0.00000000, 0.00000000, 0.00000000, 0.00000000]",0.19300000,0.44698765,28->25
9,9,9,0,73,"(6, 9, 15, 17, 18, 24, 26, 27, 28)",1,685,probe_repair,"[50, 90, 120, 140, 145, 160, 170, 185, 215, 230, 260, 265, 275, 305, 325]",0.00000000,"[0.00000000, 0.00000000, 0.00000000, 0.00000000, 0.00000000, 0.00000000, 0.00000000, 0.00000000, 0.00000000]",0.06300000,0.44834568,21->18
9,9,9,0,73,"(6, 9, 15, 17, 18, 24, 26, 27, 28)",2,325,probe_repair,"[10, 35, 70, 80, 85, 115, 275, 315, 320, 335, 345, 350, 355, 360, 365]",0.00000000,"[0.00000000, 0.00000000, 0.00000000, 0.00000000, 0.00000000, 0.00000000, 0.00000000, 0.00000000, 0.00000000]",0.29800000,0.44858025,20->9
9,9,9,0,73,"(6, 9, 15, 17, 18, 24, 26, 27, 28)",3,282,probe_repair,"[5, 25, 30, 40, 45, 70, 85, 105, 110, 180, 220, 230, 240, 290, 365]",0.00000000,"[0.00000000, 0.00000000, 0.00000000, 0.00000000, 0.00000000, 0.00000000, 0.00000000, 0.00000000, 0.00000000]",0.33600000,0.46204938,4->27
9,9,9,0,73,"(6, 9, 15, 17, 18, 24, 26, 27, 28)",4,1509,probe_repair,"[25, 50, 60, 100, 135, 155, 170, 205, 215, 260, 285, 290, 305, 325, 340]",0.00000000,"[0.00000000, 0.00000000, 0.00000000, 0.00000000, 0.00000000, 0.00000000, 0.00000000, 0.00000000, 0.00000000]",0.23700000,0.44371605,22->6
9,9,9,0,73,"(6, 9, 15, 17, 18, 24, 26, 27, 28)",5,301,probe_repair,"[50, 85, 130, 150, 165, 180, 215, 220, 240, 245, 250, 270, 340, 350, 355]",0.00000000,"[0.00000000, 0.00000000, 0.00000000, 0.00000000, 0.00000000, 0.00000000, 0.00000000, 0.00000000, 0.00000000]",0.10500000,0.44223457,25->15
9,9,9,0,73,"(6, 9, 15, 17, 18, 24, 26, 27, 28)",6,613,probe_repair,"[30, 40, 85, 110, 115, 120, 135, 155, 205, 215, 225, 230, 260, 280, 365]",0.00000000,"[0.00000000, 0.00000000, 0.00000000, 0.00000000, 0.00000000, 0.00000000, 0.00000000, 0.00000000, 0.00000000]",0.20800000,0.44398765,21->6
9,9,9,0,73,"(6, 9, 15, 17, 18, 24, 26, 27, 28)",7,213,probe_repair,"[45, 50, 55, 75, 105, 125, 155, 190, 230, 255, 300, 305, 315, 335, 340]",0.00000000,"[0.00000000, 0.00000000, 0.00000000, 0.00000000, 0.00000000, 0.00000000, 0.00000000, 0.00000000, 0.00000000]",0.18600000,0.45153086,16->28
9,9,9,0,73,"(6, 9, 15, 17, 18, 24, 26, 27, 28)",8,248,probe_repair,"[20, 60, 80, 90, 100, 110, 120, 165, 215, 280, 290, 295, 305, 345, 355]",0.00000000,"[0.00000000, 0.00000000, 0.00000000, 0.00000000, 0.00000000, 0.00000000, 0.00000000, 0.00000000, 0.00000000]",0.21000000,0.45340741,16->6
9,9,9,0,73,"(6, 9, 15, 17, 18, 24, 26, 27, 28)",9,1109,probe_repair,"[5, 20, 40, 50, 65, 120, 125, 140, 155, 175, 220, 250, 270, 295, 315]",0.00000000,"[0.00000000, 0.00000000, 0.00000000, 0.00000000, 0.00000000, 0.00000000, 0.00000000, 0.00000000, 0.00000000]",0.20600000,0.44212346,21->17
9,9,9,0,73,"(6, 9, 15, 17, 18, 24, 26, 27, 28)",10,261,probe_repair,"[40, 50, 85, 195, 200, 220, 240, 245, 270, 275, 305, 310, 335, 340, 345]",0.00000000,"[0.00000000, 0.00000000, 0.00000000, 0.00000000, 0.00000000, 0.00000000, 0.00000000, 0.00000000, 0.00000000]",0.02100000,0.44518519,20->18
