k,real_k,effective_k,virtual_stream_count,sample_index,position_combination,selection_rank,candidate_id,source,probes,authorized_max_ber,authorized_position_bers,candidate_min_route_min_ber,candidate_avg_route_min_ber,worst_route
4,4,8,4,1,"(4, 9, 25, 27)",1,321,probe_repair,"[10, 70, 95, 155, 190, 200, 215, 295, 325, 330, 335, 340, 345, 360, 365]",0.00000000,"[0.00000000, 0.00000000, 0.00000000, 0.00000000]",0.21100000,0.44332143,21->4
4,4,8,4,1,"(4, 9, 25, 27)",2,332,probe_repair,"[25, 35, 50, 55, 75, 85, 110, 130, 205, 225, 230, 240, 260, 285, 335]",0.00000000,"[0.00000000, 0.00000000, 0.00000000, 0.00000000]",0.21400000,0.44478571,22->9
4,4,8,4,1,"(4, 9, 25, 27)",3,25,probe_repair,"[5, 10, 15, 50, 55, 115, 145, 185, 205, 225, 255, 270, 315, 325, 355]",0.00000000,"[0.00000000, 0.00000000, 0.00000000, 0.00000000]",0.15200000,0.43625000,24->4
4,4,8,4,1,"(4, 9, 25, 27)",4,196,probe_repair,"[20, 90, 125, 135, 140, 145, 185, 195, 200, 235, 245, 305, 320, 345, 355]",0.00000000,"[0.00000000, 0.00000000, 0.00000000, 0.00000000]",0.21400000,0.44010714,28->25
4,4,8,4,1,"(4, 9, 25, 27)",5,324,probe_repair,"[10, 70, 95, 155, 190, 200, 215, 295, 325, 330, 335, 340, 345, 360, 365]",0.00000000,"[0.00000000, 0.00000000, 0.00000000, 0.00000000]",0.22500000,0.44096429,28->4
4,4,8,4,1,"(4, 9, 25, 27)",6,177,probe_repair,"[25, 45, 60, 110, 140, 150, 155, 175, 180, 210, 235, 260, 295, 325, 340]",0.00000000,"[0.00000000, 0.00000000, 0.00000000, 0.00000000]",0.22400000,0.44475000,22->9
4,4,8,4,1,"(4, 9, 25, 27)",7,320,probe_repair,"[10, 70, 95, 155, 190, 200, 215, 295, 325, 330, 335, 340, 345, 360, 365]",0.00000000,"[0.00000000, 0.00000000, 0.00000000, 0.00000000]",0.21900000,0.44760714,21->4
4,4,8,4,1,"(4, 9, 25, 27)",8,199,probe_repair,"[5, 40, 135, 140, 145, 155, 170, 185, 195, 260, 285, 290, 325, 330, 340]",0.00000000,"[0.00000000, 0.00000000, 0.00000000, 0.00000000]",0.27800000,0.44300000,26->9
4,4,8,4,1,"(4, 9, 25, 27)",9,22,probe_repair,"[5, 10, 15, 50, 55, 115, 145, 185, 205, 225, 255, 270, 315, 325, 355]",0.00000000,"[0.00000000, 0.00000000, 0.00000000, 0.00000000]",0.18100000,0.43253571,24->4
4,4,8,4,1,"(4, 9, 25, 27)",10,201,probe_repair,"[5, 40, 135, 140, 145, 155, 170, 185, 195, 260, 285, 290, 325, 330, 340]",0.00000000,"[0.00000000, 0.00000000, 0.00000000, 0.00000000]",0.20600000,0.44428571,26->9
4,4,8,4,2,"(6, 7, 15, 16)",1,282,probe_repair,"[30, 35, 75, 110, 120, 125, 145, 150, 180, 190, 235, 240, 250, 260, 290]",0.00000000,"[0.00000000, 0.00000000, 0.00000000, 0.00000000]",0.20000000,0.45300000,21->16
4,4,8,4,2,"(6, 7, 15, 16)",2,135,probe_repair,"[5, 20, 40, 45, 110, 150, 180, 230, 250, 260, 265, 275, 280, 305, 335]",0.00000000,"[0.00000000, 0.00000000, 0.00000000, 0.00000000]",0.06500000,0.43746429,11->6
4,4,8,4,2,"(6, 7, 15, 16)",3,306,probe_repair,"[15, 30, 50, 75, 105, 110, 125, 165, 195, 230, 265, 305, 330, 340, 345]",0.00000000,"[0.00000000, 0.00000000, 0.00000000, 0.00000000]",0.10100000,0.43510714,17->15
4,4,8,4,2,"(6, 7, 15, 16)",4,307,probe_repair,"[15, 30, 50, 75, 105, 110, 125, 165, 195, 230, 265, 305, 330, 340, 345]",0.00000000,"[0.00000000, 0.00000000, 0.00000000, 0.00000000]",0.10300000,0.43803571,17->15
4,4,8,4,2,"(6, 7, 15, 16)",5,281,probe_repair,"[30, 35, 75, 110, 120, 125, 145, 150, 180, 190, 235, 240, 250, 260, 290]",0.00000000,"[0.00000000, 0.00000000, 0.00000000, 0.00000000]",0.27500000,0.45114286,24->7
4,4,8,4,2,"(6, 7, 15, 16)",6,211,probe_repair,"[35, 45, 60, 85, 130, 145, 200, 245, 250, 280, 285, 295, 315, 355, 360]",0.00000000,"[0.00000000, 0.00000000, 0.00000000, 0.00000000]",0.08600000,0.43014286,21->7
4,4,8,4,2,"(6, 7, 15, 16)",7,110,probe_repair,"[20, 50, 90, 105, 115, 135, 210, 230, 235, 245, 290, 295, 310, 325, 365]",0.00000000,"[0.00000000, 0.00000000, 0.00000000, 0.00000000]",0.15100000,0.44760714,11->6
4,4,8,4,2,"(6, 7, 15, 16)",8,39,probe_repair,"[15, 30, 40, 65, 100, 105, 150, 160, 170, 195, 210, 250, 260, 300, 305]",0.00000000,"[0.00000000, 0.00000000, 0.00000000, 0.00000000]",0.25800000,0.44250000,4->16
4,4,8,4,2,"(6, 7, 15, 16)",9,283,probe_repair,"[30, 35, 75, 110, 120, 125, 145, 150, 180, 190, 235, 240, 250, 260, 290]",0.00000000,"[0.00000000, 0.00000000, 0.00000000, 0.00000000]",0.29300000,0.45342857,18->7
4,4,8,4,2,"(6, 7, 15, 16)",10,43,probe_repair,"[15, 30, 40, 65, 100, 105, 150, 160, 170, 195, 210, 250, 260, 300, 305]",0.00000000,"[0.00000000, 0.00000000, 0.00000000, 0.00000000]",0.24000000,0.44453571,27->15
4,4,8,4,3,"(5, 11, 21, 22)",1,48,probe_repair,"[30, 40, 50, 105, 115, 120, 135, 140, 180, 230, 255, 285, 310, 315, 365]",0.00000000,"[0.00000000, 0.00000000, 0.00000000, 0.00000000]",0.08300000,0.42505000,4->11
4,4,8,4,3,"(5, 11, 21, 22)",2,121,probe_repair,"[5, 20, 25, 110, 135, 140, 155, 160, 170, 180, 185, 200, 300, 310, 355]",0.00000000,"[0.00000000, 0.00000000, 0.00000000, 0.00000000]",0.25800000,0.44765000,15->22
4,4,8,4,3,"(5, 11, 21, 22)",3,44,probe_repair,"[5, 15, 30, 55, 105, 110, 170, 225, 230, 235, 245, 255, 275, 355, 360]",0.00000000,"[0.00000000, 0.00000000, 0.00000000, 0.00000000]",0.03100000,0.45191667,15->22
4,4,8,4,3,"(5, 11, 21, 22)",4,38,probe_repair,"[5, 15, 30, 55, 105, 110, 170, 225, 230, 235, 245, 255, 275, 355, 360]",0.00000000,"[0.00000000, 0.00000000, 0.00000000, 0.00000000]",0.03200000,0.44458333,15->22
4,4,8,4,3,"(5, 11, 21, 22)",5,122,probe_repair,"[5, 20, 25, 110, 135, 140, 155, 160, 170, 180, 185, 200, 300, 310, 355]",0.00000000,"[0.00000000, 0.00000000, 0.00000000, 0.00000000]",0.28700000,0.44731667,15->22
4,4,8,4,3,"(5, 11, 21, 22)",6,120,probe_repair,"[5, 20, 25, 110, 135, 140, 155, 160, 170, 180, 185, 200, 300, 310, 355]",0.00000000,"[0.00000000, 0.00000000, 0.00000000, 0.00000000]",0.22900000,0.44251667,15->22
4,4,8,4,3,"(5, 11, 21, 22)",7,119,probe_repair,"[5, 20, 25, 110, 135, 140, 155, 160, 170, 180, 185, 200, 300, 310, 355]",0.00000000,"[0.00000000, 0.00000000, 0.00000000, 0.00000000]",0.29300000,0.43941667,16->22
4,4,8,4,3,"(5, 11, 21, 22)",8,24,probe_repair,"[5, 65, 85, 140, 150, 155, 170, 180, 205, 260, 270, 285, 310, 330, 365]",0.00000000,"[0.00000000, 0.00000000, 0.00000000, 0.00000000]",0.14500000,0.43815000,25->21
4,4,8,4,3,"(5, 11, 21, 22)",9,43,probe_repair,"[5, 15, 30, 55, 105, 110, 170, 225, 230, 235, 245, 255, 275, 355, 360]",0.00000000,"[0.00000000, 0.00000000, 0.00000000, 0.00000000]",0.06100000,0.44491667,15->22
4,4,8,4,3,"(5, 11, 21, 22)",10,28,probe_repair,"[5, 65, 85, 140, 150, 155, 170, 180, 205, 260, 270, 285, 310, 330, 365]",0.00000000,"[0.00000000, 0.00000000, 0.00000000, 0.00000000]",0.20300000,0.44201667,6->5
4,4,8,4,4,"(6, 15, 20, 25)",1,12,baseline,"[5, 30, 55, 80, 105, 130, 155, 180, 205, 230, 255, 280, 305, 330, 355]",0.00000000,"[0.00000000, 0.00000000, 0.00000000, 0.00000000]",0.11200000,0.43235714,17->15
4,4,8,4,4,"(6, 15, 20, 25)",2,282,probe_repair,"[10, 30, 75, 90, 95, 130, 160, 230, 245, 255, 270, 300, 330, 345, 365]",0.00000000,"[0.00000000, 0.00000000, 0.00000000, 0.00000000]",0.13200000,0.43153571,9->20
4,4,8,4,4,"(6, 15, 20, 25)",3,72,probe_repair,"[10, 15, 35, 45, 65, 110, 160, 170, 210, 240, 270, 310, 325, 330, 335]",0.00000000,"[0.00000000, 0.00000000, 0.00000000, 0.00000000]",0.01000000,0.43996429,26->20
4,4,8,4,4,"(6, 15, 20, 25)",4,161,probe_repair,"[55, 80, 115, 155, 165, 175, 185, 190, 245, 270, 290, 315, 320, 335, 345]",0.00000000,"[0.00000000, 0.00000000, 0.00000000, 0.00000000]",0.15800000,0.44960714,18->15
4,4,8,4,4,"(6, 15, 20, 25)",5,159,probe_repair,"[55, 80, 115, 155, 165, 175, 185, 190, 245, 270, 290, 315, 320, 335, 345]",0.00000000,"[0.00000000, 0.00000000, 0.00000000, 0.00000000]",0.12700000,0.44753571,18->15
4,4,8,4,4,"(6, 15, 20, 25)",6,110,probe_repair,"[5, 10, 50, 55, 65, 120, 180, 200, 285, 305, 310, 325, 340, 345, 365]",0.00000000,"[0.00000000, 0.00000000, 0.00000000, 0.00000000]",0.27600000,0.44917857,17->25
4,4,8,4,4,"(6, 15, 20, 25)",7,320,probe_repair,"[5, 55, 60, 75, 105, 130, 150, 185, 225, 255, 260, 270, 290, 300, 360]",0.00000000,"[0.00000000, 0.00000000, 0.00000000, 0.00000000]",0.11600000,0.43964286,24->15
4,4,8,4,4,"(6, 15, 20, 25)",8,44,probe_repair,"[40, 50, 75, 85, 100, 115, 135, 140, 160, 205, 230, 235, 270, 275, 335]",0.00000000,"[0.00000000, 0.00000000, 0.00000000, 0.00000000]",0.27200000,0.44525000,11->6
4,4,8,4,4,"(6, 15, 20, 25)",9,158,probe_repair,"[55, 80, 115, 155, 165, 175, 185, 190, 245, 270, 290, 315, 320, 335, 345]",0.00000000,"[0.00000000, 0.00000000, 0.00000000, 0.00000000]",0.21400000,0.45296429,18->15
4,4,8,4,4,"(6, 15, 20, 25)",10,284,probe_repair,"[10, 30, 75, 90, 95, 130, 160, 230, 245, 255, 270, 300, 330, 345, 365]",0.00000000,"[0.00000000, 0.00000000, 0.00000000, 0.00000000]",0.13900000,0.43517857,2->25
4,4,8,4,5,"(5, 6, 18, 24)",1,73,probe_repair,"[25, 45, 65, 125, 140, 155, 175, 245, 250, 255, 265, 300, 330, 340, 355]",0.00000000,"[0.00000000, 0.00000000, 0.00000000, 0.00000000]",0.15600000,0.44798333,26->18
4,4,8,4,5,"(5, 6, 18, 24)",2,70,probe_repair,"[25, 45, 65, 125, 140, 155, 175, 245, 250, 255, 265, 300, 330, 340, 355]",0.00000000,"[0.00000000, 0.00000000, 0.00000000, 0.00000000]",0.23500000,0.45165000,26->18
4,4,8,4,5,"(5, 6, 18, 24)",3,138,probe_repair,"[5, 15, 25, 30, 35, 90, 100, 110, 125, 180, 185, 210, 225, 230, 285]",0.00000000,"[0.00000000, 0.00000000, 0.00000000, 0.00000000]",0.14200000,0.43921667,9->24
4,4,8,4,5,"(5, 6, 18, 24)",4,116,probe_repair,"[10, 35, 45, 85, 100, 120, 125, 170, 225, 230, 295, 310, 330, 345, 355]",0.00000000,"[0.00000000, 0.00000000, 0.00000000, 0.00000000]",0.09700000,0.44795000,22->24
4,4,8,4,5,"(5, 6, 18, 24)",5,74,probe_repair,"[25, 45, 65, 125, 140, 155, 175, 245, 250, 255, 265, 300, 330, 340, 355]",0.00000000,"[0.00000000, 0.00000000, 0.00000000, 0.00000000]",0.20700000,0.44428333,25->6
4,4,8,4,5,"(5, 6, 18, 24)",6,140,probe_repair,"[5, 15, 25, 30, 35, 90, 100, 110, 125, 180, 185, 210, 225, 230, 285]",0.00000000,"[0.00000000, 0.00000000, 0.00000000, 0.00000000]",0.14700000,0.43961667,9->24
4,4,8,4,5,"(5, 6, 18, 24)",7,113,probe_repair,"[10, 35, 45, 85, 100, 120, 125, 170, 225, 230, 295, 310, 330, 345, 355]",0.00000000,"[0.00000000, 0.00000000, 0.00000000, 0.00000000]",0.12300000,0.43875000,22->24
4,4,8,4,5,"(5, 6, 18, 24)",8,75,probe_repair,"[25, 45, 65, 125, 140, 155, 175, 245, 250, 255, 265, 300, 330, 340, 355]",0.00000000,"[0.00000000, 0.00000000, 0.00000000, 0.00000000]",0.25600000,0.45235000,26->18
4,4,8,4,5,"(5, 6, 18, 24)",9,71,probe_repair,"[25, 45, 65, 125, 140, 155, 175, 245, 250, 255, 265, 300, 330, 340, 355]",0.00000000,"[0.00000000, 0.00000000, 0.00000000, 0.00000000]",0.21100000,0.44868333,26->18
4,4,8,4,5,"(5, 6, 18, 24)",10,76,probe_repair,"[25, 45, 65, 125, 140, 155, 175, 245, 250, 255, 265, 300, 330, 340, 355]",0.00000000,"[0.00000000, 0.00000000, 0.00000000, 0.00000000]",0.20900000,0.44641667,26->18
4,4,8,4,6,"(2, 9, 15, 24)",1,279,probe_repair,"[35, 45, 70, 105, 115, 150, 175, 185, 220, 230, 270, 275, 285, 340, 360]",0.00000000,"[0.00000000, 0.00000000, 0.00000000, 0.00000000]",0.20000000,0.44192857,4->9
4,4,8,4,6,"(2, 9, 15, 24)",2,282,probe_repair,"[35, 45, 70, 105, 115, 150, 175, 185, 220, 230, 270, 275, 285, 340, 360]",0.00000000,"[0.00000000, 0.00000000, 0.00000000, 0.00000000]",0.12900000,0.44057143,6->24
4,4,8,4,6,"(2, 9, 15, 24)",3,118,probe_repair,"[175, 180, 195, 210, 215, 225, 230, 250, 290, 295, 305, 320, 330, 335, 345]",0.00000000,"[0.00000000, 0.00000000, 0.00000000, 0.00000000]",0.24000000,0.44335714,22->9
4,4,8,4,6,"(2, 9, 15, 24)",4,119,probe_repair,"[175, 180, 195, 210, 215, 225, 230, 250, 290, 295, 305, 320, 330, 335, 345]",0.00000000,"[0.00000000, 0.00000000, 0.00000000, 0.00000000]",0.24700000,0.44910714,17->2
4,4,8,4,6,"(2, 9, 15, 24)",5,19,baseline,"[5, 30, 55, 80, 105, 130, 155, 180, 205, 230, 255, 280, 305, 330, 355]",0.00000000,"[0.00000000, 0.00000000, 0.00000000, 0.00000000]",0.23500000,0.43500000,22->15
4,4,8,4,6,"(2, 9, 15, 24)",6,283,probe_repair,"[35, 45, 70, 105, 115, 150, 175, 185, 220, 230, 270, 275, 285, 340, 360]",0.00000000,"[0.00000000, 0.00000000, 0.00000000, 0.00000000]",0.05800000,0.44025000,4->9
4,4,8,4,6,"(2, 9, 15, 24)",7,120,probe_repair,"[175, 180, 195, 210, 215, 225, 230, 250, 290, 295, 305, 320, 330, 335, 345]",0.00000000,"[0.00000000, 0.00000000, 0.00000000, 0.00000000]",0.23700000,0.44732143,17->2
4,4,8,4,6,"(2, 9, 15, 24)",8,123,probe_repair,"[175, 180, 195, 210, 215, 225, 230, 250, 290, 295, 305, 320, 330, 335, 345]",0.00000000,"[0.00000000, 0.00000000, 0.00000000, 0.00000000]",0.24500000,0.43953571,16->15
4,4,8,4,6,"(2, 9, 15, 24)",9,203,probe_repair,"[5, 25, 125, 140, 170, 175, 180, 185, 200, 220, 255, 275, 300, 320, 330]",0.00000000,"[0.00000000, 0.00000000, 0.00000000, 0.00000000]",0.04100000,0.43396429,26->24
4,4,8,4,6,"(2, 9, 15, 24)",10,17,baseline,"[5, 30, 55, 80, 105, 130, 155, 180, 205, 230, 255, 280, 305, 330, 355]",0.00000000,"[0.00000000, 0.00000000, 0.00000000, 0.00000000]",0.23000000,0.43600000,17->24
4,4,8,4,7,"(9, 18, 22, 27)",1,231,probe_repair,"[30, 35, 65, 100, 115, 125, 180, 185, 220, 240, 260, 265, 310, 335, 340]",0.00000000,"[0.00000000, 0.00000000, 0.00000000, 0.00000000]",0.21600000,0.45828571,20->9
4,4,8,4,7,"(9, 18, 22, 27)",2,186,probe_repair,"[5, 15, 45, 105, 135, 155, 180, 230, 250, 265, 275, 290, 320, 325, 355]",0.00000000,"[0.00000000, 0.00000000, 0.00000000, 0.00000000]",0.21800000,0.44967857,4->22
4,4,8,4,7,"(9, 18, 22, 27)",3,72,probe_repair,"[5, 65, 90, 110, 135, 190, 220, 250, 270, 285, 290, 310, 315, 325, 365]",0.00000000,"[0.00000000, 0.00000000, 0.00000000, 0.00000000]",0.16400000,0.43639286,16->22
4,4,8,4,7,"(9, 18, 22, 27)",4,235,probe_repair,"[30, 35, 65, 100, 115, 125, 180, 185, 220, 240, 260, 265, 310, 335, 340]",0.00000000,"[0.00000000, 0.00000000, 0.00000000, 0.00000000]",0.20000000,0.45067857,20->9
4,4,8,4,7,"(9, 18, 22, 27)",5,71,probe_repair,"[5, 65, 90, 110, 135, 190, 220, 250, 270, 285, 290, 310, 315, 325, 365]",0.00000000,"[0.00000000, 0.00000000, 0.00000000, 0.00000000]",0.12400000,0.43742857,6->27
4,4,8,4,7,"(9, 18, 22, 27)",6,215,probe_repair,"[10, 20, 65, 105, 115, 140, 150, 165, 200, 205, 210, 230, 260, 305, 325]",0.00000000,"[0.00000000, 0.00000000, 0.00000000, 0.00000000]",0.03400000,0.43350000,17->22
4,4,8,4,7,"(9, 18, 22, 27)",7,115,probe_repair,"[10, 45, 65, 90, 95, 155, 170, 185, 200, 235, 255, 275, 290, 300, 335]",0.00000000,"[0.00000000, 0.00000000, 0.00000000, 0.00000000]",0.12900000,0.41864286,25->18
4,4,8,4,7,"(9, 18, 22, 27)",8,213,probe_repair,"[10, 20, 65, 105, 115, 140, 150, 165, 200, 205, 210, 230, 260, 305, 325]",0.00000000,"[0.00000000, 0.00000000, 0.00000000, 0.00000000]",0.00000000,0.38696429,15->27
4,4,8,4,7,"(9, 18, 22, 27)",9,206,probe_repair,"[10, 50, 70, 80, 85, 125, 160, 180, 190, 220, 225, 280, 285, 305, 325]",0.00000000,"[0.00000000, 0.00000000, 0.00000000, 0.00000000]",0.06500000,0.43078571,24->18
4,4,8,4,7,"(9, 18, 22, 27)",10,218,probe_repair,"[10, 20, 65, 105, 115, 140, 150, 165, 200, 205, 210, 230, 260, 305, 325]",0.00000000,"[0.00000000, 0.00000000, 0.00000000, 0.00000000]",0.02000000,0.42703571,17->22
4,4,8,4,8,"(9, 17, 18, 25)",1,182,probe_repair,"[10, 35, 105, 110, 120, 125, 140, 185, 190, 245, 255, 270, 315, 340, 360]",0.00000000,"[0.00000000, 0.00000000, 0.00000000, 0.00000000]",0.21800000,0.44314286,24->9
4,4,8,4,8,"(9, 17, 18, 25)",2,163,probe_repair,"[10, 25, 40, 45, 95, 130, 135, 160, 250, 255, 270, 305, 335, 340, 355]",0.00000000,"[0.00000000, 0.00000000, 0.00000000, 0.00000000]",0.25900000,0.44810714,20->18
4,4,8,4,8,"(9, 17, 18, 25)",3,162,probe_repair,"[10, 25, 40, 45, 95, 130, 135, 160, 250, 255, 270, 305, 335, 340, 355]",0.00000000,"[0.00000000, 0.00000000, 0.00000000, 0.00000000]",0.29200000,0.44950000,20->18
4,4,8,4,8,"(9, 17, 18, 25)",4,235,probe_repair,"[20, 30, 55, 85, 100, 130, 145, 150, 160, 225, 240, 280, 310, 315, 350]",0.00000000,"[0.00000000, 0.00000000, 0.00000000, 0.00000000]",0.13700000,0.43525000,11->18
4,4,8,4,8,"(9, 17, 18, 25)",5,232,probe_repair,"[20, 30, 55, 85, 100, 130, 145, 150, 160, 225, 240, 280, 310, 315, 350]",0.00000000,"[0.00000000, 0.00000000, 0.00000000, 0.00000000]",0.15100000,0.42785714,11->18
4,4,8,4,8,"(9, 17, 18, 25)",6,164,probe_repair,"[10, 25, 40, 45, 95, 130, 135, 160, 250, 255, 270, 305, 335, 340, 355]",0.00000000,"[0.00000000, 0.00000000, 0.00000000, 0.00000000]",0.31700000,0.44446429,4->9
4,4,8,4,8,"(9, 17, 18, 25)",7,303,probe_repair,"[5, 20, 50, 100, 105, 110, 120, 165, 170, 185, 230, 235, 290, 295, 310]",0.00000000,"[0.00000000, 0.00000000, 0.00000000, 0.00000000]",0.15100000,0.43785714,27->9
4,4,8,4,8,"(9, 17, 18, 25)",8,142,probe_repair,"[10, 60, 95, 110, 140, 145, 155, 220, 230, 260, 265, 315, 325, 335, 355]",0.00000000,"[0.00000000, 0.00000000, 0.00000000, 0.00000000]",0.12800000,0.44185714,22->17
4,4,8,4,8,"(9, 17, 18, 25)",9,161,probe_repair,"[10, 25, 40, 45, 95, 130, 135, 160, 250, 255, 270, 305, 335, 340, 355]",0.00000000,"[0.00000000, 0.00000000, 0.00000000, 0.00000000]",0.30400000,0.45060714,4->9
4,4,8,4,8,"(9, 17, 18, 25)",10,304,probe_repair,"[5, 20, 50, 100, 105, 110, 120, 165, 170, 185, 230, 235, 290, 295, 310]",0.00000000,"[0.00000000, 0.00000000, 0.00000000, 0.00000000]",0.15700000,0.43396429,27->9
4,4,8,4,9,"(6, 9, 25, 27)",1,127,probe_repair,"[30, 110, 115, 130, 145, 150, 175, 190, 225, 235, 245, 255, 265, 270, 345]",0.00000000,"[0.00000000, 0.00000000, 0.00000000, 0.00000000]",0.26700000,0.45417857,24->9
4,4,8,4,9,"(6, 9, 25, 27)",2,129,probe_repair,"[30, 110, 115, 130, 145, 150, 175, 190, 225, 235, 245, 255, 265, 270, 345]",0.00000000,"[0.00000000, 0.00000000, 0.00000000, 0.00000000]",0.20600000,0.44942857,24->9
4,4,8,4,9,"(6, 9, 25, 27)",3,289,probe_repair,"[50, 60, 65, 105, 125, 135, 145, 165, 205, 220, 250, 320, 325, 340, 355]",0.00000000,"[0.00000000, 0.00000000, 0.00000000, 0.00000000]",0.29800000,0.43957143,18->25
4,4,8,4,9,"(6, 9, 25, 27)",4,288,probe_repair,"[50, 60, 65, 105, 125, 135, 145, 165, 205, 220, 250, 320, 325, 340, 355]",0.00000000,"[0.00000000, 0.00000000, 0.00000000, 0.00000000]",0.28500000,0.44121429,4->27
4,4,8,4,9,"(6, 9, 25, 27)",5,291,probe_repair,"[50, 60, 65, 105, 125, 135, 145, 165, 205, 220, 250, 320, 325, 340, 355]",0.00000000,"[0.00000000, 0.00000000, 0.00000000, 0.00000000]",0.27200000,0.44228571,16->6
4,4,8,4,9,"(6, 9, 25, 27)",6,242,probe_repair,"[5, 35, 115, 125, 155, 160, 190, 210, 245, 260, 300, 315, 320, 335, 365]",0.00000000,"[0.00000000, 0.00000000, 0.00000000, 0.00000000]",0.15700000,0.44350000,4->25
4,4,8,4,9,"(6, 9, 25, 27)",7,38,probe_repair,"[15, 35, 40, 85, 90, 145, 185, 220, 225, 245, 265, 270, 295, 305, 360]",0.00000000,"[0.00000000, 0.00000000, 0.00000000, 0.00000000]",0.32100000,0.44257143,11->6
4,4,8,4,9,"(6, 9, 25, 27)",8,314,probe_repair,"[15, 45, 95, 110, 145, 205, 230, 240, 245, 265, 285, 290, 310, 345, 350]",0.00000000,"[0.00000000, 0.00000000, 0.00000000, 0.00000000]",0.04900000,0.44092857,15->25
4,4,8,4,9,"(6, 9, 25, 27)",9,27,probe_repair,"[20, 60, 135, 140, 165, 200, 205, 210, 215, 235, 260, 265, 285, 290, 300]",0.00000000,"[0.00000000, 0.00000000, 0.00000000, 0.00000000]",0.02100000,0.43750000,17->9
4,4,8,4,9,"(6, 9, 25, 27)",10,290,probe_repair,"[50, 60, 65, 105, 125, 135, 145, 165, 205, 220, 250, 320, 325, 340, 355]",0.00000000,"[0.00000000, 0.00000000, 0.00000000, 0.00000000]",0.31900000,0.44646429,16->6
4,4,8,4,10,"(1, 9, 25, 26)",1,112,probe_repair,"[50, 75, 90, 105, 170, 175, 185, 190, 200, 205, 220, 225, 285, 295, 320]",0.00000000,"[0.00000000, 0.00000000, 0.00000000, 0.00000000]",0.18900000,0.44823333,20->25
4,4,8,4,10,"(1, 9, 25, 26)",2,154,probe_repair,"[25, 35, 50, 55, 125, 185, 190, 195, 205, 255, 280, 300, 305, 355, 360]",0.00000000,"[0.00000000, 0.00000000, 0.00000000, 0.00000000]",0.13900000,0.45150000,15->9
4,4,8,4,10,"(1, 9, 25, 26)",3,100,probe_repair,"[25, 40, 90, 95, 100, 130, 140, 145, 155, 180, 225, 260, 275, 290, 360]",0.00000000,"[0.00000000, 0.00000000, 0.00000000, 0.00000000]",0.12200000,0.42483333,6->26
4,4,8,4,10,"(1, 9, 25, 26)",4,151,probe_repair,"[25, 35, 50, 55, 125, 185, 190, 195, 205, 255, 280, 300, 305, 355, 360]",0.00000000,"[0.00000000, 0.00000000, 0.00000000, 0.00000000]",0.19900000,0.44213333,16->25
4,4,8,4,10,"(1, 9, 25, 26)",5,150,probe_repair,"[25, 35, 50, 55, 125, 185, 190, 195, 205, 255, 280, 300, 305, 355, 360]",0.00000000,"[0.00000000, 0.00000000, 0.00000000, 0.00000000]",0.15500000,0.44873333,16->25
4,4,8,4,10,"(1, 9, 25, 26)",6,113,probe_repair,"[50, 75, 90, 105, 170, 175, 185, 190, 200, 205, 220, 225, 285, 295, 320]",0.00000000,"[0.00000000, 0.00000000, 0.00000000, 0.00000000]",0.14600000,0.44660000,7->26
4,4,8,4,10,"(1, 9, 25, 26)",7,156,probe_repair,"[25, 35, 50, 55, 125, 185, 190, 195, 205, 255, 280, 300, 305, 355, 360]",0.00000000,"[0.00000000, 0.00000000, 0.00000000, 0.00000000]",0.14200000,0.44076667,15->9
4,4,8,4,10,"(1, 9, 25, 26)",8,153,probe_repair,"[25, 35, 50, 55, 125, 185, 190, 195, 205, 255, 280, 300, 305, 355, 360]",0.00000000,"[0.00000000, 0.00000000, 0.00000000, 0.00000000]",0.18300000,0.44010000,16->25
4,4,8,4,10,"(1, 9, 25, 26)",9,162,probe_repair,"[10, 15, 25, 75, 90, 100, 125, 130, 150, 250, 260, 285, 335, 345, 365]",0.00000000,"[0.00000000, 0.00000000, 0.00000000, 0.00000000]",0.09000000,0.43906667,21->1
4,4,8,4,10,"(1, 9, 25, 26)",10,95,probe_repair,"[25, 40, 90, 95, 100, 130, 140, 145, 155, 180, 225, 260, 275, 290, 360]",0.00000000,"[0.00000000, 0.00000000, 0.00000000, 0.00000000]",0.10400000,0.43040000,6->26
4,4,8,4,11,"(9, 18, 21, 28)",1,299,probe_repair,"[20, 50, 55, 75, 95, 115, 125, 160, 180, 230, 260, 300, 305, 315, 345]",0.00000000,"[0.00000000, 0.00000000, 0.00000000, 0.00000000]",0.18600000,0.44057143,11->18
4,4,8,4,11,"(9, 18, 21, 28)",2,84,probe_repair,"[30, 40, 55, 130, 140, 185, 190, 195, 220, 240, 260, 265, 285, 330, 350]",0.00000000,"[0.00000000, 0.00000000, 0.00000000, 0.00000000]",0.16200000,0.44575000,11->28
4,4,8,4,11,"(9, 18, 21, 28)",3,49,probe_repair,"[10, 35, 55, 65, 75, 105, 135, 155, 165, 215, 220, 240, 260, 265, 305]",0.00000000,"[0.00000000, 0.00000000, 0.00000000, 0.00000000]",0.14100000,0.44650000,26->18
4,4,8,4,11,"(9, 18, 21, 28)",4,46,probe_repair,"[10, 35, 55, 65, 75, 105, 135, 155, 165, 215, 220, 240, 260, 265, 305]",0.00000000,"[0.00000000, 0.00000000, 0.00000000, 0.00000000]",0.09700000,0.44242857,26->18
4,4,8,4,11,"(9, 18, 21, 28)",5,48,probe_repair,"[10, 35, 55, 65, 75, 105, 135, 155, 165, 215, 220, 240, 260, 265, 305]",0.00000000,"[0.00000000, 0.00000000, 0.00000000, 0.00000000]",0.08000000,0.44235714,11->18
4,4,8,4,11,"(9, 18, 21, 28)",6,52,probe_repair,"[10, 35, 55, 65, 75, 105, 135, 155, 165, 215, 220, 240, 260, 265, 305]",0.00000000,"[0.00000000, 0.00000000, 0.00000000, 0.00000000]",0.13600000,0.43414286,11->18
4,4,8,4,11,"(9, 18, 21, 28)",7,264,probe_repair,"[30, 35, 55, 80, 100, 130, 165, 170, 190, 205, 215, 260, 285, 335, 345]",0.00000000,"[0.00000000, 0.00000000, 0.00000000, 0.00000000]",0.19500000,0.43535714,25->28
4,4,8,4,11,"(9, 18, 21, 28)",8,265,probe_repair,"[30, 35, 55, 80, 100, 130, 165, 170, 190, 205, 215, 260, 285, 335, 345]",0.00000000,"[0.00000000, 0.00000000, 0.00000000, 0.00000000]",0.13100000,0.43167857,25->28
4,4,8,4,11,"(9, 18, 21, 28)",9,88,probe_repair,"[10, 35, 65, 140, 145, 155, 160, 175, 185, 220, 260, 265, 270, 305, 365]",0.00000000,"[0.00000000, 0.00000000, 0.00000000, 0.00000000]",0.28600000,0.44885714,2->28
4,4,8,4,11,"(9, 18, 21, 28)",10,26,probe_repair,"[80, 100, 115, 125, 130, 170, 180, 185, 195, 215, 230, 250, 290, 315, 330]",0.00000000,"[0.00000000, 0.00000000, 0.00000000, 0.00000000]",0.19400000,0.45178571,17->18
4,4,8,4,12,"(5, 6, 11, 27)",1,118,probe_repair,"[5, 15, 40, 55, 65, 80, 85, 145, 185, 240, 285, 325, 335, 355, 365]",0.00000000,"[0.00000000, 0.00000000, 0.00000000, 0.00000000]",0.14900000,0.44445000,16->11
4,4,8,4,12,"(5, 6, 11, 27)",2,7,baseline,"[5, 30, 55, 80, 105, 130, 155, 180, 205, 230, 255, 280, 305, 330, 355]",0.00000000,"[0.00000000, 0.00000000, 0.00000000, 0.00000000]",0.07300000,0.43945000,15->5
4,4,8,4,12,"(5, 6, 11, 27)",3,47,probe_repair,"[30, 50, 85, 105, 110, 175, 210, 220, 280, 285, 300, 325, 330, 345, 365]",0.00000000,"[0.00000000, 0.00000000, 0.00000000, 0.00000000]",0.19900000,0.43118333,2->5
4,4,8,4,12,"(5, 6, 11, 27)",4,120,probe_repair,"[5, 15, 40, 55, 65, 80, 85, 145, 185, 240, 285, 325, 335, 355, 365]",0.00000000,"[0.00000000, 0.00000000, 0.00000000, 0.00000000]",0.14400000,0.44111667,16->11
4,4,8,4,12,"(5, 6, 11, 27)",5,17,baseline,"[5, 30, 55, 80, 105, 130, 155, 180, 205, 230, 255, 280, 305, 330, 355]",0.00000000,"[0.00000000, 0.00000000, 0.00000000, 0.00000000]",0.05000000,0.43948333,15->5
4,4,8,4,12,"(5, 6, 11, 27)",6,2,baseline,"[5, 30, 55, 80, 105, 130, 155, 180, 205, 230, 255, 280, 305, 330, 355]",0.00000000,"[0.00000000, 0.00000000, 0.00000000, 0.00000000]",0.05200000,0.44138333,15->5
4,4,8,4,12,"(5, 6, 11, 27)",7,11,baseline,"[5, 30, 55, 80, 105, 130, 155, 180, 205, 230, 255, 280, 305, 330, 355]",0.00000000,"[0.00000000, 0.00000000, 0.00000000, 0.00000000]",0.07600000,0.43758333,15->5
4,4,8,4,12,"(5, 6, 11, 27)",8,51,probe_repair,"[30, 50, 85, 105, 110, 175, 210, 220, 280, 285, 300, 325, 330, 345, 365]",0.00000000,"[0.00000000, 0.00000000, 0.00000000, 0.00000000]",0.12800000,0.43138333,2->5
4,4,8,4,12,"(5, 6, 11, 27)",9,10,baseline,"[5, 30, 55, 80, 105, 130, 155, 180, 205, 230, 255, 280, 305, 330, 355]",0.00000000,"[0.00000000, 0.00000000, 0.00000000, 0.00000000]",0.05200000,0.43931667,15->5
4,4,8,4,12,"(5, 6, 11, 27)",10,122,probe_repair,"[5, 15, 40, 55, 65, 80, 85, 145, 185, 240, 285, 325, 335, 355, 365]",0.00000000,"[0.00000000, 0.00000000, 0.00000000, 0.00000000]",0.09900000,0.43731667,16->11
4,4,8,4,13,"(2, 5, 15, 18)",1,80,probe_repair,"[35, 40, 75, 100, 105, 115, 175, 180, 190, 205, 210, 245, 275, 280, 345]",0.00000000,"[0.00000000, 0.00000000, 0.00000000, 0.00000000]",0.23600000,0.44475000,22->2
4,4,8,4,13,"(2, 5, 15, 18)",2,79,probe_repair,"[35, 40, 75, 100, 105, 115, 175, 180, 190, 205, 210, 245, 275, 280, 345]",0.00000000,"[0.00000000, 0.00000000, 0.00000000, 0.00000000]",0.19600000,0.44341667,7->5
4,4,8,4,13,"(2, 5, 15, 18)",3,14,baseline,"[5, 30, 55, 80, 105, 130, 155, 180, 205, 230, 255, 280, 305, 330, 355]",0.00000000,"[0.00000000, 0.00000000, 0.00000000, 0.00000000]",0.11900000,0.44435000,7->15
4,4,8,4,13,"(2, 5, 15, 18)",4,78,probe_repair,"[35, 40, 75, 100, 105, 115, 175, 180, 190, 205, 210, 245, 275, 280, 345]",0.00000000,"[0.00000000, 0.00000000, 0.00000000, 0.00000000]",0.20600000,0.44711667,20->18
4,4,8,4,13,"(2, 5, 15, 18)",5,104,probe_repair,"[15, 20, 25, 30, 75, 80, 85, 115, 130, 145, 175, 235, 255, 265, 280]",0.00000000,"[0.00000000, 0.00000000, 0.00000000, 0.00000000]",0.23200000,0.43958333,22->15
4,4,8,4,13,"(2, 5, 15, 18)",6,81,probe_repair,"[35, 40, 75, 100, 105, 115, 175, 180, 190, 205, 210, 245, 275, 280, 345]",0.00000000,"[0.00000000, 0.00000000, 0.00000000, 0.00000000]",0.25500000,0.44615000,20->18
4,4,8,4,13,"(2, 5, 15, 18)",7,111,probe_repair,"[15, 20, 25, 65, 80, 85, 105, 165, 170, 180, 225, 240, 260, 285, 340]",0.00000000,"[0.00000000, 0.00000000, 0.00000000, 0.00000000]",0.06600000,0.43848333,7->2
4,4,8,4,13,"(2, 5, 15, 18)",8,31,probe_repair,"[50, 95, 120, 130, 150, 190, 200, 250, 285, 295, 300, 310, 315, 340, 360]",0.00000000,"[0.00000000, 0.00000000, 0.00000000, 0.00000000]",0.13900000,0.43501667,22->5
4,4,8,4,13,"(2, 5, 15, 18)",9,110,probe_repair,"[15, 20, 25, 65, 80, 85, 105, 165, 170, 180, 225, 240, 260, 285, 340]",0.00000000,"[0.00000000, 0.00000000, 0.00000000, 0.00000000]",0.05200000,0.42961667,7->2
4,4,8,4,13,"(2, 5, 15, 18)",10,84,probe_repair,"[35, 40, 75, 100, 105, 115, 175, 180, 190, 205, 210, 245, 275, 280, 345]",0.00000000,"[0.00000000, 0.00000000, 0.00000000, 0.00000000]",0.22100000,0.43751667,20->18
4,4,8,4,14,"(5, 11, 24, 28)",1,295,probe_repair,"[35, 50, 105, 120, 220, 225, 235, 250, 265, 285, 300, 315, 330, 340, 360]",0.00000000,"[0.00000000, 0.00000000, 0.00000000, 0.00000000]",0.08700000,0.43195000,26->28
4,4,8,4,14,"(5, 11, 24, 28)",2,594,probe_repair,"[5, 10, 15, 40, 55, 90, 150, 190, 210, 215, 230, 240, 255, 310, 355]",0.00000000,"[0.00000000, 0.00000000, 0.00000000, 0.00000000]",0.22600000,0.44031667,16->5
4,4,8,4,14,"(5, 11, 24, 28)",3,244,probe_repair,"[5, 25, 30, 35, 65, 115, 120, 135, 205, 210, 220, 225, 290, 300, 345]",0.00000000,"[0.00000000, 0.00000000, 0.00000000, 0.00000000]",0.18800000,0.44941667,17->11
4,4,8,4,14,"(5, 11, 24, 28)",4,373,probe_repair,"[40, 50, 60, 85, 125, 130, 145, 165, 210, 220, 245, 255, 260, 315, 325]",0.00000000,"[0.00000000, 0.00000000, 0.00000000, 0.00000000]",0.05800000,0.38178333,16->5
4,4,8,4,14,"(5, 11, 24, 28)",5,596,probe_repair,"[5, 10, 15, 40, 55, 90, 150, 190, 210, 215, 230, 240, 255, 310, 355]",0.00000000,"[0.00000000, 0.00000000, 0.00000000, 0.00000000]",0.25000000,0.44151667,16->5
4,4,8,4,14,"(5, 11, 24, 28)",6,386,probe_repair,"[5, 15, 30, 55, 90, 170, 175, 210, 235, 245, 260, 280, 300, 330, 360]",0.00000000,"[0.00000000, 0.00000000, 0.00000000, 0.00000000]",0.08700000,0.43768333,9->28
4,4,8,4,14,"(5, 11, 24, 28)",7,299,probe_repair,"[35, 50, 105, 120, 220, 225, 235, 250, 265, 285, 300, 315, 330, 340, 360]",0.00000000,"[0.00000000, 0.00000000, 0.00000000, 0.00000000]",0.09800000,0.43478333,26->28
4,4,8,4,14,"(5, 11, 24, 28)",8,298,probe_repair,"[35, 50, 105, 120, 220, 225, 235, 250, 265, 285, 300, 315, 330, 340, 360]",0.00000000,"[0.00000000, 0.00000000, 0.00000000, 0.00000000]",0.09300000,0.44378333,26->28
4,4,8,4,14,"(5, 11, 24, 28)",9,391,probe_repair,"[5, 10, 25, 85, 110, 175, 180, 205, 230, 235, 240, 270, 285, 300, 360]",0.00000000,"[0.00000000, 0.00000000, 0.00000000, 0.00000000]",0.03400000,0.43761667,25->24
4,4,8,4,14,"(5, 11, 24, 28)",10,465,probe_repair,"[15, 20, 40, 50, 60, 85, 215, 220, 260, 270, 295, 300, 315, 330, 340]",0.00000000,"[0.00000000, 0.00000000, 0.00000000, 0.00000000]",0.20200000,0.43895000,27->24
4,4,8,4,15,"(1, 2, 7, 21)",1,42,probe_repair,"[5, 45, 100, 155, 185, 195, 200, 205, 210, 240, 250, 280, 320, 345, 360]",0.00000000,"[0.00000000, 0.00000000, 0.00000000, 0.00000000]",0.10900000,0.44030000,9->1
4,4,8,4,15,"(1, 2, 7, 21)",2,335,probe_repair,"[35, 40, 75, 90, 95, 115, 135, 170, 225, 230, 245, 305, 310, 325, 340]",0.00000000,"[0.00000000, 0.00000000, 0.00000000, 0.00000000]",0.28000000,0.44736667,17->2
4,4,8,4,15,"(1, 2, 7, 21)",3,213,probe_repair,"[15, 55, 95, 105, 120, 125, 170, 180, 190, 195, 200, 290, 325, 355, 365]",0.00000000,"[0.00000000, 0.00000000, 0.00000000, 0.00000000]",0.00000000,0.39226667,22->1
4,4,8,4,15,"(1, 2, 7, 21)",4,261,probe_repair,"[10, 15, 70, 85, 90, 115, 125, 140, 155, 185, 205, 230, 260, 285, 295]",0.00000000,"[0.00000000, 0.00000000, 0.00000000, 0.00000000]",0.00000000,0.38303333,6->2
4,4,8,4,15,"(1, 2, 7, 21)",5,661,probe_repair,"[5, 50, 75, 90, 95, 115, 120, 135, 150, 225, 230, 305, 355, 360, 365]",0.00000000,"[0.00000000, 0.00000000, 0.00000000, 0.00000000]",0.12500000,0.40323333,17->21
4,4,8,4,15,"(1, 2, 7, 21)",6,147,probe_repair,"[25, 70, 95, 100, 220, 225, 265, 280, 290, 300, 305, 335, 340, 345, 365]",0.00000000,"[0.00000000, 0.00000000, 0.00000000, 0.00000000]",0.30300000,0.45100000,11->21
4,4,8,4,15,"(1, 2, 7, 21)",7,218,probe_repair,"[15, 55, 95, 105, 120, 125, 170, 180, 190, 195, 200, 290, 325, 355, 365]",0.00000000,"[0.00000000, 0.00000000, 0.00000000, 0.00000000]",0.15100000,0.44213333,6->7
4,4,8,4,15,"(1, 2, 7, 21)",8,61,probe_repair,"[70, 110, 145, 150, 195, 200, 225, 255, 260, 280, 290, 295, 345, 350, 355]",0.00000000,"[0.00000000, 0.00000000, 0.00000000, 0.00000000]",0.00000000,0.38880000,9->21
4,4,8,4,15,"(1, 2, 7, 21)",9,348,probe_repair,"[40, 70, 105, 115, 175, 185, 190, 195, 220, 225, 235, 245, 260, 310, 345]",0.00000000,"[0.00000000, 0.00000000, 0.00000000, 0.00000000]",0.25300000,0.45023333,28->21
4,4,8,4,15,"(1, 2, 7, 21)",10,504,probe_repair,"[30, 65, 70, 125, 175, 180, 190, 200, 235, 245, 280, 295, 305, 325, 365]",0.00000000,"[0.00000000, 0.00000000, 0.00000000, 0.00000000]",0.20400000,0.44540000,16->21
4,4,8,4,16,"(4, 11, 17, 28)",1,1484,probe_repair,"[20, 25, 60, 80, 90, 110, 130, 150, 240, 250, 260, 305, 310, 340, 360]",0.00000000,"[0.00000000, 0.00000000, 0.00000000, 0.00000000]",0.20100000,0.45100000,20->11
4,4,8,4,16,"(4, 11, 17, 28)",2,412,probe_repair,"[10, 30, 35, 100, 115, 160, 175, 200, 210, 235, 265, 280, 315, 345, 350]",0.00000000,"[0.00000000, 0.00000000, 0.00000000, 0.00000000]",0.17300000,0.43753571,18->11
4,4,8,4,16,"(4, 11, 17, 28)",3,473,probe_repair,"[10, 25, 55, 60, 90, 105, 110, 120, 145, 150, 190, 200, 255, 310, 365]",0.00000000,"[0.00000000, 0.00000000, 0.00000000, 0.00000000]",0.17900000,0.44303571,22->11
4,4,8,4,16,"(4, 11, 17, 28)",4,481,probe_repair,"[5, 25, 60, 105, 110, 120, 140, 170, 195, 210, 250, 265, 275, 300, 310]",0.00000000,"[0.00000000, 0.00000000, 0.00000000, 0.00000000]",0.04200000,0.42992857,25->17
4,4,8,4,16,"(4, 11, 17, 28)",5,531,probe_repair,"[20, 40, 60, 100, 115, 155, 200, 205, 215, 220, 245, 280, 350, 355, 360]",0.00000000,"[0.00000000, 0.00000000, 0.00000000, 0.00000000]",0.04000000,0.43732143,7->17
4,4,8,4,16,"(4, 11, 17, 28)",6,526,probe_repair,"[20, 40, 60, 100, 115, 155, 200, 205, 215, 220, 245, 280, 350, 355, 360]",0.00000000,"[0.00000000, 0.00000000, 0.00000000, 0.00000000]",0.19300000,0.43389286,7->17
4,4,8,4,16,"(4, 11, 17, 28)",7,867,probe_repair,"[20, 70, 75, 100, 110, 120, 180, 215, 230, 240, 245, 260, 285, 330, 355]",0.00000000,"[0.00000000, 0.00000000, 0.00000000, 0.00000000]",0.13100000,0.43385714,25->4
4,4,8,4,16,"(4, 11, 17, 28)",8,580,probe_repair,"[45, 60, 80, 95, 115, 145, 155, 215, 235, 255, 310, 315, 320, 330, 350]",0.00000000,"[0.00000000, 0.00000000, 0.00000000, 0.00000000]",0.12700000,0.43110714,7->4
4,4,8,4,16,"(4, 11, 17, 28)",9,472,probe_repair,"[10, 25, 55, 60, 90, 105, 110, 120, 145, 150, 190, 200, 255, 310, 365]",0.00000000,"[0.00000000, 0.00000000, 0.00000000, 0.00000000]",0.12300000,0.44700000,21->28
4,4,8,4,16,"(4, 11, 17, 28)",10,91,probe_repair,"[30, 80, 85, 125, 155, 160, 185, 200, 220, 230, 260, 295, 325, 340, 350]",0.00000000,"[0.00000000, 0.00000000, 0.00000000, 0.00000000]",0.25100000,0.43442857,20->17
4,4,8,4,17,"(11, 16, 22, 26)",1,779,probe_repair,"[20, 30, 50, 85, 95, 100, 135, 180, 205, 225, 240, 315, 330, 345, 350]",0.00000000,"[0.00000000, 0.00000000, 0.00000000, 0.00000000]",0.00000000,0.44796429,25->11
4,4,8,4,17,"(11, 16, 22, 26)",2,1519,probe_repair,"[25, 50, 90, 95, 110, 125, 175, 220, 235, 255, 260, 265, 355, 360, 365]",0.00000000,"[0.00000000, 0.00000000, 0.00000000, 0.00000000]",0.18300000,0.43871429,17->22
4,4,8,4,17,"(11, 16, 22, 26)",3,834,probe_repair,"[10, 25, 55, 60, 95, 110, 155, 185, 255, 270, 275, 300, 320, 325, 330]",0.00000000,"[0.00000000, 0.00000000, 0.00000000, 0.00000000]",0.09800000,0.44639286,21->16
4,4,8,4,17,"(11, 16, 22, 26)",4,1362,probe_repair,"[20, 120, 135, 165, 190, 205, 220, 230, 235, 255, 290, 300, 320, 335, 345]",0.00000000,"[0.00000000, 0.00000000, 0.00000000, 0.00000000]",0.11900000,0.44546429,7->26
4,4,8,4,17,"(11, 16, 22, 26)",5,164,probe_repair,"[50, 75, 85, 90, 100, 115, 155, 165, 200, 240, 250, 265, 290, 310, 325]",0.00000000,"[0.00000000, 0.00000000, 0.00000000, 0.00000000]",0.07500000,0.43103571,9->26
4,4,8,4,17,"(11, 16, 22, 26)",6,773,probe_repair,"[20, 30, 50, 85, 95, 100, 135, 180, 205, 225, 240, 315, 330, 345, 350]",0.00000000,"[0.00000000, 0.00000000, 0.00000000, 0.00000000]",0.00000000,0.38796429,4->16
4,4,8,4,17,"(11, 16, 22, 26)",7,677,probe_repair,"[10, 40, 55, 60, 85, 140, 180, 220, 235, 270, 290, 295, 335, 340, 360]",0.00000000,"[0.00000000, 0.00000000, 0.00000000, 0.00000000]",0.00000000,0.38085714,4->16
4,4,8,4,17,"(11, 16, 22, 26)",8,308,probe_repair,"[5, 15, 20, 50, 90, 100, 105, 130, 140, 155, 180, 205, 275, 345, 365]",0.00000000,"[0.00000000, 0.00000000, 0.00000000, 0.00000000]",0.09300000,0.44650000,28->16
4,4,8,4,17,"(11, 16, 22, 26)",9,336,probe_repair,"[20, 25, 35, 45, 60, 110, 155, 160, 170, 180, 230, 245, 270, 280, 350]",0.00000000,"[0.00000000, 0.00000000, 0.00000000, 0.00000000]",0.23400000,0.44885714,25->11
4,4,8,4,17,"(11, 16, 22, 26)",10,888,probe_repair,"[5, 10, 65, 75, 95, 150, 155, 165, 170, 215, 225, 270, 280, 300, 350]",0.00000000,"[0.00000000, 0.00000000, 0.00000000, 0.00000000]",0.01400000,0.43810714,17->22
4,4,8,4,18,"(6, 7, 11, 15)",1,141,probe_repair,"[10, 25, 50, 105, 140, 145, 180, 210, 230, 240, 245, 250, 255, 320, 325]",0.00000000,"[0.00000000, 0.00000000, 0.00000000, 0.00000000]",0.00000000,0.39857143,4->15
4,4,8,4,18,"(6, 7, 11, 15)",2,981,probe_repair,"[45, 70, 85, 100, 120, 150, 170, 175, 180, 230, 240, 265, 305, 315, 360]",0.00000000,"[0.00000000, 0.00000000, 0.00000000, 0.00000000]",0.00000000,0.37378571,4->11
4,4,8,4,18,"(6, 7, 11, 15)",3,518,probe_repair,"[5, 20, 30, 50, 80, 85, 95, 175, 195, 200, 220, 270, 285, 315, 330]",0.00000000,"[0.00000000, 0.00000000, 0.00000000, 0.00000000]",0.30200000,0.45800000,17->15
4,4,8,4,18,"(6, 7, 11, 15)",4,245,probe_repair,"[10, 20, 45, 55, 70, 80, 110, 120, 150, 170, 210, 225, 235, 280, 295]",0.00000000,"[0.00000000, 0.00000000, 0.00000000, 0.00000000]",0.00000000,0.39696429,18->6
4,4,8,4,18,"(6, 7, 11, 15)",5,649,probe_repair,"[10, 80, 110, 130, 180, 215, 220, 225, 235, 240, 265, 285, 295, 320, 330]",0.00000000,"[0.00000000, 0.00000000, 0.00000000, 0.00000000]",0.23700000,0.43907143,16->6
4,4,8,4,18,"(6, 7, 11, 15)",6,646,probe_repair,"[10, 80, 110, 130, 180, 215, 220, 225, 235, 240, 265, 285, 295, 320, 330]",0.00000000,"[0.00000000, 0.00000000, 0.00000000, 0.00000000]",0.24900000,0.43871429,16->6
4,4,8,4,18,"(6, 7, 11, 15)",7,1222,probe_repair,"[45, 80, 105, 120, 130, 150, 170, 210, 235, 270, 275, 295, 300, 305, 330]",0.00000000,"[0.00000000, 0.00000000, 0.00000000, 0.00000000]",0.23100000,0.43817857,16->7
4,4,8,4,18,"(6, 7, 11, 15)",8,766,probe_repair,"[10, 15, 45, 50, 110, 130, 155, 175, 180, 230, 245, 250, 310, 315, 320]",0.00000000,"[0.00000000, 0.00000000, 0.00000000, 0.00000000]",0.22300000,0.43675000,22->6
4,4,8,4,18,"(6, 7, 11, 15)",9,44,probe_repair,"[5, 80, 100, 115, 135, 230, 235, 240, 255, 270, 275, 280, 290, 350, 365]",0.00000000,"[0.00000000, 0.00000000, 0.00000000, 0.00000000]",0.09300000,0.43307143,21->6
4,4,8,4,18,"(6, 7, 11, 15)",10,1223,probe_repair,"[45, 80, 105, 120, 130, 150, 170, 210, 235, 270, 275, 295, 300, 305, 330]",0.00000000,"[0.00000000, 0.00000000, 0.00000000, 0.00000000]",0.21000000,0.44139286,16->7
4,4,8,4,19,"(6, 9, 17, 26)",1,1581,probe_repair,"[65, 90, 115, 120, 175, 185, 195, 220, 255, 260, 325, 330, 335, 340, 365]",0.00000000,"[0.00000000, 0.00000000, 0.00000000, 0.00000000]",0.05700000,0.40328571,16->9
4,4,8,4,19,"(6, 9, 17, 26)",2,209,probe_repair,"[25, 50, 55, 110, 145, 155, 165, 205, 225, 265, 310, 335, 345, 350, 355]",0.00000000,"[0.00000000, 0.00000000, 0.00000000, 0.00000000]",0.12900000,0.44932143,18->9
4,4,8,4,19,"(6, 9, 17, 26)",3,690,probe_repair,"[10, 15, 35, 65, 70, 75, 115, 185, 195, 250, 255, 265, 295, 335, 360]",0.00000000,"[0.00000000, 0.00000000, 0.00000000, 0.00000000]",0.00800000,0.43167857,28->26
4,4,8,4,19,"(6, 9, 17, 26)",4,212,probe_repair,"[25, 50, 55, 110, 145, 155, 165, 205, 225, 265, 310, 335, 345, 350, 355]",0.00000000,"[0.00000000, 0.00000000, 0.00000000, 0.00000000]",0.09500000,0.44321429,18->9
4,4,8,4,19,"(6, 9, 17, 26)",5,866,probe_repair,"[90, 100, 115, 125, 135, 150, 185, 210, 220, 230, 285, 315, 325, 345, 365]",0.00000000,"[0.00000000, 0.00000000, 0.00000000, 0.00000000]",0.06400000,0.44503571,11->17
4,4,8,4,19,"(6, 9, 17, 26)",6,522,probe_repair,"[5, 10, 15, 25, 55, 65, 100, 105, 200, 215, 220, 250, 320, 335, 360]",0.00000000,"[0.00000000, 0.00000000, 0.00000000, 0.00000000]",0.12400000,0.43728571,25->9
4,4,8,4,19,"(6, 9, 17, 26)",7,1356,probe_repair,"[5, 15, 30, 140, 165, 170, 185, 190, 225, 235, 255, 275, 290, 330, 355]",0.00000000,"[0.00000000, 0.00000000, 0.00000000, 0.00000000]",0.15800000,0.43967857,11->9
4,4,8,4,19,"(6, 9, 17, 26)",8,211,probe_repair,"[25, 50, 55, 110, 145, 155, 165, 205, 225, 265, 310, 335, 345, 350, 355]",0.00000000,"[0.00000000, 0.00000000, 0.00000000, 0.00000000]",0.08300000,0.44357143,18->9
4,4,8,4,19,"(6, 9, 17, 26)",9,1586,probe_repair,"[65, 90, 115, 120, 175, 185, 195, 220, 255, 260, 325, 330, 335, 340, 365]",0.00000000,"[0.00000000, 0.00000000, 0.00000000, 0.00000000]",0.23600000,0.45853571,25->26
4,4,8,4,19,"(6, 9, 17, 26)",10,864,probe_repair,"[90, 100, 115, 125, 135, 150, 185, 210, 220, 230, 285, 315, 325, 345, 365]",0.00000000,"[0.00000000, 0.00000000, 0.00000000, 0.00000000]",0.02700000,0.44007143,11->17
4,4,8,4,20,"(9, 20, 22, 25)",1,263,probe_repair,"[10, 60, 70, 85, 145, 190, 195, 200, 205, 225, 250, 275, 285, 290, 310]",0.00000000,"[0.00000000, 0.00000000, 0.00000000, 0.00000000]",0.06200000,0.45128571,21->25
4,4,8,4,20,"(9, 20, 22, 25)",2,507,probe_repair,"[5, 15, 30, 70, 150, 155, 165, 200, 260, 275, 280, 285, 330, 340, 345]",0.00000000,"[0.00000000, 0.00000000, 0.00000000, 0.00000000]",0.04400000,0.44092857,24->25
4,4,8,4,20,"(9, 20, 22, 25)",3,887,probe_repair,"[15, 45, 50, 105, 110, 125, 155, 175, 190, 215, 295, 315, 330, 355, 365]",0.00000000,"[0.00000000, 0.00000000, 0.00000000, 0.00000000]",0.18300000,0.42810714,6->22
4,4,8,4,20,"(9, 20, 22, 25)",4,40,probe_repair,"[55, 75, 80, 105, 110, 115, 160, 185, 195, 240, 250, 255, 270, 340, 360]",0.00000000,"[0.00000000, 0.00000000, 0.00000000, 0.00000000]",0.13500000,0.45660714,21->9
4,4,8,4,20,"(9, 20, 22, 25)",5,1157,probe_repair,"[55, 65, 95, 120, 125, 175, 185, 190, 205, 220, 240, 245, 270, 290, 320]",0.00000000,"[0.00000000, 0.00000000, 0.00000000, 0.00000000]",0.00000000,0.37760714,24->25
4,4,8,4,20,"(9, 20, 22, 25)",6,511,probe_repair,"[25, 55, 80, 85, 95, 100, 110, 215, 220, 240, 255, 260, 270, 300, 345]",0.00000000,"[0.00000000, 0.00000000, 0.00000000, 0.00000000]",0.14500000,0.45217857,26->9
4,4,8,4,20,"(9, 20, 22, 25)",7,1018,probe_repair,"[55, 65, 80, 90, 100, 110, 115, 135, 180, 185, 200, 220, 260, 305, 335]",0.00000000,"[0.00000000, 0.00000000, 0.00000000, 0.00000000]",0.14100000,0.43157143,11->9
4,4,8,4,20,"(9, 20, 22, 25)",8,1163,probe_repair,"[55, 65, 95, 120, 125, 175, 185, 190, 205, 220, 240, 245, 270, 290, 320]",0.00000000,"[0.00000000, 0.00000000, 0.00000000, 0.00000000]",0.08400000,0.44550000,28->22
4,4,8,4,20,"(9, 20, 22, 25)",9,1378,probe_repair,"[20, 40, 80, 110, 140, 145, 160, 190, 195, 260, 275, 285, 315, 325, 340]",0.00000000,"[0.00000000, 0.00000000, 0.00000000, 0.00000000]",0.19600000,0.43532143,6->25
4,4,8,4,20,"(9, 20, 22, 25)",10,336,probe_repair,"[20, 25, 30, 40, 70, 80, 90, 105, 110, 120, 240, 280, 295, 350, 360]",0.00000000,"[0.00000000, 0.00000000, 0.00000000, 0.00000000]",0.15000000,0.43403571,26->20
4,4,8,4,21,"(2, 4, 6, 7)",1,657,probe_repair,"[5, 40, 85, 90, 115, 130, 140, 170, 220, 240, 260, 265, 295, 330, 350]",0.00000000,"[0.00000000, 0.00000000, 0.00000000, 0.00000000]",0.11600000,0.44664286,27->6
4,4,8,4,21,"(2, 4, 6, 7)",2,1050,probe_repair,"[60, 65, 75, 105, 130, 155, 165, 180, 210, 235, 260, 265, 300, 330, 345]",0.00000000,"[0.00000000, 0.00000000, 0.00000000, 0.00000000]",0.10700000,0.44703571,27->2
4,4,8,4,21,"(2, 4, 6, 7)",3,149,probe_repair,"[5, 30, 50, 65, 85, 145, 150, 195, 235, 245, 260, 265, 310, 315, 325]",0.00000000,"[0.00000000, 0.00000000, 0.00000000, 0.00000000]",0.04700000,0.39189286,17->6
4,4,8,4,21,"(2, 4, 6, 7)",4,920,probe_repair,"[10, 50, 60, 95, 150, 155, 185, 260, 265, 275, 290, 315, 345, 355, 360]",0.00000000,"[0.00000000, 0.00000000, 0.00000000, 0.00000000]",0.23400000,0.42850000,27->4
4,4,8,4,21,"(2, 4, 6, 7)",5,924,probe_repair,"[10, 50, 60, 95, 150, 155, 185, 260, 265, 275, 290, 315, 345, 355, 360]",0.00000000,"[0.00000000, 0.00000000, 0.00000000, 0.00000000]",0.15500000,0.42600000,26->6
4,4,8,4,21,"(2, 4, 6, 7)",6,922,probe_repair,"[10, 50, 60, 95, 150, 155, 185, 260, 265, 275, 290, 315, 345, 355, 360]",0.00000000,"[0.00000000, 0.00000000, 0.00000000, 0.00000000]",0.20000000,0.42971429,17->2
4,4,8,4,21,"(2, 4, 6, 7)",7,62,probe_repair,"[25, 70, 90, 100, 110, 115, 165, 195, 235, 290, 315, 330, 335, 350, 365]",0.00000000,"[0.00000000, 0.00000000, 0.00000000, 0.00000000]",0.13700000,0.43796429,20->6
4,4,8,4,21,"(2, 4, 6, 7)",8,991,probe_repair,"[30, 70, 80, 90, 115, 155, 160, 175, 180, 215, 230, 255, 280, 325, 335]",0.00000000,"[0.00000000, 0.00000000, 0.00000000, 0.00000000]",0.20300000,0.44650000,20->2
4,4,8,4,21,"(2, 4, 6, 7)",9,1254,probe_repair,"[5, 20, 75, 100, 115, 135, 160, 215, 260, 270, 280, 330, 335, 340, 365]",0.00000000,"[0.00000000, 0.00000000, 0.00000000, 0.00000000]",0.12400000,0.44317857,28->4
4,4,8,4,21,"(2, 4, 6, 7)",10,784,probe_repair,"[10, 15, 35, 50, 65, 95, 115, 140, 180, 195, 255, 260, 315, 320, 345]",0.00000000,"[0.00000000, 0.00000000, 0.00000000, 0.00000000]",0.09000000,0.43003571,21->6
4,4,8,4,22,"(11, 20, 22, 25)",1,699,probe_repair,"[50, 100, 105, 130, 145, 155, 160, 175, 200, 235, 275, 315, 335, 345, 365]",0.00000000,"[0.00000000, 0.00000000, 0.00000000, 0.00000000]",0.22300000,0.45096429,27->20
4,4,8,4,22,"(11, 20, 22, 25)",2,1038,probe_repair,"[45, 65, 150, 165, 175, 190, 195, 215, 245, 250, 270, 275, 295, 325, 345]",0.00000000,"[0.00000000, 0.00000000, 0.00000000, 0.00000000]",0.26200000,0.44303571,15->20
4,4,8,4,22,"(11, 20, 22, 25)",3,1042,probe_repair,"[45, 65, 150, 165, 175, 190, 195, 215, 245, 250, 270, 275, 295, 325, 345]",0.00000000,"[0.00000000, 0.00000000, 0.00000000, 0.00000000]",0.23100000,0.43689286,26->11
4,4,8,4,22,"(11, 20, 22, 25)",4,1032,probe_repair,"[10, 55, 65, 85, 110, 140, 160, 180, 210, 215, 220, 260, 275, 320, 360]",0.00000000,"[0.00000000, 0.00000000, 0.00000000, 0.00000000]",0.15000000,0.44432143,7->25
4,4,8,4,22,"(11, 20, 22, 25)",5,697,probe_repair,"[50, 100, 105, 130, 145, 155, 160, 175, 200, 235, 275, 315, 335, 345, 365]",0.00000000,"[0.00000000, 0.00000000, 0.00000000, 0.00000000]",0.25600000,0.45403571,15->20
4,4,8,4,22,"(11, 20, 22, 25)",6,1227,probe_repair,"[5, 10, 65, 95, 105, 130, 135, 190, 195, 230, 240, 255, 260, 315, 350]",0.00000000,"[0.00000000, 0.00000000, 0.00000000, 0.00000000]",0.23100000,0.45832143,26->22
4,4,8,4,22,"(11, 20, 22, 25)",7,419,probe_repair,"[20, 30, 35, 60, 95, 100, 115, 140, 150, 160, 225, 230, 245, 270, 340]",0.00000000,"[0.00000000, 0.00000000, 0.00000000, 0.00000000]",0.24100000,0.43564286,6->20
4,4,8,4,22,"(11, 20, 22, 25)",8,1367,probe_repair,"[45, 70, 90, 95, 100, 110, 140, 155, 170, 185, 190, 220, 270, 275, 335]",0.00000000,"[0.00000000, 0.00000000, 0.00000000, 0.00000000]",0.25000000,0.44975000,16->11
4,4,8,4,22,"(11, 20, 22, 25)",9,180,probe_repair,"[35, 55, 60, 75, 135, 165, 170, 220, 225, 270, 280, 295, 300, 310, 335]",0.00000000,"[0.00000000, 0.00000000, 0.00000000, 0.00000000]",0.18300000,0.44903571,17->22
4,4,8,4,22,"(11, 20, 22, 25)",10,268,probe_repair,"[25, 40, 85, 90, 105, 115, 140, 200, 205, 245, 265, 280, 285, 315, 365]",0.00000000,"[0.00000000, 0.00000000, 0.00000000, 0.00000000]",0.34400000,0.46175000,16->25
4,4,8,4,23,"(2, 11, 20, 27)",1,1610,probe_repair,"[20, 30, 70, 75, 100, 140, 155, 160, 175, 180, 200, 280, 295, 310, 330]",0.00000000,"[0.00000000, 0.00000000, 0.00000000, 0.00000000]",0.15100000,0.43517857,22->20
4,4,8,4,23,"(2, 11, 20, 27)",2,1575,probe_repair,"[5, 10, 35, 65, 85, 110, 130, 160, 175, 200, 235, 255, 260, 275, 335]",0.00000000,"[0.00000000, 0.00000000, 0.00000000, 0.00000000]",0.21600000,0.44675000,16->11
4,4,8,4,23,"(2, 11, 20, 27)",3,40,probe_repair,"[45, 60, 85, 100, 105, 125, 140, 165, 210, 215, 220, 260, 275, 315, 320]",0.00000000,"[0.00000000, 0.00000000, 0.00000000, 0.00000000]",0.15700000,0.44535714,26->2
4,4,8,4,23,"(2, 11, 20, 27)",4,130,probe_repair,"[5, 30, 45, 60, 80, 90, 140, 155, 175, 245, 295, 305, 315, 350, 365]",0.00000000,"[0.00000000, 0.00000000, 0.00000000, 0.00000000]",0.24400000,0.44342857,24->11
4,4,8,4,23,"(2, 11, 20, 27)",5,994,probe_repair,"[20, 35, 60, 85, 95, 110, 115, 140, 200, 215, 280, 295, 320, 350, 355]",0.00000000,"[0.00000000, 0.00000000, 0.00000000, 0.00000000]",0.23200000,0.43917857,28->20
4,4,8,4,23,"(2, 11, 20, 27)",6,44,probe_repair,"[45, 60, 85, 100, 105, 125, 140, 165, 210, 215, 220, 260, 275, 315, 320]",0.00000000,"[0.00000000, 0.00000000, 0.00000000, 0.00000000]",0.13300000,0.44228571,9->20
4,4,8,4,23,"(2, 11, 20, 27)",7,837,probe_repair,"[20, 30, 50, 85, 115, 210, 250, 265, 280, 285, 290, 325, 350, 355, 360]",0.00000000,"[0.00000000, 0.00000000, 0.00000000, 0.00000000]",0.00000000,0.38942857,21->2
4,4,8,4,23,"(2, 11, 20, 27)",8,1568,probe_repair,"[30, 45, 65, 150, 190, 200, 205, 220, 250, 255, 315, 325, 335, 345, 350]",0.00000000,"[0.00000000, 0.00000000, 0.00000000, 0.00000000]",0.20000000,0.44478571,6->11
4,4,8,4,23,"(2, 11, 20, 27)",9,206,probe_repair,"[5, 25, 35, 70, 75, 135, 180, 185, 235, 240, 245, 260, 280, 320, 330]",0.00000000,"[0.00000000, 0.00000000, 0.00000000, 0.00000000]",0.01100000,0.43560714,24->27
4,4,8,4,23,"(2, 11, 20, 27)",10,1514,probe_repair,"[10, 20, 45, 85, 105, 115, 205, 210, 215, 235, 250, 265, 285, 295, 315]",0.00000000,"[0.00000000, 0.00000000, 0.00000000, 0.00000000]",0.28400000,0.45400000,15->20
4,4,8,4,24,"(2, 11, 15, 25)",1,213,probe_repair,"[5, 35, 45, 105, 130, 160, 165, 180, 220, 230, 275, 280, 320, 325, 340]",0.00000000,"[0.00000000, 0.00000000, 0.00000000, 0.00000000]",0.00000000,0.38789286,9->15
4,4,8,4,24,"(2, 11, 15, 25)",2,443,probe_repair,"[20, 65, 70, 75, 105, 120, 135, 195, 215, 225, 235, 240, 255, 330, 340]",0.00000000,"[0.00000000, 0.00000000, 0.00000000, 0.00000000]",0.25300000,0.45228571,21->11
4,4,8,4,24,"(2, 11, 15, 25)",3,1268,probe_repair,"[10, 45, 50, 60, 110, 115, 135, 165, 190, 195, 235, 255, 260, 310, 350]",0.00000000,"[0.00000000, 0.00000000, 0.00000000, 0.00000000]",0.16000000,0.44010714,28->11
4,4,8,4,24,"(2, 11, 15, 25)",4,744,probe_repair,"[15, 35, 60, 70, 80, 110, 120, 130, 155, 160, 200, 225, 235, 245, 325]",0.00000000,"[0.00000000, 0.00000000, 0.00000000, 0.00000000]",0.13000000,0.44996429,9->25
4,4,8,4,24,"(2, 11, 15, 25)",5,1246,probe_repair,"[20, 60, 85, 105, 155, 170, 185, 205, 210, 230, 240, 245, 335, 340, 365]",0.00000000,"[0.00000000, 0.00000000, 0.00000000, 0.00000000]",0.12200000,0.44735714,9->2
4,4,8,4,24,"(2, 11, 15, 25)",6,1303,probe_repair,"[65, 85, 100, 115, 140, 160, 175, 210, 255, 285, 320, 335, 340, 360, 365]",0.00000000,"[0.00000000, 0.00000000, 0.00000000, 0.00000000]",0.16800000,0.45335714,17->2
4,4,8,4,24,"(2, 11, 15, 25)",7,1321,probe_repair,"[10, 20, 60, 65, 70, 80, 85, 125, 160, 190, 255, 290, 295, 320, 345]",0.00000000,"[0.00000000, 0.00000000, 0.00000000, 0.00000000]",0.09300000,0.44092857,9->25
4,4,8,4,24,"(2, 11, 15, 25)",8,518,probe_repair,"[35, 75, 120, 140, 175, 185, 200, 250, 255, 260, 265, 290, 310, 315, 330]",0.00000000,"[0.00000000, 0.00000000, 0.00000000, 0.00000000]",0.15300000,0.43732143,6->11
4,4,8,4,24,"(2, 11, 15, 25)",9,986,probe_repair,"[5, 25, 30, 60, 65, 80, 90, 95, 105, 190, 250, 270, 285, 310, 335]",0.00000000,"[0.00000000, 0.00000000, 0.00000000, 0.00000000]",0.18900000,0.44832143,16->2
4,4,8,4,24,"(2, 11, 15, 25)",10,748,probe_repair,"[15, 35, 60, 70, 80, 110, 120, 130, 155, 160, 200, 225, 235, 245, 325]",0.00000000,"[0.00000000, 0.00000000, 0.00000000, 0.00000000]",0.07000000,0.43950000,9->25
4,4,8,4,25,"(4, 9, 20, 25)",1,1115,probe_repair,"[10, 25, 30, 75, 155, 165, 225, 240, 260, 275, 285, 295, 315, 325, 335]",0.00000000,"[0.00000000, 0.00000000, 0.00000000, 0.00000000]",0.03700000,0.43925000,26->25
4,4,8,4,25,"(4, 9, 20, 25)",2,595,probe_repair,"[5, 10, 35, 40, 45, 55, 125, 135, 195, 215, 300, 315, 325, 345, 365]",0.00000000,"[0.00000000, 0.00000000, 0.00000000, 0.00000000]",0.10000000,0.43600000,18->20
4,4,8,4,25,"(4, 9, 20, 25)",3,224,probe_repair,"[5, 20, 30, 35, 60, 70, 80, 95, 105, 120, 185, 260, 265, 305, 320]",0.00000000,"[0.00000000, 0.00000000, 0.00000000, 0.00000000]",0.26300000,0.44864286,11->4
4,4,8,4,25,"(4, 9, 20, 25)",4,422,probe_repair,"[5, 55, 80, 100, 110, 175, 185, 200, 220, 225, 240, 260, 305, 335, 340]",0.00000000,"[0.00000000, 0.00000000, 0.00000000, 0.00000000]",0.23600000,0.44610714,24->4
4,4,8,4,25,"(4, 9, 20, 25)",5,425,probe_repair,"[5, 55, 80, 100, 110, 175, 185, 200, 220, 225, 240, 260, 305, 335, 340]",0.00000000,"[0.00000000, 0.00000000, 0.00000000, 0.00000000]",0.24800000,0.44382143,16->25
4,4,8,4,25,"(4, 9, 20, 25)",6,1109,probe_repair,"[10, 25, 30, 75, 155, 165, 225, 240, 260, 275, 285, 295, 315, 325, 335]",0.00000000,"[0.00000000, 0.00000000, 0.00000000, 0.00000000]",0.00000000,0.37900000,6->9
4,4,8,4,25,"(4, 9, 20, 25)",7,69,probe_repair,"[75, 85, 110, 130, 135, 140, 175, 185, 200, 220, 250, 255, 270, 310, 355]",0.00000000,"[0.00000000, 0.00000000, 0.00000000, 0.00000000]",0.00000000,0.39357143,24->4
4,4,8,4,25,"(4, 9, 20, 25)",8,215,probe_repair,"[20, 40, 45, 80, 135, 145, 150, 155, 180, 205, 215, 230, 280, 295, 335]",0.00000000,"[0.00000000, 0.00000000, 0.00000000, 0.00000000]",0.21100000,0.44464286,26->9
4,4,8,4,25,"(4, 9, 20, 25)",9,1362,probe_repair,"[15, 20, 60, 130, 155, 165, 180, 220, 235, 240, 285, 330, 335, 360, 365]",0.00000000,"[0.00000000, 0.00000000, 0.00000000, 0.00000000]",0.19300000,0.43610714,21->9
4,4,8,4,25,"(4, 9, 20, 25)",10,1205,probe_repair,"[10, 15, 30, 85, 110, 125, 130, 225, 230, 240, 250, 280, 305, 325, 355]",0.00000000,"[0.00000000, 0.00000000, 0.00000000, 0.00000000]",0.00000000,0.40300000,28->25
4,4,8,4,26,"(16, 17, 20, 24)",1,736,probe_repair,"[25, 30, 35, 90, 145, 170, 210, 215, 225, 235, 240, 245, 265, 325, 360]",0.00000000,"[0.00000000, 0.00000000, 0.00000000, 0.00000000]",0.17600000,0.43560714,9->16
4,4,8,4,26,"(16, 17, 20, 24)",2,1578,probe_repair,"[10, 15, 50, 110, 115, 145, 200, 230, 235, 260, 270, 280, 305, 340, 345]",0.00000000,"[0.00000000, 0.00000000, 0.00000000, 0.00000000]",0.03000000,0.43717857,26->16
4,4,8,4,26,"(16, 17, 20, 24)",3,369,probe_repair,"[25, 50, 75, 120, 125, 140, 145, 150, 155, 185, 245, 255, 270, 315, 340]",0.00000000,"[0.00000000, 0.00000000, 0.00000000, 0.00000000]",0.06300000,0.43464286,9->17
4,4,8,4,26,"(16, 17, 20, 24)",4,608,probe_repair,"[25, 35, 65, 90, 95, 105, 115, 125, 195, 210, 285, 305, 315, 350, 365]",0.00000000,"[0.00000000, 0.00000000, 0.00000000, 0.00000000]",0.16000000,0.44010714,7->20
4,4,8,4,26,"(16, 17, 20, 24)",5,163,probe_repair,"[25, 60, 65, 80, 90, 175, 185, 220, 255, 290, 300, 315, 320, 335, 360]",0.00000000,"[0.00000000, 0.00000000, 0.00000000, 0.00000000]",0.10900000,0.43696429,25->24
4,4,8,4,26,"(16, 17, 20, 24)",6,950,probe_repair,"[10, 25, 40, 100, 125, 130, 155, 160, 180, 255, 260, 265, 295, 315, 350]",0.00000000,"[0.00000000, 0.00000000, 0.00000000, 0.00000000]",0.01600000,0.42603571,25->20
4,4,8,4,26,"(16, 17, 20, 24)",7,300,probe_repair,"[20, 60, 75, 80, 105, 115, 125, 205, 225, 255, 260, 280, 295, 340, 355]",0.00000000,"[0.00000000, 0.00000000, 0.00000000, 0.00000000]",0.07600000,0.42350000,27->24
4,4,8,4,26,"(16, 17, 20, 24)",8,372,probe_repair,"[25, 50, 75, 120, 125, 140, 145, 150, 155, 185, 245, 255, 270, 315, 340]",0.00000000,"[0.00000000, 0.00000000, 0.00000000, 0.00000000]",0.06900000,0.45035714,9->17
4,4,8,4,26,"(16, 17, 20, 24)",9,367,probe_repair,"[25, 50, 75, 120, 125, 140, 145, 150, 155, 185, 245, 255, 270, 315, 340]",0.00000000,"[0.00000000, 0.00000000, 0.00000000, 0.00000000]",0.04200000,0.44082143,9->17
4,4,8,4,26,"(16, 17, 20, 24)",10,744,probe_repair,"[30, 45, 95, 105, 110, 120, 190, 205, 210, 245, 250, 280, 285, 310, 330]",0.00000000,"[0.00000000, 0.00000000, 0.00000000, 0.00000000]",0.16300000,0.43417857,9->17
4,4,8,4,27,"(1, 20, 25, 26)",1,569,probe_repair,"[50, 65, 75, 95, 105, 115, 120, 145, 150, 170, 185, 195, 235, 265, 345]",0.00000000,"[0.00000000, 0.00000000, 0.00000000, 0.00000000]",0.14100000,0.43676667,24->20
4,4,8,4,27,"(1, 20, 25, 26)",2,535,probe_repair,"[10, 15, 35, 40, 70, 100, 125, 170, 175, 240, 260, 275, 300, 350, 360]",0.00000000,"[0.00000000, 0.00000000, 0.00000000, 0.00000000]",0.23100000,0.44313333,15->20
4,4,8,4,27,"(1, 20, 25, 26)",3,547,probe_repair,"[5, 30, 40, 55, 110, 155, 165, 170, 175, 220, 245, 295, 300, 325, 330]",0.00000000,"[0.00000000, 0.00000000, 0.00000000, 0.00000000]",0.21700000,0.43276667,9->1
4,4,8,4,27,"(1, 20, 25, 26)",4,486,probe_repair,"[10, 30, 70, 100, 160, 185, 195, 205, 230, 250, 265, 305, 320, 325, 355]",0.00000000,"[0.00000000, 0.00000000, 0.00000000, 0.00000000]",0.15400000,0.42963333,7->1
4,4,8,4,27,"(1, 20, 25, 26)",5,398,probe_repair,"[5, 55, 80, 85, 100, 120, 190, 195, 200, 230, 255, 260, 295, 340, 345]",0.00000000,"[0.00000000, 0.00000000, 0.00000000, 0.00000000]",0.14300000,0.42296667,6->20
4,4,8,4,27,"(1, 20, 25, 26)",6,36,probe_repair,"[10, 15, 45, 80, 95, 110, 165, 195, 205, 225, 235, 290, 300, 310, 325]",0.00000000,"[0.00000000, 0.00000000, 0.00000000, 0.00000000]",0.18400000,0.44476667,27->20
4,4,8,4,27,"(1, 20, 25, 26)",7,30,probe_repair,"[10, 15, 45, 80, 95, 110, 165, 195, 205, 225, 235, 290, 300, 310, 325]",0.00000000,"[0.00000000, 0.00000000, 0.00000000, 0.00000000]",0.22500000,0.43750000,27->20
4,4,8,4,27,"(1, 20, 25, 26)",8,33,probe_repair,"[10, 15, 45, 80, 95, 110, 165, 195, 205, 225, 235, 290, 300, 310, 325]",0.00000000,"[0.00000000, 0.00000000, 0.00000000, 0.00000000]",0.25600000,0.44180000,27->20
4,4,8,4,27,"(1, 20, 25, 26)",9,504,probe_repair,"[25, 55, 60, 115, 125, 130, 145, 150, 170, 235, 255, 285, 305, 325, 355]",0.00000000,"[0.00000000, 0.00000000, 0.00000000, 0.00000000]",0.03200000,0.42800000,11->1
4,4,8,4,27,"(1, 20, 25, 26)",10,144,probe_repair,"[10, 25, 35, 40, 70, 125, 135, 175, 180, 190, 235, 275, 295, 345, 355]",0.00000000,"[0.00000000, 0.00000000, 0.00000000, 0.00000000]",0.15900000,0.44746667,27->20
4,4,8,4,28,"(7, 11, 25, 26)",1,142,probe_repair,"[25, 35, 50, 85, 110, 205, 220, 225, 235, 250, 255, 260, 290, 320, 335]",0.00000000,"[0.00000000, 0.00000000, 0.00000000, 0.00000000]",0.28400000,0.46153571,24->26
4,4,8,4,28,"(7, 11, 25, 26)",2,182,probe_repair,"[45, 65, 85, 105, 130, 140, 145, 150, 190, 195, 200, 235, 275, 335, 340]",0.00000000,"[0.00000000, 0.00000000, 0.00000000, 0.00000000]",0.24400000,0.45050000,20->11
4,4,8,4,28,"(7, 11, 25, 26)",3,164,probe_repair,"[10, 35, 55, 65, 95, 125, 130, 220, 250, 255, 275, 305, 350, 360, 365]",0.00000000,"[0.00000000, 0.00000000, 0.00000000, 0.00000000]",0.04400000,0.44235714,9->25
4,4,8,4,28,"(7, 11, 25, 26)",4,185,probe_repair,"[45, 65, 85, 105, 130, 140, 145, 150, 190, 195, 200, 235, 275, 335, 340]",0.00000000,"[0.00000000, 0.00000000, 0.00000000, 0.00000000]",0.24800000,0.44367857,21->26
4,4,8,4,28,"(7, 11, 25, 26)",5,366,probe_repair,"[10, 35, 45, 70, 90, 95, 120, 155, 195, 210, 235, 250, 305, 320, 330]",0.00000000,"[0.00000000, 0.00000000, 0.00000000, 0.00000000]",0.23600000,0.44700000,21->26
4,4,8,4,28,"(7, 11, 25, 26)",6,1000,probe_repair,"[20, 45, 50, 55, 110, 125, 170, 205, 230, 260, 290, 295, 315, 340, 365]",0.00000000,"[0.00000000, 0.00000000, 0.00000000, 0.00000000]",0.14900000,0.45350000,15->11
4,4,8,4,28,"(7, 11, 25, 26)",7,1469,probe_repair,"[10, 30, 40, 50, 105, 125, 190, 195, 200, 235, 240, 285, 295, 330, 365]",0.00000000,"[0.00000000, 0.00000000, 0.00000000, 0.00000000]",0.00000000,0.38482143,4->11
4,4,8,4,28,"(7, 11, 25, 26)",8,504,probe_repair,"[70, 140, 150, 165, 190, 215, 235, 255, 260, 270, 280, 295, 340, 345, 355]",0.00000000,"[0.00000000, 0.00000000, 0.00000000, 0.00000000]",0.03300000,0.43692857,16->26
4,4,8,4,28,"(7, 11, 25, 26)",9,1354,probe_repair,"[10, 40, 55, 60, 65, 110, 115, 135, 150, 180, 205, 255, 290, 300, 335]",0.00000000,"[0.00000000, 0.00000000, 0.00000000, 0.00000000]",0.23500000,0.44125000,18->26
4,4,8,4,28,"(7, 11, 25, 26)",10,1600,probe_repair,"[5, 35, 45, 85, 100, 125, 140, 190, 205, 220, 240, 245, 320, 330, 360]",0.00000000,"[0.00000000, 0.00000000, 0.00000000, 0.00000000]",0.17600000,0.45014286,16->7
4,4,8,4,29,"(1, 4, 6, 11)",1,209,probe_repair,"[5, 30, 65, 75, 100, 135, 140, 155, 180, 185, 225, 240, 280, 285, 325]",0.00000000,"[0.00000000, 0.00000000, 0.00000000, 0.00000000]",0.13700000,0.43648333,17->4
4,4,8,4,29,"(1, 4, 6, 11)",2,452,probe_repair,"[15, 25, 45, 55, 100, 115, 150, 190, 200, 225, 255, 265, 280, 320, 325]",0.00000000,"[0.00000000, 0.00000000, 0.00000000, 0.00000000]",0.17300000,0.44338333,7->6
4,4,8,4,29,"(1, 4, 6, 11)",3,446,probe_repair,"[15, 25, 45, 55, 100, 115, 150, 190, 200, 225, 255, 265, 280, 320, 325]",0.00000000,"[0.00000000, 0.00000000, 0.00000000, 0.00000000]",0.20600000,0.44355000,7->6
4,4,8,4,29,"(1, 4, 6, 11)",4,104,probe_repair,"[5, 60, 65, 90, 130, 150, 195, 205, 230, 235, 255, 290, 305, 330, 335]",0.00000000,"[0.00000000, 0.00000000, 0.00000000, 0.00000000]",0.29400000,0.44135000,28->11
4,4,8,4,29,"(1, 4, 6, 11)",5,466,probe_repair,"[35, 90, 140, 155, 160, 165, 195, 220, 240, 255, 275, 285, 305, 310, 350]",0.00000000,"[0.00000000, 0.00000000, 0.00000000, 0.00000000]",0.19800000,0.44091667,26->6
4,4,8,4,29,"(1, 4, 6, 11)",6,246,probe_repair,"[30, 85, 100, 105, 110, 135, 170, 225, 230, 235, 240, 265, 280, 295, 325]",0.00000000,"[0.00000000, 0.00000000, 0.00000000, 0.00000000]",0.15200000,0.43158333,21->1
4,4,8,4,29,"(1, 4, 6, 11)",7,462,probe_repair,"[35, 90, 140, 155, 160, 165, 195, 220, 240, 255, 275, 285, 305, 310, 350]",0.00000000,"[0.00000000, 0.00000000, 0.00000000, 0.00000000]",0.21500000,0.43901667,26->4
4,4,8,4,29,"(1, 4, 6, 11)",8,199,probe_repair,"[5, 15, 75, 80, 105, 110, 185, 190, 205, 245, 250, 285, 300, 340, 355]",0.00000000,"[0.00000000, 0.00000000, 0.00000000, 0.00000000]",0.23400000,0.45988333,24->6
4,4,8,4,29,"(1, 4, 6, 11)",9,463,probe_repair,"[35, 90, 140, 155, 160, 165, 195, 220, 240, 255, 275, 285, 305, 310, 350]",0.00000000,"[0.00000000, 0.00000000, 0.00000000, 0.00000000]",0.21700000,0.43475000,15->4
4,4,8,4,29,"(1, 4, 6, 11)",10,447,probe_repair,"[15, 25, 45, 55, 100, 115, 150, 190, 200, 225, 255, 265, 280, 320, 325]",0.00000000,"[0.00000000, 0.00000000, 0.00000000, 0.00000000]",0.20200000,0.44438333,9->4
4,4,8,4,30,"(1, 9, 17, 28)",1,182,probe_repair,"[25, 50, 65, 115, 130, 150, 165, 175, 185, 220, 235, 285, 305, 325, 335]",0.00000000,"[0.00000000, 0.00000000, 0.00000000, 0.00000000]",0.07900000,0.43606667,2->28
4,4,8,4,30,"(1, 9, 17, 28)",2,257,probe_repair,"[5, 30, 50, 70, 85, 105, 125, 150, 160, 185, 195, 220, 240, 245, 355]",0.00000000,"[0.00000000, 0.00000000, 0.00000000, 0.00000000]",0.06400000,0.44786667,4->9
4,4,8,4,30,"(1, 9, 17, 28)",3,260,probe_repair,"[5, 30, 50, 70, 85, 105, 125, 150, 160, 185, 195, 220, 240, 245, 355]",0.00000000,"[0.00000000, 0.00000000, 0.00000000, 0.00000000]",0.07600000,0.44576667,4->9
4,4,8,4,30,"(1, 9, 17, 28)",4,615,probe_repair,"[15, 35, 55, 60, 110, 115, 175, 190, 210, 225, 250, 275, 290, 305, 335]",0.00000000,"[0.00000000, 0.00000000, 0.00000000, 0.00000000]",0.15000000,0.43576667,11->9
4,4,8,4,30,"(1, 9, 17, 28)",5,97,probe_repair,"[5, 15, 50, 60, 105, 120, 130, 140, 185, 195, 225, 230, 265, 290, 300]",0.00000000,"[0.00000000, 0.00000000, 0.00000000, 0.00000000]",0.19300000,0.45233333,18->1
4,4,8,4,30,"(1, 9, 17, 28)",6,558,probe_repair,"[5, 30, 45, 95, 110, 115, 190, 260, 275, 285, 290, 310, 335, 355, 360]",0.00000000,"[0.00000000, 0.00000000, 0.00000000, 0.00000000]",0.20000000,0.44520000,18->28
4,4,8,4,30,"(1, 9, 17, 28)",7,191,probe_repair,"[5, 15, 30, 50, 90, 110, 135, 160, 200, 205, 225, 255, 300, 350, 355]",0.00000000,"[0.00000000, 0.00000000, 0.00000000, 0.00000000]",0.14800000,0.43930000,15->9
4,4,8,4,30,"(1, 9, 17, 28)",8,195,probe_repair,"[5, 15, 30, 50, 90, 110, 135, 160, 200, 205, 225, 255, 300, 350, 355]",0.00000000,"[0.00000000, 0.00000000, 0.00000000, 0.00000000]",0.22800000,0.44313333,15->9
4,4,8,4,30,"(1, 9, 17, 28)",9,96,probe_repair,"[5, 15, 50, 60, 105, 120, 130, 140, 185, 195, 225, 230, 265, 290, 300]",0.00000000,"[0.00000000, 0.00000000, 0.00000000, 0.00000000]",0.17700000,0.44116667,18->1
4,4,8,4,30,"(1, 9, 17, 28)",10,259,probe_repair,"[5, 30, 50, 70, 85, 105, 125, 150, 160, 185, 195, 220, 240, 245, 355]",0.00000000,"[0.00000000, 0.00000000, 0.00000000, 0.00000000]",0.08500000,0.45203333,4->9
4,4,8,4,31,"(9, 15, 21, 22)",1,847,probe_repair,"[5, 10, 40, 110, 135, 145, 150, 170, 235, 240, 250, 255, 275, 285, 335]",0.00000000,"[0.00000000, 0.00000000, 0.00000000, 0.00000000]",0.14500000,0.44439286,28->9
4,4,8,4,31,"(9, 15, 21, 22)",2,803,probe_repair,"[20, 50, 70, 80, 110, 120, 175, 200, 240, 245, 250, 285, 325, 340, 360]",0.00000000,"[0.00000000, 0.00000000, 0.00000000, 0.00000000]",0.20200000,0.44439286,28->15
4,4,8,4,31,"(9, 15, 21, 22)",3,38,probe_repair,"[20, 25, 40, 160, 170, 175, 180, 210, 215, 225, 230, 280, 320, 335, 365]",0.00000000,"[0.00000000, 0.00000000, 0.00000000, 0.00000000]",0.15400000,0.44517857,11->21
4,4,8,4,31,"(9, 15, 21, 22)",4,20,baseline,"[5, 30, 55, 80, 105, 130, 155, 180, 205, 230, 255, 280, 305, 330, 355]",0.00000000,"[0.00000000, 0.00000000, 0.00000000, 0.00000000]",0.24300000,0.44264286,4->22
4,4,8,4,31,"(9, 15, 21, 22)",5,582,probe_repair,"[25, 55, 155, 200, 210, 235, 240, 265, 270, 290, 300, 305, 315, 330, 345]",0.00000000,"[0.00000000, 0.00000000, 0.00000000, 0.00000000]",0.22400000,0.44582143,28->21
4,4,8,4,31,"(9, 15, 21, 22)",6,1047,probe_repair,"[30, 80, 115, 120, 155, 175, 180, 205, 245, 295, 305, 320, 325, 355, 365]",0.00000000,"[0.00000000, 0.00000000, 0.00000000, 0.00000000]",0.14400000,0.42589286,27->22
4,4,8,4,31,"(9, 15, 21, 22)",7,1565,probe_repair,"[5, 25, 85, 90, 115, 125, 130, 135, 165, 210, 215, 315, 325, 330, 365]",0.00000000,"[0.00000000, 0.00000000, 0.00000000, 0.00000000]",0.00000000,0.39075000,7->22
4,4,8,4,31,"(9, 15, 21, 22)",8,846,probe_repair,"[5, 10, 40, 110, 135, 145, 150, 170, 235, 240, 250, 255, 275, 285, 335]",0.00000000,"[0.00000000, 0.00000000, 0.00000000, 0.00000000]",0.18800000,0.44367857,28->9
4,4,8,4,31,"(9, 15, 21, 22)",9,1222,probe_repair,"[70, 80, 90, 100, 135, 140, 145, 195, 205, 255, 275, 285, 290, 340, 355]",0.00000000,"[0.00000000, 0.00000000, 0.00000000, 0.00000000]",0.29700000,0.44196429,18->21
4,4,8,4,31,"(9, 15, 21, 22)",10,851,probe_repair,"[5, 10, 40, 110, 135, 145, 150, 170, 235, 240, 250, 255, 275, 285, 335]",0.00000000,"[0.00000000, 0.00000000, 0.00000000, 0.00000000]",0.14400000,0.44310714,28->9
4,4,8,4,32,"(5, 9, 17, 20)",1,428,probe_repair,"[25, 30, 40, 105, 135, 185, 215, 225, 240, 245, 255, 305, 325, 335, 355]",0.00000000,"[0.00000000, 0.00000000, 0.00000000, 0.00000000]",0.28600000,0.44111667,28->17
4,4,8,4,32,"(5, 9, 17, 20)",2,50,probe_repair,"[10, 35, 105, 135, 145, 155, 205, 215, 220, 225, 235, 255, 305, 310, 330]",0.00000000,"[0.00000000, 0.00000000, 0.00000000, 0.00000000]",0.18800000,0.44221667,15->20
4,4,8,4,32,"(5, 9, 17, 20)",3,324,probe_repair,"[20, 40, 45, 60, 65, 125, 130, 175, 205, 270, 280, 290, 300, 325, 335]",0.00000000,"[0.00000000, 0.00000000, 0.00000000, 0.00000000]",0.30600000,0.45245000,16->5
4,4,8,4,32,"(5, 9, 17, 20)",4,520,probe_repair,"[5, 10, 35, 65, 75, 95, 125, 130, 145, 190, 245, 315, 335, 355, 360]",0.00000000,"[0.00000000, 0.00000000, 0.00000000, 0.00000000]",0.07400000,0.42335000,25->9
4,4,8,4,32,"(5, 9, 17, 20)",5,481,probe_repair,"[5, 85, 95, 105, 125, 135, 170, 175, 180, 230, 235, 265, 280, 340, 360]",0.00000000,"[0.00000000, 0.00000000, 0.00000000, 0.00000000]",0.11600000,0.45118333,21->5
4,4,8,4,32,"(5, 9, 17, 20)",6,174,probe_repair,"[10, 30, 50, 60, 65, 140, 150, 155, 160, 215, 225, 235, 255, 260, 310]",0.00000000,"[0.00000000, 0.00000000, 0.00000000, 0.00000000]",0.27000000,0.45125000,21->20
4,4,8,4,32,"(5, 9, 17, 20)",7,568,probe_repair,"[35, 40, 55, 60, 65, 85, 100, 165, 170, 215, 235, 275, 290, 315, 365]",0.00000000,"[0.00000000, 0.00000000, 0.00000000, 0.00000000]",0.08400000,0.43331667,27->5
4,4,8,4,32,"(5, 9, 17, 20)",8,567,probe_repair,"[35, 40, 55, 60, 65, 85, 100, 165, 170, 215, 235, 275, 290, 315, 365]",0.00000000,"[0.00000000, 0.00000000, 0.00000000, 0.00000000]",0.05200000,0.42881667,27->5
4,4,8,4,32,"(5, 9, 17, 20)",9,51,probe_repair,"[10, 35, 105, 135, 145, 155, 205, 215, 220, 225, 235, 255, 305, 310, 330]",0.00000000,"[0.00000000, 0.00000000, 0.00000000, 0.00000000]",0.16300000,0.43668333,21->5
4,4,8,4,32,"(5, 9, 17, 20)",10,333,probe_repair,"[30, 60, 75, 80, 115, 130, 140, 145, 175, 235, 265, 280, 290, 305, 330]",0.00000000,"[0.00000000, 0.00000000, 0.00000000, 0.00000000]",0.00000000,0.39518333,4->9
4,4,8,4,33,"(9, 18, 21, 25)",1,600,probe_repair,"[25, 45, 65, 160, 175, 180, 195, 210, 215, 240, 265, 275, 300, 355, 365]",0.00000000,"[0.00000000, 0.00000000, 0.00000000, 0.00000000]",0.06200000,0.41800000,16->18
4,4,8,4,33,"(9, 18, 21, 25)",2,122,probe_repair,"[20, 30, 50, 70, 100, 145, 150, 190, 235, 245, 270, 295, 300, 350, 355]",0.00000000,"[0.00000000, 0.00000000, 0.00000000, 0.00000000]",0.00000000,0.43446429,15->25
4,4,8,4,33,"(9, 18, 21, 25)",3,1019,probe_repair,"[15, 25, 35, 45, 65, 115, 175, 200, 235, 240, 265, 290, 325, 355, 365]",0.00000000,"[0.00000000, 0.00000000, 0.00000000, 0.00000000]",0.08000000,0.44025000,28->21
4,4,8,4,33,"(9, 18, 21, 25)",4,1364,probe_repair,"[25, 30, 50, 80, 120, 130, 140, 165, 205, 235, 250, 265, 285, 305, 310]",0.00000000,"[0.00000000, 0.00000000, 0.00000000, 0.00000000]",0.16200000,0.44200000,7->21
4,4,8,4,33,"(9, 18, 21, 25)",5,1149,probe_repair,"[45, 55, 75, 85, 120, 160, 170, 185, 215, 235, 275, 285, 310, 335, 345]",0.00000000,"[0.00000000, 0.00000000, 0.00000000, 0.00000000]",0.00000000,0.39792857,17->21
4,4,8,4,33,"(9, 18, 21, 25)",6,94,probe_repair,"[20, 35, 40, 70, 110, 115, 125, 130, 150, 160, 190, 225, 235, 275, 320]",0.00000000,"[0.00000000, 0.00000000, 0.00000000, 0.00000000]",0.12600000,0.44282143,22->25
4,4,8,4,33,"(9, 18, 21, 25)",7,341,probe_repair,"[15, 65, 75, 95, 115, 165, 180, 195, 205, 275, 305, 330, 335, 340, 355]",0.00000000,"[0.00000000, 0.00000000, 0.00000000, 0.00000000]",0.00000000,0.40557143,4->21
4,4,8,4,33,"(9, 18, 21, 25)",8,117,probe_repair,"[20, 30, 50, 70, 100, 145, 150, 190, 235, 245, 270, 295, 300, 350, 355]",0.00000000,"[0.00000000, 0.00000000, 0.00000000, 0.00000000]",0.00000000,0.39078571,15->25
4,4,8,4,33,"(9, 18, 21, 25)",9,1192,probe_repair,"[35, 50, 65, 70, 105, 200, 205, 235, 240, 255, 265, 305, 310, 330, 335]",0.00000000,"[0.00000000, 0.00000000, 0.00000000, 0.00000000]",0.03000000,0.43742857,22->25
4,4,8,4,33,"(9, 18, 21, 25)",10,1362,probe_repair,"[25, 30, 50, 80, 120, 130, 140, 165, 205, 235, 250, 265, 285, 305, 310]",0.00000000,"[0.00000000, 0.00000000, 0.00000000, 0.00000000]",0.20500000,0.43710714,7->21
4,4,8,4,34,"(16, 22, 25, 27)",1,1076,probe_repair,"[40, 85, 100, 170, 180, 200, 205, 280, 290, 300, 310, 315, 345, 360, 365]",0.00000000,"[0.00000000, 0.00000000, 0.00000000, 0.00000000]",0.04500000,0.44228571,28->22
4,4,8,4,34,"(16, 22, 25, 27)",2,207,probe_repair,"[25, 30, 65, 105, 115, 125, 145, 150, 190, 210, 230, 255, 310, 320, 345]",0.00000000,"[0.00000000, 0.00000000, 0.00000000, 0.00000000]",0.04000000,0.42421429,21->27
4,4,8,4,34,"(16, 22, 25, 27)",3,884,probe_repair,"[65, 80, 160, 165, 175, 180, 190, 205, 240, 270, 275, 285, 290, 300, 305]",0.00000000,"[0.00000000, 0.00000000, 0.00000000, 0.00000000]",0.30100000,0.45717857,6->27
4,4,8,4,34,"(16, 22, 25, 27)",4,129,probe_repair,"[5, 20, 65, 80, 160, 175, 185, 215, 265, 300, 310, 315, 320, 335, 365]",0.00000000,"[0.00000000, 0.00000000, 0.00000000, 0.00000000]",0.10000000,0.44075000,6->27
4,4,8,4,34,"(16, 22, 25, 27)",5,597,probe_repair,"[5, 35, 40, 50, 100, 125, 140, 165, 205, 225, 290, 300, 315, 320, 355]",0.00000000,"[0.00000000, 0.00000000, 0.00000000, 0.00000000]",0.00000000,0.38025000,4->27
4,4,8,4,34,"(16, 22, 25, 27)",6,883,probe_repair,"[65, 80, 160, 165, 175, 180, 190, 205, 240, 270, 275, 285, 290, 300, 305]",0.00000000,"[0.00000000, 0.00000000, 0.00000000, 0.00000000]",0.30100000,0.45532143,20->16
4,4,8,4,34,"(16, 22, 25, 27)",7,465,probe_repair,"[25, 75, 80, 85, 110, 160, 170, 185, 210, 230, 250, 270, 305, 340, 360]",0.00000000,"[0.00000000, 0.00000000, 0.00000000, 0.00000000]",0.19100000,0.44003571,21->16
4,4,8,4,34,"(16, 22, 25, 27)",8,566,probe_repair,"[15, 50, 60, 70, 90, 110, 115, 120, 200, 215, 240, 255, 290, 295, 345]",0.00000000,"[0.00000000, 0.00000000, 0.00000000, 0.00000000]",0.21600000,0.44350000,18->16
4,4,8,4,34,"(16, 22, 25, 27)",9,1042,probe_repair,"[15, 20, 90, 100, 120, 130, 205, 230, 240, 250, 285, 295, 310, 325, 345]",0.00000000,"[0.00000000, 0.00000000, 0.00000000, 0.00000000]",0.09800000,0.43632143,28->16
4,4,8,4,34,"(16, 22, 25, 27)",10,496,probe_repair,"[45, 50, 55, 70, 95, 100, 115, 130, 140, 170, 215, 240, 290, 305, 310]",0.00000000,"[0.00000000, 0.00000000, 0.00000000, 0.00000000]",0.11800000,0.42650000,17->27
4,4,8,4,35,"(2, 5, 11, 27)",1,259,probe_repair,"[15, 30, 35, 45, 60, 100, 110, 125, 160, 180, 200, 275, 340, 360, 365]",0.00000000,"[0.00000000, 0.00000000, 0.00000000, 0.00000000]",0.13600000,0.43161667,7->27
4,4,8,4,35,"(2, 5, 11, 27)",2,229,probe_repair,"[30, 45, 50, 75, 155, 180, 185, 210, 225, 240, 245, 275, 300, 325, 340]",0.00000000,"[0.00000000, 0.00000000, 0.00000000, 0.00000000]",0.00000000,0.39021667,6->27
4,4,8,4,35,"(2, 5, 11, 27)",3,356,probe_repair,"[60, 95, 120, 145, 150, 180, 205, 220, 235, 245, 255, 275, 340, 345, 355]",0.00000000,"[0.00000000, 0.00000000, 0.00000000, 0.00000000]",0.00000000,0.43235000,24->27
4,4,8,4,35,"(2, 5, 11, 27)",4,368,probe_repair,"[10, 35, 75, 140, 190, 205, 215, 220, 225, 230, 240, 245, 270, 330, 355]",0.00000000,"[0.00000000, 0.00000000, 0.00000000, 0.00000000]",0.20900000,0.43668333,26->5
4,4,8,4,35,"(2, 5, 11, 27)",5,257,probe_repair,"[15, 30, 35, 45, 60, 100, 110, 125, 160, 180, 200, 275, 340, 360, 365]",0.00000000,"[0.00000000, 0.00000000, 0.00000000, 0.00000000]",0.12400000,0.43671667,17->11
4,4,8,4,35,"(2, 5, 11, 27)",6,52,probe_repair,"[15, 25, 30, 60, 95, 130, 145, 190, 225, 250, 270, 275, 335, 360, 365]",0.00000000,"[0.00000000, 0.00000000, 0.00000000, 0.00000000]",0.16600000,0.42831667,24->27
4,4,8,4,35,"(2, 5, 11, 27)",7,374,probe_repair,"[10, 30, 40, 75, 115, 125, 180, 215, 240, 255, 265, 275, 305, 315, 345]",0.00000000,"[0.00000000, 0.00000000, 0.00000000, 0.00000000]",0.16800000,0.45271667,15->11
4,4,8,4,35,"(2, 5, 11, 27)",8,110,probe_repair,"[45, 55, 95, 105, 135, 170, 205, 215, 240, 260, 285, 305, 310, 340, 365]",0.00000000,"[0.00000000, 0.00000000, 0.00000000, 0.00000000]",0.08600000,0.43721667,18->27
4,4,8,4,35,"(2, 5, 11, 27)",9,369,probe_repair,"[10, 35, 75, 140, 190, 205, 215, 220, 225, 230, 240, 245, 270, 330, 355]",0.00000000,"[0.00000000, 0.00000000, 0.00000000, 0.00000000]",0.20800000,0.43931667,26->5
4,4,8,4,35,"(2, 5, 11, 27)",10,219,probe_repair,"[25, 55, 95, 145, 185, 200, 235, 240, 265, 270, 275, 290, 295, 325, 335]",0.00000000,"[0.00000000, 0.00000000, 0.00000000, 0.00000000]",0.23600000,0.43721667,26->11
4,4,8,4,36,"(4, 6, 20, 22)",1,1277,probe_repair,"[5, 20, 25, 30, 45, 80, 100, 105, 185, 230, 235, 245, 255, 315, 320]",0.00000000,"[0.00000000, 0.00000000, 0.00000000, 0.00000000]",0.00000000,0.39592857,15->20
4,4,8,4,36,"(4, 6, 20, 22)",2,558,probe_repair,"[10, 50, 60, 75, 110, 115, 120, 140, 200, 205, 240, 250, 305, 310, 350]",0.00000000,"[0.00000000, 0.00000000, 0.00000000, 0.00000000]",0.13800000,0.42985714,11->4
4,4,8,4,36,"(4, 6, 20, 22)",3,1484,probe_repair,"[20, 30, 75, 100, 135, 195, 215, 235, 265, 270, 275, 305, 325, 355, 365]",0.00000000,"[0.00000000, 0.00000000, 0.00000000, 0.00000000]",0.28000000,0.44221429,28->22
4,4,8,4,36,"(4, 6, 20, 22)",4,889,probe_repair,"[20, 30, 55, 60, 65, 105, 170, 190, 205, 220, 260, 290, 325, 340, 360]",0.00000000,"[0.00000000, 0.00000000, 0.00000000, 0.00000000]",0.12900000,0.44721429,24->22
4,4,8,4,36,"(4, 6, 20, 22)",5,816,probe_repair,"[20, 35, 55, 75, 80, 95, 100, 140, 175, 230, 235, 255, 325, 345, 350]",0.00000000,"[0.00000000, 0.00000000, 0.00000000, 0.00000000]",0.09700000,0.44428571,24->6
4,4,8,4,36,"(4, 6, 20, 22)",6,565,probe_repair,"[25, 35, 65, 105, 110, 135, 180, 185, 215, 240, 285, 300, 305, 325, 355]",0.00000000,"[0.00000000, 0.00000000, 0.00000000, 0.00000000]",0.00000000,0.39046429,28->6
4,4,8,4,36,"(4, 6, 20, 22)",7,700,probe_repair,"[30, 40, 100, 120, 135, 160, 175, 180, 250, 275, 290, 315, 340, 350, 365]",0.00000000,"[0.00000000, 0.00000000, 0.00000000, 0.00000000]",0.18400000,0.43885714,9->4
4,4,8,4,36,"(4, 6, 20, 22)",8,1105,probe_repair,"[10, 15, 30, 40, 55, 60, 100, 125, 145, 200, 240, 290, 305, 325, 365]",0.00000000,"[0.00000000, 0.00000000, 0.00000000, 0.00000000]",0.26600000,0.44557143,16->4
4,4,8,4,36,"(4, 6, 20, 22)",9,318,probe_repair,"[20, 25, 115, 120, 150, 175, 185, 195, 200, 230, 235, 240, 245, 290, 360]",0.00000000,"[0.00000000, 0.00000000, 0.00000000, 0.00000000]",0.15100000,0.43117857,21->6
4,4,8,4,36,"(4, 6, 20, 22)",10,1532,probe_repair,"[30, 60, 70, 75, 95, 105, 115, 125, 160, 170, 180, 275, 280, 335, 345]",0.00000000,"[0.00000000, 0.00000000, 0.00000000, 0.00000000]",0.17900000,0.43196429,25->20
4,4,8,4,37,"(6, 9, 22, 25)",1,907,probe_repair,"[5, 10, 75, 80, 105, 110, 135, 185, 190, 210, 220, 260, 295, 335, 345]",0.00000000,"[0.00000000, 0.00000000, 0.00000000, 0.00000000]",0.18400000,0.43532143,17->22
4,4,8,4,37,"(6, 9, 22, 25)",2,808,probe_repair,"[10, 20, 40, 70, 95, 120, 135, 155, 175, 185, 205, 225, 305, 315, 320]",0.00000000,"[0.00000000, 0.00000000, 0.00000000, 0.00000000]",0.04800000,0.43353571,16->22
4,4,8,4,37,"(6, 9, 22, 25)",3,200,probe_repair,"[25, 35, 40, 55, 60, 75, 190, 210, 215, 230, 250, 315, 335, 340, 355]",0.00000000,"[0.00000000, 0.00000000, 0.00000000, 0.00000000]",0.13900000,0.43946429,24->25
4,4,8,4,37,"(6, 9, 22, 25)",4,34,probe_repair,"[10, 25, 45, 55, 90, 100, 120, 170, 205, 260, 275, 295, 325, 340, 360]",0.00000000,"[0.00000000, 0.00000000, 0.00000000, 0.00000000]",0.29300000,0.45267857,24->25
4,4,8,4,37,"(6, 9, 22, 25)",5,1508,probe_repair,"[5, 30, 45, 135, 170, 195, 200, 220, 245, 260, 310, 315, 325, 345, 355]",0.00000000,"[0.00000000, 0.00000000, 0.00000000, 0.00000000]",0.09900000,0.43650000,15->9
4,4,8,4,37,"(6, 9, 22, 25)",6,509,probe_repair,"[5, 20, 30, 60, 120, 175, 185, 190, 195, 230, 265, 290, 310, 315, 330]",0.00000000,"[0.00000000, 0.00000000, 0.00000000, 0.00000000]",0.00000000,0.39400000,15->6
4,4,8,4,37,"(6, 9, 22, 25)",7,1309,probe_repair,"[5, 50, 65, 100, 160, 165, 205, 210, 215, 230, 245, 275, 285, 290, 355]",0.00000000,"[0.00000000, 0.00000000, 0.00000000, 0.00000000]",0.00000000,0.38178571,17->22
4,4,8,4,37,"(6, 9, 22, 25)",8,31,probe_repair,"[10, 25, 45, 55, 90, 100, 120, 170, 205, 260, 275, 295, 325, 340, 360]",0.00000000,"[0.00000000, 0.00000000, 0.00000000, 0.00000000]",0.31200000,0.45871429,17->22
4,4,8,4,37,"(6, 9, 22, 25)",9,67,probe_repair,"[5, 10, 35, 65, 100, 120, 175, 180, 190, 225, 265, 275, 285, 315, 365]",0.00000000,"[0.00000000, 0.00000000, 0.00000000, 0.00000000]",0.08500000,0.42596429,15->25
4,4,8,4,37,"(6, 9, 22, 25)",10,201,probe_repair,"[25, 35, 40, 55, 60, 75, 190, 210, 215, 230, 250, 315, 335, 340, 355]",0.00000000,"[0.00000000, 0.00000000, 0.00000000, 0.00000000]",0.17500000,0.44071429,11->25
4,4,8,4,38,"(2, 6, 15, 27)",1,592,probe_repair,"[70, 100, 105, 120, 155, 190, 200, 225, 235, 255, 260, 265, 280, 325, 355]",0.00000000,"[0.00000000, 0.00000000, 0.00000000, 0.00000000]",0.29800000,0.46039286,24->2
4,4,8,4,38,"(2, 6, 15, 27)",2,480,probe_repair,"[30, 50, 75, 85, 105, 135, 140, 160, 210, 220, 250, 285, 305, 310, 365]",0.00000000,"[0.00000000, 0.00000000, 0.00000000, 0.00000000]",0.26100000,0.44632143,24->2
4,4,8,4,38,"(2, 6, 15, 27)",3,979,probe_repair,"[10, 20, 30, 65, 160, 170, 180, 185, 190, 200, 230, 310, 330, 355, 360]",0.00000000,"[0.00000000, 0.00000000, 0.00000000, 0.00000000]",0.01400000,0.43971429,7->27
4,4,8,4,38,"(2, 6, 15, 27)",4,783,probe_repair,"[15, 25, 100, 150, 175, 180, 190, 205, 215, 235, 260, 295, 320, 330, 360]",0.00000000,"[0.00000000, 0.00000000, 0.00000000, 0.00000000]",0.18700000,0.44882143,20->27
4,4,8,4,38,"(2, 6, 15, 27)",5,238,probe_repair,"[20, 25, 65, 80, 95, 115, 135, 145, 150, 220, 230, 260, 340, 350, 365]",0.00000000,"[0.00000000, 0.00000000, 0.00000000, 0.00000000]",0.20500000,0.44292857,25->27
4,4,8,4,38,"(2, 6, 15, 27)",6,1579,probe_repair,"[5, 15, 30, 50, 60, 105, 115, 140, 185, 190, 240, 250, 265, 280, 285]",0.00000000,"[0.00000000, 0.00000000, 0.00000000, 0.00000000]",0.08400000,0.42717857,20->27
4,4,8,4,38,"(2, 6, 15, 27)",7,751,probe_repair,"[35, 55, 65, 70, 90, 110, 140, 150, 180, 210, 255, 260, 270, 275, 330]",0.00000000,"[0.00000000, 0.00000000, 0.00000000, 0.00000000]",0.07100000,0.43410714,21->15
4,4,8,4,38,"(2, 6, 15, 27)",8,1107,probe_repair,"[5, 45, 50, 55, 85, 105, 115, 165, 185, 190, 195, 275, 315, 330, 335]",0.00000000,"[0.00000000, 0.00000000, 0.00000000, 0.00000000]",0.24300000,0.45057143,28->2
4,4,8,4,38,"(2, 6, 15, 27)",9,382,probe_repair,"[30, 45, 95, 115, 165, 185, 195, 200, 205, 210, 250, 275, 280, 325, 355]",0.00000000,"[0.00000000, 0.00000000, 0.00000000, 0.00000000]",0.24000000,0.44575000,21->2
4,4,8,4,38,"(2, 6, 15, 27)",10,1529,probe_repair,"[25, 60, 105, 135, 140, 150, 230, 245, 250, 260, 290, 295, 305, 315, 335]",0.00000000,"[0.00000000, 0.00000000, 0.00000000, 0.00000000]",0.29700000,0.45517857,28->2
4,4,8,4,39,"(2, 9, 16, 26)",1,1611,probe_repair,"[40, 65, 95, 115, 145, 170, 205, 225, 240, 285, 320, 330, 335, 345, 365]",0.00000000,"[0.00000000, 0.00000000, 0.00000000, 0.00000000]",0.31200000,0.45517857,17->26
4,4,8,4,39,"(2, 9, 16, 26)",2,211,probe_repair,"[5, 15, 20, 35, 55, 115, 120, 140, 155, 170, 185, 210, 220, 225, 285]",0.00000000,"[0.00000000, 0.00000000, 0.00000000, 0.00000000]",0.19400000,0.43982143,22->16
4,4,8,4,39,"(2, 9, 16, 26)",3,1384,probe_repair,"[15, 30, 50, 90, 115, 140, 150, 165, 170, 210, 225, 240, 250, 320, 330]",0.00000000,"[0.00000000, 0.00000000, 0.00000000, 0.00000000]",0.15400000,0.43996429,27->9
4,4,8,4,39,"(2, 9, 16, 26)",4,465,probe_repair,"[10, 25, 30, 45, 120, 125, 145, 170, 180, 230, 275, 280, 315, 325, 355]",0.00000000,"[0.00000000, 0.00000000, 0.00000000, 0.00000000]",0.19800000,0.43200000,17->2
4,4,8,4,39,"(2, 9, 16, 26)",5,1418,probe_repair,"[40, 95, 110, 130, 135, 145, 155, 165, 180, 200, 245, 295, 315, 335, 350]",0.00000000,"[0.00000000, 0.00000000, 0.00000000, 0.00000000]",0.23000000,0.44317857,18->26
4,4,8,4,39,"(2, 9, 16, 26)",6,1512,probe_repair,"[5, 45, 110, 115, 155, 190, 195, 235, 250, 255, 265, 300, 305, 320, 365]",0.00000000,"[0.00000000, 0.00000000, 0.00000000, 0.00000000]",0.29000000,0.45757143,17->2
4,4,8,4,39,"(2, 9, 16, 26)",7,1420,probe_repair,"[40, 95, 110, 130, 135, 145, 155, 165, 180, 200, 245, 295, 315, 335, 350]",0.00000000,"[0.00000000, 0.00000000, 0.00000000, 0.00000000]",0.22000000,0.44567857,18->26
4,4,8,4,39,"(2, 9, 16, 26)",8,1386,probe_repair,"[15, 30, 50, 90, 115, 140, 150, 165, 170, 210, 225, 240, 250, 320, 330]",0.00000000,"[0.00000000, 0.00000000, 0.00000000, 0.00000000]",0.20700000,0.43907143,20->9
4,4,8,4,39,"(2, 9, 16, 26)",9,209,probe_repair,"[5, 15, 20, 35, 55, 115, 120, 140, 155, 170, 185, 210, 220, 225, 285]",0.00000000,"[0.00000000, 0.00000000, 0.00000000, 0.00000000]",0.19300000,0.43967857,11->16
4,4,8,4,39,"(2, 9, 16, 26)",10,1609,probe_repair,"[40, 65, 95, 115, 145, 170, 205, 225, 240, 285, 320, 330, 335, 345, 365]",0.00000000,"[0.00000000, 0.00000000, 0.00000000, 0.00000000]",0.27300000,0.45596429,15->16
4,4,8,4,40,"(7, 15, 18, 20)",1,1292,probe_repair,"[25, 35, 45, 50, 80, 125, 140, 175, 200, 260, 265, 325, 345, 355, 365]",0.00000000,"[0.00000000, 0.00000000, 0.00000000, 0.00000000]",0.27400000,0.45575000,16->7
4,4,8,4,40,"(7, 15, 18, 20)",2,1528,probe_repair,"[40, 70, 75, 145, 180, 205, 210, 240, 260, 285, 300, 320, 345, 350, 360]",0.00000000,"[0.00000000, 0.00000000, 0.00000000, 0.00000000]",0.13700000,0.44257143,6->7
4,4,8,4,40,"(7, 15, 18, 20)",3,317,probe_repair,"[50, 95, 120, 140, 145, 150, 155, 175, 195, 235, 260, 270, 285, 320, 350]",0.00000000,"[0.00000000, 0.00000000, 0.00000000, 0.00000000]",0.00000000,0.41407143,27->15
4,4,8,4,40,"(7, 15, 18, 20)",4,369,probe_repair,"[55, 70, 75, 110, 130, 145, 155, 160, 180, 220, 260, 295, 310, 315, 320]",0.00000000,"[0.00000000, 0.00000000, 0.00000000, 0.00000000]",0.27600000,0.44742857,27->15
4,4,8,4,40,"(7, 15, 18, 20)",5,600,probe_repair,"[5, 15, 35, 60, 100, 115, 120, 155, 160, 210, 215, 230, 295, 335, 360]",0.00000000,"[0.00000000, 0.00000000, 0.00000000, 0.00000000]",0.21800000,0.43992857,6->7
4,4,8,4,40,"(7, 15, 18, 20)",6,845,probe_repair,"[30, 60, 65, 75, 125, 155, 160, 200, 220, 225, 235, 245, 265, 290, 340]",0.00000000,"[0.00000000, 0.00000000, 0.00000000, 0.00000000]",0.00000000,0.37064286,11->20
4,4,8,4,40,"(7, 15, 18, 20)",7,1286,probe_repair,"[25, 35, 45, 50, 80, 125, 140, 175, 200, 260, 265, 325, 345, 355, 365]",0.00000000,"[0.00000000, 0.00000000, 0.00000000, 0.00000000]",0.28100000,0.45221429,16->7
4,4,8,4,40,"(7, 15, 18, 20)",8,1529,probe_repair,"[40, 70, 75, 145, 180, 205, 210, 240, 260, 285, 300, 320, 345, 350, 360]",0.00000000,"[0.00000000, 0.00000000, 0.00000000, 0.00000000]",0.17400000,0.44296429,6->7
4,4,8,4,40,"(7, 15, 18, 20)",9,971,probe_repair,"[30, 35, 85, 95, 100, 105, 110, 130, 155, 175, 220, 230, 315, 320, 355]",0.00000000,"[0.00000000, 0.00000000, 0.00000000, 0.00000000]",0.16800000,0.45021429,4->18
4,4,8,4,40,"(7, 15, 18, 20)",10,1184,probe_repair,"[30, 75, 80, 110, 115, 145, 205, 245, 250, 265, 280, 290, 305, 325, 365]",0.00000000,"[0.00000000, 0.00000000, 0.00000000, 0.00000000]",0.10300000,0.45457143,22->15
4,4,8,4,41,"(4, 7, 9, 18)",1,849,probe_repair,"[25, 60, 100, 150, 165, 185, 200, 210, 225, 235, 250, 295, 315, 345, 365]",0.00000000,"[0.00000000, 0.00000000, 0.00000000, 0.00000000]",0.12800000,0.43657143,28->7
4,4,8,4,41,"(4, 7, 9, 18)",2,566,probe_repair,"[5, 10, 15, 35, 60, 80, 100, 110, 155, 195, 255, 285, 310, 345, 360]",0.00000000,"[0.00000000, 0.00000000, 0.00000000, 0.00000000]",0.29600000,0.44914286,20->4
4,4,8,4,41,"(4, 7, 9, 18)",3,967,probe_repair,"[15, 60, 100, 130, 160, 220, 225, 260, 265, 280, 310, 325, 330, 355, 360]",0.00000000,"[0.00000000, 0.00000000, 0.00000000, 0.00000000]",0.32500000,0.45575000,15->9
4,4,8,4,41,"(4, 7, 9, 18)",4,968,probe_repair,"[15, 60, 100, 130, 160, 220, 225, 260, 265, 280, 310, 325, 330, 355, 360]",0.00000000,"[0.00000000, 0.00000000, 0.00000000, 0.00000000]",0.29900000,0.45442857,27->7
4,4,8,4,41,"(4, 7, 9, 18)",5,894,probe_repair,"[10, 25, 110, 115, 120, 135, 160, 185, 190, 225, 245, 270, 300, 325, 345]",0.00000000,"[0.00000000, 0.00000000, 0.00000000, 0.00000000]",0.15400000,0.44435714,27->4
4,4,8,4,41,"(4, 7, 9, 18)",6,1509,probe_repair,"[25, 60, 95, 120, 145, 165, 170, 200, 260, 265, 285, 320, 335, 340, 355]",0.00000000,"[0.00000000, 0.00000000, 0.00000000, 0.00000000]",0.05300000,0.38985714,26->4
4,4,8,4,41,"(4, 7, 9, 18)",7,567,probe_repair,"[5, 10, 15, 35, 60, 80, 100, 110, 155, 195, 255, 285, 310, 345, 360]",0.00000000,"[0.00000000, 0.00000000, 0.00000000, 0.00000000]",0.28600000,0.45107143,26->18
4,4,8,4,41,"(4, 7, 9, 18)",8,73,probe_repair,"[20, 65, 160, 180, 200, 215, 230, 250, 300, 310, 315, 335, 355, 360, 365]",0.00000000,"[0.00000000, 0.00000000, 0.00000000, 0.00000000]",0.17900000,0.43871429,27->7
4,4,8,4,41,"(4, 7, 9, 18)",9,972,probe_repair,"[15, 60, 100, 130, 160, 220, 225, 260, 265, 280, 310, 325, 330, 355, 360]",0.00000000,"[0.00000000, 0.00000000, 0.00000000, 0.00000000]",0.28100000,0.45239286,17->9
4,4,8,4,41,"(4, 7, 9, 18)",10,1115,probe_repair,"[5, 85, 90, 95, 125, 155, 160, 215, 225, 260, 275, 300, 330, 335, 340]",0.00000000,"[0.00000000, 0.00000000, 0.00000000, 0.00000000]",0.15700000,0.42803571,28->7
4,4,8,4,42,"(7, 9, 18, 26)",1,413,probe_repair,"[5, 15, 60, 75, 105, 120, 155, 165, 220, 240, 250, 280, 290, 325, 360]",0.00000000,"[0.00000000, 0.00000000, 0.00000000, 0.00000000]",0.00000000,0.38132143,20->26
4,4,8,4,42,"(7, 9, 18, 26)",2,1335,probe_repair,"[5, 10, 20, 30, 50, 65, 135, 150, 170, 180, 255, 265, 270, 305, 310]",0.00000000,"[0.00000000, 0.00000000, 0.00000000, 0.00000000]",0.03100000,0.43689286,25->7
4,4,8,4,42,"(7, 9, 18, 26)",3,132,probe_repair,"[10, 50, 65, 70, 110, 165, 170, 180, 210, 220, 250, 275, 295, 340, 360]",0.00000000,"[0.00000000, 0.00000000, 0.00000000, 0.00000000]",0.13500000,0.43796429,28->9
4,4,8,4,42,"(7, 9, 18, 26)",4,1527,probe_repair,"[10, 60, 95, 110, 115, 130, 170, 190, 215, 225, 230, 240, 245, 260, 305]",0.00000000,"[0.00000000, 0.00000000, 0.00000000, 0.00000000]",0.05000000,0.43125000,15->9
4,4,8,4,42,"(7, 9, 18, 26)",5,1150,probe_repair,"[5, 25, 35, 45, 50, 140, 150, 175, 205, 210, 220, 245, 285, 290, 355]",0.00000000,"[0.00000000, 0.00000000, 0.00000000, 0.00000000]",0.12400000,0.44178571,11->9
4,4,8,4,42,"(7, 9, 18, 26)",6,1100,probe_repair,"[50, 65, 75, 145, 150, 165, 170, 175, 200, 205, 230, 255, 340, 350, 365]",0.00000000,"[0.00000000, 0.00000000, 0.00000000, 0.00000000]",0.12000000,0.44007143,22->26
4,4,8,4,42,"(7, 9, 18, 26)",7,1587,probe_repair,"[25, 30, 50, 55, 90, 115, 130, 140, 150, 175, 225, 235, 275, 280, 350]",0.00000000,"[0.00000000, 0.00000000, 0.00000000, 0.00000000]",0.25100000,0.44567857,21->7
4,4,8,4,42,"(7, 9, 18, 26)",8,316,probe_repair,"[10, 25, 65, 115, 170, 185, 190, 225, 230, 245, 255, 260, 330, 340, 350]",0.00000000,"[0.00000000, 0.00000000, 0.00000000, 0.00000000]",0.06400000,0.43996429,15->26
4,4,8,4,42,"(7, 9, 18, 26)",9,749,probe_repair,"[15, 45, 65, 80, 85, 100, 110, 120, 135, 185, 195, 200, 250, 325, 345]",0.00000000,"[0.00000000, 0.00000000, 0.00000000, 0.00000000]",0.00000000,0.40128571,4->26
4,4,8,4,42,"(7, 9, 18, 26)",10,1051,probe_repair,"[40, 65, 110, 120, 125, 130, 200, 215, 225, 230, 245, 275, 300, 340, 360]",0.00000000,"[0.00000000, 0.00000000, 0.00000000, 0.00000000]",0.21700000,0.44482143,15->18
4,4,8,4,43,"(1, 2, 15, 27)",1,37,probe_repair,"[45, 50, 60, 85, 90, 125, 130, 145, 160, 200, 205, 280, 290, 300, 365]",0.00000000,"[0.00000000, 0.00000000, 0.00000000, 0.00000000]",0.00000000,0.42188333,7->2
4,4,8,4,43,"(1, 2, 15, 27)",2,514,probe_repair,"[10, 45, 60, 65, 80, 130, 135, 170, 235, 255, 275, 285, 295, 355, 360]",0.00000000,"[0.00000000, 0.00000000, 0.00000000, 0.00000000]",0.23800000,0.44681667,28->1
4,4,8,4,43,"(1, 2, 15, 27)",3,146,probe_repair,"[15, 55, 60, 100, 125, 140, 145, 170, 180, 185, 265, 310, 320, 345, 350]",0.00000000,"[0.00000000, 0.00000000, 0.00000000, 0.00000000]",0.29100000,0.44248333,25->2
4,4,8,4,43,"(1, 2, 15, 27)",4,143,probe_repair,"[15, 55, 60, 100, 125, 140, 145, 170, 180, 185, 265, 310, 320, 345, 350]",0.00000000,"[0.00000000, 0.00000000, 0.00000000, 0.00000000]",0.28700000,0.45035000,6->27
4,4,8,4,43,"(1, 2, 15, 27)",5,486,probe_repair,"[25, 45, 100, 125, 130, 135, 145, 180, 190, 230, 260, 295, 330, 345, 355]",0.00000000,"[0.00000000, 0.00000000, 0.00000000, 0.00000000]",0.15000000,0.44235000,18->27
4,4,8,4,43,"(1, 2, 15, 27)",6,239,probe_repair,"[15, 40, 70, 75, 80, 85, 105, 145, 150, 185, 200, 250, 265, 280, 360]",0.00000000,"[0.00000000, 0.00000000, 0.00000000, 0.00000000]",0.14900000,0.43871667,20->2
4,4,8,4,43,"(1, 2, 15, 27)",7,386,probe_repair,"[10, 30, 70, 145, 160, 170, 240, 250, 255, 280, 285, 290, 305, 310, 330]",0.00000000,"[0.00000000, 0.00000000, 0.00000000, 0.00000000]",0.16400000,0.43411667,7->2
4,4,8,4,43,"(1, 2, 15, 27)",8,403,probe_repair,"[25, 35, 70, 80, 85, 140, 175, 195, 230, 275, 285, 310, 340, 345, 350]",0.00000000,"[0.00000000, 0.00000000, 0.00000000, 0.00000000]",0.13700000,0.43825000,20->2
4,4,8,4,43,"(1, 2, 15, 27)",9,410,probe_repair,"[25, 80, 130, 145, 170, 190, 250, 255, 260, 280, 300, 325, 335, 360, 365]",0.00000000,"[0.00000000, 0.00000000, 0.00000000, 0.00000000]",0.21400000,0.45108333,24->1
4,4,8,4,43,"(1, 2, 15, 27)",10,145,probe_repair,"[15, 55, 60, 100, 125, 140, 145, 170, 180, 185, 265, 310, 320, 345, 350]",0.00000000,"[0.00000000, 0.00000000, 0.00000000, 0.00000000]",0.31100000,0.44338333,6->27
4,4,8,4,44,"(9, 22, 24, 25)",1,891,probe_repair,"[25, 30, 55, 90, 95, 100, 105, 120, 125, 215, 225, 260, 315, 355, 365]",0.00000000,"[0.00000000, 0.00000000, 0.00000000, 0.00000000]",0.24000000,0.44467857,16->22
4,4,8,4,44,"(9, 22, 24, 25)",2,888,probe_repair,"[25, 30, 55, 90, 95, 100, 105, 120, 125, 215, 225, 260, 315, 355, 365]",0.00000000,"[0.00000000, 0.00000000, 0.00000000, 0.00000000]",0.20300000,0.44896429,16->22
4,4,8,4,44,"(9, 22, 24, 25)",3,1255,probe_repair,"[15, 30, 95, 140, 145, 150, 165, 185, 205, 225, 250, 300, 305, 320, 350]",0.00000000,"[0.00000000, 0.00000000, 0.00000000, 0.00000000]",0.04400000,0.43557143,28->25
4,4,8,4,44,"(9, 22, 24, 25)",4,534,probe_repair,"[25, 50, 60, 65, 80, 110, 155, 170, 195, 240, 275, 285, 300, 320, 325]",0.00000000,"[0.00000000, 0.00000000, 0.00000000, 0.00000000]",0.25900000,0.44410714,27->25
4,4,8,4,44,"(9, 22, 24, 25)",5,1172,probe_repair,"[5, 25, 30, 40, 90, 135, 180, 210, 270, 285, 325, 330, 335, 360, 365]",0.00000000,"[0.00000000, 0.00000000, 0.00000000, 0.00000000]",0.17100000,0.45396429,16->24
4,4,8,4,44,"(9, 22, 24, 25)",6,310,probe_repair,"[15, 25, 45, 65, 105, 130, 145, 165, 170, 180, 240, 300, 335, 345, 365]",0.00000000,"[0.00000000, 0.00000000, 0.00000000, 0.00000000]",0.04000000,0.44146429,20->24
4,4,8,4,44,"(9, 22, 24, 25)",7,424,probe_repair,"[10, 65, 85, 130, 140, 150, 175, 180, 195, 210, 230, 290, 300, 345, 355]",0.00000000,"[0.00000000, 0.00000000, 0.00000000, 0.00000000]",0.20400000,0.44171429,28->22
4,4,8,4,44,"(9, 22, 24, 25)",8,1065,probe_repair,"[35, 45, 55, 80, 85, 95, 110, 130, 165, 195, 215, 260, 280, 295, 335]",0.00000000,"[0.00000000, 0.00000000, 0.00000000, 0.00000000]",0.22600000,0.44285714,4->25
4,4,8,4,44,"(9, 22, 24, 25)",9,771,probe_repair,"[5, 25, 40, 45, 145, 160, 180, 190, 195, 220, 250, 280, 300, 360, 365]",0.00000000,"[0.00000000, 0.00000000, 0.00000000, 0.00000000]",0.21400000,0.44553571,7->25
4,4,8,4,44,"(9, 22, 24, 25)",10,147,probe_repair,"[45, 50, 55, 75, 100, 105, 195, 200, 255, 280, 290, 295, 310, 345, 365]",0.00000000,"[0.00000000, 0.00000000, 0.00000000, 0.00000000]",0.19200000,0.43257143,28->24
4,4,8,4,45,"(5, 7, 16, 25)",1,65,probe_repair,"[30, 65, 85, 90, 120, 125, 130, 140, 150, 160, 235, 270, 300, 330, 365]",0.00000000,"[0.00000000, 0.00000000, 0.00000000, 0.00000000]",0.23600000,0.45456667,24->7
4,4,8,4,45,"(5, 7, 16, 25)",2,62,probe_repair,"[30, 65, 85, 90, 120, 125, 130, 140, 150, 160, 235, 270, 300, 330, 365]",0.00000000,"[0.00000000, 0.00000000, 0.00000000, 0.00000000]",0.10200000,0.45020000,24->7
4,4,8,4,45,"(5, 7, 16, 25)",3,11,baseline,"[5, 30, 55, 80, 105, 130, 155, 180, 205, 230, 255, 280, 305, 330, 355]",0.00000000,"[0.00000000, 0.00000000, 0.00000000, 0.00000000]",0.04500000,0.43313333,15->5
4,4,8,4,45,"(5, 7, 16, 25)",4,80,probe_repair,"[55, 65, 80, 85, 105, 115, 140, 170, 175, 215, 225, 240, 315, 355, 365]",0.00000000,"[0.00000000, 0.00000000, 0.00000000, 0.00000000]",0.21300000,0.45576667,22->16
4,4,8,4,45,"(5, 7, 16, 25)",5,176,probe_repair,"[10, 35, 45, 50, 115, 140, 155, 175, 185, 220, 250, 265, 330, 345, 365]",0.00000000,"[0.00000000, 0.00000000, 0.00000000, 0.00000000]",0.21800000,0.44286667,22->25
4,4,8,4,45,"(5, 7, 16, 25)",6,68,probe_repair,"[30, 65, 85, 90, 120, 125, 130, 140, 150, 160, 235, 270, 300, 330, 365]",0.00000000,"[0.00000000, 0.00000000, 0.00000000, 0.00000000]",0.19000000,0.44576667,15->7
4,4,8,4,45,"(5, 7, 16, 25)",7,576,probe_repair,"[20, 50, 80, 90, 105, 110, 130, 145, 190, 210, 215, 225, 250, 260, 330]",0.00000000,"[0.00000000, 0.00000000, 0.00000000, 0.00000000]",0.07600000,0.43940000,18->7
4,4,8,4,45,"(5, 7, 16, 25)",8,95,probe_repair,"[10, 15, 50, 60, 105, 120, 125, 140, 190, 255, 285, 290, 310, 325, 360]",0.00000000,"[0.00000000, 0.00000000, 0.00000000, 0.00000000]",0.07400000,0.43326667,6->7
4,4,8,4,45,"(5, 7, 16, 25)",9,246,probe_repair,"[20, 45, 85, 95, 170, 200, 225, 245, 250, 270, 295, 305, 340, 345, 355]",0.00000000,"[0.00000000, 0.00000000, 0.00000000, 0.00000000]",0.20200000,0.43576667,15->7
4,4,8,4,45,"(5, 7, 16, 25)",10,63,probe_repair,"[30, 65, 85, 90, 120, 125, 130, 140, 150, 160, 235, 270, 300, 330, 365]",0.00000000,"[0.00000000, 0.00000000, 0.00000000, 0.00000000]",0.16400000,0.45116667,24->7
4,4,8,4,46,"(4, 7, 16, 21)",1,135,probe_repair,"[25, 35, 40, 50, 55, 60, 95, 140, 150, 160, 175, 225, 260, 315, 345]",0.00000000,"[0.00000000, 0.00000000, 0.00000000, 0.00000000]",0.13300000,0.43757143,6->16
4,4,8,4,46,"(4, 7, 16, 21)",2,1195,probe_repair,"[60, 75, 105, 110, 115, 180, 230, 235, 255, 265, 300, 330, 340, 355, 360]",0.00000000,"[0.00000000, 0.00000000, 0.00000000, 0.00000000]",0.18100000,0.44185714,11->21
4,4,8,4,46,"(4, 7, 16, 21)",3,1530,probe_repair,"[5, 30, 35, 50, 80, 110, 135, 165, 190, 260, 290, 295, 300, 310, 365]",0.00000000,"[0.00000000, 0.00000000, 0.00000000, 0.00000000]",0.19700000,0.44939286,26->4
4,4,8,4,46,"(4, 7, 16, 21)",4,779,probe_repair,"[15, 80, 85, 110, 130, 140, 180, 220, 230, 235, 250, 275, 285, 290, 330]",0.00000000,"[0.00000000, 0.00000000, 0.00000000, 0.00000000]",0.22300000,0.44389286,15->7
4,4,8,4,46,"(4, 7, 16, 21)",5,1363,probe_repair,"[25, 95, 125, 135, 140, 165, 180, 200, 205, 285, 290, 310, 315, 335, 340]",0.00000000,"[0.00000000, 0.00000000, 0.00000000, 0.00000000]",0.20300000,0.43710714,18->4
4,4,8,4,46,"(4, 7, 16, 21)",6,967,probe_repair,"[50, 55, 95, 145, 170, 175, 185, 190, 215, 225, 245, 320, 335, 345, 365]",0.00000000,"[0.00000000, 0.00000000, 0.00000000, 0.00000000]",0.03800000,0.44103571,18->7
4,4,8,4,46,"(4, 7, 16, 21)",7,1527,probe_repair,"[5, 30, 35, 50, 80, 110, 135, 165, 190, 260, 290, 295, 300, 310, 365]",0.00000000,"[0.00000000, 0.00000000, 0.00000000, 0.00000000]",0.18600000,0.45510714,26->4
4,4,8,4,46,"(4, 7, 16, 21)",8,864,probe_repair,"[15, 20, 55, 80, 90, 125, 155, 165, 170, 230, 240, 270, 315, 330, 335]",0.00000000,"[0.00000000, 0.00000000, 0.00000000, 0.00000000]",0.16100000,0.44507143,17->21
4,4,8,4,46,"(4, 7, 16, 21)",9,747,probe_repair,"[70, 95, 100, 135, 145, 165, 170, 220, 230, 235, 260, 280, 315, 320, 330]",0.00000000,"[0.00000000, 0.00000000, 0.00000000, 0.00000000]",0.15900000,0.44632143,15->4
4,4,8,4,46,"(4, 7, 16, 21)",10,865,probe_repair,"[15, 20, 55, 80, 90, 125, 155, 165, 170, 230, 240, 270, 315, 330, 335]",0.00000000,"[0.00000000, 0.00000000, 0.00000000, 0.00000000]",0.13600000,0.44564286,17->21
4,4,8,4,47,"(1, 11, 22, 27)",1,273,probe_repair,"[45, 55, 65, 110, 125, 130, 135, 175, 180, 195, 245, 280, 305, 350, 365]",0.00000000,"[0.00000000, 0.00000000, 0.00000000, 0.00000000]",0.17800000,0.44263333,6->1
4,4,8,4,47,"(1, 11, 22, 27)",2,75,probe_repair,"[40, 70, 90, 100, 145, 180, 245, 255, 260, 275, 285, 320, 325, 330, 335]",0.00000000,"[0.00000000, 0.00000000, 0.00000000, 0.00000000]",0.17400000,0.43823333,9->22
4,4,8,4,47,"(1, 11, 22, 27)",3,447,probe_repair,"[25, 35, 40, 45, 120, 140, 170, 180, 205, 220, 240, 250, 305, 335, 355]",0.00000000,"[0.00000000, 0.00000000, 0.00000000, 0.00000000]",0.21800000,0.44670000,24->22
4,4,8,4,47,"(1, 11, 22, 27)",4,465,probe_repair,"[25, 30, 35, 55, 75, 110, 145, 160, 205, 260, 285, 305, 320, 355, 365]",0.00000000,"[0.00000000, 0.00000000, 0.00000000, 0.00000000]",0.17500000,0.44976667,26->27
4,4,8,4,47,"(1, 11, 22, 27)",5,409,probe_repair,"[30, 60, 65, 85, 115, 120, 140, 185, 190, 220, 245, 250, 275, 280, 350]",0.00000000,"[0.00000000, 0.00000000, 0.00000000, 0.00000000]",0.17300000,0.43766667,6->22
4,4,8,4,47,"(1, 11, 22, 27)",6,46,probe_repair,"[50, 55, 75, 90, 95, 110, 145, 155, 160, 165, 320, 345, 350, 360, 365]",0.00000000,"[0.00000000, 0.00000000, 0.00000000, 0.00000000]",0.01700000,0.43716667,24->22
4,4,8,4,47,"(1, 11, 22, 27)",7,636,probe_repair,"[10, 50, 85, 90, 100, 120, 140, 150, 200, 220, 230, 295, 305, 325, 345]",0.00000000,"[0.00000000, 0.00000000, 0.00000000, 0.00000000]",0.04800000,0.43463333,18->11
4,4,8,4,47,"(1, 11, 22, 27)",8,578,probe_repair,"[35, 55, 65, 90, 95, 100, 105, 120, 230, 255, 285, 340, 345, 350, 360]",0.00000000,"[0.00000000, 0.00000000, 0.00000000, 0.00000000]",0.22000000,0.44046667,9->1
4,4,8,4,47,"(1, 11, 22, 27)",9,92,probe_repair,"[55, 60, 90, 105, 160, 165, 200, 205, 220, 230, 235, 245, 250, 275, 330]",0.00000000,"[0.00000000, 0.00000000, 0.00000000, 0.00000000]",0.26100000,0.44626667,20->1
4,4,8,4,47,"(1, 11, 22, 27)",10,463,probe_repair,"[25, 30, 35, 55, 75, 110, 145, 160, 205, 260, 285, 305, 320, 355, 365]",0.00000000,"[0.00000000, 0.00000000, 0.00000000, 0.00000000]",0.18500000,0.44586667,26->27
4,4,8,4,48,"(1, 16, 20, 24)",1,427,probe_repair,"[25, 65, 80, 110, 125, 165, 195, 220, 250, 285, 310, 320, 330, 340, 355]",0.00000000,"[0.00000000, 0.00000000, 0.00000000, 0.00000000]",0.14800000,0.43851667,27->20
4,4,8,4,48,"(1, 16, 20, 24)",2,189,probe_repair,"[5, 45, 60, 80, 130, 135, 140, 145, 180, 220, 225, 230, 325, 345, 365]",0.00000000,"[0.00000000, 0.00000000, 0.00000000, 0.00000000]",0.00000000,0.37765000,4->20
4,4,8,4,48,"(1, 16, 20, 24)",3,632,probe_repair,"[25, 40, 55, 85, 115, 130, 195, 205, 225, 235, 260, 290, 305, 310, 350]",0.00000000,"[0.00000000, 0.00000000, 0.00000000, 0.00000000]",0.19900000,0.44675000,9->16
4,4,8,4,48,"(1, 16, 20, 24)",4,428,probe_repair,"[25, 65, 80, 110, 125, 165, 195, 220, 250, 285, 310, 320, 330, 340, 355]",0.00000000,"[0.00000000, 0.00000000, 0.00000000, 0.00000000]",0.14300000,0.43951667,27->20
4,4,8,4,48,"(1, 16, 20, 24)",5,164,probe_repair,"[55, 75, 100, 115, 130, 165, 180, 205, 210, 225, 230, 285, 310, 320, 345]",0.00000000,"[0.00000000, 0.00000000, 0.00000000, 0.00000000]",0.13800000,0.43905000,9->24
4,4,8,4,48,"(1, 16, 20, 24)",6,426,probe_repair,"[25, 65, 80, 110, 125, 165, 195, 220, 250, 285, 310, 320, 330, 340, 355]",0.00000000,"[0.00000000, 0.00000000, 0.00000000, 0.00000000]",0.25100000,0.44918333,27->20
4,4,8,4,48,"(1, 16, 20, 24)",7,351,probe_repair,"[50, 90, 110, 145, 170, 175, 220, 240, 255, 290, 295, 300, 310, 320, 365]",0.00000000,"[0.00000000, 0.00000000, 0.00000000, 0.00000000]",0.23600000,0.44241667,18->16
4,4,8,4,48,"(1, 16, 20, 24)",8,642,probe_repair,"[45, 100, 130, 170, 175, 185, 200, 205, 235, 255, 320, 330, 335, 340, 365]",0.00000000,"[0.00000000, 0.00000000, 0.00000000, 0.00000000]",0.21100000,0.43861667,4->24
4,4,8,4,48,"(1, 16, 20, 24)",9,27,probe_repair,"[15, 25, 40, 45, 50, 220, 230, 245, 275, 280, 290, 325, 335, 340, 350]",0.00000000,"[0.00000000, 0.00000000, 0.00000000, 0.00000000]",0.22900000,0.43288333,15->24
4,4,8,4,48,"(1, 16, 20, 24)",10,425,probe_repair,"[25, 65, 80, 110, 125, 165, 195, 220, 250, 285, 310, 320, 330, 340, 355]",0.00000000,"[0.00000000, 0.00000000, 0.00000000, 0.00000000]",0.20700000,0.44341667,27->20
4,4,8,4,49,"(2, 22, 24, 27)",1,1140,probe_repair,"[20, 30, 35, 80, 105, 110, 150, 190, 200, 225, 240, 290, 315, 345, 350]",0.00000000,"[0.00000000, 0.00000000, 0.00000000, 0.00000000]",0.08900000,0.43478571,16->27
4,4,8,4,49,"(2, 22, 24, 27)",2,252,probe_repair,"[20, 45, 60, 80, 115, 130, 190, 195, 210, 240, 245, 290, 295, 310, 320]",0.00000000,"[0.00000000, 0.00000000, 0.00000000, 0.00000000]",0.04100000,0.43778571,25->27
4,4,8,4,49,"(2, 22, 24, 27)",3,1601,probe_repair,"[20, 40, 55, 80, 85, 115, 140, 145, 150, 165, 170, 245, 255, 280, 335]",0.00000000,"[0.00000000, 0.00000000, 0.00000000, 0.00000000]",0.06400000,0.43967857,21->24
4,4,8,4,49,"(2, 22, 24, 27)",4,847,probe_repair,"[25, 35, 140, 150, 170, 180, 185, 200, 240, 270, 275, 280, 305, 310, 360]",0.00000000,"[0.00000000, 0.00000000, 0.00000000, 0.00000000]",0.09300000,0.44132143,15->24
4,4,8,4,49,"(2, 22, 24, 27)",5,725,probe_repair,"[30, 35, 50, 60, 85, 90, 120, 130, 180, 190, 200, 220, 240, 250, 345]",0.00000000,"[0.00000000, 0.00000000, 0.00000000, 0.00000000]",0.00000000,0.39453571,6->22
4,4,8,4,49,"(2, 22, 24, 27)",6,1066,probe_repair,"[5, 35, 65, 75, 80, 135, 170, 215, 255, 275, 280, 285, 310, 345, 360]",0.00000000,"[0.00000000, 0.00000000, 0.00000000, 0.00000000]",0.03200000,0.43507143,7->27
4,4,8,4,49,"(2, 22, 24, 27)",7,1395,probe_repair,"[30, 55, 60, 155, 170, 180, 190, 235, 240, 290, 300, 310, 330, 335, 340]",0.00000000,"[0.00000000, 0.00000000, 0.00000000, 0.00000000]",0.23600000,0.44200000,7->2
4,4,8,4,49,"(2, 22, 24, 27)",8,849,probe_repair,"[25, 35, 140, 150, 170, 180, 185, 200, 240, 270, 275, 280, 305, 310, 360]",0.00000000,"[0.00000000, 0.00000000, 0.00000000, 0.00000000]",0.15600000,0.44121429,15->24
4,4,8,4,49,"(2, 22, 24, 27)",9,1424,probe_repair,"[20, 60, 90, 105, 110, 115, 160, 175, 180, 195, 205, 275, 305, 335, 340]",0.00000000,"[0.00000000, 0.00000000, 0.00000000, 0.00000000]",0.19200000,0.43575000,26->27
4,4,8,4,49,"(2, 22, 24, 27)",10,916,probe_repair,"[40, 50, 55, 110, 145, 160, 175, 180, 215, 225, 245, 260, 320, 325, 345]",0.00000000,"[0.00000000, 0.00000000, 0.00000000, 0.00000000]",0.09100000,0.43121429,17->2
4,4,8,4,50,"(7, 16, 26, 28)",1,1453,probe_repair,"[25, 30, 85, 90, 125, 155, 160, 165, 170, 220, 225, 285, 325, 335, 350]",0.00000000,"[0.00000000, 0.00000000, 0.00000000, 0.00000000]",0.00000000,0.40778571,9->16
4,4,8,4,50,"(7, 16, 26, 28)",2,517,probe_repair,"[10, 35, 50, 60, 115, 145, 160, 180, 200, 215, 225, 260, 280, 325, 365]",0.00000000,"[0.00000000, 0.00000000, 0.00000000, 0.00000000]",0.00000000,0.39007143,4->26
4,4,8,4,50,"(7, 16, 26, 28)",3,693,probe_repair,"[5, 15, 25, 40, 65, 70, 100, 115, 130, 145, 155, 160, 195, 255, 275]",0.00000000,"[0.00000000, 0.00000000, 0.00000000, 0.00000000]",0.00000000,0.36785714,6->7
4,4,8,4,50,"(7, 16, 26, 28)",4,750,probe_repair,"[5, 30, 60, 80, 130, 145, 155, 165, 175, 205, 210, 265, 270, 280, 365]",0.00000000,"[0.00000000, 0.00000000, 0.00000000, 0.00000000]",0.27800000,0.43542857,17->7
4,4,8,4,50,"(7, 16, 26, 28)",5,1478,probe_repair,"[15, 40, 55, 95, 135, 145, 150, 165, 190, 205, 210, 275, 280, 285, 300]",0.00000000,"[0.00000000, 0.00000000, 0.00000000, 0.00000000]",0.13000000,0.43364286,6->16
4,4,8,4,50,"(7, 16, 26, 28)",6,1150,probe_repair,"[20, 35, 60, 115, 150, 160, 265, 270, 305, 310, 315, 335, 340, 350, 365]",0.00000000,"[0.00000000, 0.00000000, 0.00000000, 0.00000000]",0.09100000,0.43903571,20->28
4,4,8,4,50,"(7, 16, 26, 28)",7,895,probe_repair,"[10, 45, 60, 105, 135, 140, 200, 215, 225, 230, 240, 270, 280, 305, 325]",0.00000000,"[0.00000000, 0.00000000, 0.00000000, 0.00000000]",0.26100000,0.44864286,17->28
4,4,8,4,50,"(7, 16, 26, 28)",8,1375,probe_repair,"[5, 30, 35, 80, 90, 95, 110, 130, 215, 250, 275, 300, 310, 325, 340]",0.00000000,"[0.00000000, 0.00000000, 0.00000000, 0.00000000]",0.15400000,0.42900000,18->7
4,4,8,4,50,"(7, 16, 26, 28)",9,1481,probe_repair,"[15, 40, 55, 95, 135, 145, 150, 165, 190, 205, 210, 275, 280, 285, 300]",0.00000000,"[0.00000000, 0.00000000, 0.00000000, 0.00000000]",0.07400000,0.43264286,18->26
4,4,8,4,50,"(7, 16, 26, 28)",10,929,probe_repair,"[40, 45, 50, 75, 115, 145, 170, 175, 180, 205, 255, 270, 295, 300, 315]",0.00000000,"[0.00000000, 0.00000000, 0.00000000, 0.00000000]",0.17600000,0.45025000,25->7
4,4,8,4,51,"(2, 7, 16, 22)",1,1503,probe_repair,"[15, 55, 190, 195, 200, 210, 235, 240, 260, 265, 275, 280, 310, 350, 355]",0.00000000,"[0.00000000, 0.00000000, 0.00000000, 0.00000000]",0.21200000,0.45239286,24->7
4,4,8,4,51,"(2, 7, 16, 22)",2,525,probe_repair,"[40, 50, 80, 110, 115, 120, 155, 165, 175, 180, 260, 265, 300, 345, 355]",0.00000000,"[0.00000000, 0.00000000, 0.00000000, 0.00000000]",0.00000000,0.37650000,26->7
4,4,8,4,51,"(2, 7, 16, 22)",3,182,probe_repair,"[5, 10, 55, 80, 90, 100, 105, 110, 125, 140, 170, 225, 270, 295, 310]",0.00000000,"[0.00000000, 0.00000000, 0.00000000, 0.00000000]",0.07300000,0.43757143,18->2
4,4,8,4,51,"(2, 7, 16, 22)",4,1605,probe_repair,"[10, 40, 80, 120, 130, 150, 160, 185, 190, 225, 240, 275, 280, 350, 355]",0.00000000,"[0.00000000, 0.00000000, 0.00000000, 0.00000000]",0.00000000,0.39142857,6->22
4,4,8,4,51,"(2, 7, 16, 22)",5,1221,probe_repair,"[25, 45, 90, 110, 115, 160, 165, 170, 195, 225, 240, 255, 270, 305, 315]",0.00000000,"[0.00000000, 0.00000000, 0.00000000, 0.00000000]",0.00000000,0.38828571,6->22
4,4,8,4,51,"(2, 7, 16, 22)",6,1372,probe_repair,"[5, 20, 40, 80, 150, 155, 165, 200, 215, 270, 295, 300, 320, 345, 350]",0.00000000,"[0.00000000, 0.00000000, 0.00000000, 0.00000000]",0.08600000,0.43521429,15->22
4,4,8,4,51,"(2, 7, 16, 22)",7,1052,probe_repair,"[25, 30, 35, 110, 115, 125, 160, 195, 200, 230, 265, 270, 275, 280, 320]",0.00000000,"[0.00000000, 0.00000000, 0.00000000, 0.00000000]",0.19500000,0.43846429,27->22
4,4,8,4,51,"(2, 7, 16, 22)",8,185,probe_repair,"[5, 10, 55, 80, 90, 100, 105, 110, 125, 140, 170, 225, 270, 295, 310]",0.00000000,"[0.00000000, 0.00000000, 0.00000000, 0.00000000]",0.17100000,0.44271429,18->2
4,4,8,4,51,"(2, 7, 16, 22)",9,1609,probe_repair,"[10, 40, 80, 120, 130, 150, 160, 185, 190, 225, 240, 275, 280, 350, 355]",0.00000000,"[0.00000000, 0.00000000, 0.00000000, 0.00000000]",0.17000000,0.44035714,6->22
4,4,8,4,51,"(2, 7, 16, 22)",10,1314,probe_repair,"[35, 40, 140, 145, 150, 160, 215, 230, 260, 270, 275, 280, 310, 350, 365]",0.00000000,"[0.00000000, 0.00000000, 0.00000000, 0.00000000]",0.06600000,0.44428571,26->16
4,4,8,4,52,"(5, 17, 21, 22)",1,653,probe_repair,"[5, 30, 50, 80, 95, 150, 165, 200, 220, 225, 265, 280, 300, 315, 355]",0.00000000,"[0.00000000, 0.00000000, 0.00000000, 0.00000000]",0.00000000,0.36750000,6->21
4,4,8,4,52,"(5, 17, 21, 22)",2,33,probe_repair,"[10, 20, 35, 60, 75, 130, 170, 175, 185, 215, 225, 245, 270, 285, 330]",0.00000000,"[0.00000000, 0.00000000, 0.00000000, 0.00000000]",0.21100000,0.43926667,26->21
4,4,8,4,52,"(5, 17, 21, 22)",3,43,probe_repair,"[15, 20, 45, 65, 100, 120, 145, 155, 170, 210, 240, 260, 315, 340, 365]",0.00000000,"[0.00000000, 0.00000000, 0.00000000, 0.00000000]",0.05000000,0.44680000,2->22
4,4,8,4,52,"(5, 17, 21, 22)",4,298,probe_repair,"[15, 55, 85, 95, 120, 145, 155, 165, 190, 210, 240, 310, 325, 330, 340]",0.00000000,"[0.00000000, 0.00000000, 0.00000000, 0.00000000]",0.15600000,0.44173333,6->21
4,4,8,4,52,"(5, 17, 21, 22)",5,25,probe_repair,"[45, 50, 80, 85, 95, 130, 165, 170, 175, 210, 250, 280, 285, 330, 340]",0.00000000,"[0.00000000, 0.00000000, 0.00000000, 0.00000000]",0.24000000,0.44910000,25->22
4,4,8,4,52,"(5, 17, 21, 22)",6,425,probe_repair,"[10, 15, 30, 45, 60, 65, 75, 105, 130, 155, 225, 245, 300, 335, 355]",0.00000000,"[0.00000000, 0.00000000, 0.00000000, 0.00000000]",0.19200000,0.44336667,24->5
4,4,8,4,52,"(5, 17, 21, 22)",7,348,probe_repair,"[30, 60, 100, 115, 120, 160, 180, 185, 215, 220, 235, 260, 330, 355, 360]",0.00000000,"[0.00000000, 0.00000000, 0.00000000, 0.00000000]",0.25400000,0.44783333,28->17
4,4,8,4,52,"(5, 17, 21, 22)",8,426,probe_repair,"[10, 15, 30, 45, 60, 65, 75, 105, 130, 155, 225, 245, 300, 335, 355]",0.00000000,"[0.00000000, 0.00000000, 0.00000000, 0.00000000]",0.11600000,0.44683333,24->5
4,4,8,4,52,"(5, 17, 21, 22)",9,433,probe_repair,"[20, 25, 65, 95, 115, 155, 160, 180, 205, 210, 235, 265, 340, 355, 365]",0.00000000,"[0.00000000, 0.00000000, 0.00000000, 0.00000000]",0.18100000,0.43233333,7->21
4,4,8,4,52,"(5, 17, 21, 22)",10,422,probe_repair,"[10, 15, 30, 45, 60, 65, 75, 105, 130, 155, 225, 245, 300, 335, 355]",0.00000000,"[0.00000000, 0.00000000, 0.00000000, 0.00000000]",0.09700000,0.43903333,24->5
4,4,8,4,53,"(1, 7, 16, 20)",1,27,probe_repair,"[10, 30, 50, 65, 90, 100, 110, 135, 150, 210, 245, 280, 310, 330, 360]",0.00000000,"[0.00000000, 0.00000000, 0.00000000, 0.00000000]",0.18000000,0.43681667,22->1
4,4,8,4,53,"(1, 7, 16, 20)",2,543,probe_repair,"[25, 45, 70, 90, 115, 130, 165, 170, 185, 190, 200, 235, 255, 300, 310]",0.00000000,"[0.00000000, 0.00000000, 0.00000000, 0.00000000]",0.22900000,0.44731667,28->16
4,4,8,4,53,"(1, 7, 16, 20)",3,474,probe_repair,"[50, 60, 95, 125, 135, 140, 150, 180, 195, 230, 275, 295, 310, 320, 365]",0.00000000,"[0.00000000, 0.00000000, 0.00000000, 0.00000000]",0.21700000,0.44341667,17->1
4,4,8,4,53,"(1, 7, 16, 20)",4,544,probe_repair,"[25, 45, 70, 90, 115, 130, 165, 170, 185, 190, 200, 235, 255, 300, 310]",0.00000000,"[0.00000000, 0.00000000, 0.00000000, 0.00000000]",0.31500000,0.44748333,28->16
4,4,8,4,53,"(1, 7, 16, 20)",5,65,probe_repair,"[5, 30, 80, 120, 160, 175, 195, 205, 210, 220, 240, 250, 305, 320, 360]",0.00000000,"[0.00000000, 0.00000000, 0.00000000, 0.00000000]",0.28700000,0.45135000,18->20
4,4,8,4,53,"(1, 7, 16, 20)",6,2,baseline,"[5, 30, 55, 80, 105, 130, 155, 180, 205, 230, 255, 280, 305, 330, 355]",0.00000000,"[0.00000000, 0.00000000, 0.00000000, 0.00000000]",0.08900000,0.43381667,27->1
4,4,8,4,53,"(1, 7, 16, 20)",7,186,probe_repair,"[15, 30, 55, 105, 135, 140, 165, 190, 220, 250, 265, 275, 340, 345, 355]",0.00000000,"[0.00000000, 0.00000000, 0.00000000, 0.00000000]",0.11800000,0.43931667,21->16
4,4,8,4,53,"(1, 7, 16, 20)",8,472,probe_repair,"[50, 60, 95, 125, 135, 140, 150, 180, 195, 230, 275, 295, 310, 320, 365]",0.00000000,"[0.00000000, 0.00000000, 0.00000000, 0.00000000]",0.23000000,0.44388333,17->1
4,4,8,4,53,"(1, 7, 16, 20)",9,473,probe_repair,"[50, 60, 95, 125, 135, 140, 150, 180, 195, 230, 275, 295, 310, 320, 365]",0.00000000,"[0.00000000, 0.00000000, 0.00000000, 0.00000000]",0.28100000,0.44351667,17->1
4,4,8,4,53,"(1, 7, 16, 20)",10,184,probe_repair,"[15, 30, 55, 105, 135, 140, 165, 190, 220, 250, 265, 275, 340, 345, 355]",0.00000000,"[0.00000000, 0.00000000, 0.00000000, 0.00000000]",0.08200000,0.44021667,21->16
4,4,8,4,54,"(11, 17, 24, 25)",1,547,probe_repair,"[5, 15, 20, 55, 90, 115, 120, 165, 185, 190, 205, 240, 300, 310, 360]",0.00000000,"[0.00000000, 0.00000000, 0.00000000, 0.00000000]",0.15800000,0.43960714,7->17
4,4,8,4,54,"(11, 17, 24, 25)",2,1337,probe_repair,"[25, 40, 55, 60, 100, 120, 140, 220, 225, 245, 280, 300, 305, 315, 350]",0.00000000,"[0.00000000, 0.00000000, 0.00000000, 0.00000000]",0.15600000,0.44789286,15->24
4,4,8,4,54,"(11, 17, 24, 25)",3,710,probe_repair,"[25, 40, 50, 150, 180, 200, 240, 245, 270, 305, 310, 320, 325, 340, 355]",0.00000000,"[0.00000000, 0.00000000, 0.00000000, 0.00000000]",0.29900000,0.45214286,20->17
4,4,8,4,54,"(11, 17, 24, 25)",4,288,probe_repair,"[40, 85, 115, 130, 155, 180, 185, 200, 215, 240, 260, 275, 295, 310, 355]",0.00000000,"[0.00000000, 0.00000000, 0.00000000, 0.00000000]",0.18600000,0.43682143,21->24
4,4,8,4,54,"(11, 17, 24, 25)",5,740,probe_repair,"[10, 35, 40, 60, 65, 80, 90, 95, 110, 130, 260, 270, 280, 310, 320]",0.00000000,"[0.00000000, 0.00000000, 0.00000000, 0.00000000]",0.09500000,0.43617857,7->11
4,4,8,4,54,"(11, 17, 24, 25)",6,390,probe_repair,"[15, 20, 45, 55, 85, 95, 140, 170, 190, 255, 290, 320, 330, 335, 365]",0.00000000,"[0.00000000, 0.00000000, 0.00000000, 0.00000000]",0.06600000,0.43792857,15->17
4,4,8,4,54,"(11, 17, 24, 25)",7,714,probe_repair,"[25, 40, 50, 150, 180, 200, 240, 245, 270, 305, 310, 320, 325, 340, 355]",0.00000000,"[0.00000000, 0.00000000, 0.00000000, 0.00000000]",0.33200000,0.45664286,7->17
4,4,8,4,54,"(11, 17, 24, 25)",8,1603,probe_repair,"[5, 15, 55, 75, 95, 120, 125, 145, 165, 205, 260, 270, 310, 345, 360]",0.00000000,"[0.00000000, 0.00000000, 0.00000000, 0.00000000]",0.08000000,0.43007143,22->17
4,4,8,4,54,"(11, 17, 24, 25)",9,898,probe_repair,"[15, 40, 75, 90, 95, 105, 115, 135, 240, 270, 285, 315, 335, 340, 345]",0.00000000,"[0.00000000, 0.00000000, 0.00000000, 0.00000000]",0.09400000,0.43578571,20->11
4,4,8,4,54,"(11, 17, 24, 25)",10,1000,probe_repair,"[30, 65, 75, 120, 135, 170, 190, 230, 240, 255, 285, 300, 310, 315, 345]",0.00000000,"[0.00000000, 0.00000000, 0.00000000, 0.00000000]",0.25100000,0.43835714,27->24
4,4,8,4,55,"(6, 9, 11, 22)",1,944,probe_repair,"[45, 60, 70, 95, 100, 130, 150, 155, 170, 185, 220, 300, 310, 325, 335]",0.00000000,"[0.00000000, 0.00000000, 0.00000000, 0.00000000]",0.17700000,0.44253571,27->9
4,4,8,4,55,"(6, 9, 11, 22)",2,601,probe_repair,"[10, 60, 70, 80, 115, 130, 190, 195, 225, 240, 250, 255, 290, 315, 345]",0.00000000,"[0.00000000, 0.00000000, 0.00000000, 0.00000000]",0.16400000,0.43271429,24->22
4,4,8,4,55,"(6, 9, 11, 22)",3,1455,probe_repair,"[45, 50, 80, 115, 130, 135, 140, 145, 165, 205, 230, 250, 255, 300, 365]",0.00000000,"[0.00000000, 0.00000000, 0.00000000, 0.00000000]",0.08300000,0.42282143,4->22
4,4,8,4,55,"(6, 9, 11, 22)",4,520,probe_repair,"[5, 15, 25, 30, 40, 135, 150, 175, 200, 240, 245, 295, 300, 335, 340]",0.00000000,"[0.00000000, 0.00000000, 0.00000000, 0.00000000]",0.01500000,0.44467857,7->11
4,4,8,4,55,"(6, 9, 11, 22)",5,945,probe_repair,"[45, 60, 70, 95, 100, 130, 150, 155, 170, 185, 220, 300, 310, 325, 335]",0.00000000,"[0.00000000, 0.00000000, 0.00000000, 0.00000000]",0.17100000,0.44275000,27->9
4,4,8,4,55,"(6, 9, 11, 22)",6,837,probe_repair,"[30, 35, 55, 75, 110, 115, 130, 175, 200, 210, 240, 250, 285, 290, 335]",0.00000000,"[0.00000000, 0.00000000, 0.00000000, 0.00000000]",0.00000000,0.38725000,17->11
4,4,8,4,55,"(6, 9, 11, 22)",7,1297,probe_repair,"[55, 60, 65, 90, 95, 100, 110, 160, 165, 180, 190, 245, 265, 290, 315]",0.00000000,"[0.00000000, 0.00000000, 0.00000000, 0.00000000]",0.10500000,0.43882143,15->9
4,4,8,4,55,"(6, 9, 11, 22)",8,40,probe_repair,"[10, 20, 35, 70, 115, 125, 130, 135, 160, 165, 190, 225, 270, 280, 335]",0.00000000,"[0.00000000, 0.00000000, 0.00000000, 0.00000000]",0.07100000,0.43639286,21->11
4,4,8,4,55,"(6, 9, 11, 22)",9,600,probe_repair,"[10, 60, 70, 80, 115, 130, 190, 195, 225, 240, 250, 255, 290, 315, 345]",0.00000000,"[0.00000000, 0.00000000, 0.00000000, 0.00000000]",0.14900000,0.43400000,20->11
4,4,8,4,55,"(6, 9, 11, 22)",10,124,probe_repair,"[25, 45, 60, 115, 130, 170, 185, 250, 275, 290, 300, 320, 355, 360, 365]",0.00000000,"[0.00000000, 0.00000000, 0.00000000, 0.00000000]",0.08200000,0.42639286,27->6
4,4,8,4,56,"(5, 11, 15, 18)",1,62,probe_repair,"[85, 95, 115, 135, 160, 170, 175, 185, 190, 210, 260, 270, 280, 295, 340]",0.00000000,"[0.00000000, 0.00000000, 0.00000000, 0.00000000]",0.27100000,0.44781667,27->5
4,4,8,4,56,"(5, 11, 15, 18)",2,134,probe_repair,"[5, 50, 60, 75, 90, 125, 145, 170, 175, 205, 230, 250, 325, 330, 355]",0.00000000,"[0.00000000, 0.00000000, 0.00000000, 0.00000000]",0.26300000,0.44428333,21->18
4,4,8,4,56,"(5, 11, 15, 18)",3,292,probe_repair,"[60, 100, 115, 130, 165, 170, 190, 210, 220, 275, 290, 295, 300, 305, 325]",0.00000000,"[0.00000000, 0.00000000, 0.00000000, 0.00000000]",0.24300000,0.44385000,16->15
4,4,8,4,56,"(5, 11, 15, 18)",4,521,probe_repair,"[5, 40, 100, 155, 160, 170, 200, 225, 230, 250, 260, 295, 315, 335, 365]",0.00000000,"[0.00000000, 0.00000000, 0.00000000, 0.00000000]",0.06200000,0.43668333,26->18
4,4,8,4,56,"(5, 11, 15, 18)",5,66,probe_repair,"[85, 95, 115, 135, 160, 170, 175, 185, 190, 210, 260, 270, 280, 295, 340]",0.00000000,"[0.00000000, 0.00000000, 0.00000000, 0.00000000]",0.26500000,0.44455000,7->11
4,4,8,4,56,"(5, 11, 15, 18)",6,68,probe_repair,"[85, 95, 115, 135, 160, 170, 175, 185, 190, 210, 260, 270, 280, 295, 340]",0.00000000,"[0.00000000, 0.00000000, 0.00000000, 0.00000000]",0.22100000,0.44201667,6->18
4,4,8,4,56,"(5, 11, 15, 18)",7,583,probe_repair,"[10, 15, 80, 90, 95, 115, 120, 130, 150, 175, 185, 200, 280, 285, 315]",0.00000000,"[0.00000000, 0.00000000, 0.00000000, 0.00000000]",0.20800000,0.43558333,20->11
4,4,8,4,56,"(5, 11, 15, 18)",8,64,probe_repair,"[85, 95, 115, 135, 160, 170, 175, 185, 190, 210, 260, 270, 280, 295, 340]",0.00000000,"[0.00000000, 0.00000000, 0.00000000, 0.00000000]",0.25100000,0.44838333,26->18
4,4,8,4,56,"(5, 11, 15, 18)",9,532,probe_repair,"[15, 20, 25, 40, 80, 105, 110, 115, 150, 155, 185, 215, 250, 330, 340]",0.00000000,"[0.00000000, 0.00000000, 0.00000000, 0.00000000]",0.23700000,0.43665000,28->5
4,4,8,4,56,"(5, 11, 15, 18)",10,564,probe_repair,"[20, 30, 40, 60, 80, 85, 105, 115, 160, 235, 240, 270, 285, 310, 315]",0.00000000,"[0.00000000, 0.00000000, 0.00000000, 0.00000000]",0.18800000,0.44991667,26->11
4,4,8,4,57,"(15, 21, 22, 28)",1,876,probe_repair,"[30, 55, 70, 95, 125, 135, 145, 160, 165, 185, 225, 265, 275, 310, 340]",0.00000000,"[0.00000000, 0.00000000, 0.00000000, 0.00000000]",0.09300000,0.44403571,6->22
4,4,8,4,57,"(15, 21, 22, 28)",2,163,probe_repair,"[10, 15, 20, 35, 40, 45, 135, 140, 175, 215, 220, 240, 250, 255, 325]",0.00000000,"[0.00000000, 0.00000000, 0.00000000, 0.00000000]",0.08100000,0.44510714,26->22
4,4,8,4,57,"(15, 21, 22, 28)",3,869,probe_repair,"[30, 55, 70, 95, 125, 135, 145, 160, 165, 185, 225, 265, 275, 310, 340]",0.00000000,"[0.00000000, 0.00000000, 0.00000000, 0.00000000]",0.00000000,0.41692857,11->28
4,4,8,4,57,"(15, 21, 22, 28)",4,659,probe_repair,"[20, 55, 95, 105, 125, 150, 175, 190, 200, 235, 260, 305, 330, 345, 360]",0.00000000,"[0.00000000, 0.00000000, 0.00000000, 0.00000000]",0.26200000,0.45464286,11->21
4,4,8,4,57,"(15, 21, 22, 28)",5,408,probe_repair,"[40, 80, 105, 110, 115, 125, 130, 135, 160, 170, 240, 250, 305, 320, 365]",0.00000000,"[0.00000000, 0.00000000, 0.00000000, 0.00000000]",0.10500000,0.43985714,11->21
4,4,8,4,57,"(15, 21, 22, 28)",6,1068,probe_repair,"[15, 20, 80, 85, 100, 105, 145, 180, 225, 255, 260, 275, 310, 325, 335]",0.00000000,"[0.00000000, 0.00000000, 0.00000000, 0.00000000]",0.06300000,0.44271429,4->28
4,4,8,4,57,"(15, 21, 22, 28)",7,520,probe_repair,"[20, 25, 85, 90, 110, 115, 140, 165, 180, 190, 200, 240, 265, 300, 325]",0.00000000,"[0.00000000, 0.00000000, 0.00000000, 0.00000000]",0.32400000,0.45907143,6->21
4,4,8,4,57,"(15, 21, 22, 28)",8,221,probe_repair,"[15, 80, 110, 125, 145, 165, 185, 200, 225, 235, 250, 295, 310, 320, 335]",0.00000000,"[0.00000000, 0.00000000, 0.00000000, 0.00000000]",0.00000000,0.38885714,6->22
4,4,8,4,57,"(15, 21, 22, 28)",9,545,probe_repair,"[5, 20, 75, 80, 90, 100, 135, 155, 205, 215, 240, 275, 295, 335, 350]",0.00000000,"[0.00000000, 0.00000000, 0.00000000, 0.00000000]",0.13200000,0.43921429,17->28
4,4,8,4,57,"(15, 21, 22, 28)",10,1270,probe_repair,"[20, 60, 100, 120, 130, 190, 200, 210, 240, 250, 270, 295, 315, 340, 345]",0.00000000,"[0.00000000, 0.00000000, 0.00000000, 0.00000000]",0.07200000,0.44375000,16->21
4,4,8,4,58,"(17, 21, 25, 28)",1,1367,probe_repair,"[10, 25, 60, 65, 125, 145, 165, 180, 185, 240, 265, 270, 280, 330, 345]",0.00000000,"[0.00000000, 0.00000000, 0.00000000, 0.00000000]",0.10500000,0.44557143,7->28
4,4,8,4,58,"(17, 21, 25, 28)",2,408,probe_repair,"[20, 40, 45, 55, 90, 95, 125, 160, 180, 235, 295, 305, 325, 335, 365]",0.00000000,"[0.00000000, 0.00000000, 0.00000000, 0.00000000]",0.23100000,0.45375000,22->21
4,4,8,4,58,"(17, 21, 25, 28)",3,120,probe_repair,"[5, 10, 15, 45, 55, 135, 185, 195, 230, 265, 275, 300, 305, 310, 350]",0.00000000,"[0.00000000, 0.00000000, 0.00000000, 0.00000000]",0.17500000,0.44135714,24->21
4,4,8,4,58,"(17, 21, 25, 28)",4,1265,probe_repair,"[25, 60, 70, 95, 115, 125, 130, 150, 210, 215, 255, 260, 275, 320, 340]",0.00000000,"[0.00000000, 0.00000000, 0.00000000, 0.00000000]",0.14800000,0.43342857,16->21
4,4,8,4,58,"(17, 21, 25, 28)",5,1146,probe_repair,"[10, 60, 85, 95, 110, 125, 130, 140, 185, 200, 205, 250, 255, 330, 365]",0.00000000,"[0.00000000, 0.00000000, 0.00000000, 0.00000000]",0.16400000,0.44900000,26->17
4,4,8,4,58,"(17, 21, 25, 28)",6,1016,probe_repair,"[10, 25, 40, 65, 105, 120, 165, 210, 215, 225, 240, 265, 300, 350, 355]",0.00000000,"[0.00000000, 0.00000000, 0.00000000, 0.00000000]",0.13400000,0.43589286,26->28
4,4,8,4,58,"(17, 21, 25, 28)",7,200,probe_repair,"[20, 40, 50, 85, 150, 160, 175, 205, 210, 230, 235, 280, 285, 310, 315]",0.00000000,"[0.00000000, 0.00000000, 0.00000000, 0.00000000]",0.24300000,0.45153571,6->17
4,4,8,4,58,"(17, 21, 25, 28)",8,1056,probe_repair,"[125, 130, 175, 190, 195, 200, 235, 255, 290, 300, 315, 330, 335, 340, 365]",0.00000000,"[0.00000000, 0.00000000, 0.00000000, 0.00000000]",0.26100000,0.45460714,16->21
4,4,8,4,58,"(17, 21, 25, 28)",9,406,probe_repair,"[20, 40, 45, 55, 90, 95, 125, 160, 180, 235, 295, 305, 325, 335, 365]",0.00000000,"[0.00000000, 0.00000000, 0.00000000, 0.00000000]",0.21300000,0.44257143,4->25
4,4,8,4,58,"(17, 21, 25, 28)",10,1228,probe_repair,"[40, 55, 85, 120, 155, 160, 170, 175, 205, 235, 240, 270, 320, 335, 345]",0.00000000,"[0.00000000, 0.00000000, 0.00000000, 0.00000000]",0.34500000,0.45439286,15->25
4,4,8,4,59,"(1, 7, 20, 24)",1,12,baseline,"[5, 30, 55, 80, 105, 130, 155, 180, 205, 230, 255, 280, 305, 330, 355]",0.00000000,"[0.00000000, 0.00000000, 0.00000000, 0.00000000]",0.05400000,0.43781667,2->24
4,4,8,4,59,"(1, 7, 20, 24)",2,362,probe_repair,"[15, 25, 60, 70, 85, 130, 135, 190, 250, 290, 295, 325, 345, 350, 355]",0.00000000,"[0.00000000, 0.00000000, 0.00000000, 0.00000000]",0.19200000,0.44145000,21->7
4,4,8,4,59,"(1, 7, 20, 24)",3,311,probe_repair,"[10, 40, 60, 65, 80, 85, 120, 160, 190, 210, 230, 255, 305, 310, 360]",0.00000000,"[0.00000000, 0.00000000, 0.00000000, 0.00000000]",0.13200000,0.43595000,15->1
4,4,8,4,59,"(1, 7, 20, 24)",4,364,probe_repair,"[15, 25, 60, 70, 85, 130, 135, 190, 250, 290, 295, 325, 345, 350, 355]",0.00000000,"[0.00000000, 0.00000000, 0.00000000, 0.00000000]",0.19600000,0.43585000,21->7
4,4,8,4,59,"(1, 7, 20, 24)",5,6,baseline,"[5, 30, 55, 80, 105, 130, 155, 180, 205, 230, 255, 280, 305, 330, 355]",0.00000000,"[0.00000000, 0.00000000, 0.00000000, 0.00000000]",0.04200000,0.43601667,2->24
4,4,8,4,59,"(1, 7, 20, 24)",6,263,probe_repair,"[85, 120, 135, 145, 150, 155, 165, 195, 240, 245, 255, 275, 320, 350, 355]",0.00000000,"[0.00000000, 0.00000000, 0.00000000, 0.00000000]",0.12800000,0.42621667,18->7
4,4,8,4,59,"(1, 7, 20, 24)",7,10,baseline,"[5, 30, 55, 80, 105, 130, 155, 180, 205, 230, 255, 280, 305, 330, 355]",0.00000000,"[0.00000000, 0.00000000, 0.00000000, 0.00000000]",0.10100000,0.43935000,2->24
4,4,8,4,59,"(1, 7, 20, 24)",8,9,baseline,"[5, 30, 55, 80, 105, 130, 155, 180, 205, 230, 255, 280, 305, 330, 355]",0.00000000,"[0.00000000, 0.00000000, 0.00000000, 0.00000000]",0.06100000,0.43525000,2->24
4,4,8,4,59,"(1, 7, 20, 24)",9,511,probe_repair,"[30, 45, 75, 105, 135, 155, 195, 205, 225, 240, 265, 280, 295, 305, 355]",0.00000000,"[0.00000000, 0.00000000, 0.00000000, 0.00000000]",0.00000000,0.44065000,21->1
4,4,8,4,59,"(1, 7, 20, 24)",10,464,probe_repair,"[15, 70, 80, 95, 100, 125, 145, 165, 175, 195, 205, 240, 265, 345, 355]",0.00000000,"[0.00000000, 0.00000000, 0.00000000, 0.00000000]",0.10600000,0.44771667,9->24
4,4,8,4,60,"(7, 9, 24, 27)",1,651,probe_repair,"[5, 25, 70, 120, 135, 180, 210, 215, 220, 230, 255, 285, 335, 350, 365]",0.00000000,"[0.00000000, 0.00000000, 0.00000000, 0.00000000]",0.30600000,0.45160714,26->9
4,4,8,4,60,"(7, 9, 24, 27)",2,194,probe_repair,"[30, 40, 60, 100, 110, 120, 140, 145, 150, 240, 255, 265, 295, 310, 340]",0.00000000,"[0.00000000, 0.00000000, 0.00000000, 0.00000000]",0.29300000,0.45150000,4->24
4,4,8,4,60,"(7, 9, 24, 27)",3,897,probe_repair,"[30, 35, 55, 70, 80, 90, 105, 125, 135, 170, 175, 270, 295, 310, 350]",0.00000000,"[0.00000000, 0.00000000, 0.00000000, 0.00000000]",0.20400000,0.44221429,15->27
4,4,8,4,60,"(7, 9, 24, 27)",4,672,probe_repair,"[25, 30, 70, 80, 110, 115, 175, 180, 190, 200, 250, 305, 315, 340, 350]",0.00000000,"[0.00000000, 0.00000000, 0.00000000, 0.00000000]",0.12400000,0.44592857,16->9
4,4,8,4,60,"(7, 9, 24, 27)",5,811,probe_repair,"[70, 80, 135, 140, 170, 180, 245, 260, 270, 275, 290, 300, 305, 310, 340]",0.00000000,"[0.00000000, 0.00000000, 0.00000000, 0.00000000]",0.04500000,0.43907143,6->9
4,4,8,4,60,"(7, 9, 24, 27)",6,1048,probe_repair,"[5, 35, 40, 65, 90, 120, 135, 150, 170, 230, 250, 285, 350, 355, 360]",0.00000000,"[0.00000000, 0.00000000, 0.00000000, 0.00000000]",0.32900000,0.45275000,15->9
4,4,8,4,60,"(7, 9, 24, 27)",7,1297,probe_repair,"[25, 30, 35, 90, 130, 140, 175, 185, 205, 235, 255, 260, 300, 315, 330]",0.00000000,"[0.00000000, 0.00000000, 0.00000000, 0.00000000]",0.08000000,0.43889286,4->27
4,4,8,4,60,"(7, 9, 24, 27)",8,1159,probe_repair,"[20, 35, 40, 70, 105, 125, 160, 175, 190, 200, 205, 235, 275, 305, 360]",0.00000000,"[0.00000000, 0.00000000, 0.00000000, 0.00000000]",0.29400000,0.44757143,21->9
4,4,8,4,60,"(7, 9, 24, 27)",9,650,probe_repair,"[5, 25, 70, 120, 135, 180, 210, 215, 220, 230, 255, 285, 335, 350, 365]",0.00000000,"[0.00000000, 0.00000000, 0.00000000, 0.00000000]",0.24300000,0.44546429,15->9
4,4,8,4,60,"(7, 9, 24, 27)",10,139,probe_repair,"[15, 45, 70, 75, 85, 90, 135, 155, 230, 255, 305, 315, 320, 325, 355]",0.00000000,"[0.00000000, 0.00000000, 0.00000000, 0.00000000]",0.23500000,0.43971429,11->9
4,4,8,4,61,"(5, 6, 11, 20)",1,430,probe_repair,"[25, 45, 85, 95, 120, 125, 155, 165, 200, 205, 210, 245, 255, 315, 360]",0.00000000,"[0.00000000, 0.00000000, 0.00000000, 0.00000000]",0.03200000,0.43858333,18->11
4,4,8,4,61,"(5, 6, 11, 20)",2,654,probe_repair,"[5, 20, 35, 50, 120, 165, 205, 235, 240, 270, 310, 325, 335, 340, 345]",0.00000000,"[0.00000000, 0.00000000, 0.00000000, 0.00000000]",0.23400000,0.44845000,15->6
4,4,8,4,61,"(5, 6, 11, 20)",3,439,probe_repair,"[20, 30, 65, 75, 105, 115, 165, 185, 220, 225, 240, 250, 300, 305, 310]",0.00000000,"[0.00000000, 0.00000000, 0.00000000, 0.00000000]",0.19400000,0.43791667,26->5
4,4,8,4,61,"(5, 6, 11, 20)",4,560,probe_repair,"[30, 40, 50, 65, 95, 110, 115, 160, 170, 180, 235, 265, 315, 325, 335]",0.00000000,"[0.00000000, 0.00000000, 0.00000000, 0.00000000]",0.15900000,0.45155000,15->5
4,4,8,4,61,"(5, 6, 11, 20)",5,653,probe_repair,"[5, 20, 35, 50, 120, 165, 205, 235, 240, 270, 310, 325, 335, 340, 345]",0.00000000,"[0.00000000, 0.00000000, 0.00000000, 0.00000000]",0.00000000,0.39961667,15->6
4,4,8,4,61,"(5, 6, 11, 20)",6,405,probe_repair,"[5, 30, 55, 60, 85, 90, 135, 140, 145, 160, 245, 295, 305, 325, 335]",0.00000000,"[0.00000000, 0.00000000, 0.00000000, 0.00000000]",0.00000000,0.36825000,26->5
4,4,8,4,61,"(5, 6, 11, 20)",7,623,probe_repair,"[30, 55, 80, 85, 90, 110, 145, 155, 170, 235, 255, 275, 305, 340, 345]",0.00000000,"[0.00000000, 0.00000000, 0.00000000, 0.00000000]",0.11600000,0.42768333,21->20
4,4,8,4,61,"(5, 6, 11, 20)",8,72,probe_repair,"[5, 40, 50, 150, 160, 190, 200, 210, 215, 235, 245, 285, 295, 305, 360]",0.00000000,"[0.00000000, 0.00000000, 0.00000000, 0.00000000]",0.18600000,0.43985000,27->20
4,4,8,4,61,"(5, 6, 11, 20)",9,74,probe_repair,"[5, 40, 50, 150, 160, 190, 200, 210, 215, 235, 245, 285, 295, 305, 360]",0.00000000,"[0.00000000, 0.00000000, 0.00000000, 0.00000000]",0.23100000,0.44048333,17->11
4,4,8,4,61,"(5, 6, 11, 20)",10,7,baseline,"[5, 30, 55, 80, 105, 130, 155, 180, 205, 230, 255, 280, 305, 330, 355]",0.00000000,"[0.00000000, 0.00000000, 0.00000000, 0.00000000]",0.10000000,0.43851667,15->5
4,4,8,4,62,"(5, 24, 25, 28)",1,132,probe_repair,"[15, 55, 75, 85, 120, 125, 130, 175, 220, 225, 245, 260, 265, 340, 360]",0.00000000,"[0.00000000, 0.00000000, 0.00000000, 0.00000000]",0.33500000,0.45381667,4->25
4,4,8,4,62,"(5, 24, 25, 28)",2,351,probe_repair,"[20, 40, 85, 95, 120, 150, 185, 250, 260, 315, 330, 335, 340, 355, 365]",0.00000000,"[0.00000000, 0.00000000, 0.00000000, 0.00000000]",0.14400000,0.43725000,22->28
4,4,8,4,62,"(5, 24, 25, 28)",3,546,probe_repair,"[80, 95, 110, 130, 150, 165, 170, 175, 270, 275, 300, 330, 340, 345, 365]",0.00000000,"[0.00000000, 0.00000000, 0.00000000, 0.00000000]",0.30400000,0.44981667,11->25
4,4,8,4,62,"(5, 24, 25, 28)",4,130,probe_repair,"[15, 55, 75, 85, 120, 125, 130, 175, 220, 225, 245, 260, 265, 340, 360]",0.00000000,"[0.00000000, 0.00000000, 0.00000000, 0.00000000]",0.33700000,0.45645000,27->24
4,4,8,4,62,"(5, 24, 25, 28)",5,227,probe_repair,"[80, 100, 115, 135, 155, 170, 180, 185, 205, 225, 240, 250, 290, 300, 360]",0.00000000,"[0.00000000, 0.00000000, 0.00000000, 0.00000000]",0.14700000,0.43975000,9->5
4,4,8,4,62,"(5, 24, 25, 28)",6,72,probe_repair,"[5, 15, 25, 90, 190, 200, 215, 240, 245, 250, 255, 265, 275, 280, 300]",0.00000000,"[0.00000000, 0.00000000, 0.00000000, 0.00000000]",0.32100000,0.45628333,27->28
4,4,8,4,62,"(5, 24, 25, 28)",7,200,probe_repair,"[10, 15, 60, 100, 105, 115, 120, 135, 165, 185, 190, 240, 290, 300, 355]",0.00000000,"[0.00000000, 0.00000000, 0.00000000, 0.00000000]",0.19600000,0.43871667,2->24
4,4,8,4,62,"(5, 24, 25, 28)",8,10,baseline,"[5, 30, 55, 80, 105, 130, 155, 180, 205, 230, 255, 280, 305, 330, 355]",0.00000000,"[0.00000000, 0.00000000, 0.00000000, 0.00000000]",0.06400000,0.42875000,2->24
4,4,8,4,62,"(5, 24, 25, 28)",9,19,baseline,"[5, 30, 55, 80, 105, 130, 155, 180, 205, 230, 255, 280, 305, 330, 355]",0.00000000,"[0.00000000, 0.00000000, 0.00000000, 0.00000000]",0.04600000,0.43178333,2->24
4,4,8,4,62,"(5, 24, 25, 28)",10,353,probe_repair,"[20, 40, 85, 95, 120, 150, 185, 250, 260, 315, 330, 335, 340, 355, 365]",0.00000000,"[0.00000000, 0.00000000, 0.00000000, 0.00000000]",0.16500000,0.44048333,22->28
4,4,8,4,63,"(2, 4, 18, 20)",1,1068,probe_repair,"[20, 45, 50, 140, 190, 210, 225, 240, 250, 260, 285, 305, 315, 325, 330]",0.00000000,"[0.00000000, 0.00000000, 0.00000000, 0.00000000]",0.16600000,0.45753571,17->20
4,4,8,4,63,"(2, 4, 18, 20)",2,1232,probe_repair,"[25, 40, 90, 100, 105, 120, 160, 175, 210, 215, 295, 335, 355, 360, 365]",0.00000000,"[0.00000000, 0.00000000, 0.00000000, 0.00000000]",0.11600000,0.44889286,21->18
4,4,8,4,63,"(2, 4, 18, 20)",3,1216,probe_repair,"[5, 50, 80, 90, 125, 180, 200, 220, 235, 245, 275, 295, 325, 340, 365]",0.00000000,"[0.00000000, 0.00000000, 0.00000000, 0.00000000]",0.08300000,0.43757143,7->18
4,4,8,4,63,"(2, 4, 18, 20)",4,951,probe_repair,"[55, 120, 165, 180, 185, 190, 205, 210, 215, 225, 255, 265, 275, 300, 360]",0.00000000,"[0.00000000, 0.00000000, 0.00000000, 0.00000000]",0.13900000,0.44607143,25->20
4,4,8,4,63,"(2, 4, 18, 20)",5,645,probe_repair,"[20, 50, 55, 85, 145, 165, 195, 230, 240, 255, 260, 270, 300, 325, 355]",0.00000000,"[0.00000000, 0.00000000, 0.00000000, 0.00000000]",0.00000000,0.40742857,22->2
4,4,8,4,63,"(2, 4, 18, 20)",6,341,probe_repair,"[15, 25, 40, 55, 85, 110, 135, 140, 180, 185, 260, 290, 300, 305, 365]",0.00000000,"[0.00000000, 0.00000000, 0.00000000, 0.00000000]",0.00000000,0.39850000,15->4
4,4,8,4,63,"(2, 4, 18, 20)",7,871,probe_repair,"[10, 35, 55, 65, 85, 100, 105, 110, 120, 125, 210, 225, 245, 280, 305]",0.00000000,"[0.00000000, 0.00000000, 0.00000000, 0.00000000]",0.15400000,0.43428571,9->20
4,4,8,4,63,"(2, 4, 18, 20)",8,249,probe_repair,"[10, 70, 145, 170, 175, 180, 205, 230, 240, 295, 300, 305, 315, 325, 340]",0.00000000,"[0.00000000, 0.00000000, 0.00000000, 0.00000000]",0.24500000,0.44846429,27->20
4,4,8,4,63,"(2, 4, 18, 20)",9,65,probe_repair,"[5, 15, 30, 45, 50, 65, 130, 135, 160, 200, 240, 250, 265, 285, 335]",0.00000000,"[0.00000000, 0.00000000, 0.00000000, 0.00000000]",0.23700000,0.44614286,15->2
4,4,8,4,63,"(2, 4, 18, 20)",10,1246,probe_repair,"[5, 10, 15, 20, 90, 95, 100, 125, 150, 155, 170, 245, 280, 285, 305]",0.00000000,"[0.00000000, 0.00000000, 0.00000000, 0.00000000]",0.16900000,0.44800000,9->2
4,4,8,4,64,"(5, 11, 15, 16)",1,451,probe_repair,"[65, 75, 80, 95, 110, 120, 155, 175, 220, 235, 245, 285, 300, 315, 360]",0.00000000,"[0.00000000, 0.00000000, 0.00000000, 0.00000000]",0.18700000,0.44258333,18->11
4,4,8,4,64,"(5, 11, 15, 16)",2,4,baseline,"[5, 30, 55, 80, 105, 130, 155, 180, 205, 230, 255, 280, 305, 330, 355]",0.00000000,"[0.00000000, 0.00000000, 0.00000000, 0.00000000]",0.16800000,0.44258333,24->15
4,4,8,4,64,"(5, 11, 15, 16)",3,330,probe_repair,"[20, 40, 60, 130, 135, 145, 155, 160, 190, 230, 250, 255, 300, 325, 340]",0.00000000,"[0.00000000, 0.00000000, 0.00000000, 0.00000000]",0.13200000,0.43898333,20->11
4,4,8,4,64,"(5, 11, 15, 16)",4,164,probe_repair,"[15, 30, 90, 130, 185, 215, 220, 245, 255, 275, 280, 290, 300, 305, 335]",0.00000000,"[0.00000000, 0.00000000, 0.00000000, 0.00000000]",0.14900000,0.44258333,7->15
4,4,8,4,64,"(5, 11, 15, 16)",5,474,probe_repair,"[25, 30, 65, 75, 125, 150, 155, 175, 225, 265, 275, 305, 310, 355, 360]",0.00000000,"[0.00000000, 0.00000000, 0.00000000, 0.00000000]",0.28400000,0.44938333,17->5
4,4,8,4,64,"(5, 11, 15, 16)",6,654,probe_repair,"[15, 55, 60, 110, 115, 125, 140, 165, 170, 200, 295, 305, 310, 325, 335]",0.00000000,"[0.00000000, 0.00000000, 0.00000000, 0.00000000]",0.26700000,0.44101667,26->5
4,4,8,4,64,"(5, 11, 15, 16)",7,548,probe_repair,"[55, 65, 105, 110, 130, 140, 175, 220, 265, 275, 280, 290, 295, 325, 335]",0.00000000,"[0.00000000, 0.00000000, 0.00000000, 0.00000000]",0.20100000,0.44328333,22->5
4,4,8,4,64,"(5, 11, 15, 16)",8,691,probe_repair,"[5, 15, 30, 50, 90, 105, 125, 185, 215, 240, 255, 270, 295, 340, 355]",0.00000000,"[0.00000000, 0.00000000, 0.00000000, 0.00000000]",0.23800000,0.43355000,7->5
4,4,8,4,64,"(5, 11, 15, 16)",9,128,probe_repair,"[10, 20, 40, 125, 130, 160, 180, 200, 215, 245, 265, 290, 310, 355, 365]",0.00000000,"[0.00000000, 0.00000000, 0.00000000, 0.00000000]",0.09600000,0.43105000,21->11
4,4,8,4,64,"(5, 11, 15, 16)",10,201,probe_repair,"[35, 50, 65, 75, 85, 90, 100, 170, 175, 205, 235, 250, 260, 300, 365]",0.00000000,"[0.00000000, 0.00000000, 0.00000000, 0.00000000]",0.16100000,0.43581667,6->5
4,4,8,4,65,"(11, 16, 17, 22)",1,459,probe_repair,"[60, 75, 90, 95, 100, 105, 185, 215, 225, 245, 265, 320, 340, 350, 355]",0.00000000,"[0.00000000, 0.00000000, 0.00000000, 0.00000000]",0.28500000,0.45107143,6->16
4,4,8,4,65,"(11, 16, 17, 22)",2,682,probe_repair,"[15, 35, 50, 65, 70, 125, 135, 190, 225, 230, 240, 325, 330, 340, 355]",0.00000000,"[0.00000000, 0.00000000, 0.00000000, 0.00000000]",0.20900000,0.44075000,4->17
4,4,8,4,65,"(11, 16, 17, 22)",3,1450,probe_repair,"[25, 70, 85, 95, 135, 145, 150, 165, 175, 190, 230, 260, 290, 340, 355]",0.00000000,"[0.00000000, 0.00000000, 0.00000000, 0.00000000]",0.13200000,0.43039286,7->22
4,4,8,4,65,"(11, 16, 17, 22)",4,684,probe_repair,"[15, 35, 50, 65, 70, 125, 135, 190, 225, 230, 240, 325, 330, 340, 355]",0.00000000,"[0.00000000, 0.00000000, 0.00000000, 0.00000000]",0.21200000,0.44267857,4->17
4,4,8,4,65,"(11, 16, 17, 22)",5,104,probe_repair,"[20, 60, 85, 95, 150, 190, 205, 235, 240, 320, 330, 335, 340, 350, 360]",0.00000000,"[0.00000000, 0.00000000, 0.00000000, 0.00000000]",0.20700000,0.43771429,26->16
4,4,8,4,65,"(11, 16, 17, 22)",6,909,probe_repair,"[15, 35, 95, 105, 110, 150, 160, 220, 235, 275, 285, 300, 305, 325, 340]",0.00000000,"[0.00000000, 0.00000000, 0.00000000, 0.00000000]",0.00000000,0.39239286,4->22
4,4,8,4,65,"(11, 16, 17, 22)",7,68,probe_repair,"[5, 40, 60, 65, 85, 110, 115, 130, 155, 185, 245, 260, 330, 340, 365]",0.00000000,"[0.00000000, 0.00000000, 0.00000000, 0.00000000]",0.25100000,0.44028571,28->16
4,4,8,4,65,"(11, 16, 17, 22)",8,1571,probe_repair,"[30, 35, 40, 50, 55, 75, 80, 85, 125, 175, 200, 220, 230, 310, 345]",0.00000000,"[0.00000000, 0.00000000, 0.00000000, 0.00000000]",0.02200000,0.44750000,15->22
4,4,8,4,65,"(11, 16, 17, 22)",9,645,probe_repair,"[5, 10, 25, 50, 55, 105, 160, 185, 200, 215, 225, 230, 265, 280, 345]",0.00000000,"[0.00000000, 0.00000000, 0.00000000, 0.00000000]",0.05900000,0.39857143,18->16
4,4,8,4,65,"(11, 16, 17, 22)",10,1253,probe_repair,"[10, 40, 50, 65, 85, 140, 195, 205, 210, 215, 275, 315, 325, 350, 355]",0.00000000,"[0.00000000, 0.00000000, 0.00000000, 0.00000000]",0.00000000,0.38850000,4->17
4,4,8,4,66,"(9, 21, 24, 27)",1,424,probe_repair,"[15, 50, 65, 95, 105, 130, 135, 150, 180, 220, 235, 275, 305, 335, 355]",0.00000000,"[0.00000000, 0.00000000, 0.00000000, 0.00000000]",0.23700000,0.44260714,17->21
4,4,8,4,66,"(9, 21, 24, 27)",2,949,probe_repair,"[5, 100, 110, 130, 140, 150, 155, 160, 165, 220, 240, 255, 270, 315, 355]",0.00000000,"[0.00000000, 0.00000000, 0.00000000, 0.00000000]",0.00000000,0.39514286,22->9
4,4,8,4,66,"(9, 21, 24, 27)",3,425,probe_repair,"[15, 50, 65, 95, 105, 130, 135, 150, 180, 220, 235, 275, 305, 335, 355]",0.00000000,"[0.00000000, 0.00000000, 0.00000000, 0.00000000]",0.18800000,0.44160714,17->21
4,4,8,4,66,"(9, 21, 24, 27)",4,1398,probe_repair,"[35, 75, 85, 115, 135, 215, 240, 250, 255, 270, 285, 300, 330, 345, 355]",0.00000000,"[0.00000000, 0.00000000, 0.00000000, 0.00000000]",0.13500000,0.44692857,17->21
4,4,8,4,66,"(9, 21, 24, 27)",5,1529,probe_repair,"[25, 80, 105, 110, 115, 120, 140, 165, 205, 225, 240, 245, 290, 320, 365]",0.00000000,"[0.00000000, 0.00000000, 0.00000000, 0.00000000]",0.17400000,0.43246429,22->24
4,4,8,4,66,"(9, 21, 24, 27)",6,243,probe_repair,"[60, 70, 85, 100, 110, 130, 155, 185, 205, 230, 235, 245, 285, 335, 340]",0.00000000,"[0.00000000, 0.00000000, 0.00000000, 0.00000000]",0.10800000,0.43942857,25->9
4,4,8,4,66,"(9, 21, 24, 27)",7,1180,probe_repair,"[5, 45, 50, 65, 70, 80, 105, 115, 130, 140, 170, 185, 230, 250, 300]",0.00000000,"[0.00000000, 0.00000000, 0.00000000, 0.00000000]",0.23000000,0.45817857,20->27
4,4,8,4,66,"(9, 21, 24, 27)",8,114,probe_repair,"[15, 60, 95, 115, 120, 130, 135, 155, 165, 170, 195, 285, 305, 325, 355]",0.00000000,"[0.00000000, 0.00000000, 0.00000000, 0.00000000]",0.19800000,0.44721429,20->24
4,4,8,4,66,"(9, 21, 24, 27)",9,1002,probe_repair,"[25, 30, 40, 65, 75, 80, 115, 130, 160, 265, 270, 310, 315, 320, 335]",0.00000000,"[0.00000000, 0.00000000, 0.00000000, 0.00000000]",0.12600000,0.44050000,7->21
4,4,8,4,66,"(9, 21, 24, 27)",10,645,probe_repair,"[10, 15, 35, 60, 70, 80, 85, 95, 125, 135, 160, 230, 240, 275, 350]",0.00000000,"[0.00000000, 0.00000000, 0.00000000, 0.00000000]",0.07300000,0.39525000,20->27
