k,real_k,effective_k,virtual_stream_count,sample_index,position_combination,selection_rank,candidate_id,source,probes,authorized_max_ber,authorized_position_bers,candidate_min_route_min_ber,candidate_avg_route_min_ber,worst_route
10,10,10,0,1,"(1, 2, 5, 6, 16, 17, 20, 22, 24, 25)",1,21,probe_repair,"[10, 55, 115, 135, 175, 180, 185, 190, 230, 240, 250, 255, 280, 300, 305]",0.00000000,"[0.00000000, 0.00000000, 0.00000000, 0.00000000, 0.00000000, 0.00000000, 0.00000000, 0.00000000, 0.00000000, 0.00000000]",0.24600000,0.45510000,26->2
10,10,10,0,1,"(1, 2, 5, 6, 16, 17, 20, 22, 24, 25)",2,69,probe_repair,"[10, 30, 40, 75, 95, 110, 120, 130, 145, 165, 180, 245, 250, 255, 360]",0.00000000,"[0.00000000, 0.00000000, 0.00000000, 0.00000000, 0.00000000, 0.00000000, 0.00000000, 0.00000000, 0.00000000, 0.00000000]",0.05700000,0.44766000,21->1
10,10,10,0,1,"(1, 2, 5, 6, 16, 17, 20, 22, 24, 25)",3,37,probe_repair,"[35, 45, 65, 85, 110, 115, 135, 160, 165, 235, 245, 250, 260, 280, 365]",0.00000000,"[0.00000000, 0.00000000, 0.00000000, 0.00000000, 0.00000000, 0.00000000, 0.00000000, 0.00000000, 0.00000000, 0.00000000]",0.26200000,0.45090000,28->25
10,10,10,0,1,"(1, 2, 5, 6, 16, 17, 20, 22, 24, 25)",4,53,probe_repair,"[5, 40, 110, 120, 135, 150, 155, 165, 175, 180, 285, 290, 330, 345, 360]",0.00000000,"[0.00000000, 0.00000000, 0.00000000, 0.00000000, 0.00000000, 0.00000000, 0.00000000, 0.00000000, 0.00000000, 0.00000000]",0.12600000,0.44476000,11->2
10,10,10,0,1,"(1, 2, 5, 6, 16, 17, 20, 22, 24, 25)",5,45,probe_repair,"[25, 40, 50, 60, 95, 110, 120, 140, 150, 175, 180, 200, 240, 260, 355]",0.00000000,"[0.00000000, 0.00000000, 0.00000000, 0.00000000, 0.00000000, 0.00000000, 0.00000000, 0.00000000, 0.00000000, 0.00000000]",0.13400000,0.45126000,18->2
10,10,10,0,2,"(2, 5, 6, 7, 9, 15, 22, 24, 27, 28)",1,93,probe_repair,"[5, 30, 40, 45, 60, 65, 85, 165, 185, 245, 280, 295, 325, 330, 365]",0.00000000,"[0.00000000, 0.00000000, 0.00000000, 0.00000000, 0.00000000, 0.00000000, 0.00000000, 0.00000000, 0.00000000, 0.00000000]",0.20100000,0.44683333,20->7
10,10,10,0,2,"(2, 5, 6, 7, 9, 15, 22, 24, 27, 28)",2,85,probe_repair,"[20, 30, 50, 55, 110, 130, 135, 155, 170, 190, 240, 285, 300, 310, 345]",0.00000000,"[0.00000000, 0.00000000, 0.00000000, 0.00000000, 0.00000000, 0.00000000, 0.00000000, 0.00000000, 0.00000000, 0.00000000]",0.20500000,0.44607778,11->2
10,10,10,0,2,"(2, 5, 6, 7, 9, 15, 22, 24, 27, 28)",3,29,probe_repair,"[45, 75, 85, 185, 205, 210, 230, 235, 240, 245, 255, 315, 330, 335, 345]",0.00000000,"[0.00000000, 0.00000000, 0.00000000, 0.00000000, 0.00000000, 0.00000000, 0.00000000, 0.00000000, 0.00000000, 0.00000000]",0.10400000,0.44996667,26->2
10,10,10,0,2,"(2, 5, 6, 7, 9, 15, 22, 24, 27, 28)",4,69,probe_repair,"[20, 45, 50, 75, 85, 95, 105, 110, 125, 140, 165, 250, 305, 310, 325]",0.00000000,"[0.00000000, 0.00000000, 0.00000000, 0.00000000, 0.00000000, 0.00000000, 0.00000000, 0.00000000, 0.00000000, 0.00000000]",0.19200000,0.44630000,11->2
10,10,10,0,2,"(2, 5, 6, 7, 9, 15, 22, 24, 27, 28)",5,125,probe_repair,"[25, 60, 80, 100, 105, 115, 135, 140, 200, 220, 235, 255, 315, 340, 345]",0.00000000,"[0.00000000, 0.00000000, 0.00000000, 0.00000000, 0.00000000, 0.00000000, 0.00000000, 0.00000000, 0.00000000, 0.00000000]",0.12000000,0.44138889,26->6
10,10,10,0,2,"(2, 5, 6, 7, 9, 15, 22, 24, 27, 28)",6,45,probe_repair,"[20, 25, 45, 100, 105, 125, 180, 190, 255, 260, 280, 285, 290, 295, 300]",0.00000000,"[0.00000000, 0.00000000, 0.00000000, 0.00000000, 0.00000000, 0.00000000, 0.00000000, 0.00000000, 0.00000000, 0.00000000]",0.21500000,0.45030000,16->5
10,10,10,0,2,"(2, 5, 6, 7, 9, 15, 22, 24, 27, 28)",7,149,probe_repair,"[10, 15, 30, 65, 135, 150, 170, 180, 185, 205, 210, 295, 300, 330, 335]",0.00000000,"[0.00000000, 0.00000000, 0.00000000, 0.00000000, 0.00000000, 0.00000000, 0.00000000, 0.00000000, 0.00000000, 0.00000000]",0.13500000,0.45187778,16->24
10,10,10,0,2,"(2, 5, 6, 7, 9, 15, 22, 24, 27, 28)",8,53,probe_repair,"[5, 30, 130, 135, 140, 165, 170, 190, 220, 230, 250, 285, 310, 330, 340]",0.00000000,"[0.00000000, 0.00000000, 0.00000000, 0.00000000, 0.00000000, 0.00000000, 0.00000000, 0.00000000, 0.00000000, 0.00000000]",0.22800000,0.45014444,11->28
10,10,10,0,2,"(2, 5, 6, 7, 9, 15, 22, 24, 27, 28)",9,141,probe_repair,"[30, 35, 45, 55, 85, 95, 105, 185, 200, 240, 280, 300, 325, 330, 335]",0.00000000,"[0.00000000, 0.00000000, 0.00000000, 0.00000000, 0.00000000, 0.00000000, 0.00000000, 0.00000000, 0.00000000, 0.00000000]",0.13000000,0.45143333,16->7
10,10,10,0,3,"(1, 5, 9, 16, 17, 18, 22, 25, 26, 27)",1,37,probe_repair,"[40, 75, 95, 105, 110, 125, 140, 190, 205, 300, 325, 330, 355, 360, 365]",0.00000000,"[0.00000000, 0.00000000, 0.00000000, 0.00000000, 0.00000000, 0.00000000, 0.00000000, 0.00000000, 0.00000000, 0.00000000]",0.22000000,0.45328000,11->5
10,10,10,0,3,"(1, 5, 9, 16, 17, 18, 22, 25, 26, 27)",2,61,probe_repair,"[5, 55, 110, 115, 135, 140, 175, 185, 200, 230, 265, 275, 285, 310, 360]",0.00000000,"[0.00000000, 0.00000000, 0.00000000, 0.00000000, 0.00000000, 0.00000000, 0.00000000, 0.00000000, 0.00000000, 0.00000000]",0.02100000,0.44866000,20->25
10,10,10,0,3,"(1, 5, 9, 16, 17, 18, 22, 25, 26, 27)",3,21,probe_repair,"[30, 80, 115, 125, 135, 155, 190, 225, 255, 275, 285, 290, 295, 330, 365]",0.00000000,"[0.00000000, 0.00000000, 0.00000000, 0.00000000, 0.00000000, 0.00000000, 0.00000000, 0.00000000, 0.00000000, 0.00000000]",0.14600000,0.44550000,2->22
10,10,10,0,3,"(1, 5, 9, 16, 17, 18, 22, 25, 26, 27)",4,29,probe_repair,"[5, 15, 25, 45, 60, 80, 90, 100, 155, 165, 170, 205, 265, 300, 335]",0.00000000,"[0.00000000, 0.00000000, 0.00000000, 0.00000000, 0.00000000, 0.00000000, 0.00000000, 0.00000000, 0.00000000, 0.00000000]",0.06200000,0.44818000,24->22
10,10,10,0,4,"(2, 9, 11, 15, 16, 18, 20, 24, 26, 27)",1,101,probe_repair,"[15, 25, 85, 105, 175, 180, 195, 200, 225, 230, 255, 265, 290, 335, 345]",0.00000000,"[0.00000000, 0.00000000, 0.00000000, 0.00000000, 0.00000000, 0.00000000, 0.00000000, 0.00000000, 0.00000000, 0.00000000]",0.09500000,0.45967500,17->24
10,10,10,0,4,"(2, 9, 11, 15, 16, 18, 20, 24, 26, 27)",2,141,probe_repair,"[10, 30, 70, 85, 95, 130, 160, 175, 190, 205, 225, 260, 305, 325, 360]",0.00000000,"[0.00000000, 0.00000000, 0.00000000, 0.00000000, 0.00000000, 0.00000000, 0.00000000, 0.00000000, 0.00000000, 0.00000000]",0.19100000,0.46072500,21->2
10,10,10,0,4,"(2, 9, 11, 15, 16, 18, 20, 24, 26, 27)",3,317,probe_repair,"[30, 40, 45, 85, 90, 95, 115, 125, 165, 180, 225, 280, 305, 315, 340]",0.00000000,"[0.00000000, 0.00000000, 0.00000000, 0.00000000, 0.00000000, 0.00000000, 0.00000000, 0.00000000, 0.00000000, 0.00000000]",0.12000000,0.44995000,4->27
10,10,10,0,4,"(2, 9, 11, 15, 16, 18, 20, 24, 26, 27)",4,157,probe_repair,"[35, 120, 140, 150, 190, 200, 210, 215, 230, 240, 265, 270, 275, 310, 350]",0.00000000,"[0.00000000, 0.00000000, 0.00000000, 0.00000000, 0.00000000, 0.00000000, 0.00000000, 0.00000000, 0.00000000, 0.00000000]",0.24500000,0.45272500,25->9
10,10,10,0,4,"(2, 9, 11, 15, 16, 18, 20, 24, 26, 27)",5,269,probe_repair,"[10, 20, 65, 75, 80, 90, 130, 135, 185, 205, 210, 235, 290, 335, 345]",0.00000000,"[0.00000000, 0.00000000, 0.00000000, 0.00000000, 0.00000000, 0.00000000, 0.00000000, 0.00000000, 0.00000000, 0.00000000]",0.13500000,0.44750000,28->20
10,10,10,0,4,"(2, 9, 11, 15, 16, 18, 20, 24, 26, 27)",6,77,probe_repair,"[25, 30, 50, 65, 70, 90, 100, 140, 195, 210, 215, 230, 260, 295, 360]",0.00000000,"[0.00000000, 0.00000000, 0.00000000, 0.00000000, 0.00000000, 0.00000000, 0.00000000, 0.00000000, 0.00000000, 0.00000000]",0.14300000,0.44942500,25->26
10,10,10,0,4,"(2, 9, 11, 15, 16, 18, 20, 24, 26, 27)",7,189,probe_repair,"[5, 20, 30, 35, 70, 140, 145, 150, 185, 200, 250, 270, 350, 360, 365]",0.00000000,"[0.00000000, 0.00000000, 0.00000000, 0.00000000, 0.00000000, 0.00000000, 0.00000000, 0.00000000, 0.00000000, 0.00000000]",0.10500000,0.44497500,17->16
10,10,10,0,4,"(2, 9, 11, 15, 16, 18, 20, 24, 26, 27)",8,285,probe_repair,"[15, 20, 40, 60, 100, 145, 155, 175, 190, 225, 275, 285, 290, 355, 365]",0.00000000,"[0.00000000, 0.00000000, 0.00000000, 0.00000000, 0.00000000, 0.00000000, 0.00000000, 0.00000000, 0.00000000, 0.00000000]",0.06800000,0.44505000,7->26
10,10,10,0,4,"(2, 9, 11, 15, 16, 18, 20, 24, 26, 27)",9,69,probe_repair,"[10, 30, 35, 55, 75, 100, 115, 130, 135, 210, 240, 315, 335, 345, 355]",0.00000000,"[0.00000000, 0.00000000, 0.00000000, 0.00000000, 0.00000000, 0.00000000, 0.00000000, 0.00000000, 0.00000000, 0.00000000]",0.08800000,0.44812500,22->18
10,10,10,0,4,"(2, 9, 11, 15, 16, 18, 20, 24, 26, 27)",10,125,probe_repair,"[5, 15, 25, 40, 75, 90, 105, 145, 155, 165, 180, 235, 250, 305, 335]",0.00000000,"[0.00000000, 0.00000000, 0.00000000, 0.00000000, 0.00000000, 0.00000000, 0.00000000, 0.00000000, 0.00000000, 0.00000000]",0.26000000,0.45695000,28->16
10,10,10,0,5,"(1, 6, 7, 16, 18, 20, 22, 24, 25, 26)",1,61,probe_repair,"[25, 60, 85, 100, 115, 120, 155, 170, 190, 230, 260, 265, 290, 305, 310]",0.00000000,"[0.00000000, 0.00000000, 0.00000000, 0.00000000, 0.00000000, 0.00000000, 0.00000000, 0.00000000, 0.00000000, 0.00000000]",0.14400000,0.44861111,4->18
10,10,10,0,5,"(1, 6, 7, 16, 18, 20, 22, 24, 25, 26)",2,77,probe_repair,"[40, 45, 60, 160, 170, 175, 195, 210, 230, 245, 255, 330, 350, 355, 360]",0.00000000,"[0.00000000, 0.00000000, 0.00000000, 0.00000000, 0.00000000, 0.00000000, 0.00000000, 0.00000000, 0.00000000, 0.00000000]",0.14700000,0.45518889,27->16
10,10,10,0,5,"(1, 6, 7, 16, 18, 20, 22, 24, 25, 26)",3,21,probe_repair,"[5, 15, 25, 90, 95, 135, 150, 190, 220, 225, 230, 255, 305, 310, 355]",0.00000000,"[0.00000000, 0.00000000, 0.00000000, 0.00000000, 0.00000000, 0.00000000, 0.00000000, 0.00000000, 0.00000000, 0.00000000]",0.21100000,0.45021111,15->18
10,10,10,0,5,"(1, 6, 7, 16, 18, 20, 22, 24, 25, 26)",4,29,probe_repair,"[10, 30, 45, 110, 125, 130, 135, 180, 200, 210, 235, 250, 280, 325, 360]",0.00000000,"[0.00000000, 0.00000000, 0.00000000, 0.00000000, 0.00000000, 0.00000000, 0.00000000, 0.00000000, 0.00000000, 0.00000000]",0.17500000,0.44990000,15->1
10,10,10,0,5,"(1, 6, 7, 16, 18, 20, 22, 24, 25, 26)",5,37,probe_repair,"[25, 70, 120, 200, 205, 210, 220, 225, 230, 240, 320, 335, 340, 355, 360]",0.00000000,"[0.00000000, 0.00000000, 0.00000000, 0.00000000, 0.00000000, 0.00000000, 0.00000000, 0.00000000, 0.00000000, 0.00000000]",0.19200000,0.44794444,21->18
10,10,10,0,5,"(1, 6, 7, 16, 18, 20, 22, 24, 25, 26)",6,93,probe_repair,"[5, 45, 55, 105, 140, 150, 180, 210, 235, 250, 265, 275, 295, 320, 325]",0.00000000,"[0.00000000, 0.00000000, 0.00000000, 0.00000000, 0.00000000, 0.00000000, 0.00000000, 0.00000000, 0.00000000, 0.00000000]",0.25200000,0.45347778,4->26
10,10,10,0,5,"(1, 6, 7, 16, 18, 20, 22, 24, 25, 26)",7,69,probe_repair,"[15, 35, 45, 90, 105, 110, 120, 155, 160, 240, 245, 250, 265, 275, 345]",0.00000000,"[0.00000000, 0.00000000, 0.00000000, 0.00000000, 0.00000000, 0.00000000, 0.00000000, 0.00000000, 0.00000000, 0.00000000]",0.03400000,0.44858889,27->1
10,10,10,0,5,"(1, 6, 7, 16, 18, 20, 22, 24, 25, 26)",8,1,baseline,"[5, 30, 55, 80, 105, 130, 155, 180, 205, 230, 255, 280, 305, 330, 355]",0.00000000,"[0.00000000, 0.00000000, 0.00000000, 0.00000000, 0.00000000, 0.00000000, 0.00000000, 0.00000000, 0.00000000, 0.00000000]",0.22600000,0.44103333,27->1
10,10,10,0,6,"(1, 2, 4, 5, 9, 16, 17, 18, 27, 28)",1,69,probe_repair,"[15, 40, 60, 100, 105, 115, 125, 170, 180, 185, 205, 230, 235, 265, 290]",0.00000000,"[0.00000000, 0.00000000, 0.00000000, 0.00000000, 0.00000000, 0.00000000, 0.00000000, 0.00000000, 0.00000000, 0.00000000]",0.14600000,0.45256000,6->27
10,10,10,0,6,"(1, 2, 4, 5, 9, 16, 17, 18, 27, 28)",2,1,baseline,"[5, 30, 55, 80, 105, 130, 155, 180, 205, 230, 255, 280, 305, 330, 355]",0.00000000,"[0.00000000, 0.00000000, 0.00000000, 0.00000000, 0.00000000, 0.00000000, 0.00000000, 0.00000000, 0.00000000, 0.00000000]",0.05900000,0.44760000,15->5
10,10,10,0,6,"(1, 2, 4, 5, 9, 16, 17, 18, 27, 28)",3,77,probe_repair,"[10, 30, 45, 55, 90, 130, 160, 185, 220, 225, 230, 240, 250, 260, 335]",0.00000000,"[0.00000000, 0.00000000, 0.00000000, 0.00000000, 0.00000000, 0.00000000, 0.00000000, 0.00000000, 0.00000000, 0.00000000]",0.18900000,0.45126000,26->5
10,10,10,0,6,"(1, 2, 4, 5, 9, 16, 17, 18, 27, 28)",4,53,probe_repair,"[30, 35, 40, 50, 65, 115, 135, 170, 205, 265, 275, 325, 355, 360, 365]",0.00000000,"[0.00000000, 0.00000000, 0.00000000, 0.00000000, 0.00000000, 0.00000000, 0.00000000, 0.00000000, 0.00000000, 0.00000000]",0.28000000,0.44526000,21->28
10,10,10,0,6,"(1, 2, 4, 5, 9, 16, 17, 18, 27, 28)",5,61,probe_repair,"[10, 55, 65, 80, 90, 115, 120, 160, 185, 190, 230, 255, 330, 360, 365]",0.00000000,"[0.00000000, 0.00000000, 0.00000000, 0.00000000, 0.00000000, 0.00000000, 0.00000000, 0.00000000, 0.00000000, 0.00000000]",0.20800000,0.44978000,21->4
10,10,10,0,6,"(1, 2, 4, 5, 9, 16, 17, 18, 27, 28)",6,37,probe_repair,"[5, 50, 55, 60, 90, 115, 125, 130, 175, 185, 200, 280, 285, 290, 305]",0.00000000,"[0.00000000, 0.00000000, 0.00000000, 0.00000000, 0.00000000, 0.00000000, 0.00000000, 0.00000000, 0.00000000, 0.00000000]",0.24500000,0.45216000,15->9
10,10,10,0,6,"(1, 2, 4, 5, 9, 16, 17, 18, 27, 28)",7,29,probe_repair,"[5, 10, 15, 30, 55, 100, 105, 120, 175, 245, 295, 340, 345, 355, 360]",0.00000000,"[0.00000000, 0.00000000, 0.00000000, 0.00000000, 0.00000000, 0.00000000, 0.00000000, 0.00000000, 0.00000000, 0.00000000]",0.19900000,0.45368000,7->1
10,10,10,0,7,"(1, 2, 5, 6, 7, 9, 16, 18, 20, 25)",1,53,probe_repair,"[45, 100, 125, 130, 140, 155, 165, 185, 210, 220, 225, 230, 265, 290, 360]",0.00000000,"[0.00000000, 0.00000000, 0.00000000, 0.00000000, 0.00000000, 0.00000000, 0.00000000, 0.00000000, 0.00000000, 0.00000000]",0.06400000,0.45016000,22->6
10,10,10,0,7,"(1, 2, 5, 6, 7, 9, 16, 18, 20, 25)",2,45,probe_repair,"[5, 80, 95, 100, 115, 125, 140, 160, 170, 225, 260, 275, 310, 325, 360]",0.00000000,"[0.00000000, 0.00000000, 0.00000000, 0.00000000, 0.00000000, 0.00000000, 0.00000000, 0.00000000, 0.00000000, 0.00000000]",0.13400000,0.45044000,11->6
10,10,10,0,7,"(1, 2, 5, 6, 7, 9, 16, 18, 20, 25)",3,61,probe_repair,"[10, 75, 80, 95, 100, 145, 200, 210, 225, 240, 255, 295, 345, 355, 365]",0.00000000,"[0.00000000, 0.00000000, 0.00000000, 0.00000000, 0.00000000, 0.00000000, 0.00000000, 0.00000000, 0.00000000, 0.00000000]",0.10800000,0.44820000,24->25
10,10,10,0,7,"(1, 2, 5, 6, 7, 9, 16, 18, 20, 25)",4,29,probe_repair,"[5, 10, 15, 40, 65, 125, 140, 150, 170, 175, 260, 265, 295, 300, 305]",0.00000000,"[0.00000000, 0.00000000, 0.00000000, 0.00000000, 0.00000000, 0.00000000, 0.00000000, 0.00000000, 0.00000000, 0.00000000]",0.21500000,0.45500000,27->25
10,10,10,0,7,"(1, 2, 5, 6, 7, 9, 16, 18, 20, 25)",5,21,probe_repair,"[25, 45, 65, 80, 150, 160, 165, 170, 205, 265, 280, 290, 330, 345, 365]",0.00000000,"[0.00000000, 0.00000000, 0.00000000, 0.00000000, 0.00000000, 0.00000000, 0.00000000, 0.00000000, 0.00000000, 0.00000000]",0.16800000,0.44290000,28->9
10,10,10,0,7,"(1, 2, 5, 6, 7, 9, 16, 18, 20, 25)",6,1,baseline,"[5, 30, 55, 80, 105, 130, 155, 180, 205, 230, 255, 280, 305, 330, 355]",0.00000000,"[0.00000000, 0.00000000, 0.00000000, 0.00000000, 0.00000000, 0.00000000, 0.00000000, 0.00000000, 0.00000000, 0.00000000]",0.06700000,0.44588000,15->5
10,10,10,0,8,"(1, 6, 7, 11, 16, 18, 20, 21, 25, 28)",1,21,probe_repair,"[45, 55, 95, 100, 135, 155, 170, 175, 205, 220, 255, 320, 330, 350, 355]",0.00000000,"[0.00000000, 0.00000000, 0.00000000, 0.00000000, 0.00000000, 0.00000000, 0.00000000, 0.00000000, 0.00000000, 0.00000000]",0.22700000,0.45276667,26->18
10,10,10,0,8,"(1, 6, 7, 11, 16, 18, 20, 21, 25, 28)",2,45,probe_repair,"[5, 25, 50, 75, 120, 135, 170, 195, 205, 230, 330, 340, 345, 350, 365]",0.00000000,"[0.00000000, 0.00000000, 0.00000000, 0.00000000, 0.00000000, 0.00000000, 0.00000000, 0.00000000, 0.00000000, 0.00000000]",0.11300000,0.44363333,17->1
10,10,10,0,8,"(1, 6, 7, 11, 16, 18, 20, 21, 25, 28)",3,1,baseline,"[5, 30, 55, 80, 105, 130, 155, 180, 205, 230, 255, 280, 305, 330, 355]",0.00000000,"[0.00000000, 0.00000000, 0.00000000, 0.00000000, 0.00000000, 0.00000000, 0.00000000, 0.00000000, 0.00000000, 0.00000000]",0.14100000,0.45316667,27->1
10,10,10,0,8,"(1, 6, 7, 11, 16, 18, 20, 21, 25, 28)",4,29,probe_repair,"[5, 10, 15, 70, 80, 85, 115, 155, 185, 205, 230, 255, 275, 310, 345]",0.00000000,"[0.00000000, 0.00000000, 0.00000000, 0.00000000, 0.00000000, 0.00000000, 0.00000000, 0.00000000, 0.00000000, 0.00000000]",0.09500000,0.44434444,27->11
10,10,10,0,9,"(1, 7, 11, 17, 18, 20, 21, 25, 26, 27)",1,221,probe_repair,"[15, 45, 50, 105, 110, 135, 145, 160, 170, 240, 300, 330, 345, 350, 360]",0.00000000,"[0.00000000, 0.00000000, 0.00000000, 0.00000000, 0.00000000, 0.00000000, 0.00000000, 0.00000000, 0.00000000, 0.00000000]",0.20900000,0.45870000,9->26
10,10,10,0,9,"(1, 7, 11, 17, 18, 20, 21, 25, 26, 27)",2,645,probe_repair,"[50, 55, 60, 80, 100, 115, 140, 150, 165, 180, 225, 230, 290, 305, 360]",0.00000000,"[0.00000000, 0.00000000, 0.00000000, 0.00000000, 0.00000000, 0.00000000, 0.00000000, 0.00000000, 0.00000000, 0.00000000]",0.21700000,0.45085556,4->27
10,10,10,0,9,"(1, 7, 11, 17, 18, 20, 21, 25, 26, 27)",3,21,probe_repair,"[30, 55, 65, 70, 95, 110, 125, 135, 185, 205, 210, 260, 275, 320, 350]",0.00000000,"[0.00000000, 0.00000000, 0.00000000, 0.00000000, 0.00000000, 0.00000000, 0.00000000, 0.00000000, 0.00000000, 0.00000000]",0.07600000,0.44363333,16->17
10,10,10,0,9,"(1, 7, 11, 17, 18, 20, 21, 25, 26, 27)",4,245,probe_repair,"[25, 50, 55, 65, 105, 130, 165, 190, 195, 235, 250, 320, 350, 355, 360]",0.00000000,"[0.00000000, 0.00000000, 0.00000000, 0.00000000, 0.00000000, 0.00000000, 0.00000000, 0.00000000, 0.00000000, 0.00000000]",0.16300000,0.44556667,6->26
10,10,10,0,9,"(1, 7, 11, 17, 18, 20, 21, 25, 26, 27)",5,597,probe_repair,"[5, 15, 55, 65, 105, 160, 175, 180, 205, 250, 300, 325, 330, 335, 355]",0.00000000,"[0.00000000, 0.00000000, 0.00000000, 0.00000000, 0.00000000, 0.00000000, 0.00000000, 0.00000000, 0.00000000, 0.00000000]",0.10700000,0.44012222,4->20
10,10,10,0,9,"(1, 7, 11, 17, 18, 20, 21, 25, 26, 27)",6,565,probe_repair,"[55, 70, 75, 110, 165, 195, 200, 220, 225, 240, 260, 295, 300, 320, 340]",0.00000000,"[0.00000000, 0.00000000, 0.00000000, 0.00000000, 0.00000000, 0.00000000, 0.00000000, 0.00000000, 0.00000000, 0.00000000]",0.16100000,0.44536667,24->18
10,10,10,0,9,"(1, 7, 11, 17, 18, 20, 21, 25, 26, 27)",7,197,probe_repair,"[40, 50, 90, 95, 100, 145, 165, 170, 185, 210, 235, 265, 280, 325, 340]",0.00000000,"[0.00000000, 0.00000000, 0.00000000, 0.00000000, 0.00000000, 0.00000000, 0.00000000, 0.00000000, 0.00000000, 0.00000000]",0.21900000,0.44447778,28->25
10,10,10,0,9,"(1, 7, 11, 17, 18, 20, 21, 25, 26, 27)",8,557,probe_repair,"[10, 35, 40, 55, 80, 105, 145, 150, 160, 225, 230, 260, 290, 340, 350]",0.00000000,"[0.00000000, 0.00000000, 0.00000000, 0.00000000, 0.00000000, 0.00000000, 0.00000000, 0.00000000, 0.00000000, 0.00000000]",0.19000000,0.44510000,22->17
10,10,10,0,9,"(1, 7, 11, 17, 18, 20, 21, 25, 26, 27)",9,317,probe_repair,"[5, 15, 30, 45, 50, 60, 70, 75, 115, 200, 205, 220, 250, 265, 295]",0.00000000,"[0.00000000, 0.00000000, 0.00000000, 0.00000000, 0.00000000, 0.00000000, 0.00000000, 0.00000000, 0.00000000, 0.00000000]",0.19300000,0.45272222,22->26
10,10,10,0,9,"(1, 7, 11, 17, 18, 20, 21, 25, 26, 27)",10,605,probe_repair,"[5, 15, 50, 65, 70, 85, 150, 160, 170, 185, 230, 245, 255, 300, 320]",0.00000000,"[0.00000000, 0.00000000, 0.00000000, 0.00000000, 0.00000000, 0.00000000, 0.00000000, 0.00000000, 0.00000000, 0.00000000]",0.14700000,0.45683333,24->25
10,10,10,0,10,"(1, 2, 5, 11, 15, 16, 17, 20, 22, 25)",1,101,probe_repair,"[5, 30, 40, 60, 65, 110, 125, 155, 175, 210, 220, 290, 300, 335, 365]",0.00000000,"[0.00000000, 0.00000000, 0.00000000, 0.00000000, 0.00000000, 0.00000000, 0.00000000, 0.00000000, 0.00000000, 0.00000000]",0.15400000,0.44484000,26->20
10,10,10,0,10,"(1, 2, 5, 11, 15, 16, 17, 20, 22, 25)",2,21,probe_repair,"[50, 55, 60, 85, 90, 110, 120, 170, 245, 255, 300, 305, 325, 330, 355]",0.00000000,"[0.00000000, 0.00000000, 0.00000000, 0.00000000, 0.00000000, 0.00000000, 0.00000000, 0.00000000, 0.00000000, 0.00000000]",0.03200000,0.44786000,24->5
10,10,10,0,10,"(1, 2, 5, 11, 15, 16, 17, 20, 22, 25)",3,29,probe_repair,"[10, 30, 35, 50, 55, 90, 95, 130, 150, 170, 205, 230, 245, 305, 340]",0.00000000,"[0.00000000, 0.00000000, 0.00000000, 0.00000000, 0.00000000, 0.00000000, 0.00000000, 0.00000000, 0.00000000, 0.00000000]",0.13000000,0.44924000,28->20
10,10,10,0,10,"(1, 2, 5, 11, 15, 16, 17, 20, 22, 25)",4,277,probe_repair,"[15, 35, 50, 90, 120, 175, 200, 205, 210, 240, 260, 280, 325, 340, 355]",0.00000000,"[0.00000000, 0.00000000, 0.00000000, 0.00000000, 0.00000000, 0.00000000, 0.00000000, 0.00000000, 0.00000000, 0.00000000]",0.21800000,0.45166000,7->25
10,10,10,0,10,"(1, 2, 5, 11, 15, 16, 17, 20, 22, 25)",5,141,probe_repair,"[5, 15, 55, 80, 165, 175, 200, 220, 230, 245, 280, 285, 290, 300, 355]",0.00000000,"[0.00000000, 0.00000000, 0.00000000, 0.00000000, 0.00000000, 0.00000000, 0.00000000, 0.00000000, 0.00000000, 0.00000000]",0.07300000,0.44648000,4->15
10,10,10,0,10,"(1, 2, 5, 11, 15, 16, 17, 20, 22, 25)",6,93,probe_repair,"[5, 75, 100, 140, 145, 165, 170, 185, 200, 255, 285, 335, 355, 360, 365]",0.00000000,"[0.00000000, 0.00000000, 0.00000000, 0.00000000, 0.00000000, 0.00000000, 0.00000000, 0.00000000, 0.00000000, 0.00000000]",0.12900000,0.44202000,26->5
10,10,10,0,10,"(1, 2, 5, 11, 15, 16, 17, 20, 22, 25)",7,253,probe_repair,"[55, 95, 110, 125, 135, 155, 165, 185, 200, 235, 240, 250, 260, 330, 340]",0.00000000,"[0.00000000, 0.00000000, 0.00000000, 0.00000000, 0.00000000, 0.00000000, 0.00000000, 0.00000000, 0.00000000, 0.00000000]",0.20900000,0.45524000,18->17
10,10,10,0,10,"(1, 2, 5, 11, 15, 16, 17, 20, 22, 25)",8,213,probe_repair,"[30, 35, 40, 60, 75, 90, 100, 130, 170, 180, 200, 210, 220, 335, 360]",0.00000000,"[0.00000000, 0.00000000, 0.00000000, 0.00000000, 0.00000000, 0.00000000, 0.00000000, 0.00000000, 0.00000000, 0.00000000]",0.13100000,0.44618000,28->15
10,10,10,0,10,"(1, 2, 5, 11, 15, 16, 17, 20, 22, 25)",9,245,probe_repair,"[5, 25, 30, 95, 100, 105, 135, 140, 165, 185, 200, 240, 260, 280, 365]",0.00000000,"[0.00000000, 0.00000000, 0.00000000, 0.00000000, 0.00000000, 0.00000000, 0.00000000, 0.00000000, 0.00000000, 0.00000000]",0.19400000,0.44608000,7->2
10,10,10,0,10,"(1, 2, 5, 11, 15, 16, 17, 20, 22, 25)",10,125,probe_repair,"[60, 75, 80, 110, 150, 155, 175, 180, 220, 245, 275, 285, 290, 330, 360]",0.00000000,"[0.00000000, 0.00000000, 0.00000000, 0.00000000, 0.00000000, 0.00000000, 0.00000000, 0.00000000, 0.00000000, 0.00000000]",0.01000000,0.44798000,21->15
10,10,10,0,11,"(4, 6, 9, 15, 18, 20, 21, 22, 25, 28)",1,173,probe_repair,"[10, 15, 35, 40, 65, 70, 75, 110, 215, 240, 250, 255, 310, 325, 345]",0.00000000,"[0.00000000, 0.00000000, 0.00000000, 0.00000000, 0.00000000, 0.00000000, 0.00000000, 0.00000000, 0.00000000, 0.00000000]",0.18300000,0.44975000,24->9
10,10,10,0,11,"(4, 6, 9, 15, 18, 20, 21, 22, 25, 28)",2,717,probe_repair,"[140, 160, 190, 195, 245, 255, 280, 290, 295, 300, 315, 325, 335, 340, 350]",0.00000000,"[0.00000000, 0.00000000, 0.00000000, 0.00000000, 0.00000000, 0.00000000, 0.00000000, 0.00000000, 0.00000000, 0.00000000]",0.25100000,0.45077500,17->21
10,10,10,0,11,"(4, 6, 9, 15, 18, 20, 21, 22, 25, 28)",3,525,probe_repair,"[5, 30, 85, 100, 120, 260, 275, 280, 285, 290, 300, 305, 340, 355, 365]",0.00000000,"[0.00000000, 0.00000000, 0.00000000, 0.00000000, 0.00000000, 0.00000000, 0.00000000, 0.00000000, 0.00000000, 0.00000000]",0.16000000,0.44637500,16->20
10,10,10,0,11,"(4, 6, 9, 15, 18, 20, 21, 22, 25, 28)",4,1133,probe_repair,"[15, 30, 50, 55, 65, 190, 220, 255, 295, 320, 340, 350, 355, 360, 365]",0.00000000,"[0.00000000, 0.00000000, 0.00000000, 0.00000000, 0.00000000, 0.00000000, 0.00000000, 0.00000000, 0.00000000, 0.00000000]",0.29300000,0.45742500,26->6
10,10,10,0,11,"(4, 6, 9, 15, 18, 20, 21, 22, 25, 28)",5,77,probe_repair,"[5, 15, 50, 65, 70, 85, 95, 130, 155, 170, 185, 230, 255, 265, 355]",0.00000000,"[0.00000000, 0.00000000, 0.00000000, 0.00000000, 0.00000000, 0.00000000, 0.00000000, 0.00000000, 0.00000000, 0.00000000]",0.13400000,0.44297500,17->20
10,10,10,0,11,"(4, 6, 9, 15, 18, 20, 21, 22, 25, 28)",6,1141,probe_repair,"[5, 10, 25, 35, 80, 130, 135, 140, 150, 195, 240, 245, 260, 290, 310]",0.00000000,"[0.00000000, 0.00000000, 0.00000000, 0.00000000, 0.00000000, 0.00000000, 0.00000000, 0.00000000, 0.00000000, 0.00000000]",0.11500000,0.45110000,24->15
10,10,10,0,11,"(4, 6, 9, 15, 18, 20, 21, 22, 25, 28)",7,581,probe_repair,"[35, 40, 45, 120, 135, 160, 195, 220, 245, 250, 310, 315, 325, 330, 340]",0.00000000,"[0.00000000, 0.00000000, 0.00000000, 0.00000000, 0.00000000, 0.00000000, 0.00000000, 0.00000000, 0.00000000, 0.00000000]",0.26100000,0.45935000,2->9
10,10,10,0,11,"(4, 6, 9, 15, 18, 20, 21, 22, 25, 28)",8,621,probe_repair,"[10, 15, 50, 75, 125, 135, 140, 150, 180, 245, 255, 260, 275, 305, 325]",0.00000000,"[0.00000000, 0.00000000, 0.00000000, 0.00000000, 0.00000000, 0.00000000, 0.00000000, 0.00000000, 0.00000000, 0.00000000]",0.27300000,0.44957500,27->9
10,10,10,0,11,"(4, 6, 9, 15, 18, 20, 21, 22, 25, 28)",9,1053,probe_repair,"[25, 30, 60, 80, 120, 165, 170, 210, 235, 245, 260, 270, 275, 300, 305]",0.00000000,"[0.00000000, 0.00000000, 0.00000000, 0.00000000, 0.00000000, 0.00000000, 0.00000000, 0.00000000, 0.00000000, 0.00000000]",0.10500000,0.44905000,7->18
10,10,10,0,11,"(4, 6, 9, 15, 18, 20, 21, 22, 25, 28)",10,1581,probe_repair,"[15, 40, 70, 90, 100, 150, 175, 205, 215, 245, 265, 310, 325, 335, 360]",0.00000000,"[0.00000000, 0.00000000, 0.00000000, 0.00000000, 0.00000000, 0.00000000, 0.00000000, 0.00000000, 0.00000000, 0.00000000]",0.26100000,0.45257500,27->20
10,10,10,0,12,"(1, 2, 7, 9, 15, 20, 22, 24, 25, 27)",1,509,probe_repair,"[40, 95, 100, 105, 130, 155, 165, 180, 220, 235, 265, 285, 295, 300, 350]",0.00000000,"[0.00000000, 0.00000000, 0.00000000, 0.00000000, 0.00000000, 0.00000000, 0.00000000, 0.00000000, 0.00000000, 0.00000000]",0.14400000,0.44855556,28->22
10,10,10,0,12,"(1, 2, 7, 9, 15, 20, 22, 24, 25, 27)",2,469,probe_repair,"[65, 70, 75, 105, 160, 165, 170, 200, 210, 220, 245, 255, 280, 300, 335]",0.00000000,"[0.00000000, 0.00000000, 0.00000000, 0.00000000, 0.00000000, 0.00000000, 0.00000000, 0.00000000, 0.00000000, 0.00000000]",0.13600000,0.44471111,28->25
10,10,10,0,12,"(1, 2, 7, 9, 15, 20, 22, 24, 25, 27)",3,677,probe_repair,"[5, 15, 125, 140, 155, 200, 210, 220, 260, 280, 290, 295, 320, 335, 340]",0.00000000,"[0.00000000, 0.00000000, 0.00000000, 0.00000000, 0.00000000, 0.00000000, 0.00000000, 0.00000000, 0.00000000, 0.00000000]",0.21500000,0.44991111,28->25
10,10,10,0,12,"(1, 2, 7, 9, 15, 20, 22, 24, 25, 27)",4,429,probe_repair,"[5, 25, 70, 90, 100, 105, 145, 165, 185, 195, 210, 310, 330, 335, 345]",0.00000000,"[0.00000000, 0.00000000, 0.00000000, 0.00000000, 0.00000000, 0.00000000, 0.00000000, 0.00000000, 0.00000000, 0.00000000]",0.14500000,0.45204444,17->9
10,10,10,0,12,"(1, 2, 7, 9, 15, 20, 22, 24, 25, 27)",5,333,probe_repair,"[35, 60, 75, 90, 95, 125, 145, 165, 170, 180, 230, 240, 320, 340, 345]",0.00000000,"[0.00000000, 0.00000000, 0.00000000, 0.00000000, 0.00000000, 0.00000000, 0.00000000, 0.00000000, 0.00000000, 0.00000000]",0.01000000,0.44824444,16->25
10,10,10,0,12,"(1, 2, 7, 9, 15, 20, 22, 24, 25, 27)",6,517,probe_repair,"[10, 15, 35, 40, 60, 160, 200, 205, 210, 240, 245, 265, 295, 345, 365]",0.00000000,"[0.00000000, 0.00000000, 0.00000000, 0.00000000, 0.00000000, 0.00000000, 0.00000000, 0.00000000, 0.00000000, 0.00000000]",0.19700000,0.44242222,26->22
10,10,10,0,12,"(1, 2, 7, 9, 15, 20, 22, 24, 25, 27)",7,453,probe_repair,"[45, 60, 100, 120, 135, 150, 155, 165, 175, 195, 225, 245, 265, 295, 365]",0.00000000,"[0.00000000, 0.00000000, 0.00000000, 0.00000000, 0.00000000, 0.00000000, 0.00000000, 0.00000000, 0.00000000, 0.00000000]",0.24100000,0.44331111,21->9
10,10,10,0,12,"(1, 2, 7, 9, 15, 20, 22, 24, 25, 27)",8,405,probe_repair,"[15, 75, 110, 125, 130, 150, 170, 185, 190, 205, 250, 300, 305, 320, 330]",0.00000000,"[0.00000000, 0.00000000, 0.00000000, 0.00000000, 0.00000000, 0.00000000, 0.00000000, 0.00000000, 0.00000000, 0.00000000]",0.04700000,0.44953333,16->25
10,10,10,0,12,"(1, 2, 7, 9, 15, 20, 22, 24, 25, 27)",9,501,probe_repair,"[5, 10, 40, 55, 70, 75, 105, 135, 140, 230, 280, 325, 345, 350, 360]",0.00000000,"[0.00000000, 0.00000000, 0.00000000, 0.00000000, 0.00000000, 0.00000000, 0.00000000, 0.00000000, 0.00000000, 0.00000000]",0.24500000,0.45531111,26->15
10,10,10,0,12,"(1, 2, 7, 9, 15, 20, 22, 24, 25, 27)",10,237,probe_repair,"[60, 90, 115, 120, 160, 185, 190, 195, 210, 240, 245, 255, 265, 275, 280]",0.00000000,"[0.00000000, 0.00000000, 0.00000000, 0.00000000, 0.00000000, 0.00000000, 0.00000000, 0.00000000, 0.00000000, 0.00000000]",0.14100000,0.44302222,18->20
10,10,10,0,13,"(1, 9, 11, 18, 20, 22, 24, 25, 26, 27)",1,261,probe_repair,"[5, 10, 30, 55, 70, 120, 165, 175, 180, 210, 230, 240, 320, 335, 355]",0.00000000,"[0.00000000, 0.00000000, 0.00000000, 0.00000000, 0.00000000, 0.00000000, 0.00000000, 0.00000000, 0.00000000, 0.00000000]",0.06000000,0.45021111,7->20
10,10,10,0,13,"(1, 9, 11, 18, 20, 22, 24, 25, 26, 27)",2,469,probe_repair,"[10, 30, 70, 90, 130, 135, 140, 150, 190, 230, 235, 280, 295, 305, 325]",0.00000000,"[0.00000000, 0.00000000, 0.00000000, 0.00000000, 0.00000000, 0.00000000, 0.00000000, 0.00000000, 0.00000000, 0.00000000]",0.23900000,0.45532222,17->27
10,10,10,0,13,"(1, 9, 11, 18, 20, 22, 24, 25, 26, 27)",3,477,probe_repair,"[50, 55, 80, 105, 115, 125, 145, 160, 175, 210, 220, 250, 290, 305, 365]",0.00000000,"[0.00000000, 0.00000000, 0.00000000, 0.00000000, 0.00000000, 0.00000000, 0.00000000, 0.00000000, 0.00000000, 0.00000000]",0.08500000,0.44214444,2->9
10,10,10,0,13,"(1, 9, 11, 18, 20, 22, 24, 25, 26, 27)",4,485,probe_repair,"[45, 55, 110, 140, 145, 155, 160, 185, 200, 230, 280, 285, 290, 345, 355]",0.00000000,"[0.00000000, 0.00000000, 0.00000000, 0.00000000, 0.00000000, 0.00000000, 0.00000000, 0.00000000, 0.00000000, 0.00000000]",0.23300000,0.45285556,2->20
10,10,10,0,13,"(1, 9, 11, 18, 20, 22, 24, 25, 26, 27)",5,461,probe_repair,"[40, 60, 105, 115, 120, 125, 140, 150, 155, 165, 170, 225, 245, 310, 355]",0.00000000,"[0.00000000, 0.00000000, 0.00000000, 0.00000000, 0.00000000, 0.00000000, 0.00000000, 0.00000000, 0.00000000, 0.00000000]",0.20100000,0.45078889,17->11
10,10,10,0,13,"(1, 9, 11, 18, 20, 22, 24, 25, 26, 27)",6,269,probe_repair,"[5, 25, 50, 55, 60, 70, 100, 165, 190, 245, 265, 305, 320, 330, 335]",0.00000000,"[0.00000000, 0.00000000, 0.00000000, 0.00000000, 0.00000000, 0.00000000, 0.00000000, 0.00000000, 0.00000000, 0.00000000]",0.15700000,0.46285556,15->18
10,10,10,0,13,"(1, 9, 11, 18, 20, 22, 24, 25, 26, 27)",7,29,probe_repair,"[55, 60, 75, 90, 120, 125, 145, 160, 165, 235, 255, 260, 275, 280, 310]",0.00000000,"[0.00000000, 0.00000000, 0.00000000, 0.00000000, 0.00000000, 0.00000000, 0.00000000, 0.00000000, 0.00000000, 0.00000000]",0.15400000,0.45116667,17->27
10,10,10,0,13,"(1, 9, 11, 18, 20, 22, 24, 25, 26, 27)",8,277,probe_repair,"[5, 30, 50, 60, 65, 90, 120, 165, 195, 210, 245, 275, 295, 300, 320]",0.00000000,"[0.00000000, 0.00000000, 0.00000000, 0.00000000, 0.00000000, 0.00000000, 0.00000000, 0.00000000, 0.00000000, 0.00000000]",0.21900000,0.45107778,2->18
10,10,10,0,13,"(1, 9, 11, 18, 20, 22, 24, 25, 26, 27)",9,165,probe_repair,"[55, 110, 115, 135, 170, 180, 190, 200, 205, 240, 250, 265, 285, 325, 355]",0.00000000,"[0.00000000, 0.00000000, 0.00000000, 0.00000000, 0.00000000, 0.00000000, 0.00000000, 0.00000000, 0.00000000, 0.00000000]",0.20200000,0.44861111,7->25
10,10,10,0,13,"(1, 9, 11, 18, 20, 22, 24, 25, 26, 27)",10,173,probe_repair,"[25, 40, 95, 135, 140, 160, 170, 250, 280, 300, 305, 340, 345, 355, 360]",0.00000000,"[0.00000000, 0.00000000, 0.00000000, 0.00000000, 0.00000000, 0.00000000, 0.00000000, 0.00000000, 0.00000000, 0.00000000]",0.06100000,0.45123333,21->11
10,10,10,0,14,"(7, 11, 15, 16, 18, 20, 21, 22, 24, 28)",1,1157,probe_repair,"[70, 80, 95, 105, 130, 160, 185, 195, 235, 255, 265, 290, 295, 330, 340]",0.00000000,"[0.00000000, 0.00000000, 0.00000000, 0.00000000, 0.00000000, 0.00000000, 0.00000000, 0.00000000, 0.00000000, 0.00000000]",0.20400000,0.45467500,9->21
10,10,10,0,14,"(7, 11, 15, 16, 18, 20, 21, 22, 24, 28)",2,685,probe_repair,"[5, 25, 100, 125, 185, 190, 200, 205, 210, 235, 250, 255, 340, 350, 360]",0.00000000,"[0.00000000, 0.00000000, 0.00000000, 0.00000000, 0.00000000, 0.00000000, 0.00000000, 0.00000000, 0.00000000, 0.00000000]",0.08700000,0.45272500,9->28
10,10,10,0,14,"(7, 11, 15, 16, 18, 20, 21, 22, 24, 28)",3,525,probe_repair,"[35, 45, 55, 70, 75, 105, 110, 135, 215, 230, 235, 255, 280, 295, 300]",0.00000000,"[0.00000000, 0.00000000, 0.00000000, 0.00000000, 0.00000000, 0.00000000, 0.00000000, 0.00000000, 0.00000000, 0.00000000]",0.29700000,0.45795000,2->28
10,10,10,0,14,"(7, 11, 15, 16, 18, 20, 21, 22, 24, 28)",4,853,probe_repair,"[30, 40, 70, 85, 90, 135, 160, 170, 185, 190, 215, 285, 315, 320, 335]",0.00000000,"[0.00000000, 0.00000000, 0.00000000, 0.00000000, 0.00000000, 0.00000000, 0.00000000, 0.00000000, 0.00000000, 0.00000000]",0.18200000,0.44732500,17->21
10,10,10,0,14,"(7, 11, 15, 16, 18, 20, 21, 22, 24, 28)",5,301,probe_repair,"[30, 40, 50, 55, 100, 155, 160, 230, 250, 270, 285, 295, 315, 325, 345]",0.00000000,"[0.00000000, 0.00000000, 0.00000000, 0.00000000, 0.00000000, 0.00000000, 0.00000000, 0.00000000, 0.00000000, 0.00000000]",0.24200000,0.45130000,9->28
10,10,10,0,14,"(7, 11, 15, 16, 18, 20, 21, 22, 24, 28)",6,1245,probe_repair,"[95, 100, 175, 190, 200, 240, 250, 295, 305, 310, 315, 320, 335, 355, 365]",0.00000000,"[0.00000000, 0.00000000, 0.00000000, 0.00000000, 0.00000000, 0.00000000, 0.00000000, 0.00000000, 0.00000000, 0.00000000]",0.12500000,0.44840000,25->28
10,10,10,0,14,"(7, 11, 15, 16, 18, 20, 21, 22, 24, 28)",7,1221,probe_repair,"[40, 45, 100, 130, 140, 160, 180, 185, 245, 250, 265, 275, 280, 285, 320]",0.00000000,"[0.00000000, 0.00000000, 0.00000000, 0.00000000, 0.00000000, 0.00000000, 0.00000000, 0.00000000, 0.00000000, 0.00000000]",0.12800000,0.44862500,27->24
10,10,10,0,14,"(7, 11, 15, 16, 18, 20, 21, 22, 24, 28)",8,125,probe_repair,"[20, 60, 70, 120, 145, 175, 200, 210, 245, 275, 315, 320, 325, 335, 355]",0.00000000,"[0.00000000, 0.00000000, 0.00000000, 0.00000000, 0.00000000, 0.00000000, 0.00000000, 0.00000000, 0.00000000, 0.00000000]",0.23300000,0.44905000,26->15
10,10,10,0,14,"(7, 11, 15, 16, 18, 20, 21, 22, 24, 28)",9,1069,probe_repair,"[10, 35, 55, 70, 85, 170, 180, 185, 205, 240, 250, 285, 320, 350, 360]",0.00000000,"[0.00000000, 0.00000000, 0.00000000, 0.00000000, 0.00000000, 0.00000000, 0.00000000, 0.00000000, 0.00000000, 0.00000000]",0.25500000,0.45292500,6->22
10,10,10,0,14,"(7, 11, 15, 16, 18, 20, 21, 22, 24, 28)",10,1405,probe_repair,"[35, 45, 110, 125, 145, 175, 200, 220, 230, 275, 290, 300, 305, 320, 340]",0.00000000,"[0.00000000, 0.00000000, 0.00000000, 0.00000000, 0.00000000, 0.00000000, 0.00000000, 0.00000000, 0.00000000, 0.00000000]",0.16100000,0.45222500,9->24
10,10,10,0,15,"(2, 5, 6, 7, 11, 16, 18, 22, 26, 28)",1,461,probe_repair,"[10, 50, 60, 80, 100, 115, 120, 175, 205, 215, 225, 245, 300, 305, 340]",0.00000000,"[0.00000000, 0.00000000, 0.00000000, 0.00000000, 0.00000000, 0.00000000, 0.00000000, 0.00000000, 0.00000000, 0.00000000]",0.00800000,0.44064444,9->22
10,10,10,0,15,"(2, 5, 6, 7, 11, 16, 18, 22, 26, 28)",2,421,probe_repair,"[15, 35, 50, 85, 100, 125, 150, 160, 235, 260, 305, 325, 335, 345, 360]",0.00000000,"[0.00000000, 0.00000000, 0.00000000, 0.00000000, 0.00000000, 0.00000000, 0.00000000, 0.00000000, 0.00000000, 0.00000000]",0.26500000,0.45817778,17->22
10,10,10,0,15,"(2, 5, 6, 7, 11, 16, 18, 22, 26, 28)",3,229,probe_repair,"[55, 75, 120, 125, 145, 155, 165, 175, 215, 235, 290, 310, 325, 330, 335]",0.00000000,"[0.00000000, 0.00000000, 0.00000000, 0.00000000, 0.00000000, 0.00000000, 0.00000000, 0.00000000, 0.00000000, 0.00000000]",0.16100000,0.44137778,17->6
10,10,10,0,15,"(2, 5, 6, 7, 11, 16, 18, 22, 26, 28)",4,197,probe_repair,"[55, 60, 85, 90, 110, 115, 140, 160, 165, 175, 255, 260, 290, 325, 360]",0.00000000,"[0.00000000, 0.00000000, 0.00000000, 0.00000000, 0.00000000, 0.00000000, 0.00000000, 0.00000000, 0.00000000, 0.00000000]",0.24700000,0.44602222,9->16
10,10,10,0,15,"(2, 5, 6, 7, 11, 16, 18, 22, 26, 28)",5,533,probe_repair,"[15, 40, 95, 110, 130, 160, 180, 200, 205, 235, 285, 300, 330, 355, 365]",0.00000000,"[0.00000000, 0.00000000, 0.00000000, 0.00000000, 0.00000000, 0.00000000, 0.00000000, 0.00000000, 0.00000000, 0.00000000]",0.11000000,0.45077778,21->16
10,10,10,0,15,"(2, 5, 6, 7, 11, 16, 18, 22, 26, 28)",6,245,probe_repair,"[75, 125, 145, 150, 200, 220, 250, 275, 305, 310, 315, 340, 345, 355, 360]",0.00000000,"[0.00000000, 0.00000000, 0.00000000, 0.00000000, 0.00000000, 0.00000000, 0.00000000, 0.00000000, 0.00000000, 0.00000000]",0.15200000,0.44855556,17->18
10,10,10,0,15,"(2, 5, 6, 7, 11, 16, 18, 22, 26, 28)",7,397,probe_repair,"[15, 55, 90, 125, 170, 175, 185, 210, 260, 265, 270, 295, 330, 355, 365]",0.00000000,"[0.00000000, 0.00000000, 0.00000000, 0.00000000, 0.00000000, 0.00000000, 0.00000000, 0.00000000, 0.00000000, 0.00000000]",0.26400000,0.44426667,27->6
10,10,10,0,15,"(2, 5, 6, 7, 11, 16, 18, 22, 26, 28)",8,469,probe_repair,"[30, 35, 50, 85, 90, 150, 160, 165, 180, 220, 255, 265, 270, 325, 355]",0.00000000,"[0.00000000, 0.00000000, 0.00000000, 0.00000000, 0.00000000, 0.00000000, 0.00000000, 0.00000000, 0.00000000, 0.00000000]",0.21700000,0.45606667,25->28
10,10,10,0,15,"(2, 5, 6, 7, 11, 16, 18, 22, 26, 28)",9,405,probe_repair,"[30, 35, 65, 155, 180, 190, 245, 260, 280, 310, 315, 340, 345, 355, 360]",0.00000000,"[0.00000000, 0.00000000, 0.00000000, 0.00000000, 0.00000000, 0.00000000, 0.00000000, 0.00000000, 0.00000000, 0.00000000]",0.08400000,0.44708889,15->28
10,10,10,0,15,"(2, 5, 6, 7, 11, 16, 18, 22, 26, 28)",10,453,probe_repair,"[5, 20, 45, 50, 115, 125, 130, 175, 215, 230, 300, 305, 330, 345, 355]",0.00000000,"[0.00000000, 0.00000000, 0.00000000, 0.00000000, 0.00000000, 0.00000000, 0.00000000, 0.00000000, 0.00000000, 0.00000000]",0.12900000,0.44984444,17->7
10,10,10,0,16,"(1, 7, 9, 11, 16, 18, 20, 21, 24, 26)",1,517,probe_repair,"[10, 25, 40, 185, 190, 210, 230, 240, 275, 300, 305, 310, 325, 330, 360]",0.00000000,"[0.00000000, 0.00000000, 0.00000000, 0.00000000, 0.00000000, 0.00000000, 0.00000000, 0.00000000, 0.00000000, 0.00000000]",0.10100000,0.44320000,28->21
10,10,10,0,16,"(1, 7, 9, 11, 16, 18, 20, 21, 24, 26)",2,133,probe_repair,"[10, 45, 70, 130, 135, 160, 185, 205, 255, 290, 305, 310, 345, 355, 360]",0.00000000,"[0.00000000, 0.00000000, 0.00000000, 0.00000000, 0.00000000, 0.00000000, 0.00000000, 0.00000000, 0.00000000, 0.00000000]",0.14800000,0.45280000,22->24
10,10,10,0,16,"(1, 7, 9, 11, 16, 18, 20, 21, 24, 26)",3,501,probe_repair,"[50, 70, 115, 145, 160, 170, 190, 250, 255, 285, 300, 335, 340, 360, 365]",0.00000000,"[0.00000000, 0.00000000, 0.00000000, 0.00000000, 0.00000000, 0.00000000, 0.00000000, 0.00000000, 0.00000000, 0.00000000]",0.14800000,0.46317778,25->16
10,10,10,0,16,"(1, 7, 9, 11, 16, 18, 20, 21, 24, 26)",4,469,probe_repair,"[15, 30, 35, 80, 115, 135, 140, 155, 160, 165, 170, 235, 290, 325, 360]",0.00000000,"[0.00000000, 0.00000000, 0.00000000, 0.00000000, 0.00000000, 0.00000000, 0.00000000, 0.00000000, 0.00000000, 0.00000000]",0.13800000,0.44986667,27->26
10,10,10,0,16,"(1, 7, 9, 11, 16, 18, 20, 21, 24, 26)",5,45,probe_repair,"[10, 15, 25, 30, 40, 75, 95, 110, 115, 155, 200, 260, 275, 320, 360]",0.00000000,"[0.00000000, 0.00000000, 0.00000000, 0.00000000, 0.00000000, 0.00000000, 0.00000000, 0.00000000, 0.00000000, 0.00000000]",0.13500000,0.45191111,25->1
10,10,10,0,16,"(1, 7, 9, 11, 16, 18, 20, 21, 24, 26)",6,229,probe_repair,"[10, 25, 85, 95, 115, 140, 160, 175, 185, 200, 240, 250, 280, 285, 345]",0.00000000,"[0.00000000, 0.00000000, 0.00000000, 0.00000000, 0.00000000, 0.00000000, 0.00000000, 0.00000000, 0.00000000, 0.00000000]",0.06700000,0.44202222,15->21
10,10,10,0,16,"(1, 7, 9, 11, 16, 18, 20, 21, 24, 26)",7,373,probe_repair,"[15, 45, 55, 70, 80, 85, 110, 165, 175, 205, 275, 300, 320, 325, 350]",0.00000000,"[0.00000000, 0.00000000, 0.00000000, 0.00000000, 0.00000000, 0.00000000, 0.00000000, 0.00000000, 0.00000000, 0.00000000]",0.07900000,0.45071111,6->16
10,10,10,0,16,"(1, 7, 9, 11, 16, 18, 20, 21, 24, 26)",8,101,probe_repair,"[5, 25, 30, 40, 55, 90, 120, 125, 160, 190, 210, 300, 310, 325, 330]",0.00000000,"[0.00000000, 0.00000000, 0.00000000, 0.00000000, 0.00000000, 0.00000000, 0.00000000, 0.00000000, 0.00000000, 0.00000000]",0.03700000,0.44400000,25->18
10,10,10,0,16,"(1, 7, 9, 11, 16, 18, 20, 21, 24, 26)",9,389,probe_repair,"[25, 35, 55, 75, 95, 130, 155, 195, 220, 230, 235, 240, 245, 295, 355]",0.00000000,"[0.00000000, 0.00000000, 0.00000000, 0.00000000, 0.00000000, 0.00000000, 0.00000000, 0.00000000, 0.00000000, 0.00000000]",0.17900000,0.44437778,17->1
10,10,10,0,16,"(1, 7, 9, 11, 16, 18, 20, 21, 24, 26)",10,69,probe_repair,"[5, 65, 80, 125, 130, 135, 155, 180, 200, 275, 290, 320, 325, 345, 360]",0.00000000,"[0.00000000, 0.00000000, 0.00000000, 0.00000000, 0.00000000, 0.00000000, 0.00000000, 0.00000000, 0.00000000, 0.00000000]",0.21300000,0.45264444,28->11
10,10,10,0,17,"(2, 4, 11, 16, 17, 18, 22, 25, 27, 28)",1,453,probe_repair,"[10, 100, 115, 140, 160, 230, 245, 280, 285, 290, 300, 310, 350, 355, 365]",0.00000000,"[0.00000000, 0.00000000, 0.00000000, 0.00000000, 0.00000000, 0.00000000, 0.00000000, 0.00000000, 0.00000000, 0.00000000]",0.11300000,0.44975000,9->22
10,10,10,0,17,"(2, 4, 11, 16, 17, 18, 22, 25, 27, 28)",2,661,probe_repair,"[10, 30, 35, 115, 125, 155, 180, 185, 195, 200, 205, 220, 265, 305, 310]",0.00000000,"[0.00000000, 0.00000000, 0.00000000, 0.00000000, 0.00000000, 0.00000000, 0.00000000, 0.00000000, 0.00000000, 0.00000000]",0.28800000,0.46087500,21->11
10,10,10,0,17,"(2, 4, 11, 16, 17, 18, 22, 25, 27, 28)",3,1341,probe_repair,"[25, 40, 50, 60, 65, 135, 145, 195, 220, 260, 265, 280, 315, 330, 365]",0.00000000,"[0.00000000, 0.00000000, 0.00000000, 0.00000000, 0.00000000, 0.00000000, 0.00000000, 0.00000000, 0.00000000, 0.00000000]",0.05300000,0.44935000,7->18
10,10,10,0,17,"(2, 4, 11, 16, 17, 18, 22, 25, 27, 28)",4,1589,probe_repair,"[5, 10, 20, 30, 55, 65, 85, 120, 125, 155, 185, 215, 255, 290, 340]",0.00000000,"[0.00000000, 0.00000000, 0.00000000, 0.00000000, 0.00000000, 0.00000000, 0.00000000, 0.00000000, 0.00000000, 0.00000000]",0.10400000,0.45647500,6->18
10,10,10,0,17,"(2, 4, 11, 16, 17, 18, 22, 25, 27, 28)",5,677,probe_repair,"[5, 30, 85, 90, 120, 155, 180, 190, 200, 225, 275, 295, 315, 330, 360]",0.00000000,"[0.00000000, 0.00000000, 0.00000000, 0.00000000, 0.00000000, 0.00000000, 0.00000000, 0.00000000, 0.00000000, 0.00000000]",0.20300000,0.46297500,7->28
10,10,10,0,17,"(2, 4, 11, 16, 17, 18, 22, 25, 27, 28)",6,437,probe_repair,"[30, 50, 60, 80, 90, 120, 130, 165, 190, 205, 220, 225, 285, 300, 330]",0.00000000,"[0.00000000, 0.00000000, 0.00000000, 0.00000000, 0.00000000, 0.00000000, 0.00000000, 0.00000000, 0.00000000, 0.00000000]",0.21300000,0.45257500,24->22
10,10,10,0,17,"(2, 4, 11, 16, 17, 18, 22, 25, 27, 28)",7,957,probe_repair,"[20, 25, 30, 35, 55, 75, 165, 175, 195, 240, 245, 255, 290, 330, 340]",0.00000000,"[0.00000000, 0.00000000, 0.00000000, 0.00000000, 0.00000000, 0.00000000, 0.00000000, 0.00000000, 0.00000000, 0.00000000]",0.24600000,0.45140000,6->18
10,10,10,0,17,"(2, 4, 11, 16, 17, 18, 22, 25, 27, 28)",8,1061,probe_repair,"[30, 40, 120, 160, 165, 170, 240, 250, 285, 295, 305, 310, 315, 335, 355]",0.00000000,"[0.00000000, 0.00000000, 0.00000000, 0.00000000, 0.00000000, 0.00000000, 0.00000000, 0.00000000, 0.00000000, 0.00000000]",0.18000000,0.45782500,7->28
10,10,10,0,17,"(2, 4, 11, 16, 17, 18, 22, 25, 27, 28)",9,997,probe_repair,"[25, 40, 70, 80, 105, 115, 160, 170, 195, 220, 255, 300, 305, 325, 350]",0.00000000,"[0.00000000, 0.00000000, 0.00000000, 0.00000000, 0.00000000, 0.00000000, 0.00000000, 0.00000000, 0.00000000, 0.00000000]",0.16400000,0.44822500,15->17
10,10,10,0,17,"(2, 4, 11, 16, 17, 18, 22, 25, 27, 28)",10,1085,probe_repair,"[5, 35, 45, 70, 80, 155, 170, 180, 195, 220, 230, 260, 295, 310, 330]",0.00000000,"[0.00000000, 0.00000000, 0.00000000, 0.00000000, 0.00000000, 0.00000000, 0.00000000, 0.00000000, 0.00000000, 0.00000000]",0.24600000,0.46002500,20->11
10,10,10,0,18,"(1, 4, 5, 11, 16, 17, 20, 25, 26, 28)",1,197,probe_repair,"[5, 25, 45, 80, 90, 95, 140, 175, 225, 230, 300, 305, 325, 355, 365]",0.00000000,"[0.00000000, 0.00000000, 0.00000000, 0.00000000, 0.00000000, 0.00000000, 0.00000000, 0.00000000, 0.00000000, 0.00000000]",0.18700000,0.45174000,21->11
10,10,10,0,18,"(1, 4, 5, 11, 16, 17, 20, 25, 26, 28)",2,261,probe_repair,"[15, 25, 35, 75, 80, 85, 100, 115, 160, 165, 235, 240, 295, 325, 330]",0.00000000,"[0.00000000, 0.00000000, 0.00000000, 0.00000000, 0.00000000, 0.00000000, 0.00000000, 0.00000000, 0.00000000, 0.00000000]",0.18800000,0.45284000,27->5
10,10,10,0,18,"(1, 4, 5, 11, 16, 17, 20, 25, 26, 28)",3,85,probe_repair,"[50, 60, 110, 115, 130, 140, 160, 165, 190, 205, 220, 245, 310, 330, 355]",0.00000000,"[0.00000000, 0.00000000, 0.00000000, 0.00000000, 0.00000000, 0.00000000, 0.00000000, 0.00000000, 0.00000000, 0.00000000]",0.15100000,0.45306000,24->1
10,10,10,0,18,"(1, 4, 5, 11, 16, 17, 20, 25, 26, 28)",4,125,probe_repair,"[30, 40, 80, 100, 125, 140, 160, 180, 185, 220, 245, 250, 265, 275, 305]",0.00000000,"[0.00000000, 0.00000000, 0.00000000, 0.00000000, 0.00000000, 0.00000000, 0.00000000, 0.00000000, 0.00000000, 0.00000000]",0.18400000,0.45422000,2->1
10,10,10,0,18,"(1, 4, 5, 11, 16, 17, 20, 25, 26, 28)",5,53,probe_repair,"[15, 30, 75, 80, 130, 145, 180, 225, 240, 245, 250, 265, 310, 325, 360]",0.00000000,"[0.00000000, 0.00000000, 0.00000000, 0.00000000, 0.00000000, 0.00000000, 0.00000000, 0.00000000, 0.00000000, 0.00000000]",0.04300000,0.44632000,6->28
10,10,10,0,18,"(1, 4, 5, 11, 16, 17, 20, 25, 26, 28)",6,141,probe_repair,"[5, 30, 40, 50, 55, 130, 190, 225, 230, 235, 250, 260, 305, 325, 330]",0.00000000,"[0.00000000, 0.00000000, 0.00000000, 0.00000000, 0.00000000, 0.00000000, 0.00000000, 0.00000000, 0.00000000, 0.00000000]",0.15300000,0.45274000,24->5
10,10,10,0,18,"(1, 4, 5, 11, 16, 17, 20, 25, 26, 28)",7,1,baseline,"[5, 30, 55, 80, 105, 130, 155, 180, 205, 230, 255, 280, 305, 330, 355]",0.00000000,"[0.00000000, 0.00000000, 0.00000000, 0.00000000, 0.00000000, 0.00000000, 0.00000000, 0.00000000, 0.00000000, 0.00000000]",0.07400000,0.44932000,15->5
10,10,10,0,18,"(1, 4, 5, 11, 16, 17, 20, 25, 26, 28)",8,101,probe_repair,"[15, 50, 60, 90, 120, 130, 150, 190, 200, 210, 240, 245, 260, 265, 275]",0.00000000,"[0.00000000, 0.00000000, 0.00000000, 0.00000000, 0.00000000, 0.00000000, 0.00000000, 0.00000000, 0.00000000, 0.00000000]",0.01600000,0.45124000,2->5
10,10,10,0,18,"(1, 4, 5, 11, 16, 17, 20, 25, 26, 28)",9,269,probe_repair,"[10, 40, 50, 95, 100, 105, 125, 165, 190, 210, 240, 250, 255, 310, 335]",0.00000000,"[0.00000000, 0.00000000, 0.00000000, 0.00000000, 0.00000000, 0.00000000, 0.00000000, 0.00000000, 0.00000000, 0.00000000]",0.22200000,0.44982000,15->4
10,10,10,0,18,"(1, 4, 5, 11, 16, 17, 20, 25, 26, 28)",10,157,probe_repair,"[15, 25, 40, 45, 55, 110, 115, 175, 185, 205, 250, 305, 325, 330, 335]",0.00000000,"[0.00000000, 0.00000000, 0.00000000, 0.00000000, 0.00000000, 0.00000000, 0.00000000, 0.00000000, 0.00000000, 0.00000000]",0.08200000,0.44610000,7->16
10,10,10,0,19,"(2, 6, 7, 9, 20, 21, 24, 25, 26, 28)",1,997,probe_repair,"[10, 30, 75, 80, 90, 165, 180, 205, 215, 235, 265, 275, 300, 325, 350]",0.00000000,"[0.00000000, 0.00000000, 0.00000000, 0.00000000, 0.00000000, 0.00000000, 0.00000000, 0.00000000, 0.00000000, 0.00000000]",0.26600000,0.44495000,4->20
10,10,10,0,19,"(2, 6, 7, 9, 20, 21, 24, 25, 26, 28)",2,1101,probe_repair,"[10, 20, 35, 85, 110, 210, 220, 235, 250, 280, 285, 300, 325, 350, 355]",0.00000000,"[0.00000000, 0.00000000, 0.00000000, 0.00000000, 0.00000000, 0.00000000, 0.00000000, 0.00000000, 0.00000000, 0.00000000]",0.21000000,0.45435000,16->6
10,10,10,0,19,"(2, 6, 7, 9, 20, 21, 24, 25, 26, 28)",3,797,probe_repair,"[35, 110, 165, 170, 240, 250, 255, 260, 265, 275, 280, 295, 305, 335, 360]",0.00000000,"[0.00000000, 0.00000000, 0.00000000, 0.00000000, 0.00000000, 0.00000000, 0.00000000, 0.00000000, 0.00000000, 0.00000000]",0.10100000,0.45470000,16->9
10,10,10,0,19,"(2, 6, 7, 9, 20, 21, 24, 25, 26, 28)",4,605,probe_repair,"[15, 50, 75, 120, 150, 155, 195, 210, 240, 280, 290, 295, 305, 315, 355]",0.00000000,"[0.00000000, 0.00000000, 0.00000000, 0.00000000, 0.00000000, 0.00000000, 0.00000000, 0.00000000, 0.00000000, 0.00000000]",0.14000000,0.44812500,4->6
10,10,10,0,19,"(2, 6, 7, 9, 20, 21, 24, 25, 26, 28)",5,1469,probe_repair,"[15, 90, 140, 185, 190, 205, 210, 220, 225, 240, 255, 275, 280, 295, 325]",0.00000000,"[0.00000000, 0.00000000, 0.00000000, 0.00000000, 0.00000000, 0.00000000, 0.00000000, 0.00000000, 0.00000000, 0.00000000]",0.15900000,0.44417500,15->21
10,10,10,0,19,"(2, 6, 7, 9, 20, 21, 24, 25, 26, 28)",6,293,probe_repair,"[15, 60, 90, 200, 245, 265, 275, 280, 300, 315, 320, 340, 355, 360, 365]",0.00000000,"[0.00000000, 0.00000000, 0.00000000, 0.00000000, 0.00000000, 0.00000000, 0.00000000, 0.00000000, 0.00000000, 0.00000000]",0.17300000,0.45302500,18->28
10,10,10,0,19,"(2, 6, 7, 9, 20, 21, 24, 25, 26, 28)",7,365,probe_repair,"[20, 45, 70, 100, 115, 120, 140, 160, 170, 180, 240, 290, 300, 335, 340]",0.00000000,"[0.00000000, 0.00000000, 0.00000000, 0.00000000, 0.00000000, 0.00000000, 0.00000000, 0.00000000, 0.00000000, 0.00000000]",0.26300000,0.44282500,17->21
10,10,10,0,19,"(2, 6, 7, 9, 20, 21, 24, 25, 26, 28)",8,781,probe_repair,"[30, 60, 80, 125, 130, 145, 160, 170, 185, 260, 270, 275, 315, 360, 365]",0.00000000,"[0.00000000, 0.00000000, 0.00000000, 0.00000000, 0.00000000, 0.00000000, 0.00000000, 0.00000000, 0.00000000, 0.00000000]",0.24300000,0.45215000,11->20
10,10,10,0,19,"(2, 6, 7, 9, 20, 21, 24, 25, 26, 28)",9,885,probe_repair,"[10, 15, 25, 45, 80, 110, 115, 160, 205, 235, 245, 285, 295, 335, 360]",0.00000000,"[0.00000000, 0.00000000, 0.00000000, 0.00000000, 0.00000000, 0.00000000, 0.00000000, 0.00000000, 0.00000000, 0.00000000]",0.10700000,0.44885000,22->7
10,10,10,0,19,"(2, 6, 7, 9, 20, 21, 24, 25, 26, 28)",10,285,probe_repair,"[5, 10, 25, 100, 120, 135, 155, 190, 200, 235, 290, 300, 305, 315, 345]",0.00000000,"[0.00000000, 0.00000000, 0.00000000, 0.00000000, 0.00000000, 0.00000000, 0.00000000, 0.00000000, 0.00000000, 0.00000000]",0.24500000,0.45247500,17->25
10,10,10,0,20,"(1, 4, 5, 6, 9, 11, 16, 17, 21, 26)",1,93,probe_repair,"[15, 40, 55, 85, 100, 105, 135, 165, 190, 200, 255, 290, 310, 325, 335]",0.00000000,"[0.00000000, 0.00000000, 0.00000000, 0.00000000, 0.00000000, 0.00000000, 0.00000000, 0.00000000, 0.00000000, 0.00000000]",0.23400000,0.44704000,20->11
10,10,10,0,20,"(1, 4, 5, 6, 9, 11, 16, 17, 21, 26)",2,53,probe_repair,"[25, 30, 55, 90, 130, 135, 165, 170, 200, 255, 275, 285, 290, 325, 330]",0.00000000,"[0.00000000, 0.00000000, 0.00000000, 0.00000000, 0.00000000, 0.00000000, 0.00000000, 0.00000000, 0.00000000, 0.00000000]",0.02900000,0.44672000,24->5
10,10,10,0,20,"(1, 4, 5, 6, 9, 11, 16, 17, 21, 26)",3,69,probe_repair,"[40, 55, 125, 135, 160, 165, 170, 175, 200, 205, 250, 255, 260, 290, 300]",0.00000000,"[0.00000000, 0.00000000, 0.00000000, 0.00000000, 0.00000000, 0.00000000, 0.00000000, 0.00000000, 0.00000000, 0.00000000]",0.21400000,0.44892000,15->4
10,10,10,0,20,"(1, 4, 5, 6, 9, 11, 16, 17, 21, 26)",4,37,probe_repair,"[15, 60, 80, 85, 90, 100, 120, 155, 170, 175, 210, 255, 260, 310, 335]",0.00000000,"[0.00000000, 0.00000000, 0.00000000, 0.00000000, 0.00000000, 0.00000000, 0.00000000, 0.00000000, 0.00000000, 0.00000000]",0.21700000,0.44904000,2->9
10,10,10,0,20,"(1, 4, 5, 6, 9, 11, 16, 17, 21, 26)",5,133,probe_repair,"[25, 45, 75, 85, 95, 100, 105, 240, 245, 255, 275, 295, 330, 335, 360]",0.00000000,"[0.00000000, 0.00000000, 0.00000000, 0.00000000, 0.00000000, 0.00000000, 0.00000000, 0.00000000, 0.00000000, 0.00000000]",0.11700000,0.44288000,24->6
10,10,10,0,20,"(1, 4, 5, 6, 9, 11, 16, 17, 21, 26)",6,149,probe_repair,"[30, 80, 120, 150, 175, 185, 210, 225, 245, 250, 295, 330, 335, 340, 365]",0.00000000,"[0.00000000, 0.00000000, 0.00000000, 0.00000000, 0.00000000, 0.00000000, 0.00000000, 0.00000000, 0.00000000, 0.00000000]",0.27100000,0.45060000,24->11
10,10,10,0,20,"(1, 4, 5, 6, 9, 11, 16, 17, 21, 26)",7,45,probe_repair,"[80, 85, 100, 120, 130, 140, 150, 155, 160, 190, 200, 205, 245, 305, 335]",0.00000000,"[0.00000000, 0.00000000, 0.00000000, 0.00000000, 0.00000000, 0.00000000, 0.00000000, 0.00000000, 0.00000000, 0.00000000]",0.08900000,0.44678000,20->21
10,10,10,0,20,"(1, 4, 5, 6, 9, 11, 16, 17, 21, 26)",8,125,probe_repair,"[30, 35, 90, 110, 180, 185, 190, 210, 220, 225, 235, 250, 260, 340, 345]",0.00000000,"[0.00000000, 0.00000000, 0.00000000, 0.00000000, 0.00000000, 0.00000000, 0.00000000, 0.00000000, 0.00000000, 0.00000000]",0.09400000,0.45044000,2->5
10,10,10,0,20,"(1, 4, 5, 6, 9, 11, 16, 17, 21, 26)",9,181,probe_repair,"[5, 25, 45, 75, 80, 85, 100, 105, 130, 235, 245, 260, 275, 295, 305]",0.00000000,"[0.00000000, 0.00000000, 0.00000000, 0.00000000, 0.00000000, 0.00000000, 0.00000000, 0.00000000, 0.00000000, 0.00000000]",0.12900000,0.45172000,28->6
10,10,10,0,20,"(1, 4, 5, 6, 9, 11, 16, 17, 21, 26)",10,165,probe_repair,"[15, 35, 50, 85, 110, 135, 145, 185, 235, 275, 300, 330, 335, 345, 355]",0.00000000,"[0.00000000, 0.00000000, 0.00000000, 0.00000000, 0.00000000, 0.00000000, 0.00000000, 0.00000000, 0.00000000, 0.00000000]",0.18600000,0.44194000,18->17
10,10,10,0,21,"(5, 6, 9, 15, 16, 18, 20, 25, 27, 28)",1,253,probe_repair,"[5, 10, 20, 50, 55, 105, 145, 185, 210, 230, 255, 265, 290, 305, 360]",0.00000000,"[0.00000000, 0.00000000, 0.00000000, 0.00000000, 0.00000000, 0.00000000, 0.00000000, 0.00000000, 0.00000000, 0.00000000]",0.22200000,0.44586667,26->6
10,10,10,0,21,"(5, 6, 9, 15, 16, 18, 20, 25, 27, 28)",2,293,probe_repair,"[15, 40, 65, 85, 100, 140, 150, 160, 185, 230, 250, 255, 260, 285, 310]",0.00000000,"[0.00000000, 0.00000000, 0.00000000, 0.00000000, 0.00000000, 0.00000000, 0.00000000, 0.00000000, 0.00000000, 0.00000000]",0.04400000,0.45217778,24->9
10,10,10,0,21,"(5, 6, 9, 15, 16, 18, 20, 25, 27, 28)",3,605,probe_repair,"[100, 105, 115, 125, 135, 200, 220, 225, 230, 280, 325, 335, 340, 355, 365]",0.00000000,"[0.00000000, 0.00000000, 0.00000000, 0.00000000, 0.00000000, 0.00000000, 0.00000000, 0.00000000, 0.00000000, 0.00000000]",0.06000000,0.45715556,24->9
10,10,10,0,21,"(5, 6, 9, 15, 16, 18, 20, 25, 27, 28)",4,437,probe_repair,"[35, 75, 80, 110, 115, 120, 130, 170, 205, 220, 280, 290, 295, 300, 345]",0.00000000,"[0.00000000, 0.00000000, 0.00000000, 0.00000000, 0.00000000, 0.00000000, 0.00000000, 0.00000000, 0.00000000, 0.00000000]",0.14700000,0.45413333,7->28
10,10,10,0,21,"(5, 6, 9, 15, 16, 18, 20, 25, 27, 28)",5,21,probe_repair,"[10, 20, 55, 85, 90, 105, 125, 140, 155, 160, 185, 230, 270, 300, 315]",0.00000000,"[0.00000000, 0.00000000, 0.00000000, 0.00000000, 0.00000000, 0.00000000, 0.00000000, 0.00000000, 0.00000000, 0.00000000]",0.20300000,0.44995556,4->25
10,10,10,0,21,"(5, 6, 9, 15, 16, 18, 20, 25, 27, 28)",6,493,probe_repair,"[45, 55, 80, 105, 135, 150, 155, 210, 220, 230, 250, 285, 335, 340, 345]",0.00000000,"[0.00000000, 0.00000000, 0.00000000, 0.00000000, 0.00000000, 0.00000000, 0.00000000, 0.00000000, 0.00000000, 0.00000000]",0.07200000,0.45860000,7->16
10,10,10,0,21,"(5, 6, 9, 15, 16, 18, 20, 25, 27, 28)",7,557,probe_repair,"[15, 20, 30, 80, 110, 125, 150, 180, 270, 305, 310, 330, 345, 355, 360]",0.00000000,"[0.00000000, 0.00000000, 0.00000000, 0.00000000, 0.00000000, 0.00000000, 0.00000000, 0.00000000, 0.00000000, 0.00000000]",0.27500000,0.45277778,4->5
10,10,10,0,21,"(5, 6, 9, 15, 16, 18, 20, 25, 27, 28)",8,397,probe_repair,"[35, 100, 110, 145, 170, 175, 180, 190, 225, 240, 245, 290, 300, 315, 355]",0.00000000,"[0.00000000, 0.00000000, 0.00000000, 0.00000000, 0.00000000, 0.00000000, 0.00000000, 0.00000000, 0.00000000, 0.00000000]",0.14200000,0.44220000,24->25
10,10,10,0,21,"(5, 6, 9, 15, 16, 18, 20, 25, 27, 28)",9,621,probe_repair,"[15, 20, 55, 60, 140, 150, 165, 175, 185, 210, 230, 255, 270, 275, 325]",0.00000000,"[0.00000000, 0.00000000, 0.00000000, 0.00000000, 0.00000000, 0.00000000, 0.00000000, 0.00000000, 0.00000000, 0.00000000]",0.21900000,0.44771111,21->16
10,10,10,0,21,"(5, 6, 9, 15, 16, 18, 20, 25, 27, 28)",10,53,probe_repair,"[15, 50, 60, 65, 80, 105, 120, 140, 185, 210, 230, 245, 295, 300, 315]",0.00000000,"[0.00000000, 0.00000000, 0.00000000, 0.00000000, 0.00000000, 0.00000000, 0.00000000, 0.00000000, 0.00000000, 0.00000000]",0.17400000,0.45342222,24->20
10,10,10,0,22,"(1, 4, 6, 15, 16, 18, 20, 21, 22, 26)",1,373,probe_repair,"[40, 65, 135, 165, 170, 175, 180, 205, 225, 235, 250, 280, 340, 345, 355]",0.00000000,"[0.00000000, 0.00000000, 0.00000000, 0.00000000, 0.00000000, 0.00000000, 0.00000000, 0.00000000, 0.00000000, 0.00000000]",0.17200000,0.45894444,28->15
10,10,10,0,22,"(1, 4, 6, 15, 16, 18, 20, 21, 22, 26)",2,37,probe_repair,"[15, 35, 50, 70, 75, 95, 120, 165, 190, 195, 205, 210, 320, 350, 360]",0.00000000,"[0.00000000, 0.00000000, 0.00000000, 0.00000000, 0.00000000, 0.00000000, 0.00000000, 0.00000000, 0.00000000, 0.00000000]",0.06600000,0.44938889,9->26
10,10,10,0,22,"(1, 4, 6, 15, 16, 18, 20, 21, 22, 26)",3,245,probe_repair,"[15, 25, 55, 65, 70, 95, 175, 200, 225, 260, 275, 285, 290, 305, 350]",0.00000000,"[0.00000000, 0.00000000, 0.00000000, 0.00000000, 0.00000000, 0.00000000, 0.00000000, 0.00000000, 0.00000000, 0.00000000]",0.06900000,0.45674444,2->4
10,10,10,0,22,"(1, 4, 6, 15, 16, 18, 20, 21, 22, 26)",4,357,probe_repair,"[35, 125, 135, 140, 155, 160, 180, 190, 205, 230, 255, 290, 305, 335, 340]",0.00000000,"[0.00000000, 0.00000000, 0.00000000, 0.00000000, 0.00000000, 0.00000000, 0.00000000, 0.00000000, 0.00000000, 0.00000000]",0.05600000,0.44332222,17->1
10,10,10,0,22,"(1, 4, 6, 15, 16, 18, 20, 21, 22, 26)",5,93,probe_repair,"[40, 50, 60, 70, 85, 100, 110, 115, 120, 165, 190, 240, 300, 310, 345]",0.00000000,"[0.00000000, 0.00000000, 0.00000000, 0.00000000, 0.00000000, 0.00000000, 0.00000000, 0.00000000, 0.00000000, 0.00000000]",0.26400000,0.44752222,11->21
10,10,10,0,22,"(1, 4, 6, 15, 16, 18, 20, 21, 22, 26)",6,501,probe_repair,"[5, 15, 50, 55, 75, 95, 130, 165, 185, 190, 230, 265, 275, 295, 300]",0.00000000,"[0.00000000, 0.00000000, 0.00000000, 0.00000000, 0.00000000, 0.00000000, 0.00000000, 0.00000000, 0.00000000, 0.00000000]",0.00800000,0.44736667,28->22
10,10,10,0,22,"(1, 4, 6, 15, 16, 18, 20, 21, 22, 26)",7,341,probe_repair,"[45, 65, 125, 135, 145, 180, 200, 210, 220, 245, 250, 260, 290, 295, 335]",0.00000000,"[0.00000000, 0.00000000, 0.00000000, 0.00000000, 0.00000000, 0.00000000, 0.00000000, 0.00000000, 0.00000000, 0.00000000]",0.24700000,0.44956667,2->15
10,10,10,0,22,"(1, 4, 6, 15, 16, 18, 20, 21, 22, 26)",8,533,probe_repair,"[5, 40, 50, 55, 90, 150, 185, 195, 200, 210, 265, 325, 330, 335, 350]",0.00000000,"[0.00000000, 0.00000000, 0.00000000, 0.00000000, 0.00000000, 0.00000000, 0.00000000, 0.00000000, 0.00000000, 0.00000000]",0.18600000,0.44352222,2->16
10,10,10,0,22,"(1, 4, 6, 15, 16, 18, 20, 21, 22, 26)",9,157,probe_repair,"[40, 70, 90, 95, 105, 150, 200, 230, 245, 280, 295, 300, 305, 335, 340]",0.00000000,"[0.00000000, 0.00000000, 0.00000000, 0.00000000, 0.00000000, 0.00000000, 0.00000000, 0.00000000, 0.00000000, 0.00000000]",0.14500000,0.45545556,2->20
10,10,10,0,22,"(1, 4, 6, 15, 16, 18, 20, 21, 22, 26)",10,453,probe_repair,"[5, 45, 70, 80, 85, 100, 140, 150, 160, 185, 255, 285, 305, 350, 360]",0.00000000,"[0.00000000, 0.00000000, 0.00000000, 0.00000000, 0.00000000, 0.00000000, 0.00000000, 0.00000000, 0.00000000, 0.00000000]",0.17800000,0.44754444,7->1
10,10,10,0,23,"(1, 2, 6, 9, 11, 15, 16, 25, 26, 28)",1,485,probe_repair,"[5, 30, 50, 80, 90, 100, 125, 145, 155, 205, 210, 295, 300, 330, 345]",0.00000000,"[0.00000000, 0.00000000, 0.00000000, 0.00000000, 0.00000000, 0.00000000, 0.00000000, 0.00000000, 0.00000000, 0.00000000]",0.06500000,0.44830000,20->9
10,10,10,0,23,"(1, 2, 6, 9, 11, 15, 16, 25, 26, 28)",2,221,probe_repair,"[25, 60, 70, 75, 90, 110, 115, 155, 165, 185, 200, 245, 350, 360, 365]",0.00000000,"[0.00000000, 0.00000000, 0.00000000, 0.00000000, 0.00000000, 0.00000000, 0.00000000, 0.00000000, 0.00000000, 0.00000000]",0.12900000,0.44750000,7->9
10,10,10,0,23,"(1, 2, 6, 9, 11, 15, 16, 25, 26, 28)",3,453,probe_repair,"[5, 25, 35, 50, 55, 80, 85, 90, 95, 105, 115, 165, 225, 340, 360]",0.00000000,"[0.00000000, 0.00000000, 0.00000000, 0.00000000, 0.00000000, 0.00000000, 0.00000000, 0.00000000, 0.00000000, 0.00000000]",0.02500000,0.43850000,24->6
10,10,10,0,23,"(1, 2, 6, 9, 11, 15, 16, 25, 26, 28)",4,309,probe_repair,"[10, 15, 25, 30, 35, 50, 125, 145, 150, 160, 200, 245, 290, 340, 350]",0.00000000,"[0.00000000, 0.00000000, 0.00000000, 0.00000000, 0.00000000, 0.00000000, 0.00000000, 0.00000000, 0.00000000, 0.00000000]",0.19600000,0.45423333,4->15
10,10,10,0,23,"(1, 2, 6, 9, 11, 15, 16, 25, 26, 28)",5,509,probe_repair,"[30, 45, 60, 140, 155, 170, 185, 195, 205, 210, 225, 260, 295, 310, 330]",0.00000000,"[0.00000000, 0.00000000, 0.00000000, 0.00000000, 0.00000000, 0.00000000, 0.00000000, 0.00000000, 0.00000000, 0.00000000]",0.04200000,0.44938889,22->16
10,10,10,0,23,"(1, 2, 6, 9, 11, 15, 16, 25, 26, 28)",6,349,probe_repair,"[15, 45, 70, 95, 105, 150, 165, 170, 205, 265, 285, 300, 310, 320, 325]",0.00000000,"[0.00000000, 0.00000000, 0.00000000, 0.00000000, 0.00000000, 0.00000000, 0.00000000, 0.00000000, 0.00000000, 0.00000000]",0.15300000,0.44545556,22->26
10,10,10,0,23,"(1, 2, 6, 9, 11, 15, 16, 25, 26, 28)",7,77,probe_repair,"[5, 35, 40, 45, 100, 105, 180, 190, 195, 205, 265, 285, 320, 325, 340]",0.00000000,"[0.00000000, 0.00000000, 0.00000000, 0.00000000, 0.00000000, 0.00000000, 0.00000000, 0.00000000, 0.00000000, 0.00000000]",0.20600000,0.44647778,7->2
10,10,10,0,23,"(1, 2, 6, 9, 11, 15, 16, 25, 26, 28)",8,29,probe_repair,"[10, 30, 105, 125, 185, 190, 260, 275, 285, 290, 300, 320, 325, 335, 365]",0.00000000,"[0.00000000, 0.00000000, 0.00000000, 0.00000000, 0.00000000, 0.00000000, 0.00000000, 0.00000000, 0.00000000, 0.00000000]",0.18500000,0.45318889,7->26
10,10,10,0,23,"(1, 2, 6, 9, 11, 15, 16, 25, 26, 28)",9,357,probe_repair,"[15, 90, 95, 110, 120, 135, 155, 165, 175, 205, 280, 305, 335, 345, 350]",0.00000000,"[0.00000000, 0.00000000, 0.00000000, 0.00000000, 0.00000000, 0.00000000, 0.00000000, 0.00000000, 0.00000000, 0.00000000]",0.11600000,0.44327778,22->15
10,10,10,0,23,"(1, 2, 6, 9, 11, 15, 16, 25, 26, 28)",10,413,probe_repair,"[30, 55, 60, 70, 75, 100, 105, 130, 150, 170, 220, 225, 300, 350, 360]",0.00000000,"[0.00000000, 0.00000000, 0.00000000, 0.00000000, 0.00000000, 0.00000000, 0.00000000, 0.00000000, 0.00000000, 0.00000000]",0.10000000,0.45090000,22->28
10,10,10,0,24,"(4, 7, 15, 17, 18, 21, 22, 26, 27, 28)",1,73,probe_repair,"[5, 60, 65, 100, 115, 145, 175, 200, 210, 235, 255, 290, 330, 350, 355]",0.00000000,"[0.00000000, 0.00000000, 0.00000000, 0.00000000, 0.00000000, 0.00000000, 0.00000000, 0.00000000, 0.00000000, 0.00000000]",0.16200000,0.46037500,20->22
10,10,10,0,24,"(4, 7, 15, 17, 18, 21, 22, 26, 27, 28)",2,1261,probe_repair,"[20, 40, 45, 70, 120, 135, 165, 170, 205, 230, 255, 285, 305, 315, 350]",0.00000000,"[0.00000000, 0.00000000, 0.00000000, 0.00000000, 0.00000000, 0.00000000, 0.00000000, 0.00000000, 0.00000000, 0.00000000]",0.18800000,0.44942500,25->17
10,10,10,0,24,"(4, 7, 15, 17, 18, 21, 22, 26, 27, 28)",3,189,probe_repair,"[5, 20, 45, 60, 80, 100, 135, 180, 185, 195, 200, 220, 280, 295, 300]",0.00000000,"[0.00000000, 0.00000000, 0.00000000, 0.00000000, 0.00000000, 0.00000000, 0.00000000, 0.00000000, 0.00000000, 0.00000000]",0.20000000,0.44710000,16->7
10,10,10,0,24,"(4, 7, 15, 17, 18, 21, 22, 26, 27, 28)",4,453,probe_repair,"[15, 30, 40, 45, 60, 65, 75, 95, 110, 175, 205, 215, 225, 305, 335]",0.00000000,"[0.00000000, 0.00000000, 0.00000000, 0.00000000, 0.00000000, 0.00000000, 0.00000000, 0.00000000, 0.00000000, 0.00000000]",0.19300000,0.45310000,16->18
10,10,10,0,24,"(4, 7, 15, 17, 18, 21, 22, 26, 27, 28)",5,1269,probe_repair,"[10, 25, 30, 40, 70, 115, 155, 195, 215, 225, 245, 305, 315, 340, 350]",0.00000000,"[0.00000000, 0.00000000, 0.00000000, 0.00000000, 0.00000000, 0.00000000, 0.00000000, 0.00000000, 0.00000000, 0.00000000]",0.11700000,0.45432500,9->26
10,10,10,0,24,"(4, 7, 15, 17, 18, 21, 22, 26, 27, 28)",6,1189,probe_repair,"[20, 90, 95, 115, 180, 200, 245, 250, 255, 280, 290, 300, 315, 325, 345]",0.00000000,"[0.00000000, 0.00000000, 0.00000000, 0.00000000, 0.00000000, 0.00000000, 0.00000000, 0.00000000, 0.00000000, 0.00000000]",0.13500000,0.45357500,11->7
10,10,10,0,24,"(4, 7, 15, 17, 18, 21, 22, 26, 27, 28)",7,141,probe_repair,"[15, 20, 35, 75, 80, 110, 120, 130, 160, 230, 240, 320, 340, 345, 350]",0.00000000,"[0.00000000, 0.00000000, 0.00000000, 0.00000000, 0.00000000, 0.00000000, 0.00000000, 0.00000000, 0.00000000, 0.00000000]",0.03700000,0.45047500,24->18
10,10,10,0,24,"(4, 7, 15, 17, 18, 21, 22, 26, 27, 28)",8,357,probe_repair,"[5, 10, 45, 65, 95, 105, 130, 155, 225, 245, 280, 305, 310, 315, 355]",0.00000000,"[0.00000000, 0.00000000, 0.00000000, 0.00000000, 0.00000000, 0.00000000, 0.00000000, 0.00000000, 0.00000000, 0.00000000]",0.12900000,0.44387500,9->15
10,10,10,0,24,"(4, 7, 15, 17, 18, 21, 22, 26, 27, 28)",9,69,probe_repair,"[5, 60, 65, 100, 115, 145, 175, 200, 210, 235, 255, 290, 330, 350, 355]",0.00000000,"[0.00000000, 0.00000000, 0.00000000, 0.00000000, 0.00000000, 0.00000000, 0.00000000, 0.00000000, 0.00000000, 0.00000000]",0.06600000,0.45290000,20->22
10,10,10,0,24,"(4, 7, 15, 17, 18, 21, 22, 26, 27, 28)",10,1197,probe_repair,"[80, 115, 130, 140, 155, 165, 185, 205, 225, 230, 250, 275, 290, 295, 315]",0.00000000,"[0.00000000, 0.00000000, 0.00000000, 0.00000000, 0.00000000, 0.00000000, 0.00000000, 0.00000000, 0.00000000, 0.00000000]",0.08600000,0.45467500,20->17
10,10,10,0,25,"(5, 7, 9, 11, 15, 16, 17, 21, 25, 27)",1,389,probe_repair,"[10, 25, 60, 80, 125, 150, 245, 260, 265, 285, 315, 330, 335, 360, 365]",0.00000000,"[0.00000000, 0.00000000, 0.00000000, 0.00000000, 0.00000000, 0.00000000, 0.00000000, 0.00000000, 0.00000000, 0.00000000]",0.23500000,0.44927778,18->16
10,10,10,0,25,"(5, 7, 9, 11, 15, 16, 17, 21, 25, 27)",2,101,probe_repair,"[15, 25, 105, 130, 135, 140, 145, 150, 225, 255, 265, 290, 310, 330, 360]",0.00000000,"[0.00000000, 0.00000000, 0.00000000, 0.00000000, 0.00000000, 0.00000000, 0.00000000, 0.00000000, 0.00000000, 0.00000000]",0.18200000,0.44236667,2->7
10,10,10,0,25,"(5, 7, 9, 11, 15, 16, 17, 21, 25, 27)",3,405,probe_repair,"[45, 60, 65, 90, 115, 205, 240, 250, 255, 270, 300, 315, 325, 355, 360]",0.00000000,"[0.00000000, 0.00000000, 0.00000000, 0.00000000, 0.00000000, 0.00000000, 0.00000000, 0.00000000, 0.00000000, 0.00000000]",0.09900000,0.44852222,20->27
10,10,10,0,25,"(5, 7, 9, 11, 15, 16, 17, 21, 25, 27)",4,381,probe_repair,"[5, 20, 105, 125, 140, 150, 160, 205, 225, 235, 245, 260, 265, 355, 365]",0.00000000,"[0.00000000, 0.00000000, 0.00000000, 0.00000000, 0.00000000, 0.00000000, 0.00000000, 0.00000000, 0.00000000, 0.00000000]",0.21800000,0.45350000,22->17
10,10,10,0,25,"(5, 7, 9, 11, 15, 16, 17, 21, 25, 27)",5,541,probe_repair,"[15, 25, 30, 35, 60, 75, 90, 95, 110, 135, 180, 215, 245, 275, 305]",0.00000000,"[0.00000000, 0.00000000, 0.00000000, 0.00000000, 0.00000000, 0.00000000, 0.00000000, 0.00000000, 0.00000000, 0.00000000]",0.18500000,0.44412222,4->27
10,10,10,0,25,"(5, 7, 9, 11, 15, 16, 17, 21, 25, 27)",6,357,probe_repair,"[55, 60, 105, 115, 125, 165, 185, 200, 240, 260, 265, 305, 310, 345, 355]",0.00000000,"[0.00000000, 0.00000000, 0.00000000, 0.00000000, 0.00000000, 0.00000000, 0.00000000, 0.00000000, 0.00000000, 0.00000000]",0.21900000,0.45130000,22->21
10,10,10,0,25,"(5, 7, 9, 11, 15, 16, 17, 21, 25, 27)",7,445,probe_repair,"[30, 35, 50, 55, 65, 95, 115, 145, 200, 215, 270, 280, 300, 305, 360]",0.00000000,"[0.00000000, 0.00000000, 0.00000000, 0.00000000, 0.00000000, 0.00000000, 0.00000000, 0.00000000, 0.00000000, 0.00000000]",0.11100000,0.44978889,6->21
10,10,10,0,25,"(5, 7, 9, 11, 15, 16, 17, 21, 25, 27)",8,277,probe_repair,"[65, 95, 115, 120, 125, 130, 135, 155, 225, 245, 270, 290, 300, 335, 345]",0.00000000,"[0.00000000, 0.00000000, 0.00000000, 0.00000000, 0.00000000, 0.00000000, 0.00000000, 0.00000000, 0.00000000, 0.00000000]",0.17600000,0.45663333,26->7
10,10,10,0,25,"(5, 7, 9, 11, 15, 16, 17, 21, 25, 27)",9,261,probe_repair,"[5, 15, 30, 40, 55, 95, 140, 200, 205, 240, 260, 275, 285, 290, 305]",0.00000000,"[0.00000000, 0.00000000, 0.00000000, 0.00000000, 0.00000000, 0.00000000, 0.00000000, 0.00000000, 0.00000000, 0.00000000]",0.10900000,0.44272222,24->15
10,10,10,0,25,"(5, 7, 9, 11, 15, 16, 17, 21, 25, 27)",10,477,probe_repair,"[15, 40, 50, 65, 75, 105, 115, 120, 130, 140, 180, 245, 255, 270, 315]",0.00000000,"[0.00000000, 0.00000000, 0.00000000, 0.00000000, 0.00000000, 0.00000000, 0.00000000, 0.00000000, 0.00000000, 0.00000000]",0.25300000,0.45076667,26->15
10,10,10,0,26,"(5, 6, 7, 9, 11, 15, 16, 20, 24, 28)",1,237,probe_repair,"[35, 40, 50, 55, 75, 105, 135, 170, 210, 270, 295, 305, 325, 335, 355]",0.00000000,"[0.00000000, 0.00000000, 0.00000000, 0.00000000, 0.00000000, 0.00000000, 0.00000000, 0.00000000, 0.00000000, 0.00000000]",0.14400000,0.45471111,22->9
10,10,10,0,26,"(5, 6, 7, 9, 11, 15, 16, 20, 24, 28)",2,109,probe_repair,"[10, 15, 20, 40, 45, 60, 105, 110, 120, 150, 160, 180, 230, 270, 315]",0.00000000,"[0.00000000, 0.00000000, 0.00000000, 0.00000000, 0.00000000, 0.00000000, 0.00000000, 0.00000000, 0.00000000, 0.00000000]",0.11300000,0.44540000,22->16
10,10,10,0,26,"(5, 6, 7, 9, 11, 15, 16, 20, 24, 28)",3,525,probe_repair,"[20, 45, 65, 75, 100, 120, 140, 145, 160, 215, 235, 325, 330, 355, 360]",0.00000000,"[0.00000000, 0.00000000, 0.00000000, 0.00000000, 0.00000000, 0.00000000, 0.00000000, 0.00000000, 0.00000000, 0.00000000]",0.20600000,0.45768889,4->15
10,10,10,0,26,"(5, 6, 7, 9, 11, 15, 16, 20, 24, 28)",4,157,probe_repair,"[10, 45, 55, 60, 65, 95, 105, 115, 170, 190, 230, 250, 315, 330, 355]",0.00000000,"[0.00000000, 0.00000000, 0.00000000, 0.00000000, 0.00000000, 0.00000000, 0.00000000, 0.00000000, 0.00000000, 0.00000000]",0.12300000,0.44953333,17->28
10,10,10,0,26,"(5, 6, 7, 9, 11, 15, 16, 20, 24, 28)",5,173,probe_repair,"[15, 30, 40, 45, 65, 95, 100, 135, 150, 165, 185, 225, 275, 285, 310]",0.00000000,"[0.00000000, 0.00000000, 0.00000000, 0.00000000, 0.00000000, 0.00000000, 0.00000000, 0.00000000, 0.00000000, 0.00000000]",0.16800000,0.45022222,17->5
10,10,10,0,26,"(5, 6, 7, 9, 11, 15, 16, 20, 24, 28)",6,189,probe_repair,"[50, 85, 105, 130, 160, 175, 230, 235, 240, 270, 275, 285, 295, 335, 365]",0.00000000,"[0.00000000, 0.00000000, 0.00000000, 0.00000000, 0.00000000, 0.00000000, 0.00000000, 0.00000000, 0.00000000, 0.00000000]",0.06900000,0.44924444,22->16
10,10,10,0,26,"(5, 6, 7, 9, 11, 15, 16, 20, 24, 28)",7,349,probe_repair,"[25, 45, 75, 80, 90, 125, 130, 135, 175, 215, 230, 235, 250, 310, 315]",0.00000000,"[0.00000000, 0.00000000, 0.00000000, 0.00000000, 0.00000000, 0.00000000, 0.00000000, 0.00000000, 0.00000000, 0.00000000]",0.07200000,0.45046667,25->15
10,10,10,0,26,"(5, 6, 7, 9, 11, 15, 16, 20, 24, 28)",8,181,probe_repair,"[25, 50, 65, 80, 130, 135, 170, 215, 255, 270, 285, 295, 300, 315, 330]",0.00000000,"[0.00000000, 0.00000000, 0.00000000, 0.00000000, 0.00000000, 0.00000000, 0.00000000, 0.00000000, 0.00000000, 0.00000000]",0.08000000,0.44582222,27->24
10,10,10,0,26,"(5, 6, 7, 9, 11, 15, 16, 20, 24, 28)",9,533,probe_repair,"[15, 55, 75, 80, 95, 100, 160, 170, 180, 220, 230, 235, 255, 290, 340]",0.00000000,"[0.00000000, 0.00000000, 0.00000000, 0.00000000, 0.00000000, 0.00000000, 0.00000000, 0.00000000, 0.00000000, 0.00000000]",0.20200000,0.45120000,4->20
10,10,10,0,26,"(5, 6, 7, 9, 11, 15, 16, 20, 24, 28)",10,197,probe_repair,"[15, 45, 60, 80, 125, 140, 160, 200, 220, 235, 270, 275, 280, 355, 365]",0.00000000,"[0.00000000, 0.00000000, 0.00000000, 0.00000000, 0.00000000, 0.00000000, 0.00000000, 0.00000000, 0.00000000, 0.00000000]",0.22400000,0.45044444,17->11
10,10,10,0,27,"(1, 4, 5, 6, 11, 15, 21, 22, 25, 27)",1,181,probe_repair,"[25, 60, 65, 90, 95, 120, 125, 140, 165, 175, 180, 185, 240, 355, 365]",0.00000000,"[0.00000000, 0.00000000, 0.00000000, 0.00000000, 0.00000000, 0.00000000, 0.00000000, 0.00000000, 0.00000000, 0.00000000]",0.12600000,0.44200000,24->15
10,10,10,0,27,"(1, 4, 5, 6, 11, 15, 21, 22, 25, 27)",2,133,probe_repair,"[40, 80, 85, 90, 95, 130, 155, 160, 170, 200, 285, 295, 310, 340, 360]",0.00000000,"[0.00000000, 0.00000000, 0.00000000, 0.00000000, 0.00000000, 0.00000000, 0.00000000, 0.00000000, 0.00000000, 0.00000000]",0.17600000,0.44976000,26->6
10,10,10,0,27,"(1, 4, 5, 6, 11, 15, 21, 22, 25, 27)",3,77,probe_repair,"[35, 90, 95, 100, 105, 150, 160, 190, 240, 255, 285, 290, 300, 330, 340]",0.00000000,"[0.00000000, 0.00000000, 0.00000000, 0.00000000, 0.00000000, 0.00000000, 0.00000000, 0.00000000, 0.00000000, 0.00000000]",0.19600000,0.45736000,2->6
10,10,10,0,27,"(1, 4, 5, 6, 11, 15, 21, 22, 25, 27)",4,117,probe_repair,"[15, 40, 55, 75, 125, 130, 140, 175, 200, 210, 220, 260, 265, 340, 360]",0.00000000,"[0.00000000, 0.00000000, 0.00000000, 0.00000000, 0.00000000, 0.00000000, 0.00000000, 0.00000000, 0.00000000, 0.00000000]",0.18600000,0.44406000,24->27
10,10,10,0,27,"(1, 4, 5, 6, 11, 15, 21, 22, 25, 27)",5,141,probe_repair,"[5, 30, 40, 45, 55, 75, 105, 125, 165, 190, 205, 310, 335, 340, 365]",0.00000000,"[0.00000000, 0.00000000, 0.00000000, 0.00000000, 0.00000000, 0.00000000, 0.00000000, 0.00000000, 0.00000000, 0.00000000]",0.11700000,0.44934000,24->6
10,10,10,0,27,"(1, 4, 5, 6, 11, 15, 21, 22, 25, 27)",6,109,probe_repair,"[10, 30, 45, 80, 90, 105, 135, 155, 190, 200, 265, 285, 295, 340, 360]",0.00000000,"[0.00000000, 0.00000000, 0.00000000, 0.00000000, 0.00000000, 0.00000000, 0.00000000, 0.00000000, 0.00000000, 0.00000000]",0.11200000,0.44434000,28->4
10,10,10,0,27,"(1, 4, 5, 6, 11, 15, 21, 22, 25, 27)",7,69,probe_repair,"[10, 25, 85, 95, 100, 135, 145, 150, 185, 205, 225, 260, 295, 300, 340]",0.00000000,"[0.00000000, 0.00000000, 0.00000000, 0.00000000, 0.00000000, 0.00000000, 0.00000000, 0.00000000, 0.00000000, 0.00000000]",0.18700000,0.44886000,2->27
10,10,10,0,27,"(1, 4, 5, 6, 11, 15, 21, 22, 25, 27)",8,101,probe_repair,"[5, 35, 60, 65, 85, 100, 105, 115, 130, 155, 160, 235, 255, 280, 340]",0.00000000,"[0.00000000, 0.00000000, 0.00000000, 0.00000000, 0.00000000, 0.00000000, 0.00000000, 0.00000000, 0.00000000, 0.00000000]",0.08500000,0.44226000,26->25
10,10,10,0,27,"(1, 4, 5, 6, 11, 15, 21, 22, 25, 27)",9,93,probe_repair,"[25, 30, 50, 65, 90, 100, 115, 125, 135, 145, 150, 175, 190, 250, 365]",0.00000000,"[0.00000000, 0.00000000, 0.00000000, 0.00000000, 0.00000000, 0.00000000, 0.00000000, 0.00000000, 0.00000000, 0.00000000]",0.10400000,0.44482000,24->25
10,10,10,0,27,"(1, 4, 5, 6, 11, 15, 21, 22, 25, 27)",10,21,probe_repair,"[40, 45, 65, 75, 115, 140, 150, 155, 165, 235, 265, 305, 325, 335, 340]",0.00000000,"[0.00000000, 0.00000000, 0.00000000, 0.00000000, 0.00000000, 0.00000000, 0.00000000, 0.00000000, 0.00000000, 0.00000000]",0.23500000,0.44680000,17->5
10,10,10,0,28,"(2, 4, 9, 11, 16, 17, 20, 24, 26, 27)",1,1605,probe_repair,"[5, 60, 95, 145, 150, 175, 180, 190, 210, 220, 240, 280, 335, 345, 350]",0.00000000,"[0.00000000, 0.00000000, 0.00000000, 0.00000000, 0.00000000, 0.00000000, 0.00000000, 0.00000000, 0.00000000, 0.00000000]",0.01600000,0.44367500,6->9
10,10,10,0,28,"(2, 4, 9, 11, 16, 17, 20, 24, 26, 27)",2,1261,probe_repair,"[40, 65, 85, 125, 135, 145, 150, 155, 170, 220, 225, 235, 290, 330, 340]",0.00000000,"[0.00000000, 0.00000000, 0.00000000, 0.00000000, 0.00000000, 0.00000000, 0.00000000, 0.00000000, 0.00000000, 0.00000000]",0.21800000,0.45177500,15->20
10,10,10,0,28,"(2, 4, 9, 11, 16, 17, 20, 24, 26, 27)",3,717,probe_repair,"[15, 25, 30, 45, 55, 60, 105, 145, 160, 185, 190, 305, 335, 350, 360]",0.00000000,"[0.00000000, 0.00000000, 0.00000000, 0.00000000, 0.00000000, 0.00000000, 0.00000000, 0.00000000, 0.00000000, 0.00000000]",0.09400000,0.44395000,7->2
10,10,10,0,28,"(2, 4, 9, 11, 16, 17, 20, 24, 26, 27)",4,973,probe_repair,"[25, 45, 50, 60, 95, 165, 170, 250, 255, 260, 270, 275, 280, 300, 350]",0.00000000,"[0.00000000, 0.00000000, 0.00000000, 0.00000000, 0.00000000, 0.00000000, 0.00000000, 0.00000000, 0.00000000, 0.00000000]",0.18800000,0.44762500,28->16
10,10,10,0,28,"(2, 4, 9, 11, 16, 17, 20, 24, 26, 27)",5,69,probe_repair,"[20, 110, 115, 160, 170, 205, 235, 240, 265, 275, 290, 310, 315, 340, 365]",0.00000000,"[0.00000000, 0.00000000, 0.00000000, 0.00000000, 0.00000000, 0.00000000, 0.00000000, 0.00000000, 0.00000000, 0.00000000]",0.14100000,0.43612500,7->27
10,10,10,0,28,"(2, 4, 9, 11, 16, 17, 20, 24, 26, 27)",6,373,probe_repair,"[10, 15, 30, 120, 125, 150, 165, 245, 255, 285, 290, 315, 320, 335, 350]",0.00000000,"[0.00000000, 0.00000000, 0.00000000, 0.00000000, 0.00000000, 0.00000000, 0.00000000, 0.00000000, 0.00000000, 0.00000000]",0.13300000,0.44442500,6->20
10,10,10,0,28,"(2, 4, 9, 11, 16, 17, 20, 24, 26, 27)",7,197,probe_repair,"[30, 45, 50, 80, 100, 130, 135, 140, 145, 165, 175, 195, 220, 230, 245]",0.00000000,"[0.00000000, 0.00000000, 0.00000000, 0.00000000, 0.00000000, 0.00000000, 0.00000000, 0.00000000, 0.00000000, 0.00000000]",0.03700000,0.45120000,15->4
10,10,10,0,28,"(2, 4, 9, 11, 16, 17, 20, 24, 26, 27)",8,1029,probe_repair,"[55, 120, 125, 135, 170, 175, 190, 200, 270, 275, 280, 285, 295, 300, 340]",0.00000000,"[0.00000000, 0.00000000, 0.00000000, 0.00000000, 0.00000000, 0.00000000, 0.00000000, 0.00000000, 0.00000000, 0.00000000]",0.22300000,0.45210000,6->20
10,10,10,0,28,"(2, 4, 9, 11, 16, 17, 20, 24, 26, 27)",9,1525,probe_repair,"[10, 25, 60, 65, 85, 100, 175, 180, 185, 195, 205, 250, 260, 305, 320]",0.00000000,"[0.00000000, 0.00000000, 0.00000000, 0.00000000, 0.00000000, 0.00000000, 0.00000000, 0.00000000, 0.00000000, 0.00000000]",0.08600000,0.45295000,21->17
10,10,10,0,28,"(2, 4, 9, 11, 16, 17, 20, 24, 26, 27)",10,1517,probe_repair,"[5, 40, 65, 85, 90, 150, 155, 215, 225, 245, 300, 310, 340, 350, 365]",0.00000000,"[0.00000000, 0.00000000, 0.00000000, 0.00000000, 0.00000000, 0.00000000, 0.00000000, 0.00000000, 0.00000000, 0.00000000]",0.24000000,0.45985000,7->2
10,10,10,0,29,"(2, 4, 11, 17, 18, 21, 22, 25, 27, 28)",1,69,probe_repair,"[20, 30, 55, 70, 80, 90, 100, 120, 140, 155, 185, 235, 315, 340, 365]",0.00000000,"[0.00000000, 0.00000000, 0.00000000, 0.00000000, 0.00000000, 0.00000000, 0.00000000, 0.00000000, 0.00000000, 0.00000000]",0.23200000,0.44012500,26->22
10,10,10,0,29,"(2, 4, 11, 17, 18, 21, 22, 25, 27, 28)",2,1213,probe_repair,"[25, 45, 75, 85, 100, 110, 125, 150, 160, 185, 205, 210, 245, 315, 320]",0.00000000,"[0.00000000, 0.00000000, 0.00000000, 0.00000000, 0.00000000, 0.00000000, 0.00000000, 0.00000000, 0.00000000, 0.00000000]",0.10600000,0.44560000,7->27
10,10,10,0,29,"(2, 4, 11, 17, 18, 21, 22, 25, 27, 28)",3,653,probe_repair,"[10, 130, 145, 160, 170, 230, 265, 285, 290, 295, 310, 320, 350, 355, 360]",0.00000000,"[0.00000000, 0.00000000, 0.00000000, 0.00000000, 0.00000000, 0.00000000, 0.00000000, 0.00000000, 0.00000000, 0.00000000]",0.16000000,0.45425000,26->11
10,10,10,0,29,"(2, 4, 11, 17, 18, 21, 22, 25, 27, 28)",4,181,probe_repair,"[45, 80, 95, 100, 115, 125, 145, 175, 190, 195, 215, 260, 335, 340, 360]",0.00000000,"[0.00000000, 0.00000000, 0.00000000, 0.00000000, 0.00000000, 0.00000000, 0.00000000, 0.00000000, 0.00000000, 0.00000000]",0.18700000,0.44547500,20->27
10,10,10,0,29,"(2, 4, 11, 17, 18, 21, 22, 25, 27, 28)",5,1133,probe_repair,"[15, 35, 75, 85, 95, 110, 120, 160, 175, 180, 230, 260, 285, 310, 340]",0.00000000,"[0.00000000, 0.00000000, 0.00000000, 0.00000000, 0.00000000, 0.00000000, 0.00000000, 0.00000000, 0.00000000, 0.00000000]",0.18900000,0.44815000,9->18
10,10,10,0,29,"(2, 4, 11, 17, 18, 21, 22, 25, 27, 28)",6,597,probe_repair,"[15, 40, 95, 110, 140, 170, 185, 205, 235, 245, 270, 285, 325, 345, 360]",0.00000000,"[0.00000000, 0.00000000, 0.00000000, 0.00000000, 0.00000000, 0.00000000, 0.00000000, 0.00000000, 0.00000000, 0.00000000]",0.17200000,0.45207500,9->27
10,10,10,0,29,"(2, 4, 11, 17, 18, 21, 22, 25, 27, 28)",7,1437,probe_repair,"[10, 20, 55, 65, 80, 135, 155, 215, 245, 250, 290, 320, 345, 355, 360]",0.00000000,"[0.00000000, 0.00000000, 0.00000000, 0.00000000, 0.00000000, 0.00000000, 0.00000000, 0.00000000, 0.00000000, 0.00000000]",0.13000000,0.44490000,16->22
10,10,10,0,29,"(2, 4, 11, 17, 18, 21, 22, 25, 27, 28)",8,509,probe_repair,"[10, 20, 50, 75, 85, 120, 140, 185, 235, 285, 310, 325, 330, 340, 345]",0.00000000,"[0.00000000, 0.00000000, 0.00000000, 0.00000000, 0.00000000, 0.00000000, 0.00000000, 0.00000000, 0.00000000, 0.00000000]",0.17000000,0.44835000,15->28
10,10,10,0,29,"(2, 4, 11, 17, 18, 21, 22, 25, 27, 28)",9,1285,probe_repair,"[10, 50, 70, 110, 155, 175, 180, 215, 235, 255, 310, 330, 340, 345, 360]",0.00000000,"[0.00000000, 0.00000000, 0.00000000, 0.00000000, 0.00000000, 0.00000000, 0.00000000, 0.00000000, 0.00000000, 0.00000000]",0.20200000,0.45157500,7->18
10,10,10,0,29,"(2, 4, 11, 17, 18, 21, 22, 25, 27, 28)",10,1061,probe_repair,"[25, 30, 50, 100, 140, 145, 150, 165, 205, 280, 310, 315, 320, 325, 345]",0.00000000,"[0.00000000, 0.00000000, 0.00000000, 0.00000000, 0.00000000, 0.00000000, 0.00000000, 0.00000000, 0.00000000, 0.00000000]",0.16000000,0.44972500,7->17
10,10,10,0,30,"(2, 4, 5, 6, 11, 20, 21, 25, 26, 28)",1,613,probe_repair,"[10, 15, 40, 65, 80, 85, 130, 165, 170, 205, 245, 285, 300, 315, 335]",0.00000000,"[0.00000000, 0.00000000, 0.00000000, 0.00000000, 0.00000000, 0.00000000, 0.00000000, 0.00000000, 0.00000000, 0.00000000]",0.14000000,0.45201111,15->28
10,10,10,0,30,"(2, 4, 5, 6, 11, 20, 21, 25, 26, 28)",2,61,probe_repair,"[25, 35, 50, 65, 85, 100, 130, 165, 215, 245, 275, 300, 305, 310, 360]",0.00000000,"[0.00000000, 0.00000000, 0.00000000, 0.00000000, 0.00000000, 0.00000000, 0.00000000, 0.00000000, 0.00000000, 0.00000000]",0.21000000,0.44767778,16->28
10,10,10,0,30,"(2, 4, 5, 6, 11, 20, 21, 25, 26, 28)",3,549,probe_repair,"[40, 60, 100, 145, 155, 210, 215, 220, 285, 305, 325, 330, 335, 355, 360]",0.00000000,"[0.00000000, 0.00000000, 0.00000000, 0.00000000, 0.00000000, 0.00000000, 0.00000000, 0.00000000, 0.00000000, 0.00000000]",0.24100000,0.45454444,7->20
10,10,10,0,30,"(2, 4, 5, 6, 11, 20, 21, 25, 26, 28)",4,669,probe_repair,"[5, 25, 45, 75, 125, 130, 135, 175, 180, 210, 225, 245, 280, 335, 345]",0.00000000,"[0.00000000, 0.00000000, 0.00000000, 0.00000000, 0.00000000, 0.00000000, 0.00000000, 0.00000000, 0.00000000, 0.00000000]",0.15000000,0.44478889,17->4
10,10,10,0,30,"(2, 4, 5, 6, 11, 20, 21, 25, 26, 28)",5,413,probe_repair,"[20, 25, 65, 160, 165, 180, 200, 215, 245, 260, 300, 305, 310, 335, 360]",0.00000000,"[0.00000000, 0.00000000, 0.00000000, 0.00000000, 0.00000000, 0.00000000, 0.00000000, 0.00000000, 0.00000000, 0.00000000]",0.20800000,0.45356667,16->4
10,10,10,0,30,"(2, 4, 5, 6, 11, 20, 21, 25, 26, 28)",6,293,probe_repair,"[15, 20, 25, 65, 85, 100, 125, 135, 180, 250, 255, 275, 280, 295, 330]",0.00000000,"[0.00000000, 0.00000000, 0.00000000, 0.00000000, 0.00000000, 0.00000000, 0.00000000, 0.00000000, 0.00000000, 0.00000000]",0.16500000,0.44203333,22->11
10,10,10,0,30,"(2, 4, 5, 6, 11, 20, 21, 25, 26, 28)",7,581,probe_repair,"[5, 25, 40, 110, 145, 150, 160, 200, 210, 225, 235, 255, 275, 300, 325]",0.00000000,"[0.00000000, 0.00000000, 0.00000000, 0.00000000, 0.00000000, 0.00000000, 0.00000000, 0.00000000, 0.00000000, 0.00000000]",0.12600000,0.44983333,15->11
10,10,10,0,30,"(2, 4, 5, 6, 11, 20, 21, 25, 26, 28)",8,309,probe_repair,"[40, 45, 55, 80, 85, 125, 145, 160, 185, 200, 215, 225, 265, 315, 335]",0.00000000,"[0.00000000, 0.00000000, 0.00000000, 0.00000000, 0.00000000, 0.00000000, 0.00000000, 0.00000000, 0.00000000, 0.00000000]",0.15600000,0.44947778,15->5
10,10,10,0,30,"(2, 4, 5, 6, 11, 20, 21, 25, 26, 28)",9,325,probe_repair,"[15, 20, 30, 95, 100, 125, 150, 160, 180, 190, 235, 245, 275, 325, 345]",0.00000000,"[0.00000000, 0.00000000, 0.00000000, 0.00000000, 0.00000000, 0.00000000, 0.00000000, 0.00000000, 0.00000000, 0.00000000]",0.08300000,0.44414444,24->4
10,10,10,0,30,"(2, 4, 5, 6, 11, 20, 21, 25, 26, 28)",10,525,probe_repair,"[5, 10, 15, 60, 85, 165, 170, 205, 220, 225, 235, 240, 250, 255, 265]",0.00000000,"[0.00000000, 0.00000000, 0.00000000, 0.00000000, 0.00000000, 0.00000000, 0.00000000, 0.00000000, 0.00000000, 0.00000000]",0.12800000,0.44534444,16->5
10,10,10,0,31,"(9, 11, 15, 17, 18, 20, 22, 24, 25, 27)",1,565,probe_repair,"[15, 60, 90, 150, 160, 165, 180, 225, 260, 270, 290, 300, 325, 330, 340]",0.00000000,"[0.00000000, 0.00000000, 0.00000000, 0.00000000, 0.00000000, 0.00000000, 0.00000000, 0.00000000, 0.00000000, 0.00000000]",0.13200000,0.44625000,4->27
10,10,10,0,31,"(9, 11, 15, 17, 18, 20, 22, 24, 25, 27)",2,1429,probe_repair,"[5, 40, 50, 65, 70, 135, 165, 175, 230, 235, 245, 250, 305, 320, 345]",0.00000000,"[0.00000000, 0.00000000, 0.00000000, 0.00000000, 0.00000000, 0.00000000, 0.00000000, 0.00000000, 0.00000000, 0.00000000]",0.09800000,0.45162500,4->25
10,10,10,0,31,"(9, 11, 15, 17, 18, 20, 22, 24, 25, 27)",3,1213,probe_repair,"[60, 70, 95, 135, 140, 165, 175, 200, 215, 220, 235, 330, 335, 345, 355]",0.00000000,"[0.00000000, 0.00000000, 0.00000000, 0.00000000, 0.00000000, 0.00000000, 0.00000000, 0.00000000, 0.00000000, 0.00000000]",0.26800000,0.45067500,28->25
10,10,10,0,31,"(9, 11, 15, 17, 18, 20, 22, 24, 25, 27)",4,173,probe_repair,"[10, 45, 55, 70, 80, 150, 185, 190, 215, 230, 235, 265, 280, 330, 350]",0.00000000,"[0.00000000, 0.00000000, 0.00000000, 0.00000000, 0.00000000, 0.00000000, 0.00000000, 0.00000000, 0.00000000, 0.00000000]",0.20000000,0.45072500,16->25
10,10,10,0,31,"(9, 11, 15, 17, 18, 20, 22, 24, 25, 27)",5,1253,probe_repair,"[10, 40, 75, 95, 115, 130, 140, 150, 165, 225, 240, 245, 260, 275, 330]",0.00000000,"[0.00000000, 0.00000000, 0.00000000, 0.00000000, 0.00000000, 0.00000000, 0.00000000, 0.00000000, 0.00000000, 0.00000000]",0.14600000,0.44110000,26->18
10,10,10,0,31,"(9, 11, 15, 17, 18, 20, 22, 24, 25, 27)",6,1445,probe_repair,"[5, 10, 15, 20, 75, 125, 140, 165, 210, 220, 230, 270, 280, 345, 355]",0.00000000,"[0.00000000, 0.00000000, 0.00000000, 0.00000000, 0.00000000, 0.00000000, 0.00000000, 0.00000000, 0.00000000, 0.00000000]",0.27900000,0.45100000,2->15
10,10,10,0,31,"(9, 11, 15, 17, 18, 20, 22, 24, 25, 27)",7,1341,probe_repair,"[10, 15, 55, 60, 70, 100, 110, 160, 180, 190, 245, 265, 285, 320, 355]",0.00000000,"[0.00000000, 0.00000000, 0.00000000, 0.00000000, 0.00000000, 0.00000000, 0.00000000, 0.00000000, 0.00000000, 0.00000000]",0.24000000,0.45130000,16->24
10,10,10,0,31,"(9, 11, 15, 17, 18, 20, 22, 24, 25, 27)",8,1069,probe_repair,"[55, 90, 105, 110, 150, 155, 175, 185, 210, 245, 280, 285, 305, 330, 360]",0.00000000,"[0.00000000, 0.00000000, 0.00000000, 0.00000000, 0.00000000, 0.00000000, 0.00000000, 0.00000000, 0.00000000, 0.00000000]",0.23700000,0.44915000,16->27
10,10,10,0,31,"(9, 11, 15, 17, 18, 20, 22, 24, 25, 27)",9,1317,probe_repair,"[30, 110, 125, 140, 165, 170, 190, 195, 220, 260, 280, 295, 305, 325, 345]",0.00000000,"[0.00000000, 0.00000000, 0.00000000, 0.00000000, 0.00000000, 0.00000000, 0.00000000, 0.00000000, 0.00000000, 0.00000000]",0.23700000,0.45292500,16->15
10,10,10,0,31,"(9, 11, 15, 17, 18, 20, 22, 24, 25, 27)",10,1181,probe_repair,"[15, 35, 50, 75, 145, 165, 190, 235, 265, 275, 280, 285, 300, 335, 355]",0.00000000,"[0.00000000, 0.00000000, 0.00000000, 0.00000000, 0.00000000, 0.00000000, 0.00000000, 0.00000000, 0.00000000, 0.00000000]",0.14400000,0.45385000,6->22
10,10,10,0,32,"(4, 9, 18, 20, 21, 24, 25, 26, 27, 28)",1,1557,probe_repair,"[20, 35, 90, 120, 130, 155, 175, 180, 185, 225, 260, 265, 270, 315, 320]",0.00000000,"[0.00000000, 0.00000000, 0.00000000, 0.00000000, 0.00000000, 0.00000000, 0.00000000, 0.00000000, 0.00000000, 0.00000000]",0.03200000,0.44652500,6->27
10,10,10,0,32,"(4, 9, 18, 20, 21, 24, 25, 26, 27, 28)",2,1605,probe_repair,"[10, 20, 80, 90, 110, 175, 185, 245, 260, 270, 280, 315, 330, 340, 360]",0.00000000,"[0.00000000, 0.00000000, 0.00000000, 0.00000000, 0.00000000, 0.00000000, 0.00000000, 0.00000000, 0.00000000, 0.00000000]",0.17500000,0.45590000,11->9
10,10,10,0,32,"(4, 9, 18, 20, 21, 24, 25, 26, 27, 28)",3,429,probe_repair,"[5, 80, 85, 105, 185, 220, 245, 255, 290, 305, 315, 335, 340, 345, 360]",0.00000000,"[0.00000000, 0.00000000, 0.00000000, 0.00000000, 0.00000000, 0.00000000, 0.00000000, 0.00000000, 0.00000000, 0.00000000]",0.17700000,0.44617500,15->18
10,10,10,0,32,"(4, 9, 18, 20, 21, 24, 25, 26, 27, 28)",4,1573,probe_repair,"[15, 20, 30, 45, 80, 90, 120, 135, 145, 185, 190, 215, 230, 275, 285]",0.00000000,"[0.00000000, 0.00000000, 0.00000000, 0.00000000, 0.00000000, 0.00000000, 0.00000000, 0.00000000, 0.00000000, 0.00000000]",0.02600000,0.45087500,2->20
10,10,10,0,32,"(4, 9, 18, 20, 21, 24, 25, 26, 27, 28)",5,485,probe_repair,"[5, 20, 50, 75, 90, 120, 165, 210, 215, 220, 265, 270, 280, 320, 345]",0.00000000,"[0.00000000, 0.00000000, 0.00000000, 0.00000000, 0.00000000, 0.00000000, 0.00000000, 0.00000000, 0.00000000, 0.00000000]",0.27400000,0.45635000,15->18
10,10,10,0,32,"(4, 9, 18, 20, 21, 24, 25, 26, 27, 28)",6,1341,probe_repair,"[5, 35, 50, 65, 100, 105, 125, 130, 160, 250, 260, 280, 305, 325, 355]",0.00000000,"[0.00000000, 0.00000000, 0.00000000, 0.00000000, 0.00000000, 0.00000000, 0.00000000, 0.00000000, 0.00000000, 0.00000000]",0.27100000,0.44227500,2->26
10,10,10,0,32,"(4, 9, 18, 20, 21, 24, 25, 26, 27, 28)",7,981,probe_repair,"[5, 50, 120, 125, 165, 190, 210, 225, 255, 270, 295, 310, 340, 360, 365]",0.00000000,"[0.00000000, 0.00000000, 0.00000000, 0.00000000, 0.00000000, 0.00000000, 0.00000000, 0.00000000, 0.00000000, 0.00000000]",0.08600000,0.44867500,6->26
10,10,10,0,32,"(4, 9, 18, 20, 21, 24, 25, 26, 27, 28)",8,965,probe_repair,"[45, 55, 100, 140, 145, 155, 180, 190, 200, 245, 270, 285, 290, 300, 315]",0.00000000,"[0.00000000, 0.00000000, 0.00000000, 0.00000000, 0.00000000, 0.00000000, 0.00000000, 0.00000000, 0.00000000, 0.00000000]",0.00100000,0.45067500,6->20
10,10,10,0,32,"(4, 9, 18, 20, 21, 24, 25, 26, 27, 28)",9,1453,probe_repair,"[45, 65, 75, 115, 125, 130, 170, 180, 195, 200, 225, 240, 285, 300, 355]",0.00000000,"[0.00000000, 0.00000000, 0.00000000, 0.00000000, 0.00000000, 0.00000000, 0.00000000, 0.00000000, 0.00000000, 0.00000000]",0.19300000,0.45457500,11->21
10,10,10,0,32,"(4, 9, 18, 20, 21, 24, 25, 26, 27, 28)",10,701,probe_repair,"[10, 35, 40, 90, 110, 120, 130, 165, 195, 230, 245, 270, 285, 290, 295]",0.00000000,"[0.00000000, 0.00000000, 0.00000000, 0.00000000, 0.00000000, 0.00000000, 0.00000000, 0.00000000, 0.00000000, 0.00000000]",0.17800000,0.44670000,15->18
10,10,10,0,33,"(2, 5, 6, 9, 11, 17, 20, 21, 24, 27)",1,157,probe_repair,"[35, 75, 85, 110, 170, 180, 200, 205, 210, 215, 255, 290, 340, 345, 365]",0.00000000,"[0.00000000, 0.00000000, 0.00000000, 0.00000000, 0.00000000, 0.00000000, 0.00000000, 0.00000000, 0.00000000, 0.00000000]",0.20800000,0.44708889,25->27
10,10,10,0,33,"(2, 5, 6, 9, 11, 17, 20, 21, 24, 27)",2,453,probe_repair,"[35, 50, 55, 65, 80, 85, 110, 170, 190, 255, 305, 310, 315, 330, 365]",0.00000000,"[0.00000000, 0.00000000, 0.00000000, 0.00000000, 0.00000000, 0.00000000, 0.00000000, 0.00000000, 0.00000000, 0.00000000]",0.02400000,0.45171111,26->24
10,10,10,0,33,"(2, 5, 6, 9, 11, 17, 20, 21, 24, 27)",3,285,probe_repair,"[5, 10, 15, 40, 45, 85, 110, 125, 165, 175, 185, 190, 235, 315, 345]",0.00000000,"[0.00000000, 0.00000000, 0.00000000, 0.00000000, 0.00000000, 0.00000000, 0.00000000, 0.00000000, 0.00000000, 0.00000000]",0.21100000,0.45588889,28->27
10,10,10,0,33,"(2, 5, 6, 9, 11, 17, 20, 21, 24, 27)",4,141,probe_repair,"[50, 85, 100, 110, 165, 185, 210, 235, 240, 245, 270, 285, 305, 340, 365]",0.00000000,"[0.00000000, 0.00000000, 0.00000000, 0.00000000, 0.00000000, 0.00000000, 0.00000000, 0.00000000, 0.00000000, 0.00000000]",0.06600000,0.45851111,28->5
10,10,10,0,33,"(2, 5, 6, 9, 11, 17, 20, 21, 24, 27)",5,245,probe_repair,"[10, 20, 25, 35, 55, 90, 135, 145, 160, 190, 265, 290, 310, 345, 365]",0.00000000,"[0.00000000, 0.00000000, 0.00000000, 0.00000000, 0.00000000, 0.00000000, 0.00000000, 0.00000000, 0.00000000, 0.00000000]",0.15500000,0.45031111,16->5
10,10,10,0,33,"(2, 5, 6, 9, 11, 17, 20, 21, 24, 27)",6,493,probe_repair,"[5, 30, 35, 40, 120, 160, 185, 230, 240, 265, 290, 300, 335, 345, 360]",0.00000000,"[0.00000000, 0.00000000, 0.00000000, 0.00000000, 0.00000000, 0.00000000, 0.00000000, 0.00000000, 0.00000000, 0.00000000]",0.19400000,0.44851111,16->5
10,10,10,0,33,"(2, 5, 6, 9, 11, 17, 20, 21, 24, 27)",7,269,probe_repair,"[20, 50, 65, 105, 110, 125, 155, 170, 205, 215, 220, 275, 285, 330, 365]",0.00000000,"[0.00000000, 0.00000000, 0.00000000, 0.00000000, 0.00000000, 0.00000000, 0.00000000, 0.00000000, 0.00000000, 0.00000000]",0.15400000,0.45024444,16->6
10,10,10,0,33,"(2, 5, 6, 9, 11, 17, 20, 21, 24, 27)",8,557,probe_repair,"[25, 45, 65, 115, 130, 155, 170, 185, 205, 210, 260, 265, 290, 300, 310]",0.00000000,"[0.00000000, 0.00000000, 0.00000000, 0.00000000, 0.00000000, 0.00000000, 0.00000000, 0.00000000, 0.00000000, 0.00000000]",0.19200000,0.44673333,16->17
10,10,10,0,33,"(2, 5, 6, 9, 11, 17, 20, 21, 24, 27)",9,357,probe_repair,"[40, 50, 75, 80, 105, 130, 135, 170, 175, 180, 185, 295, 315, 325, 360]",0.00000000,"[0.00000000, 0.00000000, 0.00000000, 0.00000000, 0.00000000, 0.00000000, 0.00000000, 0.00000000, 0.00000000, 0.00000000]",0.13000000,0.44993333,7->24
10,10,10,0,33,"(2, 5, 6, 9, 11, 17, 20, 21, 24, 27)",10,21,probe_repair,"[20, 30, 35, 55, 75, 90, 105, 130, 140, 180, 190, 310, 330, 340, 345]",0.00000000,"[0.00000000, 0.00000000, 0.00000000, 0.00000000, 0.00000000, 0.00000000, 0.00000000, 0.00000000, 0.00000000, 0.00000000]",0.24000000,0.45835556,7->5
10,10,10,0,34,"(2, 4, 9, 15, 20, 21, 25, 26, 27, 28)",1,1325,probe_repair,"[5, 15, 70, 75, 105, 115, 130, 140, 160, 200, 265, 300, 310, 325, 360]",0.00000000,"[0.00000000, 0.00000000, 0.00000000, 0.00000000, 0.00000000, 0.00000000, 0.00000000, 0.00000000, 0.00000000, 0.00000000]",0.09800000,0.45050000,7->21
10,10,10,0,34,"(2, 4, 9, 15, 20, 21, 25, 26, 27, 28)",2,517,probe_repair,"[40, 125, 145, 160, 185, 190, 195, 200, 205, 250, 255, 270, 290, 315, 330]",0.00000000,"[0.00000000, 0.00000000, 0.00000000, 0.00000000, 0.00000000, 0.00000000, 0.00000000, 0.00000000, 0.00000000, 0.00000000]",0.10200000,0.45180000,17->9
10,10,10,0,34,"(2, 4, 9, 15, 20, 21, 25, 26, 27, 28)",3,917,probe_repair,"[5, 10, 95, 110, 135, 150, 165, 200, 215, 235, 240, 295, 300, 350, 355]",0.00000000,"[0.00000000, 0.00000000, 0.00000000, 0.00000000, 0.00000000, 0.00000000, 0.00000000, 0.00000000, 0.00000000, 0.00000000]",0.20300000,0.44427500,24->15
10,10,10,0,34,"(2, 4, 9, 15, 20, 21, 25, 26, 27, 28)",4,597,probe_repair,"[25, 50, 65, 85, 135, 200, 220, 250, 275, 295, 305, 320, 325, 345, 360]",0.00000000,"[0.00000000, 0.00000000, 0.00000000, 0.00000000, 0.00000000, 0.00000000, 0.00000000, 0.00000000, 0.00000000, 0.00000000]",0.19100000,0.45617500,11->4
10,10,10,0,34,"(2, 4, 9, 15, 20, 21, 25, 26, 27, 28)",5,749,probe_repair,"[20, 30, 35, 130, 135, 155, 160, 185, 190, 235, 265, 270, 305, 315, 330]",0.00000000,"[0.00000000, 0.00000000, 0.00000000, 0.00000000, 0.00000000, 0.00000000, 0.00000000, 0.00000000, 0.00000000, 0.00000000]",0.25500000,0.45625000,6->27
10,10,10,0,34,"(2, 4, 9, 15, 20, 21, 25, 26, 27, 28)",6,1021,probe_repair,"[5, 30, 35, 45, 115, 150, 160, 175, 195, 225, 230, 235, 290, 310, 335]",0.00000000,"[0.00000000, 0.00000000, 0.00000000, 0.00000000, 0.00000000, 0.00000000, 0.00000000, 0.00000000, 0.00000000, 0.00000000]",0.10500000,0.45197500,7->25
10,10,10,0,34,"(2, 4, 9, 15, 20, 21, 25, 26, 27, 28)",7,357,probe_repair,"[15, 50, 65, 70, 85, 130, 150, 185, 195, 200, 225, 230, 235, 320, 330]",0.00000000,"[0.00000000, 0.00000000, 0.00000000, 0.00000000, 0.00000000, 0.00000000, 0.00000000, 0.00000000, 0.00000000, 0.00000000]",0.03500000,0.44585000,18->4
10,10,10,0,34,"(2, 4, 9, 15, 20, 21, 25, 26, 27, 28)",8,621,probe_repair,"[15, 35, 50, 60, 75, 110, 155, 195, 210, 215, 270, 305, 330, 355, 360]",0.00000000,"[0.00000000, 0.00000000, 0.00000000, 0.00000000, 0.00000000, 0.00000000, 0.00000000, 0.00000000, 0.00000000, 0.00000000]",0.27600000,0.46280000,7->26
10,10,10,0,34,"(2, 4, 9, 15, 20, 21, 25, 26, 27, 28)",9,837,probe_repair,"[10, 15, 60, 135, 145, 150, 185, 195, 200, 235, 250, 270, 280, 305, 315]",0.00000000,"[0.00000000, 0.00000000, 0.00000000, 0.00000000, 0.00000000, 0.00000000, 0.00000000, 0.00000000, 0.00000000, 0.00000000]",0.03500000,0.43577500,22->28
10,10,10,0,34,"(2, 4, 9, 15, 20, 21, 25, 26, 27, 28)",10,757,probe_repair,"[10, 15, 20, 25, 140, 150, 160, 190, 220, 225, 250, 255, 295, 300, 330]",0.00000000,"[0.00000000, 0.00000000, 0.00000000, 0.00000000, 0.00000000, 0.00000000, 0.00000000, 0.00000000, 0.00000000, 0.00000000]",0.32800000,0.46132500,16->2
10,10,10,0,35,"(4, 6, 11, 15, 16, 17, 20, 24, 25, 27)",1,1525,probe_repair,"[55, 85, 90, 105, 130, 150, 160, 170, 225, 235, 245, 260, 270, 275, 335]",0.00000000,"[0.00000000, 0.00000000, 0.00000000, 0.00000000, 0.00000000, 0.00000000, 0.00000000, 0.00000000, 0.00000000, 0.00000000]",0.26900000,0.45452500,21->24
10,10,10,0,35,"(4, 6, 11, 15, 16, 17, 20, 24, 25, 27)",2,645,probe_repair,"[25, 50, 70, 80, 105, 115, 140, 150, 155, 160, 255, 300, 320, 345, 350]",0.00000000,"[0.00000000, 0.00000000, 0.00000000, 0.00000000, 0.00000000, 0.00000000, 0.00000000, 0.00000000, 0.00000000, 0.00000000]",0.20700000,0.44767500,21->24
10,10,10,0,35,"(4, 6, 11, 15, 16, 17, 20, 24, 25, 27)",3,173,probe_repair,"[10, 25, 55, 115, 160, 165, 170, 175, 185, 210, 225, 245, 250, 295, 325]",0.00000000,"[0.00000000, 0.00000000, 0.00000000, 0.00000000, 0.00000000, 0.00000000, 0.00000000, 0.00000000, 0.00000000, 0.00000000]",0.06100000,0.44862500,2->24
10,10,10,0,35,"(4, 6, 11, 15, 16, 17, 20, 24, 25, 27)",4,1589,probe_repair,"[55, 75, 95, 105, 120, 135, 145, 150, 170, 175, 185, 195, 265, 310, 360]",0.00000000,"[0.00000000, 0.00000000, 0.00000000, 0.00000000, 0.00000000, 0.00000000, 0.00000000, 0.00000000, 0.00000000, 0.00000000]",0.13400000,0.44780000,28->6
10,10,10,0,35,"(4, 6, 11, 15, 16, 17, 20, 24, 25, 27)",5,197,probe_repair,"[75, 105, 120, 135, 140, 150, 230, 245, 250, 265, 300, 305, 320, 330, 340]",0.00000000,"[0.00000000, 0.00000000, 0.00000000, 0.00000000, 0.00000000, 0.00000000, 0.00000000, 0.00000000, 0.00000000, 0.00000000]",0.10900000,0.44615000,26->17
10,10,10,0,35,"(4, 6, 11, 15, 16, 17, 20, 24, 25, 27)",6,1229,probe_repair,"[35, 50, 55, 105, 135, 140, 150, 155, 180, 230, 290, 315, 350, 355, 360]",0.00000000,"[0.00000000, 0.00000000, 0.00000000, 0.00000000, 0.00000000, 0.00000000, 0.00000000, 0.00000000, 0.00000000, 0.00000000]",0.23000000,0.45720000,21->27
10,10,10,0,35,"(4, 6, 11, 15, 16, 17, 20, 24, 25, 27)",7,517,probe_repair,"[20, 25, 90, 110, 145, 180, 200, 240, 250, 270, 285, 290, 305, 325, 365]",0.00000000,"[0.00000000, 0.00000000, 0.00000000, 0.00000000, 0.00000000, 0.00000000, 0.00000000, 0.00000000, 0.00000000, 0.00000000]",0.09000000,0.45097500,9->17
10,10,10,0,35,"(4, 6, 11, 15, 16, 17, 20, 24, 25, 27)",8,157,probe_repair,"[80, 105, 135, 145, 150, 155, 170, 200, 205, 220, 235, 255, 275, 315, 335]",0.00000000,"[0.00000000, 0.00000000, 0.00000000, 0.00000000, 0.00000000, 0.00000000, 0.00000000, 0.00000000, 0.00000000, 0.00000000]",0.00600000,0.45555000,26->15
10,10,10,0,35,"(4, 6, 11, 15, 16, 17, 20, 24, 25, 27)",9,1301,probe_repair,"[35, 45, 60, 75, 85, 110, 140, 160, 190, 220, 245, 325, 330, 350, 360]",0.00000000,"[0.00000000, 0.00000000, 0.00000000, 0.00000000, 0.00000000, 0.00000000, 0.00000000, 0.00000000, 0.00000000, 0.00000000]",0.25200000,0.45320000,26->4
10,10,10,0,35,"(4, 6, 11, 15, 16, 17, 20, 24, 25, 27)",10,805,probe_repair,"[70, 85, 95, 100, 110, 140, 160, 165, 180, 185, 235, 245, 285, 315, 320]",0.00000000,"[0.00000000, 0.00000000, 0.00000000, 0.00000000, 0.00000000, 0.00000000, 0.00000000, 0.00000000, 0.00000000, 0.00000000]",0.09000000,0.44335000,26->6
10,10,10,0,36,"(5, 6, 9, 11, 15, 18, 21, 25, 26, 27)",1,133,probe_repair,"[10, 130, 140, 150, 155, 165, 185, 200, 210, 255, 260, 270, 280, 300, 340]",0.00000000,"[0.00000000, 0.00000000, 0.00000000, 0.00000000, 0.00000000, 0.00000000, 0.00000000, 0.00000000, 0.00000000, 0.00000000]",0.06000000,0.45257778,17->26
10,10,10,0,36,"(5, 6, 9, 11, 15, 18, 21, 25, 26, 27)",2,21,probe_repair,"[15, 25, 40, 65, 125, 130, 145, 150, 175, 190, 240, 290, 295, 300, 330]",0.00000000,"[0.00000000, 0.00000000, 0.00000000, 0.00000000, 0.00000000, 0.00000000, 0.00000000, 0.00000000, 0.00000000, 0.00000000]",0.01200000,0.45606667,17->27
10,10,10,0,36,"(5, 6, 9, 11, 15, 18, 21, 25, 26, 27)",3,365,probe_repair,"[20, 30, 40, 60, 75, 130, 160, 170, 210, 255, 265, 280, 295, 355, 365]",0.00000000,"[0.00000000, 0.00000000, 0.00000000, 0.00000000, 0.00000000, 0.00000000, 0.00000000, 0.00000000, 0.00000000, 0.00000000]",0.09400000,0.44748889,22->26
10,10,10,0,36,"(5, 6, 9, 11, 15, 18, 21, 25, 26, 27)",4,565,probe_repair,"[5, 25, 55, 80, 90, 105, 120, 185, 200, 220, 265, 290, 315, 335, 355]",0.00000000,"[0.00000000, 0.00000000, 0.00000000, 0.00000000, 0.00000000, 0.00000000, 0.00000000, 0.00000000, 0.00000000, 0.00000000]",0.04000000,0.44297778,2->21
10,10,10,0,36,"(5, 6, 9, 11, 15, 18, 21, 25, 26, 27)",5,301,probe_repair,"[5, 10, 15, 35, 45, 125, 145, 150, 165, 200, 280, 285, 295, 345, 360]",0.00000000,"[0.00000000, 0.00000000, 0.00000000, 0.00000000, 0.00000000, 0.00000000, 0.00000000, 0.00000000, 0.00000000, 0.00000000]",0.21500000,0.45237778,4->26
10,10,10,0,36,"(5, 6, 9, 11, 15, 18, 21, 25, 26, 27)",6,341,probe_repair,"[10, 25, 65, 90, 135, 145, 170, 225, 255, 275, 280, 300, 310, 315, 360]",0.00000000,"[0.00000000, 0.00000000, 0.00000000, 0.00000000, 0.00000000, 0.00000000, 0.00000000, 0.00000000, 0.00000000, 0.00000000]",0.14500000,0.44624444,7->25
10,10,10,0,36,"(5, 6, 9, 11, 15, 18, 21, 25, 26, 27)",7,581,probe_repair,"[35, 40, 45, 60, 105, 200, 245, 280, 290, 295, 300, 325, 330, 340, 345]",0.00000000,"[0.00000000, 0.00000000, 0.00000000, 0.00000000, 0.00000000, 0.00000000, 0.00000000, 0.00000000, 0.00000000, 0.00000000]",0.15600000,0.45291111,22->21
10,10,10,0,36,"(5, 6, 9, 11, 15, 18, 21, 25, 26, 27)",8,357,probe_repair,"[20, 35, 45, 105, 145, 155, 210, 225, 250, 255, 265, 275, 280, 340, 345]",0.00000000,"[0.00000000, 0.00000000, 0.00000000, 0.00000000, 0.00000000, 0.00000000, 0.00000000, 0.00000000, 0.00000000, 0.00000000]",0.20700000,0.45308889,22->26
10,10,10,0,36,"(5, 6, 9, 11, 15, 18, 21, 25, 26, 27)",9,437,probe_repair,"[15, 115, 120, 140, 200, 205, 210, 215, 230, 240, 250, 290, 305, 310, 315]",0.00000000,"[0.00000000, 0.00000000, 0.00000000, 0.00000000, 0.00000000, 0.00000000, 0.00000000, 0.00000000, 0.00000000, 0.00000000]",0.22900000,0.45700000,28->25
10,10,10,0,36,"(5, 6, 9, 11, 15, 18, 21, 25, 26, 27)",10,213,probe_repair,"[45, 60, 75, 95, 190, 230, 240, 245, 250, 255, 280, 305, 330, 340, 360]",0.00000000,"[0.00000000, 0.00000000, 0.00000000, 0.00000000, 0.00000000, 0.00000000, 0.00000000, 0.00000000, 0.00000000, 0.00000000]",0.13300000,0.44455556,2->25
10,10,10,0,37,"(2, 9, 15, 16, 18, 20, 22, 24, 25, 26)",1,1445,probe_repair,"[5, 15, 85, 105, 190, 240, 245, 250, 260, 275, 290, 300, 310, 325, 350]",0.00000000,"[0.00000000, 0.00000000, 0.00000000, 0.00000000, 0.00000000, 0.00000000, 0.00000000, 0.00000000, 0.00000000, 0.00000000]",0.19000000,0.45167500,6->25
10,10,10,0,37,"(2, 9, 15, 16, 18, 20, 22, 24, 25, 26)",2,1373,probe_repair,"[35, 60, 90, 125, 140, 180, 225, 235, 255, 265, 285, 290, 320, 325, 360]",0.00000000,"[0.00000000, 0.00000000, 0.00000000, 0.00000000, 0.00000000, 0.00000000, 0.00000000, 0.00000000, 0.00000000, 0.00000000]",0.24000000,0.45217500,4->15
10,10,10,0,37,"(2, 9, 15, 16, 18, 20, 22, 24, 25, 26)",3,445,probe_repair,"[55, 70, 95, 105, 120, 140, 155, 190, 195, 220, 260, 280, 290, 325, 365]",0.00000000,"[0.00000000, 0.00000000, 0.00000000, 0.00000000, 0.00000000, 0.00000000, 0.00000000, 0.00000000, 0.00000000, 0.00000000]",0.16800000,0.44815000,6->26
10,10,10,0,37,"(2, 9, 15, 16, 18, 20, 22, 24, 25, 26)",4,357,probe_repair,"[5, 10, 20, 40, 90, 105, 115, 195, 270, 280, 285, 300, 330, 350, 365]",0.00000000,"[0.00000000, 0.00000000, 0.00000000, 0.00000000, 0.00000000, 0.00000000, 0.00000000, 0.00000000, 0.00000000, 0.00000000]",0.09600000,0.44905000,28->26
10,10,10,0,37,"(2, 9, 15, 16, 18, 20, 22, 24, 25, 26)",5,741,probe_repair,"[45, 100, 135, 140, 145, 185, 240, 255, 265, 270, 280, 310, 315, 335, 360]",0.00000000,"[0.00000000, 0.00000000, 0.00000000, 0.00000000, 0.00000000, 0.00000000, 0.00000000, 0.00000000, 0.00000000, 0.00000000]",0.13500000,0.45067500,7->2
10,10,10,0,37,"(2, 9, 15, 16, 18, 20, 22, 24, 25, 26)",6,853,probe_repair,"[70, 90, 115, 135, 155, 170, 175, 190, 195, 250, 280, 300, 310, 325, 350]",0.00000000,"[0.00000000, 0.00000000, 0.00000000, 0.00000000, 0.00000000, 0.00000000, 0.00000000, 0.00000000, 0.00000000, 0.00000000]",0.16000000,0.45002500,7->2
10,10,10,0,37,"(2, 9, 15, 16, 18, 20, 22, 24, 25, 26)",7,1285,probe_repair,"[5, 30, 80, 110, 115, 160, 190, 215, 220, 240, 255, 270, 335, 345, 360]",0.00000000,"[0.00000000, 0.00000000, 0.00000000, 0.00000000, 0.00000000, 0.00000000, 0.00000000, 0.00000000, 0.00000000, 0.00000000]",0.07400000,0.45497500,17->22
10,10,10,0,37,"(2, 9, 15, 16, 18, 20, 22, 24, 25, 26)",8,477,probe_repair,"[15, 20, 60, 95, 145, 170, 175, 185, 210, 280, 290, 310, 325, 330, 340]",0.00000000,"[0.00000000, 0.00000000, 0.00000000, 0.00000000, 0.00000000, 0.00000000, 0.00000000, 0.00000000, 0.00000000, 0.00000000]",0.15600000,0.45170000,28->18
10,10,10,0,37,"(2, 9, 15, 16, 18, 20, 22, 24, 25, 26)",9,117,probe_repair,"[10, 45, 115, 130, 140, 145, 165, 180, 205, 235, 245, 295, 315, 340, 360]",0.00000000,"[0.00000000, 0.00000000, 0.00000000, 0.00000000, 0.00000000, 0.00000000, 0.00000000, 0.00000000, 0.00000000, 0.00000000]",0.08200000,0.43740000,17->9
10,10,10,0,37,"(2, 9, 15, 16, 18, 20, 22, 24, 25, 26)",10,133,probe_repair,"[5, 30, 35, 65, 105, 130, 135, 140, 220, 255, 265, 290, 300, 305, 365]",0.00000000,"[0.00000000, 0.00000000, 0.00000000, 0.00000000, 0.00000000, 0.00000000, 0.00000000, 0.00000000, 0.00000000, 0.00000000]",0.17600000,0.46062500,28->20
10,10,10,0,38,"(6, 9, 17, 18, 20, 22, 24, 25, 27, 28)",1,229,probe_repair,"[55, 65, 90, 130, 170, 175, 195, 205, 240, 270, 300, 305, 310, 355, 360]",0.00000000,"[0.00000000, 0.00000000, 0.00000000, 0.00000000, 0.00000000, 0.00000000, 0.00000000, 0.00000000, 0.00000000, 0.00000000]",0.30300000,0.44555000,16->6
10,10,10,0,38,"(6, 9, 17, 18, 20, 22, 24, 25, 27, 28)",2,1189,probe_repair,"[10, 20, 40, 50, 70, 85, 95, 110, 130, 155, 225, 290, 305, 310, 320]",0.00000000,"[0.00000000, 0.00000000, 0.00000000, 0.00000000, 0.00000000, 0.00000000, 0.00000000, 0.00000000, 0.00000000, 0.00000000]",0.19000000,0.44770000,16->22
10,10,10,0,38,"(6, 9, 17, 18, 20, 22, 24, 25, 27, 28)",3,125,probe_repair,"[20, 40, 85, 100, 140, 150, 175, 215, 220, 230, 260, 295, 300, 355, 360]",0.00000000,"[0.00000000, 0.00000000, 0.00000000, 0.00000000, 0.00000000, 0.00000000, 0.00000000, 0.00000000, 0.00000000, 0.00000000]",0.05400000,0.44335000,11->24
10,10,10,0,38,"(6, 9, 17, 18, 20, 22, 24, 25, 27, 28)",4,469,probe_repair,"[5, 50, 70, 105, 110, 130, 135, 160, 240, 245, 250, 260, 300, 305, 340]",0.00000000,"[0.00000000, 0.00000000, 0.00000000, 0.00000000, 0.00000000, 0.00000000, 0.00000000, 0.00000000, 0.00000000, 0.00000000]",0.19800000,0.44932500,11->28
10,10,10,0,38,"(6, 9, 17, 18, 20, 22, 24, 25, 27, 28)",5,349,probe_repair,"[5, 15, 40, 80, 115, 165, 170, 180, 195, 200, 205, 220, 285, 310, 345]",0.00000000,"[0.00000000, 0.00000000, 0.00000000, 0.00000000, 0.00000000, 0.00000000, 0.00000000, 0.00000000, 0.00000000, 0.00000000]",0.10700000,0.45237500,4->20
10,10,10,0,38,"(6, 9, 17, 18, 20, 22, 24, 25, 27, 28)",6,773,probe_repair,"[15, 40, 75, 95, 105, 145, 150, 190, 205, 210, 220, 235, 260, 290, 350]",0.00000000,"[0.00000000, 0.00000000, 0.00000000, 0.00000000, 0.00000000, 0.00000000, 0.00000000, 0.00000000, 0.00000000, 0.00000000]",0.21500000,0.44642500,26->18
10,10,10,0,38,"(6, 9, 17, 18, 20, 22, 24, 25, 27, 28)",7,1005,probe_repair,"[15, 25, 40, 75, 85, 140, 145, 165, 180, 185, 230, 270, 295, 305, 320]",0.00000000,"[0.00000000, 0.00000000, 0.00000000, 0.00000000, 0.00000000, 0.00000000, 0.00000000, 0.00000000, 0.00000000, 0.00000000]",0.19900000,0.44972500,26->6
10,10,10,0,38,"(6, 9, 17, 18, 20, 22, 24, 25, 27, 28)",8,1037,probe_repair,"[40, 85, 145, 185, 205, 235, 250, 270, 280, 300, 315, 325, 340, 345, 350]",0.00000000,"[0.00000000, 0.00000000, 0.00000000, 0.00000000, 0.00000000, 0.00000000, 0.00000000, 0.00000000, 0.00000000, 0.00000000]",0.12000000,0.44012500,7->6
10,10,10,0,38,"(6, 9, 17, 18, 20, 22, 24, 25, 27, 28)",9,1365,probe_repair,"[20, 50, 75, 115, 135, 155, 230, 250, 270, 275, 305, 310, 340, 355, 365]",0.00000000,"[0.00000000, 0.00000000, 0.00000000, 0.00000000, 0.00000000, 0.00000000, 0.00000000, 0.00000000, 0.00000000, 0.00000000]",0.15100000,0.44877500,4->22
10,10,10,0,38,"(6, 9, 17, 18, 20, 22, 24, 25, 27, 28)",10,525,probe_repair,"[40, 80, 100, 120, 135, 155, 205, 210, 250, 255, 280, 295, 300, 335, 365]",0.00000000,"[0.00000000, 0.00000000, 0.00000000, 0.00000000, 0.00000000, 0.00000000, 0.00000000, 0.00000000, 0.00000000, 0.00000000]",0.13100000,0.43977500,2->9
10,10,10,0,39,"(2, 7, 9, 11, 15, 18, 20, 24, 25, 26)",1,61,probe_repair,"[25, 40, 115, 155, 165, 170, 180, 215, 225, 245, 270, 295, 310, 320, 350]",0.00000000,"[0.00000000, 0.00000000, 0.00000000, 0.00000000, 0.00000000, 0.00000000, 0.00000000, 0.00000000, 0.00000000, 0.00000000]",0.16900000,0.45010000,21->25
10,10,10,0,39,"(2, 7, 9, 11, 15, 18, 20, 24, 25, 26)",2,1485,probe_repair,"[40, 85, 95, 150, 160, 165, 170, 180, 200, 215, 265, 330, 345, 350, 365]",0.00000000,"[0.00000000, 0.00000000, 0.00000000, 0.00000000, 0.00000000, 0.00000000, 0.00000000, 0.00000000, 0.00000000, 0.00000000]",0.16700000,0.43635000,4->24
10,10,10,0,39,"(2, 7, 9, 11, 15, 18, 20, 24, 25, 26)",3,1517,probe_repair,"[15, 35, 50, 90, 95, 110, 175, 180, 215, 245, 260, 265, 300, 315, 320]",0.00000000,"[0.00000000, 0.00000000, 0.00000000, 0.00000000, 0.00000000, 0.00000000, 0.00000000, 0.00000000, 0.00000000, 0.00000000]",0.18900000,0.45452500,17->2
10,10,10,0,39,"(2, 7, 9, 11, 15, 18, 20, 24, 25, 26)",4,101,probe_repair,"[20, 50, 110, 115, 120, 135, 140, 160, 170, 190, 205, 300, 310, 335, 360]",0.00000000,"[0.00000000, 0.00000000, 0.00000000, 0.00000000, 0.00000000, 0.00000000, 0.00000000, 0.00000000, 0.00000000, 0.00000000]",0.04900000,0.45020000,6->24
10,10,10,0,39,"(2, 7, 9, 11, 15, 18, 20, 24, 25, 26)",5,741,probe_repair,"[50, 70, 75, 170, 190, 205, 210, 215, 240, 250, 265, 275, 305, 315, 320]",0.00000000,"[0.00000000, 0.00000000, 0.00000000, 0.00000000, 0.00000000, 0.00000000, 0.00000000, 0.00000000, 0.00000000, 0.00000000]",0.30000000,0.45912500,17->18
10,10,10,0,39,"(2, 7, 9, 11, 15, 18, 20, 24, 25, 26)",6,1197,probe_repair,"[25, 55, 60, 95, 110, 135, 145, 150, 160, 175, 225, 250, 255, 270, 275]",0.00000000,"[0.00000000, 0.00000000, 0.00000000, 0.00000000, 0.00000000, 0.00000000, 0.00000000, 0.00000000, 0.00000000, 0.00000000]",0.20400000,0.45452500,21->15
10,10,10,0,39,"(2, 7, 9, 11, 15, 18, 20, 24, 25, 26)",7,549,probe_repair,"[5, 25, 40, 45, 70, 120, 145, 155, 175, 200, 220, 310, 320, 340, 350]",0.00000000,"[0.00000000, 0.00000000, 0.00000000, 0.00000000, 0.00000000, 0.00000000, 0.00000000, 0.00000000, 0.00000000, 0.00000000]",0.20400000,0.44200000,16->15
10,10,10,0,39,"(2, 7, 9, 11, 15, 18, 20, 24, 25, 26)",8,773,probe_repair,"[15, 35, 55, 65, 80, 90, 105, 130, 165, 235, 260, 275, 310, 315, 330]",0.00000000,"[0.00000000, 0.00000000, 0.00000000, 0.00000000, 0.00000000, 0.00000000, 0.00000000, 0.00000000, 0.00000000, 0.00000000]",0.11500000,0.46177500,28->9
10,10,10,0,39,"(2, 7, 9, 11, 15, 18, 20, 24, 25, 26)",9,1333,probe_repair,"[30, 60, 75, 110, 135, 140, 220, 265, 275, 280, 285, 305, 325, 330, 335]",0.00000000,"[0.00000000, 0.00000000, 0.00000000, 0.00000000, 0.00000000, 0.00000000, 0.00000000, 0.00000000, 0.00000000, 0.00000000]",0.03200000,0.44592500,27->24
10,10,10,0,39,"(2, 7, 9, 11, 15, 18, 20, 24, 25, 26)",10,1221,probe_repair,"[10, 25, 60, 65, 85, 95, 105, 150, 165, 175, 195, 200, 205, 255, 355]",0.00000000,"[0.00000000, 0.00000000, 0.00000000, 0.00000000, 0.00000000, 0.00000000, 0.00000000, 0.00000000, 0.00000000, 0.00000000]",0.10300000,0.44437500,28->11
10,10,10,0,40,"(1, 4, 11, 15, 17, 18, 24, 25, 26, 27)",1,589,probe_repair,"[15, 30, 55, 95, 160, 175, 185, 190, 210, 225, 230, 295, 310, 355, 360]",0.00000000,"[0.00000000, 0.00000000, 0.00000000, 0.00000000, 0.00000000, 0.00000000, 0.00000000, 0.00000000, 0.00000000, 0.00000000]",0.20200000,0.45071111,9->24
10,10,10,0,40,"(1, 4, 11, 15, 17, 18, 24, 25, 26, 27)",2,597,probe_repair,"[45, 50, 115, 135, 140, 175, 180, 200, 235, 260, 265, 325, 330, 355, 360]",0.00000000,"[0.00000000, 0.00000000, 0.00000000, 0.00000000, 0.00000000, 0.00000000, 0.00000000, 0.00000000, 0.00000000, 0.00000000]",0.07800000,0.44908889,22->24
10,10,10,0,40,"(1, 4, 11, 15, 17, 18, 24, 25, 26, 27)",3,69,probe_repair,"[10, 15, 35, 60, 70, 180, 190, 205, 210, 235, 240, 245, 285, 335, 340]",0.00000000,"[0.00000000, 0.00000000, 0.00000000, 0.00000000, 0.00000000, 0.00000000, 0.00000000, 0.00000000, 0.00000000, 0.00000000]",0.17300000,0.44515556,20->11
10,10,10,0,40,"(1, 4, 11, 15, 17, 18, 24, 25, 26, 27)",4,245,probe_repair,"[5, 25, 35, 45, 100, 115, 125, 135, 220, 230, 235, 250, 255, 280, 305]",0.00000000,"[0.00000000, 0.00000000, 0.00000000, 0.00000000, 0.00000000, 0.00000000, 0.00000000, 0.00000000, 0.00000000, 0.00000000]",0.20400000,0.45295556,16->24
10,10,10,0,40,"(1, 4, 11, 15, 17, 18, 24, 25, 26, 27)",5,133,probe_repair,"[55, 60, 75, 80, 95, 115, 120, 135, 195, 205, 235, 285, 305, 325, 360]",0.00000000,"[0.00000000, 0.00000000, 0.00000000, 0.00000000, 0.00000000, 0.00000000, 0.00000000, 0.00000000, 0.00000000, 0.00000000]",0.25100000,0.44620000,6->27
10,10,10,0,40,"(1, 4, 11, 15, 17, 18, 24, 25, 26, 27)",6,469,probe_repair,"[55, 60, 65, 70, 100, 140, 145, 180, 195, 220, 230, 285, 320, 325, 335]",0.00000000,"[0.00000000, 0.00000000, 0.00000000, 0.00000000, 0.00000000, 0.00000000, 0.00000000, 0.00000000, 0.00000000, 0.00000000]",0.18200000,0.44600000,21->17
10,10,10,0,40,"(1, 4, 11, 15, 17, 18, 24, 25, 26, 27)",7,517,probe_repair,"[25, 35, 120, 135, 150, 165, 205, 230, 245, 295, 305, 310, 325, 355, 360]",0.00000000,"[0.00000000, 0.00000000, 0.00000000, 0.00000000, 0.00000000, 0.00000000, 0.00000000, 0.00000000, 0.00000000, 0.00000000]",0.07400000,0.44448889,9->17
10,10,10,0,40,"(1, 4, 11, 15, 17, 18, 24, 25, 26, 27)",8,661,probe_repair,"[40, 70, 95, 110, 130, 155, 180, 195, 235, 245, 260, 265, 320, 330, 350]",0.00000000,"[0.00000000, 0.00000000, 0.00000000, 0.00000000, 0.00000000, 0.00000000, 0.00000000, 0.00000000, 0.00000000, 0.00000000]",0.23700000,0.44806667,28->27
10,10,10,0,40,"(1, 4, 11, 15, 17, 18, 24, 25, 26, 27)",9,165,probe_repair,"[5, 10, 30, 40, 50, 60, 80, 95, 125, 140, 185, 210, 245, 335, 360]",0.00000000,"[0.00000000, 0.00000000, 0.00000000, 0.00000000, 0.00000000, 0.00000000, 0.00000000, 0.00000000, 0.00000000, 0.00000000]",0.06100000,0.44486667,7->17
10,10,10,0,40,"(1, 4, 11, 15, 17, 18, 24, 25, 26, 27)",10,181,probe_repair,"[10, 50, 110, 125, 130, 150, 170, 220, 230, 240, 250, 275, 285, 325, 345]",0.00000000,"[0.00000000, 0.00000000, 0.00000000, 0.00000000, 0.00000000, 0.00000000, 0.00000000, 0.00000000, 0.00000000, 0.00000000]",0.18400000,0.45411111,21->15
10,10,10,0,41,"(2, 4, 5, 7, 9, 17, 20, 24, 25, 27)",1,61,probe_repair,"[15, 35, 40, 80, 105, 115, 120, 130, 255, 285, 290, 305, 315, 325, 335]",0.00000000,"[0.00000000, 0.00000000, 0.00000000, 0.00000000, 0.00000000, 0.00000000, 0.00000000, 0.00000000, 0.00000000, 0.00000000]",0.15600000,0.44217778,6->4
10,10,10,0,41,"(2, 4, 5, 7, 9, 17, 20, 24, 25, 27)",2,381,probe_repair,"[25, 40, 45, 85, 90, 95, 100, 140, 175, 180, 190, 300, 325, 330, 345]",0.00000000,"[0.00000000, 0.00000000, 0.00000000, 0.00000000, 0.00000000, 0.00000000, 0.00000000, 0.00000000, 0.00000000, 0.00000000]",0.20900000,0.45104444,26->7
10,10,10,0,41,"(2, 4, 5, 7, 9, 17, 20, 24, 25, 27)",3,101,probe_repair,"[115, 140, 155, 160, 205, 210, 240, 260, 285, 300, 310, 330, 345, 360, 365]",0.00000000,"[0.00000000, 0.00000000, 0.00000000, 0.00000000, 0.00000000, 0.00000000, 0.00000000, 0.00000000, 0.00000000, 0.00000000]",0.25500000,0.45384444,28->9
10,10,10,0,41,"(2, 4, 5, 7, 9, 17, 20, 24, 25, 27)",4,549,probe_repair,"[50, 60, 65, 75, 85, 95, 160, 180, 200, 220, 230, 250, 260, 270, 335]",0.00000000,"[0.00000000, 0.00000000, 0.00000000, 0.00000000, 0.00000000, 0.00000000, 0.00000000, 0.00000000, 0.00000000, 0.00000000]",0.08400000,0.44613333,11->7
10,10,10,0,41,"(2, 4, 5, 7, 9, 17, 20, 24, 25, 27)",5,533,probe_repair,"[5, 90, 110, 115, 120, 150, 165, 180, 200, 220, 235, 245, 290, 305, 315]",0.00000000,"[0.00000000, 0.00000000, 0.00000000, 0.00000000, 0.00000000, 0.00000000, 0.00000000, 0.00000000, 0.00000000, 0.00000000]",0.02700000,0.44906667,15->9
10,10,10,0,41,"(2, 4, 5, 7, 9, 17, 20, 24, 25, 27)",6,85,probe_repair,"[10, 60, 65, 75, 110, 120, 140, 150, 160, 255, 265, 290, 300, 310, 325]",0.00000000,"[0.00000000, 0.00000000, 0.00000000, 0.00000000, 0.00000000, 0.00000000, 0.00000000, 0.00000000, 0.00000000, 0.00000000]",0.02400000,0.44862222,15->27
10,10,10,0,41,"(2, 4, 5, 7, 9, 17, 20, 24, 25, 27)",7,317,probe_repair,"[5, 50, 55, 80, 85, 115, 130, 160, 185, 225, 260, 285, 290, 325, 360]",0.00000000,"[0.00000000, 0.00000000, 0.00000000, 0.00000000, 0.00000000, 0.00000000, 0.00000000, 0.00000000, 0.00000000, 0.00000000]",0.06200000,0.44146667,26->5
10,10,10,0,41,"(2, 4, 5, 7, 9, 17, 20, 24, 25, 27)",8,573,probe_repair,"[10, 30, 35, 80, 90, 95, 100, 110, 190, 200, 205, 225, 260, 330, 335]",0.00000000,"[0.00000000, 0.00000000, 0.00000000, 0.00000000, 0.00000000, 0.00000000, 0.00000000, 0.00000000, 0.00000000, 0.00000000]",0.22200000,0.44908889,11->20
10,10,10,0,41,"(2, 4, 5, 7, 9, 17, 20, 24, 25, 27)",9,421,probe_repair,"[10, 20, 25, 65, 105, 160, 180, 225, 230, 235, 285, 310, 315, 355, 360]",0.00000000,"[0.00000000, 0.00000000, 0.00000000, 0.00000000, 0.00000000, 0.00000000, 0.00000000, 0.00000000, 0.00000000, 0.00000000]",0.13400000,0.44937778,21->7
10,10,10,0,41,"(2, 4, 5, 7, 9, 17, 20, 24, 25, 27)",10,125,probe_repair,"[5, 20, 60, 80, 95, 100, 130, 180, 200, 215, 225, 240, 255, 325, 355]",0.00000000,"[0.00000000, 0.00000000, 0.00000000, 0.00000000, 0.00000000, 0.00000000, 0.00000000, 0.00000000, 0.00000000, 0.00000000]",0.09300000,0.45026667,16->9
10,10,10,0,42,"(1, 4, 7, 9, 16, 18, 20, 25, 27, 28)",1,341,probe_repair,"[10, 15, 35, 40, 145, 155, 160, 190, 225, 235, 260, 275, 280, 285, 325]",0.00000000,"[0.00000000, 0.00000000, 0.00000000, 0.00000000, 0.00000000, 0.00000000, 0.00000000, 0.00000000, 0.00000000, 0.00000000]",0.00300000,0.44056667,26->7
10,10,10,0,42,"(1, 4, 7, 9, 16, 18, 20, 25, 27, 28)",2,389,probe_repair,"[5, 10, 35, 50, 60, 80, 100, 115, 125, 185, 200, 230, 235, 280, 335]",0.00000000,"[0.00000000, 0.00000000, 0.00000000, 0.00000000, 0.00000000, 0.00000000, 0.00000000, 0.00000000, 0.00000000, 0.00000000]",0.13900000,0.45045556,24->27
10,10,10,0,42,"(1, 4, 7, 9, 16, 18, 20, 25, 27, 28)",3,253,probe_repair,"[5, 50, 110, 120, 125, 140, 195, 205, 225, 240, 260, 280, 290, 300, 340]",0.00000000,"[0.00000000, 0.00000000, 0.00000000, 0.00000000, 0.00000000, 0.00000000, 0.00000000, 0.00000000, 0.00000000, 0.00000000]",0.04500000,0.44976667,15->25
10,10,10,0,42,"(1, 4, 7, 9, 16, 18, 20, 25, 27, 28)",4,125,probe_repair,"[15, 25, 30, 85, 110, 115, 130, 140, 175, 195, 240, 275, 305, 310, 360]",0.00000000,"[0.00000000, 0.00000000, 0.00000000, 0.00000000, 0.00000000, 0.00000000, 0.00000000, 0.00000000, 0.00000000, 0.00000000]",0.07800000,0.44898889,17->16
10,10,10,0,42,"(1, 4, 7, 9, 16, 18, 20, 25, 27, 28)",5,285,probe_repair,"[15, 25, 30, 85, 90, 100, 115, 125, 130, 140, 275, 290, 295, 325, 335]",0.00000000,"[0.00000000, 0.00000000, 0.00000000, 0.00000000, 0.00000000, 0.00000000, 0.00000000, 0.00000000, 0.00000000, 0.00000000]",0.08200000,0.44618889,17->20
10,10,10,0,42,"(1, 4, 7, 9, 16, 18, 20, 25, 27, 28)",6,333,probe_repair,"[25, 45, 50, 150, 160, 180, 220, 225, 235, 260, 265, 280, 295, 320, 340]",0.00000000,"[0.00000000, 0.00000000, 0.00000000, 0.00000000, 0.00000000, 0.00000000, 0.00000000, 0.00000000, 0.00000000, 0.00000000]",0.12800000,0.45061111,21->7
10,10,10,0,42,"(1, 4, 7, 9, 16, 18, 20, 25, 27, 28)",7,541,probe_repair,"[5, 15, 40, 50, 80, 90, 105, 120, 140, 180, 225, 260, 275, 295, 335]",0.00000000,"[0.00000000, 0.00000000, 0.00000000, 0.00000000, 0.00000000, 0.00000000, 0.00000000, 0.00000000, 0.00000000, 0.00000000]",0.10800000,0.45405556,11->4
10,10,10,0,42,"(1, 4, 7, 9, 16, 18, 20, 25, 27, 28)",8,205,probe_repair,"[40, 80, 90, 135, 145, 160, 170, 180, 195, 220, 230, 235, 255, 265, 355]",0.00000000,"[0.00000000, 0.00000000, 0.00000000, 0.00000000, 0.00000000, 0.00000000, 0.00000000, 0.00000000, 0.00000000, 0.00000000]",0.19600000,0.44814444,22->16
10,10,10,0,42,"(1, 4, 7, 9, 16, 18, 20, 25, 27, 28)",9,133,probe_repair,"[25, 145, 155, 190, 200, 220, 255, 265, 275, 285, 295, 300, 320, 330, 345]",0.00000000,"[0.00000000, 0.00000000, 0.00000000, 0.00000000, 0.00000000, 0.00000000, 0.00000000, 0.00000000, 0.00000000, 0.00000000]",0.10900000,0.44805556,26->7
10,10,10,0,42,"(1, 4, 7, 9, 16, 18, 20, 25, 27, 28)",10,109,probe_repair,"[55, 75, 80, 90, 125, 130, 140, 180, 195, 220, 230, 245, 275, 330, 365]",0.00000000,"[0.00000000, 0.00000000, 0.00000000, 0.00000000, 0.00000000, 0.00000000, 0.00000000, 0.00000000, 0.00000000, 0.00000000]",0.28800000,0.45470000,26->1
10,10,10,0,43,"(4, 5, 6, 11, 15, 16, 18, 20, 27, 28)",1,165,probe_repair,"[40, 60, 100, 115, 130, 135, 145, 155, 175, 190, 205, 210, 295, 310, 360]",0.00000000,"[0.00000000, 0.00000000, 0.00000000, 0.00000000, 0.00000000, 0.00000000, 0.00000000, 0.00000000, 0.00000000, 0.00000000]",0.11600000,0.45272222,7->6
10,10,10,0,43,"(4, 5, 6, 11, 15, 16, 18, 20, 27, 28)",2,141,probe_repair,"[5, 15, 20, 45, 75, 100, 130, 150, 160, 180, 230, 265, 315, 330, 355]",0.00000000,"[0.00000000, 0.00000000, 0.00000000, 0.00000000, 0.00000000, 0.00000000, 0.00000000, 0.00000000, 0.00000000, 0.00000000]",0.04500000,0.44921111,25->20
10,10,10,0,43,"(4, 5, 6, 11, 15, 16, 18, 20, 27, 28)",3,333,probe_repair,"[20, 30, 60, 90, 95, 115, 165, 200, 220, 240, 260, 265, 300, 345, 355]",0.00000000,"[0.00000000, 0.00000000, 0.00000000, 0.00000000, 0.00000000, 0.00000000, 0.00000000, 0.00000000, 0.00000000, 0.00000000]",0.23600000,0.44647778,24->5
10,10,10,0,43,"(4, 5, 6, 11, 15, 16, 18, 20, 27, 28)",4,589,probe_repair,"[25, 45, 60, 75, 110, 135, 160, 170, 175, 240, 250, 255, 260, 325, 335]",0.00000000,"[0.00000000, 0.00000000, 0.00000000, 0.00000000, 0.00000000, 0.00000000, 0.00000000, 0.00000000, 0.00000000, 0.00000000]",0.19700000,0.45230000,22->18
10,10,10,0,43,"(4, 5, 6, 11, 15, 16, 18, 20, 27, 28)",5,365,probe_repair,"[85, 90, 120, 130, 140, 160, 170, 200, 205, 230, 245, 265, 295, 335, 360]",0.00000000,"[0.00000000, 0.00000000, 0.00000000, 0.00000000, 0.00000000, 0.00000000, 0.00000000, 0.00000000, 0.00000000, 0.00000000]",0.17000000,0.45063333,9->28
10,10,10,0,43,"(4, 5, 6, 11, 15, 16, 18, 20, 27, 28)",6,285,probe_repair,"[15, 65, 90, 105, 165, 190, 210, 215, 220, 230, 240, 245, 250, 310, 340]",0.00000000,"[0.00000000, 0.00000000, 0.00000000, 0.00000000, 0.00000000, 0.00000000, 0.00000000, 0.00000000, 0.00000000, 0.00000000]",0.19700000,0.44085556,9->28
10,10,10,0,43,"(4, 5, 6, 11, 15, 16, 18, 20, 27, 28)",7,349,probe_repair,"[60, 90, 110, 150, 180, 185, 190, 205, 210, 215, 245, 290, 295, 315, 330]",0.00000000,"[0.00000000, 0.00000000, 0.00000000, 0.00000000, 0.00000000, 0.00000000, 0.00000000, 0.00000000, 0.00000000, 0.00000000]",0.18600000,0.45321111,9->27
10,10,10,0,43,"(4, 5, 6, 11, 15, 16, 18, 20, 27, 28)",8,565,probe_repair,"[5, 30, 45, 60, 90, 110, 135, 140, 145, 185, 225, 245, 300, 305, 310]",0.00000000,"[0.00000000, 0.00000000, 0.00000000, 0.00000000, 0.00000000, 0.00000000, 0.00000000, 0.00000000, 0.00000000, 0.00000000]",0.12500000,0.45112222,7->16
10,10,10,0,43,"(4, 5, 6, 11, 15, 16, 18, 20, 27, 28)",9,109,probe_repair,"[60, 65, 100, 135, 140, 150, 155, 160, 185, 190, 225, 275, 305, 345, 360]",0.00000000,"[0.00000000, 0.00000000, 0.00000000, 0.00000000, 0.00000000, 0.00000000, 0.00000000, 0.00000000, 0.00000000, 0.00000000]",0.16500000,0.45321111,2->5
10,10,10,0,43,"(4, 5, 6, 11, 15, 16, 18, 20, 27, 28)",10,357,probe_repair,"[10, 30, 85, 110, 120, 130, 135, 140, 215, 220, 235, 240, 315, 335, 365]",0.00000000,"[0.00000000, 0.00000000, 0.00000000, 0.00000000, 0.00000000, 0.00000000, 0.00000000, 0.00000000, 0.00000000, 0.00000000]",0.20900000,0.44910000,22->16
10,10,10,0,44,"(6, 7, 9, 11, 18, 20, 25, 26, 27, 28)",1,77,probe_repair,"[10, 40, 60, 70, 105, 155, 165, 190, 205, 245, 280, 310, 320, 330, 345]",0.00000000,"[0.00000000, 0.00000000, 0.00000000, 0.00000000, 0.00000000, 0.00000000, 0.00000000, 0.00000000, 0.00000000, 0.00000000]",0.25100000,0.44865000,2->28
10,10,10,0,44,"(6, 7, 9, 11, 18, 20, 25, 26, 27, 28)",2,1069,probe_repair,"[25, 45, 50, 60, 70, 80, 100, 145, 190, 210, 275, 310, 320, 335, 350]",0.00000000,"[0.00000000, 0.00000000, 0.00000000, 0.00000000, 0.00000000, 0.00000000, 0.00000000, 0.00000000, 0.00000000, 0.00000000]",0.21900000,0.45392500,22->27
10,10,10,0,44,"(6, 7, 9, 11, 18, 20, 25, 26, 27, 28)",3,981,probe_repair,"[30, 55, 85, 95, 120, 125, 140, 145, 180, 215, 230, 235, 295, 310, 360]",0.00000000,"[0.00000000, 0.00000000, 0.00000000, 0.00000000, 0.00000000, 0.00000000, 0.00000000, 0.00000000, 0.00000000, 0.00000000]",0.17900000,0.45180000,16->26
10,10,10,0,44,"(6, 7, 9, 11, 18, 20, 25, 26, 27, 28)",4,949,probe_repair,"[25, 30, 70, 90, 125, 140, 145, 175, 185, 195, 265, 275, 290, 295, 325]",0.00000000,"[0.00000000, 0.00000000, 0.00000000, 0.00000000, 0.00000000, 0.00000000, 0.00000000, 0.00000000, 0.00000000, 0.00000000]",0.25500000,0.44897500,22->27
10,10,10,0,44,"(6, 7, 9, 11, 18, 20, 25, 26, 27, 28)",5,437,probe_repair,"[10, 25, 65, 95, 145, 180, 195, 210, 220, 245, 255, 290, 300, 320, 325]",0.00000000,"[0.00000000, 0.00000000, 0.00000000, 0.00000000, 0.00000000, 0.00000000, 0.00000000, 0.00000000, 0.00000000, 0.00000000]",0.17100000,0.44532500,15->18
10,10,10,0,44,"(6, 7, 9, 11, 18, 20, 25, 26, 27, 28)",6,1389,probe_repair,"[15, 35, 50, 70, 100, 125, 135, 200, 230, 280, 285, 295, 305, 325, 350]",0.00000000,"[0.00000000, 0.00000000, 0.00000000, 0.00000000, 0.00000000, 0.00000000, 0.00000000, 0.00000000, 0.00000000, 0.00000000]",0.16700000,0.45057500,2->20
10,10,10,0,44,"(6, 7, 9, 11, 18, 20, 25, 26, 27, 28)",7,85,probe_repair,"[10, 20, 55, 65, 85, 95, 110, 140, 235, 250, 255, 265, 280, 340, 355]",0.00000000,"[0.00000000, 0.00000000, 0.00000000, 0.00000000, 0.00000000, 0.00000000, 0.00000000, 0.00000000, 0.00000000, 0.00000000]",0.06800000,0.45880000,2->9
10,10,10,0,44,"(6, 7, 9, 11, 18, 20, 25, 26, 27, 28)",8,1253,probe_repair,"[25, 30, 70, 75, 110, 115, 150, 200, 220, 235, 275, 300, 320, 325, 345]",0.00000000,"[0.00000000, 0.00000000, 0.00000000, 0.00000000, 0.00000000, 0.00000000, 0.00000000, 0.00000000, 0.00000000, 0.00000000]",0.11500000,0.44695000,24->27
10,10,10,0,44,"(6, 7, 9, 11, 18, 20, 25, 26, 27, 28)",9,933,probe_repair,"[40, 50, 55, 80, 100, 125, 130, 135, 185, 200, 215, 225, 250, 300, 355]",0.00000000,"[0.00000000, 0.00000000, 0.00000000, 0.00000000, 0.00000000, 0.00000000, 0.00000000, 0.00000000, 0.00000000, 0.00000000]",0.20200000,0.45005000,21->11
10,10,10,0,44,"(6, 7, 9, 11, 18, 20, 25, 26, 27, 28)",10,1341,probe_repair,"[15, 55, 100, 105, 135, 160, 210, 225, 230, 235, 245, 290, 330, 340, 345]",0.00000000,"[0.00000000, 0.00000000, 0.00000000, 0.00000000, 0.00000000, 0.00000000, 0.00000000, 0.00000000, 0.00000000, 0.00000000]",0.16400000,0.45247500,17->20
10,10,10,0,45,"(1, 2, 4, 6, 15, 18, 22, 24, 27, 28)",1,117,probe_repair,"[5, 95, 110, 125, 145, 160, 165, 210, 220, 275, 300, 310, 330, 360, 365]",0.00000000,"[0.00000000, 0.00000000, 0.00000000, 0.00000000, 0.00000000, 0.00000000, 0.00000000, 0.00000000, 0.00000000, 0.00000000]",0.21300000,0.44860000,20->24
10,10,10,0,45,"(1, 2, 4, 6, 15, 18, 22, 24, 27, 28)",2,557,probe_repair,"[15, 55, 65, 130, 150, 180, 210, 225, 240, 245, 255, 260, 265, 345, 360]",0.00000000,"[0.00000000, 0.00000000, 0.00000000, 0.00000000, 0.00000000, 0.00000000, 0.00000000, 0.00000000, 0.00000000, 0.00000000]",0.08500000,0.45100000,21->1
10,10,10,0,45,"(1, 2, 4, 6, 15, 18, 22, 24, 27, 28)",3,293,probe_repair,"[50, 65, 95, 105, 130, 190, 200, 235, 260, 265, 275, 320, 330, 340, 355]",0.00000000,"[0.00000000, 0.00000000, 0.00000000, 0.00000000, 0.00000000, 0.00000000, 0.00000000, 0.00000000, 0.00000000, 0.00000000]",0.21300000,0.44915556,17->1
10,10,10,0,45,"(1, 2, 4, 6, 15, 18, 22, 24, 27, 28)",4,357,probe_repair,"[10, 15, 30, 35, 105, 110, 115, 130, 195, 205, 250, 265, 285, 335, 355]",0.00000000,"[0.00000000, 0.00000000, 0.00000000, 0.00000000, 0.00000000, 0.00000000, 0.00000000, 0.00000000, 0.00000000, 0.00000000]",0.09700000,0.44924444,7->18
10,10,10,0,45,"(1, 2, 4, 6, 15, 18, 22, 24, 27, 28)",5,309,probe_repair,"[10, 40, 90, 120, 130, 150, 160, 165, 175, 190, 195, 280, 290, 295, 300]",0.00000000,"[0.00000000, 0.00000000, 0.00000000, 0.00000000, 0.00000000, 0.00000000, 0.00000000, 0.00000000, 0.00000000, 0.00000000]",0.22400000,0.45175556,25->27
10,10,10,0,45,"(1, 2, 4, 6, 15, 18, 22, 24, 27, 28)",6,389,probe_repair,"[95, 100, 115, 120, 130, 155, 190, 235, 250, 265, 290, 305, 330, 355, 365]",0.00000000,"[0.00000000, 0.00000000, 0.00000000, 0.00000000, 0.00000000, 0.00000000, 0.00000000, 0.00000000, 0.00000000, 0.00000000]",0.31700000,0.46095556,16->2
10,10,10,0,45,"(1, 2, 4, 6, 15, 18, 22, 24, 27, 28)",7,349,probe_repair,"[10, 65, 70, 100, 115, 155, 205, 210, 250, 260, 285, 310, 320, 355, 365]",0.00000000,"[0.00000000, 0.00000000, 0.00000000, 0.00000000, 0.00000000, 0.00000000, 0.00000000, 0.00000000, 0.00000000, 0.00000000]",0.19100000,0.45300000,21->6
10,10,10,0,45,"(1, 2, 4, 6, 15, 18, 22, 24, 27, 28)",8,589,probe_repair,"[5, 10, 15, 25, 30, 40, 50, 100, 130, 175, 250, 305, 340, 350, 360]",0.00000000,"[0.00000000, 0.00000000, 0.00000000, 0.00000000, 0.00000000, 0.00000000, 0.00000000, 0.00000000, 0.00000000, 0.00000000]",0.09200000,0.44588889,20->18
10,10,10,0,45,"(1, 2, 4, 6, 15, 18, 22, 24, 27, 28)",9,77,probe_repair,"[25, 85, 110, 160, 170, 175, 180, 250, 260, 275, 305, 310, 345, 350, 365]",0.00000000,"[0.00000000, 0.00000000, 0.00000000, 0.00000000, 0.00000000, 0.00000000, 0.00000000, 0.00000000, 0.00000000, 0.00000000]",0.23000000,0.45186667,11->22
10,10,10,0,45,"(1, 2, 4, 6, 15, 18, 22, 24, 27, 28)",10,461,probe_repair,"[95, 105, 125, 130, 140, 185, 200, 230, 240, 250, 265, 275, 295, 305, 325]",0.00000000,"[0.00000000, 0.00000000, 0.00000000, 0.00000000, 0.00000000, 0.00000000, 0.00000000, 0.00000000, 0.00000000, 0.00000000]",0.17500000,0.44535556,7->1
10,10,10,0,46,"(1, 2, 4, 5, 6, 20, 22, 25, 26, 27)",1,93,probe_repair,"[25, 60, 115, 125, 135, 140, 145, 200, 245, 260, 280, 285, 290, 305, 335]",0.00000000,"[0.00000000, 0.00000000, 0.00000000, 0.00000000, 0.00000000, 0.00000000, 0.00000000, 0.00000000, 0.00000000, 0.00000000]",0.09200000,0.45228000,16->4
10,10,10,0,46,"(1, 2, 4, 5, 6, 20, 22, 25, 26, 27)",2,53,probe_repair,"[5, 10, 35, 65, 110, 130, 140, 160, 170, 260, 280, 300, 310, 325, 360]",0.00000000,"[0.00000000, 0.00000000, 0.00000000, 0.00000000, 0.00000000, 0.00000000, 0.00000000, 0.00000000, 0.00000000, 0.00000000]",0.15700000,0.44926000,28->26
10,10,10,0,46,"(1, 2, 4, 5, 6, 20, 22, 25, 26, 27)",3,37,probe_repair,"[10, 15, 35, 50, 110, 135, 145, 175, 205, 220, 230, 245, 265, 290, 355]",0.00000000,"[0.00000000, 0.00000000, 0.00000000, 0.00000000, 0.00000000, 0.00000000, 0.00000000, 0.00000000, 0.00000000, 0.00000000]",0.12000000,0.45414000,17->25
10,10,10,0,46,"(1, 2, 4, 5, 6, 20, 22, 25, 26, 27)",4,29,probe_repair,"[25, 35, 80, 100, 135, 140, 165, 190, 225, 250, 290, 295, 310, 335, 345]",0.00000000,"[0.00000000, 0.00000000, 0.00000000, 0.00000000, 0.00000000, 0.00000000, 0.00000000, 0.00000000, 0.00000000, 0.00000000]",0.28000000,0.45632000,21->4
10,10,10,0,46,"(1, 2, 4, 5, 6, 20, 22, 25, 26, 27)",5,157,probe_repair,"[140, 145, 170, 175, 180, 200, 210, 240, 250, 260, 265, 275, 295, 340, 365]",0.00000000,"[0.00000000, 0.00000000, 0.00000000, 0.00000000, 0.00000000, 0.00000000, 0.00000000, 0.00000000, 0.00000000, 0.00000000]",0.14800000,0.44082000,16->20
10,10,10,0,46,"(1, 2, 4, 5, 6, 20, 22, 25, 26, 27)",6,61,probe_repair,"[40, 65, 95, 110, 135, 175, 240, 245, 250, 260, 300, 305, 310, 335, 355]",0.00000000,"[0.00000000, 0.00000000, 0.00000000, 0.00000000, 0.00000000, 0.00000000, 0.00000000, 0.00000000, 0.00000000, 0.00000000]",0.08600000,0.43582000,24->25
10,10,10,0,46,"(1, 2, 4, 5, 6, 20, 22, 25, 26, 27)",7,141,probe_repair,"[5, 35, 40, 45, 75, 105, 160, 165, 180, 185, 210, 245, 280, 300, 355]",0.00000000,"[0.00000000, 0.00000000, 0.00000000, 0.00000000, 0.00000000, 0.00000000, 0.00000000, 0.00000000, 0.00000000, 0.00000000]",0.16100000,0.44126000,16->2
10,10,10,0,46,"(1, 2, 4, 5, 6, 20, 22, 25, 26, 27)",8,181,probe_repair,"[25, 40, 85, 120, 125, 140, 150, 200, 220, 225, 235, 280, 305, 340, 345]",0.00000000,"[0.00000000, 0.00000000, 0.00000000, 0.00000000, 0.00000000, 0.00000000, 0.00000000, 0.00000000, 0.00000000, 0.00000000]",0.17400000,0.44768000,28->6
10,10,10,0,46,"(1, 2, 4, 5, 6, 20, 22, 25, 26, 27)",9,133,probe_repair,"[10, 25, 50, 75, 85, 90, 135, 155, 175, 180, 200, 240, 275, 285, 330]",0.00000000,"[0.00000000, 0.00000000, 0.00000000, 0.00000000, 0.00000000, 0.00000000, 0.00000000, 0.00000000, 0.00000000, 0.00000000]",0.15600000,0.44878000,7->1
10,10,10,0,46,"(1, 2, 4, 5, 6, 20, 22, 25, 26, 27)",10,269,probe_repair,"[50, 55, 75, 95, 110, 120, 125, 140, 150, 180, 210, 330, 335, 360, 365]",0.00000000,"[0.00000000, 0.00000000, 0.00000000, 0.00000000, 0.00000000, 0.00000000, 0.00000000, 0.00000000, 0.00000000, 0.00000000]",0.15800000,0.44946000,11->2
10,10,10,0,47,"(1, 2, 4, 5, 6, 15, 18, 21, 24, 25)",1,165,probe_repair,"[40, 80, 140, 145, 155, 160, 170, 175, 200, 235, 295, 310, 325, 340, 365]",0.00000000,"[0.00000000, 0.00000000, 0.00000000, 0.00000000, 0.00000000, 0.00000000, 0.00000000, 0.00000000, 0.00000000, 0.00000000]",0.17500000,0.45044000,20->25
10,10,10,0,47,"(1, 2, 4, 5, 6, 15, 18, 21, 24, 25)",2,37,probe_repair,"[10, 25, 130, 145, 155, 185, 190, 200, 205, 235, 240, 250, 275, 345, 355]",0.00000000,"[0.00000000, 0.00000000, 0.00000000, 0.00000000, 0.00000000, 0.00000000, 0.00000000, 0.00000000, 0.00000000, 0.00000000]",0.05800000,0.45260000,27->24
10,10,10,0,47,"(1, 2, 4, 5, 6, 15, 18, 21, 24, 25)",3,157,probe_repair,"[40, 55, 60, 90, 115, 125, 145, 220, 250, 265, 295, 310, 345, 355, 360]",0.00000000,"[0.00000000, 0.00000000, 0.00000000, 0.00000000, 0.00000000, 0.00000000, 0.00000000, 0.00000000, 0.00000000, 0.00000000]",0.21700000,0.44630000,28->15
10,10,10,0,47,"(1, 2, 4, 5, 6, 15, 18, 21, 24, 25)",4,1,baseline,"[5, 30, 55, 80, 105, 130, 155, 180, 205, 230, 255, 280, 305, 330, 355]",0.00000000,"[0.00000000, 0.00000000, 0.00000000, 0.00000000, 0.00000000, 0.00000000, 0.00000000, 0.00000000, 0.00000000, 0.00000000]",0.19600000,0.44644000,27->1
10,10,10,0,47,"(1, 2, 4, 5, 6, 15, 18, 21, 24, 25)",5,173,probe_repair,"[25, 80, 110, 155, 170, 185, 190, 220, 295, 300, 310, 330, 340, 355, 365]",0.00000000,"[0.00000000, 0.00000000, 0.00000000, 0.00000000, 0.00000000, 0.00000000, 0.00000000, 0.00000000, 0.00000000, 0.00000000]",0.06100000,0.45108000,9->4
10,10,10,0,47,"(1, 2, 4, 5, 6, 15, 18, 21, 24, 25)",6,109,probe_repair,"[10, 25, 75, 95, 125, 130, 145, 165, 190, 200, 220, 230, 240, 280, 355]",0.00000000,"[0.00000000, 0.00000000, 0.00000000, 0.00000000, 0.00000000, 0.00000000, 0.00000000, 0.00000000, 0.00000000, 0.00000000]",0.13700000,0.44288000,7->5
10,10,10,0,47,"(1, 2, 4, 5, 6, 15, 18, 21, 24, 25)",7,117,probe_repair,"[15, 50, 60, 65, 100, 125, 145, 180, 190, 240, 245, 265, 295, 330, 345]",0.00000000,"[0.00000000, 0.00000000, 0.00000000, 0.00000000, 0.00000000, 0.00000000, 0.00000000, 0.00000000, 0.00000000, 0.00000000]",0.13200000,0.45174000,28->1
10,10,10,0,47,"(1, 2, 4, 5, 6, 15, 18, 21, 24, 25)",8,53,probe_repair,"[5, 15, 30, 80, 105, 115, 120, 155, 180, 245, 275, 285, 300, 330, 335]",0.00000000,"[0.00000000, 0.00000000, 0.00000000, 0.00000000, 0.00000000, 0.00000000, 0.00000000, 0.00000000, 0.00000000, 0.00000000]",0.16200000,0.45120000,20->15
10,10,10,0,47,"(1, 2, 4, 5, 6, 15, 18, 21, 24, 25)",9,237,probe_repair,"[35, 50, 120, 145, 175, 200, 205, 235, 285, 290, 300, 310, 325, 330, 360]",0.00000000,"[0.00000000, 0.00000000, 0.00000000, 0.00000000, 0.00000000, 0.00000000, 0.00000000, 0.00000000, 0.00000000, 0.00000000]",0.22800000,0.44388000,27->21
10,10,10,0,47,"(1, 2, 4, 5, 6, 15, 18, 21, 24, 25)",10,149,probe_repair,"[40, 55, 90, 105, 135, 140, 145, 150, 190, 220, 265, 305, 310, 335, 345]",0.00000000,"[0.00000000, 0.00000000, 0.00000000, 0.00000000, 0.00000000, 0.00000000, 0.00000000, 0.00000000, 0.00000000, 0.00000000]",0.02400000,0.44944000,22->21
10,10,10,0,48,"(7, 9, 11, 18, 20, 21, 24, 25, 26, 28)",1,1213,probe_repair,"[20, 30, 65, 80, 90, 125, 135, 145, 155, 160, 165, 180, 250, 345, 365]",0.00000000,"[0.00000000, 0.00000000, 0.00000000, 0.00000000, 0.00000000, 0.00000000, 0.00000000, 0.00000000, 0.00000000, 0.00000000]",0.16200000,0.45260000,2->20
10,10,10,0,48,"(7, 9, 11, 18, 20, 21, 24, 25, 26, 28)",2,205,probe_repair,"[60, 75, 100, 105, 115, 140, 155, 160, 185, 200, 205, 240, 315, 345, 355]",0.00000000,"[0.00000000, 0.00000000, 0.00000000, 0.00000000, 0.00000000, 0.00000000, 0.00000000, 0.00000000, 0.00000000, 0.00000000]",0.12300000,0.45157500,2->28
10,10,10,0,48,"(7, 9, 11, 18, 20, 21, 24, 25, 26, 28)",3,229,probe_repair,"[45, 70, 85, 90, 95, 120, 145, 150, 200, 260, 265, 270, 305, 310, 360]",0.00000000,"[0.00000000, 0.00000000, 0.00000000, 0.00000000, 0.00000000, 0.00000000, 0.00000000, 0.00000000, 0.00000000, 0.00000000]",0.05600000,0.44200000,6->28
10,10,10,0,48,"(7, 9, 11, 18, 20, 21, 24, 25, 26, 28)",4,709,probe_repair,"[5, 35, 50, 55, 70, 90, 160, 200, 215, 225, 235, 255, 265, 280, 325]",0.00000000,"[0.00000000, 0.00000000, 0.00000000, 0.00000000, 0.00000000, 0.00000000, 0.00000000, 0.00000000, 0.00000000, 0.00000000]",0.12200000,0.44537500,4->25
10,10,10,0,48,"(7, 9, 11, 18, 20, 21, 24, 25, 26, 28)",5,1293,probe_repair,"[25, 35, 45, 105, 115, 150, 165, 170, 190, 195, 285, 290, 320, 325, 365]",0.00000000,"[0.00000000, 0.00000000, 0.00000000, 0.00000000, 0.00000000, 0.00000000, 0.00000000, 0.00000000, 0.00000000, 0.00000000]",0.21000000,0.44837500,16->28
10,10,10,0,48,"(7, 9, 11, 18, 20, 21, 24, 25, 26, 28)",6,653,probe_repair,"[5, 25, 55, 110, 115, 150, 170, 190, 205, 240, 245, 265, 275, 325, 360]",0.00000000,"[0.00000000, 0.00000000, 0.00000000, 0.00000000, 0.00000000, 0.00000000, 0.00000000, 0.00000000, 0.00000000, 0.00000000]",0.19300000,0.44537500,4->18
10,10,10,0,48,"(7, 9, 11, 18, 20, 21, 24, 25, 26, 28)",7,485,probe_repair,"[25, 50, 80, 85, 105, 130, 170, 195, 220, 230, 285, 290, 300, 330, 340]",0.00000000,"[0.00000000, 0.00000000, 0.00000000, 0.00000000, 0.00000000, 0.00000000, 0.00000000, 0.00000000, 0.00000000, 0.00000000]",0.07800000,0.44787500,16->28
10,10,10,0,48,"(7, 9, 11, 18, 20, 21, 24, 25, 26, 28)",8,557,probe_repair,"[10, 20, 25, 40, 45, 80, 85, 90, 140, 145, 250, 270, 280, 320, 330]",0.00000000,"[0.00000000, 0.00000000, 0.00000000, 0.00000000, 0.00000000, 0.00000000, 0.00000000, 0.00000000, 0.00000000, 0.00000000]",0.14700000,0.45377500,2->9
10,10,10,0,48,"(7, 9, 11, 18, 20, 21, 24, 25, 26, 28)",9,1021,probe_repair,"[20, 25, 55, 70, 125, 160, 175, 240, 250, 305, 310, 315, 320, 330, 335]",0.00000000,"[0.00000000, 0.00000000, 0.00000000, 0.00000000, 0.00000000, 0.00000000, 0.00000000, 0.00000000, 0.00000000, 0.00000000]",0.01300000,0.44542500,2->25
10,10,10,0,48,"(7, 9, 11, 18, 20, 21, 24, 25, 26, 28)",10,909,probe_repair,"[45, 55, 60, 105, 120, 125, 175, 185, 235, 245, 260, 265, 295, 300, 355]",0.00000000,"[0.00000000, 0.00000000, 0.00000000, 0.00000000, 0.00000000, 0.00000000, 0.00000000, 0.00000000, 0.00000000, 0.00000000]",0.20500000,0.44692500,27->24
10,10,10,0,49,"(6, 11, 15, 16, 17, 20, 21, 26, 27, 28)",1,221,probe_repair,"[5, 10, 45, 95, 125, 150, 155, 215, 225, 255, 260, 280, 315, 335, 355]",0.00000000,"[0.00000000, 0.00000000, 0.00000000, 0.00000000, 0.00000000, 0.00000000, 0.00000000, 0.00000000, 0.00000000, 0.00000000]",0.16000000,0.45190000,25->26
10,10,10,0,49,"(6, 11, 15, 16, 17, 20, 21, 26, 27, 28)",2,1125,probe_repair,"[25, 35, 40, 55, 60, 215, 270, 285, 290, 295, 305, 310, 320, 335, 350]",0.00000000,"[0.00000000, 0.00000000, 0.00000000, 0.00000000, 0.00000000, 0.00000000, 0.00000000, 0.00000000, 0.00000000, 0.00000000]",0.21700000,0.44942500,22->15
10,10,10,0,49,"(6, 11, 15, 16, 17, 20, 21, 26, 27, 28)",3,965,probe_repair,"[15, 20, 25, 125, 135, 180, 185, 200, 285, 290, 310, 320, 325, 340, 345]",0.00000000,"[0.00000000, 0.00000000, 0.00000000, 0.00000000, 0.00000000, 0.00000000, 0.00000000, 0.00000000, 0.00000000, 0.00000000]",0.08300000,0.44950000,18->21
10,10,10,0,49,"(6, 11, 15, 16, 17, 20, 21, 26, 27, 28)",4,917,probe_repair,"[40, 50, 60, 100, 120, 125, 130, 190, 225, 235, 245, 280, 305, 310, 365]",0.00000000,"[0.00000000, 0.00000000, 0.00000000, 0.00000000, 0.00000000, 0.00000000, 0.00000000, 0.00000000, 0.00000000, 0.00000000]",0.16000000,0.44947500,24->27
10,10,10,0,49,"(6, 11, 15, 16, 17, 20, 21, 26, 27, 28)",5,885,probe_repair,"[15, 30, 40, 75, 85, 95, 105, 115, 130, 160, 230, 280, 285, 295, 310]",0.00000000,"[0.00000000, 0.00000000, 0.00000000, 0.00000000, 0.00000000, 0.00000000, 0.00000000, 0.00000000, 0.00000000, 0.00000000]",0.03700000,0.45870000,4->21
10,10,10,0,49,"(6, 11, 15, 16, 17, 20, 21, 26, 27, 28)",6,461,probe_repair,"[95, 105, 125, 150, 170, 205, 225, 250, 270, 280, 290, 320, 345, 360, 365]",0.00000000,"[0.00000000, 0.00000000, 0.00000000, 0.00000000, 0.00000000, 0.00000000, 0.00000000, 0.00000000, 0.00000000, 0.00000000]",0.20600000,0.45477500,25->21
10,10,10,0,49,"(6, 11, 15, 16, 17, 20, 21, 26, 27, 28)",7,1493,probe_repair,"[45, 50, 55, 90, 145, 150, 160, 170, 185, 265, 285, 300, 320, 330, 335]",0.00000000,"[0.00000000, 0.00000000, 0.00000000, 0.00000000, 0.00000000, 0.00000000, 0.00000000, 0.00000000, 0.00000000, 0.00000000]",0.04600000,0.44822500,25->17
10,10,10,0,49,"(6, 11, 15, 16, 17, 20, 21, 26, 27, 28)",8,61,probe_repair,"[25, 30, 45, 55, 80, 95, 105, 115, 145, 170, 180, 185, 225, 305, 330]",0.00000000,"[0.00000000, 0.00000000, 0.00000000, 0.00000000, 0.00000000, 0.00000000, 0.00000000, 0.00000000, 0.00000000, 0.00000000]",0.27700000,0.45447500,22->26
10,10,10,0,49,"(6, 11, 15, 16, 17, 20, 21, 26, 27, 28)",9,1285,probe_repair,"[10, 15, 25, 30, 35, 40, 70, 80, 85, 90, 150, 195, 260, 280, 345]",0.00000000,"[0.00000000, 0.00000000, 0.00000000, 0.00000000, 0.00000000, 0.00000000, 0.00000000, 0.00000000, 0.00000000, 0.00000000]",0.10200000,0.45082500,18->26
10,10,10,0,49,"(6, 11, 15, 16, 17, 20, 21, 26, 27, 28)",10,645,probe_repair,"[45, 110, 130, 135, 145, 190, 200, 215, 240, 245, 250, 255, 330, 350, 355]",0.00000000,"[0.00000000, 0.00000000, 0.00000000, 0.00000000, 0.00000000, 0.00000000, 0.00000000, 0.00000000, 0.00000000, 0.00000000]",0.03700000,0.45242500,25->11
10,10,10,0,50,"(1, 2, 6, 7, 11, 15, 18, 24, 26, 28)",1,525,probe_repair,"[60, 90, 125, 145, 190, 195, 225, 245, 255, 265, 295, 310, 325, 340, 360]",0.00000000,"[0.00000000, 0.00000000, 0.00000000, 0.00000000, 0.00000000, 0.00000000, 0.00000000, 0.00000000, 0.00000000, 0.00000000]",0.08000000,0.45085556,21->6
10,10,10,0,50,"(1, 2, 6, 7, 11, 15, 18, 24, 26, 28)",2,421,probe_repair,"[10, 35, 50, 70, 75, 80, 110, 115, 125, 135, 175, 265, 295, 320, 330]",0.00000000,"[0.00000000, 0.00000000, 0.00000000, 0.00000000, 0.00000000, 0.00000000, 0.00000000, 0.00000000, 0.00000000, 0.00000000]",0.12100000,0.44987778,22->1
10,10,10,0,50,"(1, 2, 6, 7, 11, 15, 18, 24, 26, 28)",3,285,probe_repair,"[15, 30, 45, 60, 90, 95, 115, 130, 160, 170, 250, 275, 290, 305, 360]",0.00000000,"[0.00000000, 0.00000000, 0.00000000, 0.00000000, 0.00000000, 0.00000000, 0.00000000, 0.00000000, 0.00000000, 0.00000000]",0.09300000,0.43978889,17->26
10,10,10,0,50,"(1, 2, 6, 7, 11, 15, 18, 24, 26, 28)",4,541,probe_repair,"[15, 65, 70, 80, 85, 100, 120, 135, 140, 180, 235, 285, 335, 340, 360]",0.00000000,"[0.00000000, 0.00000000, 0.00000000, 0.00000000, 0.00000000, 0.00000000, 0.00000000, 0.00000000, 0.00000000, 0.00000000]",0.15600000,0.45398889,16->15
10,10,10,0,50,"(1, 2, 6, 7, 11, 15, 18, 24, 26, 28)",5,37,probe_repair,"[45, 50, 105, 125, 135, 140, 165, 190, 200, 265, 290, 320, 330, 340, 350]",0.00000000,"[0.00000000, 0.00000000, 0.00000000, 0.00000000, 0.00000000, 0.00000000, 0.00000000, 0.00000000, 0.00000000, 0.00000000]",0.14900000,0.43941111,22->28
10,10,10,0,50,"(1, 2, 6, 7, 11, 15, 18, 24, 26, 28)",6,581,probe_repair,"[5, 15, 40, 65, 80, 105, 115, 160, 175, 220, 260, 275, 280, 320, 365]",0.00000000,"[0.00000000, 0.00000000, 0.00000000, 0.00000000, 0.00000000, 0.00000000, 0.00000000, 0.00000000, 0.00000000, 0.00000000]",0.23200000,0.45316667,17->6
10,10,10,0,50,"(1, 2, 6, 7, 11, 15, 18, 24, 26, 28)",7,517,probe_repair,"[5, 25, 35, 135, 170, 180, 220, 230, 265, 280, 290, 305, 335, 345, 360]",0.00000000,"[0.00000000, 0.00000000, 0.00000000, 0.00000000, 0.00000000, 0.00000000, 0.00000000, 0.00000000, 0.00000000, 0.00000000]",0.20300000,0.44936667,17->28
10,10,10,0,50,"(1, 2, 6, 7, 11, 15, 18, 24, 26, 28)",8,109,probe_repair,"[15, 80, 100, 110, 190, 195, 230, 235, 250, 260, 265, 300, 325, 335, 345]",0.00000000,"[0.00000000, 0.00000000, 0.00000000, 0.00000000, 0.00000000, 0.00000000, 0.00000000, 0.00000000, 0.00000000, 0.00000000]",0.23000000,0.45023333,4->11
10,10,10,0,50,"(1, 2, 6, 7, 11, 15, 18, 24, 26, 28)",9,149,probe_repair,"[5, 30, 40, 65, 110, 115, 125, 135, 165, 230, 245, 250, 275, 305, 340]",0.00000000,"[0.00000000, 0.00000000, 0.00000000, 0.00000000, 0.00000000, 0.00000000, 0.00000000, 0.00000000, 0.00000000, 0.00000000]",0.16000000,0.44627778,20->26
10,10,10,0,50,"(1, 2, 6, 7, 11, 15, 18, 24, 26, 28)",10,213,probe_repair,"[70, 95, 105, 120, 140, 175, 190, 230, 235, 240, 265, 295, 300, 360, 365]",0.00000000,"[0.00000000, 0.00000000, 0.00000000, 0.00000000, 0.00000000, 0.00000000, 0.00000000, 0.00000000, 0.00000000, 0.00000000]",0.11200000,0.44654444,16->18
10,10,10,0,51,"(1, 4, 5, 6, 9, 11, 20, 22, 26, 28)",1,109,probe_repair,"[5, 75, 90, 115, 140, 180, 185, 205, 220, 225, 235, 240, 265, 305, 340]",0.00000000,"[0.00000000, 0.00000000, 0.00000000, 0.00000000, 0.00000000, 0.00000000, 0.00000000, 0.00000000, 0.00000000, 0.00000000]",0.20800000,0.44770000,17->26
10,10,10,0,51,"(1, 4, 5, 6, 9, 11, 20, 22, 26, 28)",2,133,probe_repair,"[25, 55, 75, 80, 90, 110, 145, 170, 175, 210, 225, 250, 290, 325, 360]",0.00000000,"[0.00000000, 0.00000000, 0.00000000, 0.00000000, 0.00000000, 0.00000000, 0.00000000, 0.00000000, 0.00000000, 0.00000000]",0.01000000,0.44308000,16->6
10,10,10,0,51,"(1, 4, 5, 6, 9, 11, 20, 22, 26, 28)",3,69,probe_repair,"[30, 135, 140, 145, 155, 225, 240, 250, 260, 285, 305, 310, 335, 340, 365]",0.00000000,"[0.00000000, 0.00000000, 0.00000000, 0.00000000, 0.00000000, 0.00000000, 0.00000000, 0.00000000, 0.00000000, 0.00000000]",0.09300000,0.45278000,25->28
10,10,10,0,51,"(1, 4, 5, 6, 9, 11, 20, 22, 26, 28)",4,53,probe_repair,"[25, 40, 90, 110, 145, 185, 225, 250, 275, 280, 300, 325, 335, 340, 355]",0.00000000,"[0.00000000, 0.00000000, 0.00000000, 0.00000000, 0.00000000, 0.00000000, 0.00000000, 0.00000000, 0.00000000, 0.00000000]",0.14600000,0.44400000,24->6
10,10,10,0,51,"(1, 4, 5, 6, 9, 11, 20, 22, 26, 28)",5,117,probe_repair,"[45, 85, 95, 105, 120, 125, 140, 145, 185, 220, 285, 290, 295, 330, 345]",0.00000000,"[0.00000000, 0.00000000, 0.00000000, 0.00000000, 0.00000000, 0.00000000, 0.00000000, 0.00000000, 0.00000000, 0.00000000]",0.10200000,0.44234000,25->28
10,10,10,0,51,"(1, 4, 5, 6, 9, 11, 20, 22, 26, 28)",6,149,probe_repair,"[5, 30, 55, 65, 100, 110, 120, 165, 240, 255, 290, 310, 330, 335, 365]",0.00000000,"[0.00000000, 0.00000000, 0.00000000, 0.00000000, 0.00000000, 0.00000000, 0.00000000, 0.00000000, 0.00000000, 0.00000000]",0.17300000,0.44436000,7->28
10,10,10,0,51,"(1, 4, 5, 6, 9, 11, 20, 22, 26, 28)",7,165,probe_repair,"[35, 45, 50, 120, 150, 180, 190, 225, 265, 275, 280, 330, 335, 345, 355]",0.00000000,"[0.00000000, 0.00000000, 0.00000000, 0.00000000, 0.00000000, 0.00000000, 0.00000000, 0.00000000, 0.00000000, 0.00000000]",0.03200000,0.44786000,24->26
10,10,10,0,51,"(1, 4, 5, 6, 9, 11, 20, 22, 26, 28)",8,157,probe_repair,"[30, 35, 45, 85, 105, 120, 130, 155, 180, 185, 200, 245, 260, 280, 345]",0.00000000,"[0.00000000, 0.00000000, 0.00000000, 0.00000000, 0.00000000, 0.00000000, 0.00000000, 0.00000000, 0.00000000, 0.00000000]",0.12200000,0.45158000,7->28
10,10,10,0,51,"(1, 4, 5, 6, 9, 11, 20, 22, 26, 28)",9,77,probe_repair,"[5, 15, 50, 75, 100, 105, 125, 140, 170, 190, 240, 275, 305, 345, 355]",0.00000000,"[0.00000000, 0.00000000, 0.00000000, 0.00000000, 0.00000000, 0.00000000, 0.00000000, 0.00000000, 0.00000000, 0.00000000]",0.10100000,0.44180000,2->9
10,10,10,0,51,"(1, 4, 5, 6, 9, 11, 20, 22, 26, 28)",10,181,probe_repair,"[45, 55, 80, 95, 105, 140, 160, 185, 190, 200, 240, 265, 345, 360, 365]",0.00000000,"[0.00000000, 0.00000000, 0.00000000, 0.00000000, 0.00000000, 0.00000000, 0.00000000, 0.00000000, 0.00000000, 0.00000000]",0.17200000,0.45250000,25->20
10,10,10,0,52,"(2, 5, 6, 11, 17, 18, 21, 22, 24, 27)",1,29,probe_repair,"[5, 60, 105, 115, 175, 210, 235, 240, 250, 270, 275, 325, 335, 355, 360]",0.00000000,"[0.00000000, 0.00000000, 0.00000000, 0.00000000, 0.00000000, 0.00000000, 0.00000000, 0.00000000, 0.00000000, 0.00000000]",0.06800000,0.44873333,15->24
10,10,10,0,52,"(2, 5, 6, 11, 17, 18, 21, 22, 24, 27)",2,357,probe_repair,"[5, 15, 20, 85, 115, 140, 185, 215, 220, 225, 235, 255, 265, 275, 280]",0.00000000,"[0.00000000, 0.00000000, 0.00000000, 0.00000000, 0.00000000, 0.00000000, 0.00000000, 0.00000000, 0.00000000, 0.00000000]",0.17400000,0.45013333,28->18
10,10,10,0,52,"(2, 5, 6, 11, 17, 18, 21, 22, 24, 27)",3,117,probe_repair,"[20, 30, 45, 60, 105, 175, 185, 235, 265, 325, 330, 335, 340, 345, 365]",0.00000000,"[0.00000000, 0.00000000, 0.00000000, 0.00000000, 0.00000000, 0.00000000, 0.00000000, 0.00000000, 0.00000000, 0.00000000]",0.20600000,0.44822222,7->24
10,10,10,0,52,"(2, 5, 6, 11, 17, 18, 21, 22, 24, 27)",4,245,probe_repair,"[15, 20, 30, 45, 65, 110, 125, 150, 160, 165, 180, 215, 220, 255, 355]",0.00000000,"[0.00000000, 0.00000000, 0.00000000, 0.00000000, 0.00000000, 0.00000000, 0.00000000, 0.00000000, 0.00000000, 0.00000000]",0.22000000,0.44980000,25->11
10,10,10,0,52,"(2, 5, 6, 11, 17, 18, 21, 22, 24, 27)",5,413,probe_repair,"[5, 10, 20, 25, 40, 75, 85, 125, 160, 225, 235, 240, 250, 280, 365]",0.00000000,"[0.00000000, 0.00000000, 0.00000000, 0.00000000, 0.00000000, 0.00000000, 0.00000000, 0.00000000, 0.00000000, 0.00000000]",0.11600000,0.44497778,7->24
10,10,10,0,52,"(2, 5, 6, 11, 17, 18, 21, 22, 24, 27)",6,461,probe_repair,"[80, 90, 95, 100, 120, 125, 130, 185, 205, 225, 235, 330, 345, 355, 360]",0.00000000,"[0.00000000, 0.00000000, 0.00000000, 0.00000000, 0.00000000, 0.00000000, 0.00000000, 0.00000000, 0.00000000, 0.00000000]",0.24800000,0.45171111,20->17
10,10,10,0,52,"(2, 5, 6, 11, 17, 18, 21, 22, 24, 27)",7,309,probe_repair,"[5, 15, 65, 110, 150, 160, 190, 225, 270, 275, 280, 300, 305, 315, 345]",0.00000000,"[0.00000000, 0.00000000, 0.00000000, 0.00000000, 0.00000000, 0.00000000, 0.00000000, 0.00000000, 0.00000000, 0.00000000]",0.23800000,0.46060000,26->22
10,10,10,0,52,"(2, 5, 6, 11, 17, 18, 21, 22, 24, 27)",8,605,probe_repair,"[5, 20, 30, 65, 75, 105, 110, 130, 135, 175, 215, 270, 325, 340, 345]",0.00000000,"[0.00000000, 0.00000000, 0.00000000, 0.00000000, 0.00000000, 0.00000000, 0.00000000, 0.00000000, 0.00000000, 0.00000000]",0.19000000,0.44853333,15->27
10,10,10,0,52,"(2, 5, 6, 11, 17, 18, 21, 22, 24, 27)",9,325,probe_repair,"[25, 30, 75, 80, 95, 100, 105, 135, 180, 230, 260, 280, 285, 295, 360]",0.00000000,"[0.00000000, 0.00000000, 0.00000000, 0.00000000, 0.00000000, 0.00000000, 0.00000000, 0.00000000, 0.00000000, 0.00000000]",0.18800000,0.44566667,28->27
10,10,10,0,52,"(2, 5, 6, 11, 17, 18, 21, 22, 24, 27)",10,533,probe_repair,"[10, 15, 45, 95, 145, 155, 165, 180, 220, 230, 245, 285, 290, 325, 340]",0.00000000,"[0.00000000, 0.00000000, 0.00000000, 0.00000000, 0.00000000, 0.00000000, 0.00000000, 0.00000000, 0.00000000, 0.00000000]",0.11700000,0.44724444,16->5
10,10,10,0,53,"(1, 4, 7, 16, 18, 21, 22, 26, 27, 28)",1,549,probe_repair,"[10, 35, 75, 110, 115, 140, 185, 190, 250, 255, 265, 275, 280, 335, 360]",0.00000000,"[0.00000000, 0.00000000, 0.00000000, 0.00000000, 0.00000000, 0.00000000, 0.00000000, 0.00000000, 0.00000000, 0.00000000]",0.04100000,0.45008889,9->7
10,10,10,0,53,"(1, 4, 7, 16, 18, 21, 22, 26, 27, 28)",2,285,probe_repair,"[50, 55, 60, 80, 85, 90, 110, 135, 150, 200, 210, 250, 265, 295, 365]",0.00000000,"[0.00000000, 0.00000000, 0.00000000, 0.00000000, 0.00000000, 0.00000000, 0.00000000, 0.00000000, 0.00000000, 0.00000000]",0.24300000,0.44677778,25->18
10,10,10,0,53,"(1, 4, 7, 16, 18, 21, 22, 26, 27, 28)",3,237,probe_repair,"[35, 45, 55, 85, 120, 200, 210, 225, 245, 250, 275, 280, 285, 310, 365]",0.00000000,"[0.00000000, 0.00000000, 0.00000000, 0.00000000, 0.00000000, 0.00000000, 0.00000000, 0.00000000, 0.00000000, 0.00000000]",0.14100000,0.44875556,24->16
10,10,10,0,53,"(1, 4, 7, 16, 18, 21, 22, 26, 27, 28)",4,589,probe_repair,"[5, 40, 45, 50, 70, 75, 120, 125, 135, 185, 195, 210, 230, 235, 325]",0.00000000,"[0.00000000, 0.00000000, 0.00000000, 0.00000000, 0.00000000, 0.00000000, 0.00000000, 0.00000000, 0.00000000, 0.00000000]",0.17100000,0.44620000,9->4
10,10,10,0,53,"(1, 4, 7, 16, 18, 21, 22, 26, 27, 28)",5,69,probe_repair,"[5, 30, 45, 85, 100, 105, 170, 180, 245, 250, 265, 285, 300, 340, 350]",0.00000000,"[0.00000000, 0.00000000, 0.00000000, 0.00000000, 0.00000000, 0.00000000, 0.00000000, 0.00000000, 0.00000000, 0.00000000]",0.17400000,0.45140000,6->28
10,10,10,0,53,"(1, 4, 7, 16, 18, 21, 22, 26, 27, 28)",6,605,probe_repair,"[30, 40, 50, 105, 120, 125, 140, 145, 160, 250, 280, 300, 335, 350, 355]",0.00000000,"[0.00000000, 0.00000000, 0.00000000, 0.00000000, 0.00000000, 0.00000000, 0.00000000, 0.00000000, 0.00000000, 0.00000000]",0.23300000,0.45300000,6->21
10,10,10,0,53,"(1, 4, 7, 16, 18, 21, 22, 26, 27, 28)",7,373,probe_repair,"[5, 10, 45, 60, 130, 140, 150, 155, 175, 180, 205, 260, 265, 340, 355]",0.00000000,"[0.00000000, 0.00000000, 0.00000000, 0.00000000, 0.00000000, 0.00000000, 0.00000000, 0.00000000, 0.00000000, 0.00000000]",0.08500000,0.45388889,17->26
10,10,10,0,53,"(1, 4, 7, 16, 18, 21, 22, 26, 27, 28)",8,317,probe_repair,"[30, 50, 70, 105, 110, 120, 125, 150, 155, 175, 210, 230, 250, 285, 320]",0.00000000,"[0.00000000, 0.00000000, 0.00000000, 0.00000000, 0.00000000, 0.00000000, 0.00000000, 0.00000000, 0.00000000, 0.00000000]",0.11400000,0.44837778,25->16
10,10,10,0,53,"(1, 4, 7, 16, 18, 21, 22, 26, 27, 28)",9,133,probe_repair,"[5, 10, 50, 85, 95, 100, 140, 165, 195, 235, 300, 320, 345, 350, 355]",0.00000000,"[0.00000000, 0.00000000, 0.00000000, 0.00000000, 0.00000000, 0.00000000, 0.00000000, 0.00000000, 0.00000000, 0.00000000]",0.06500000,0.45686667,2->16
10,10,10,0,53,"(1, 4, 7, 16, 18, 21, 22, 26, 27, 28)",10,613,probe_repair,"[15, 25, 35, 40, 105, 115, 120, 145, 175, 220, 245, 255, 300, 345, 360]",0.00000000,"[0.00000000, 0.00000000, 0.00000000, 0.00000000, 0.00000000, 0.00000000, 0.00000000, 0.00000000, 0.00000000, 0.00000000]",0.18800000,0.44955556,25->1
10,10,10,0,54,"(2, 4, 5, 6, 7, 9, 18, 21, 22, 25)",1,405,probe_repair,"[15, 30, 35, 85, 140, 150, 160, 175, 210, 225, 270, 335, 345, 355, 360]",0.00000000,"[0.00000000, 0.00000000, 0.00000000, 0.00000000, 0.00000000, 0.00000000, 0.00000000, 0.00000000, 0.00000000, 0.00000000]",0.03700000,0.45076667,24->9
10,10,10,0,54,"(2, 4, 5, 6, 7, 9, 18, 21, 22, 25)",2,413,probe_repair,"[5, 25, 45, 60, 95, 140, 150, 160, 200, 230, 245, 265, 270, 330, 365]",0.00000000,"[0.00000000, 0.00000000, 0.00000000, 0.00000000, 0.00000000, 0.00000000, 0.00000000, 0.00000000, 0.00000000, 0.00000000]",0.08300000,0.44552222,24->5
10,10,10,0,54,"(2, 4, 5, 6, 7, 9, 18, 21, 22, 25)",3,293,probe_repair,"[5, 55, 140, 165, 190, 205, 215, 225, 240, 275, 280, 285, 300, 315, 325]",0.00000000,"[0.00000000, 0.00000000, 0.00000000, 0.00000000, 0.00000000, 0.00000000, 0.00000000, 0.00000000, 0.00000000, 0.00000000]",0.15100000,0.45105556,16->9
10,10,10,0,54,"(2, 4, 5, 6, 7, 9, 18, 21, 22, 25)",4,525,probe_repair,"[20, 80, 90, 100, 120, 165, 170, 175, 180, 190, 205, 220, 295, 310, 365]",0.00000000,"[0.00000000, 0.00000000, 0.00000000, 0.00000000, 0.00000000, 0.00000000, 0.00000000, 0.00000000, 0.00000000, 0.00000000]",0.17800000,0.44963333,15->25
10,10,10,0,54,"(2, 4, 5, 6, 7, 9, 18, 21, 22, 25)",5,341,probe_repair,"[10, 15, 45, 140, 145, 150, 155, 170, 200, 215, 235, 270, 290, 335, 340]",0.00000000,"[0.00000000, 0.00000000, 0.00000000, 0.00000000, 0.00000000, 0.00000000, 0.00000000, 0.00000000, 0.00000000, 0.00000000]",0.18800000,0.44363333,17->22
10,10,10,0,54,"(2, 4, 5, 6, 7, 9, 18, 21, 22, 25)",6,669,probe_repair,"[5, 40, 45, 65, 85, 100, 110, 155, 175, 180, 200, 205, 225, 265, 280]",0.00000000,"[0.00000000, 0.00000000, 0.00000000, 0.00000000, 0.00000000, 0.00000000, 0.00000000, 0.00000000, 0.00000000, 0.00000000]",0.07500000,0.44061111,20->22
10,10,10,0,54,"(2, 4, 5, 6, 7, 9, 18, 21, 22, 25)",7,485,probe_repair,"[15, 35, 50, 60, 100, 115, 120, 150, 155, 190, 215, 225, 235, 305, 330]",0.00000000,"[0.00000000, 0.00000000, 0.00000000, 0.00000000, 0.00000000, 0.00000000, 0.00000000, 0.00000000, 0.00000000, 0.00000000]",0.21800000,0.45490000,11->21
10,10,10,0,54,"(2, 4, 5, 6, 7, 9, 18, 21, 22, 25)",8,381,probe_repair,"[5, 10, 20, 85, 110, 190, 225, 230, 245, 260, 265, 275, 290, 295, 335]",0.00000000,"[0.00000000, 0.00000000, 0.00000000, 0.00000000, 0.00000000, 0.00000000, 0.00000000, 0.00000000, 0.00000000, 0.00000000]",0.17500000,0.44767778,15->18
10,10,10,0,54,"(2, 4, 5, 6, 7, 9, 18, 21, 22, 25)",9,389,probe_repair,"[15, 20, 25, 30, 55, 85, 90, 135, 180, 200, 225, 265, 270, 310, 330]",0.00000000,"[0.00000000, 0.00000000, 0.00000000, 0.00000000, 0.00000000, 0.00000000, 0.00000000, 0.00000000, 0.00000000, 0.00000000]",0.15600000,0.44930000,16->6
10,10,10,0,54,"(2, 4, 5, 6, 7, 9, 18, 21, 22, 25)",10,653,probe_repair,"[5, 15, 35, 40, 50, 60, 85, 110, 135, 155, 170, 250, 275, 330, 335]",0.00000000,"[0.00000000, 0.00000000, 0.00000000, 0.00000000, 0.00000000, 0.00000000, 0.00000000, 0.00000000, 0.00000000, 0.00000000]",0.21300000,0.44525556,16->5
10,10,10,0,55,"(4, 6, 7, 16, 20, 21, 22, 26, 27, 28)",1,629,probe_repair,"[15, 20, 60, 75, 95, 120, 140, 150, 185, 210, 225, 320, 325, 330, 355]",0.00000000,"[0.00000000, 0.00000000, 0.00000000, 0.00000000, 0.00000000, 0.00000000, 0.00000000, 0.00000000, 0.00000000, 0.00000000]",0.05700000,0.45597500,15->27
10,10,10,0,55,"(4, 6, 7, 16, 20, 21, 22, 26, 27, 28)",2,373,probe_repair,"[20, 45, 75, 85, 120, 160, 175, 195, 200, 205, 220, 275, 320, 360, 365]",0.00000000,"[0.00000000, 0.00000000, 0.00000000, 0.00000000, 0.00000000, 0.00000000, 0.00000000, 0.00000000, 0.00000000, 0.00000000]",0.20700000,0.44635000,17->20
10,10,10,0,55,"(4, 6, 7, 16, 20, 21, 22, 26, 27, 28)",3,309,probe_repair,"[5, 10, 15, 20, 65, 125, 185, 235, 255, 275, 295, 305, 315, 340, 345]",0.00000000,"[0.00000000, 0.00000000, 0.00000000, 0.00000000, 0.00000000, 0.00000000, 0.00000000, 0.00000000, 0.00000000, 0.00000000]",0.22400000,0.45120000,18->28
10,10,10,0,55,"(4, 6, 7, 16, 20, 21, 22, 26, 27, 28)",4,181,probe_repair,"[60, 90, 105, 130, 180, 215, 230, 235, 250, 255, 260, 265, 285, 290, 345]",0.00000000,"[0.00000000, 0.00000000, 0.00000000, 0.00000000, 0.00000000, 0.00000000, 0.00000000, 0.00000000, 0.00000000, 0.00000000]",0.07900000,0.45167500,2->6
10,10,10,0,55,"(4, 6, 7, 16, 20, 21, 22, 26, 27, 28)",5,517,probe_repair,"[20, 45, 65, 90, 105, 115, 190, 225, 235, 275, 305, 320, 325, 330, 340]",0.00000000,"[0.00000000, 0.00000000, 0.00000000, 0.00000000, 0.00000000, 0.00000000, 0.00000000, 0.00000000, 0.00000000, 0.00000000]",0.11700000,0.44382500,25->27
10,10,10,0,55,"(4, 6, 7, 16, 20, 21, 22, 26, 27, 28)",6,37,probe_repair,"[15, 45, 70, 80, 115, 150, 175, 185, 190, 250, 280, 290, 295, 300, 355]",0.00000000,"[0.00000000, 0.00000000, 0.00000000, 0.00000000, 0.00000000, 0.00000000, 0.00000000, 0.00000000, 0.00000000, 0.00000000]",0.05100000,0.45080000,2->16
10,10,10,0,55,"(4, 6, 7, 16, 20, 21, 22, 26, 27, 28)",7,317,probe_repair,"[35, 60, 90, 95, 105, 120, 155, 195, 240, 265, 285, 310, 320, 335, 360]",0.00000000,"[0.00000000, 0.00000000, 0.00000000, 0.00000000, 0.00000000, 0.00000000, 0.00000000, 0.00000000, 0.00000000, 0.00000000]",0.19400000,0.44897500,9->21
10,10,10,0,55,"(4, 6, 7, 16, 20, 21, 22, 26, 27, 28)",8,349,probe_repair,"[5, 15, 20, 35, 60, 70, 85, 140, 205, 250, 255, 300, 335, 355, 360]",0.00000000,"[0.00000000, 0.00000000, 0.00000000, 0.00000000, 0.00000000, 0.00000000, 0.00000000, 0.00000000, 0.00000000, 0.00000000]",0.12500000,0.44812500,25->16
10,10,10,0,55,"(4, 6, 7, 16, 20, 21, 22, 26, 27, 28)",9,365,probe_repair,"[10, 15, 25, 30, 35, 70, 100, 180, 185, 220, 245, 275, 280, 300, 360]",0.00000000,"[0.00000000, 0.00000000, 0.00000000, 0.00000000, 0.00000000, 0.00000000, 0.00000000, 0.00000000, 0.00000000, 0.00000000]",0.26700000,0.44687500,18->4
10,10,10,0,55,"(4, 6, 7, 16, 20, 21, 22, 26, 27, 28)",10,565,probe_repair,"[55, 70, 75, 100, 105, 130, 145, 185, 210, 225, 235, 240, 300, 315, 325]",0.00000000,"[0.00000000, 0.00000000, 0.00000000, 0.00000000, 0.00000000, 0.00000000, 0.00000000, 0.00000000, 0.00000000, 0.00000000]",0.24000000,0.45047500,24->21
10,10,10,0,56,"(1, 9, 11, 16, 17, 20, 25, 26, 27, 28)",1,341,probe_repair,"[30, 40, 70, 115, 130, 170, 185, 210, 280, 285, 290, 305, 310, 340, 355]",0.00000000,"[0.00000000, 0.00000000, 0.00000000, 0.00000000, 0.00000000, 0.00000000, 0.00000000, 0.00000000, 0.00000000, 0.00000000]",0.19900000,0.44782222,6->16
10,10,10,0,56,"(1, 9, 11, 16, 17, 20, 25, 26, 27, 28)",2,29,probe_repair,"[5, 25, 35, 45, 85, 125, 155, 170, 195, 220, 240, 265, 325, 330, 340]",0.00000000,"[0.00000000, 0.00000000, 0.00000000, 0.00000000, 0.00000000, 0.00000000, 0.00000000, 0.00000000, 0.00000000, 0.00000000]",0.20100000,0.44860000,2->9
10,10,10,0,56,"(1, 9, 11, 16, 17, 20, 25, 26, 27, 28)",3,429,probe_repair,"[15, 35, 40, 50, 55, 85, 95, 100, 140, 155, 225, 245, 305, 360, 365]",0.00000000,"[0.00000000, 0.00000000, 0.00000000, 0.00000000, 0.00000000, 0.00000000, 0.00000000, 0.00000000, 0.00000000, 0.00000000]",0.16300000,0.45048889,21->28
10,10,10,0,56,"(1, 9, 11, 16, 17, 20, 25, 26, 27, 28)",4,37,probe_repair,"[5, 40, 45, 90, 140, 165, 175, 190, 225, 230, 240, 280, 285, 305, 350]",0.00000000,"[0.00000000, 0.00000000, 0.00000000, 0.00000000, 0.00000000, 0.00000000, 0.00000000, 0.00000000, 0.00000000, 0.00000000]",0.14700000,0.44846667,21->27
10,10,10,0,56,"(1, 9, 11, 16, 17, 20, 25, 26, 27, 28)",5,621,probe_repair,"[10, 35, 40, 60, 65, 70, 75, 135, 165, 180, 225, 260, 340, 355, 360]",0.00000000,"[0.00000000, 0.00000000, 0.00000000, 0.00000000, 0.00000000, 0.00000000, 0.00000000, 0.00000000, 0.00000000, 0.00000000]",0.21100000,0.45486667,21->11
10,10,10,0,56,"(1, 9, 11, 16, 17, 20, 25, 26, 27, 28)",6,461,probe_repair,"[15, 25, 45, 110, 125, 130, 155, 175, 190, 200, 210, 280, 310, 340, 365]",0.00000000,"[0.00000000, 0.00000000, 0.00000000, 0.00000000, 0.00000000, 0.00000000, 0.00000000, 0.00000000, 0.00000000, 0.00000000]",0.23400000,0.45046667,2->26
10,10,10,0,56,"(1, 9, 11, 16, 17, 20, 25, 26, 27, 28)",7,533,probe_repair,"[50, 65, 75, 110, 115, 125, 220, 255, 265, 290, 310, 325, 355, 360, 365]",0.00000000,"[0.00000000, 0.00000000, 0.00000000, 0.00000000, 0.00000000, 0.00000000, 0.00000000, 0.00000000, 0.00000000, 0.00000000]",0.17000000,0.44666667,22->26
10,10,10,0,56,"(1, 9, 11, 16, 17, 20, 25, 26, 27, 28)",8,269,probe_repair,"[5, 50, 75, 130, 160, 185, 190, 195, 200, 205, 220, 230, 235, 245, 310]",0.00000000,"[0.00000000, 0.00000000, 0.00000000, 0.00000000, 0.00000000, 0.00000000, 0.00000000, 0.00000000, 0.00000000, 0.00000000]",0.00600000,0.44935556,6->27
10,10,10,0,56,"(1, 9, 11, 16, 17, 20, 25, 26, 27, 28)",9,93,probe_repair,"[5, 10, 25, 35, 85, 160, 170, 185, 190, 210, 230, 235, 295, 340, 350]",0.00000000,"[0.00000000, 0.00000000, 0.00000000, 0.00000000, 0.00000000, 0.00000000, 0.00000000, 0.00000000, 0.00000000, 0.00000000]",0.25500000,0.44735556,6->1
10,10,10,0,56,"(1, 9, 11, 16, 17, 20, 25, 26, 27, 28)",10,77,probe_repair,"[30, 90, 130, 155, 160, 165, 180, 195, 205, 225, 235, 245, 295, 310, 335]",0.00000000,"[0.00000000, 0.00000000, 0.00000000, 0.00000000, 0.00000000, 0.00000000, 0.00000000, 0.00000000, 0.00000000, 0.00000000]",0.08300000,0.44591111,21->9
10,10,10,0,57,"(2, 4, 6, 7, 11, 15, 17, 18, 24, 27)",1,541,probe_repair,"[25, 60, 70, 80, 85, 120, 140, 155, 180, 185, 260, 265, 275, 280, 300]",0.00000000,"[0.00000000, 0.00000000, 0.00000000, 0.00000000, 0.00000000, 0.00000000, 0.00000000, 0.00000000, 0.00000000, 0.00000000]",0.12700000,0.44592500,22->27
10,10,10,0,57,"(2, 4, 6, 7, 11, 15, 17, 18, 24, 27)",2,597,probe_repair,"[15, 25, 50, 80, 95, 165, 245, 250, 260, 270, 275, 320, 330, 335, 360]",0.00000000,"[0.00000000, 0.00000000, 0.00000000, 0.00000000, 0.00000000, 0.00000000, 0.00000000, 0.00000000, 0.00000000, 0.00000000]",0.19100000,0.44682500,28->18
10,10,10,0,57,"(2, 4, 6, 7, 11, 15, 17, 18, 24, 27)",3,693,probe_repair,"[10, 45, 80, 95, 125, 180, 190, 195, 215, 240, 285, 290, 305, 310, 315]",0.00000000,"[0.00000000, 0.00000000, 0.00000000, 0.00000000, 0.00000000, 0.00000000, 0.00000000, 0.00000000, 0.00000000, 0.00000000]",0.27000000,0.44945000,16->2
10,10,10,0,57,"(2, 4, 6, 7, 11, 15, 17, 18, 24, 27)",4,253,probe_repair,"[45, 55, 85, 105, 115, 120, 185, 205, 220, 245, 250, 275, 290, 355, 365]",0.00000000,"[0.00000000, 0.00000000, 0.00000000, 0.00000000, 0.00000000, 0.00000000, 0.00000000, 0.00000000, 0.00000000, 0.00000000]",0.04000000,0.44712500,20->18
10,10,10,0,57,"(2, 4, 6, 7, 11, 15, 17, 18, 24, 27)",5,773,probe_repair,"[15, 25, 75, 85, 95, 100, 130, 160, 175, 190, 200, 215, 280, 330, 355]",0.00000000,"[0.00000000, 0.00000000, 0.00000000, 0.00000000, 0.00000000, 0.00000000, 0.00000000, 0.00000000, 0.00000000, 0.00000000]",0.11400000,0.45747500,22->7
10,10,10,0,57,"(2, 4, 6, 7, 11, 15, 17, 18, 24, 27)",6,989,probe_repair,"[35, 60, 65, 95, 120, 125, 130, 140, 205, 250, 255, 285, 305, 345, 365]",0.00000000,"[0.00000000, 0.00000000, 0.00000000, 0.00000000, 0.00000000, 0.00000000, 0.00000000, 0.00000000, 0.00000000, 0.00000000]",0.23100000,0.45057500,16->15
10,10,10,0,57,"(2, 4, 6, 7, 11, 15, 17, 18, 24, 27)",7,413,probe_repair,"[15, 55, 85, 130, 140, 170, 175, 205, 235, 270, 295, 300, 305, 310, 365]",0.00000000,"[0.00000000, 0.00000000, 0.00000000, 0.00000000, 0.00000000, 0.00000000, 0.00000000, 0.00000000, 0.00000000, 0.00000000]",0.28000000,0.45925000,16->6
10,10,10,0,57,"(2, 4, 6, 7, 11, 15, 17, 18, 24, 27)",8,141,probe_repair,"[5, 10, 45, 80, 95, 110, 190, 195, 250, 265, 300, 310, 325, 340, 350]",0.00000000,"[0.00000000, 0.00000000, 0.00000000, 0.00000000, 0.00000000, 0.00000000, 0.00000000, 0.00000000, 0.00000000, 0.00000000]",0.11900000,0.45277500,22->15
10,10,10,0,57,"(2, 4, 6, 7, 11, 15, 17, 18, 24, 27)",9,1261,probe_repair,"[30, 45, 60, 95, 110, 140, 225, 230, 240, 280, 285, 330, 345, 360, 365]",0.00000000,"[0.00000000, 0.00000000, 0.00000000, 0.00000000, 0.00000000, 0.00000000, 0.00000000, 0.00000000, 0.00000000, 0.00000000]",0.19700000,0.45125000,9->27
10,10,10,0,57,"(2, 4, 6, 7, 11, 15, 17, 18, 24, 27)",10,437,probe_repair,"[5, 20, 25, 45, 100, 105, 125, 155, 165, 240, 270, 280, 290, 310, 330]",0.00000000,"[0.00000000, 0.00000000, 0.00000000, 0.00000000, 0.00000000, 0.00000000, 0.00000000, 0.00000000, 0.00000000, 0.00000000]",0.16800000,0.45245000,9->17
10,10,10,0,58,"(2, 4, 6, 9, 11, 20, 22, 25, 26, 27)",1,477,probe_repair,"[10, 50, 80, 90, 110, 140, 155, 160, 195, 210, 215, 275, 295, 305, 345]",0.00000000,"[0.00000000, 0.00000000, 0.00000000, 0.00000000, 0.00000000, 0.00000000, 0.00000000, 0.00000000, 0.00000000, 0.00000000]",0.13400000,0.44790000,15->4
10,10,10,0,58,"(2, 4, 6, 9, 11, 20, 22, 25, 26, 27)",2,613,probe_repair,"[5, 10, 55, 80, 85, 110, 125, 140, 150, 165, 180, 245, 275, 320, 330]",0.00000000,"[0.00000000, 0.00000000, 0.00000000, 0.00000000, 0.00000000, 0.00000000, 0.00000000, 0.00000000, 0.00000000, 0.00000000]",0.11300000,0.45345000,18->6
10,10,10,0,58,"(2, 4, 6, 9, 11, 20, 22, 25, 26, 27)",3,1181,probe_repair,"[5, 75, 80, 95, 115, 120, 130, 185, 195, 200, 225, 240, 290, 300, 330]",0.00000000,"[0.00000000, 0.00000000, 0.00000000, 0.00000000, 0.00000000, 0.00000000, 0.00000000, 0.00000000, 0.00000000, 0.00000000]",0.07300000,0.45110000,18->6
10,10,10,0,58,"(2, 4, 6, 9, 11, 20, 22, 25, 26, 27)",4,853,probe_repair,"[25, 30, 40, 60, 70, 100, 105, 155, 160, 215, 220, 265, 285, 330, 355]",0.00000000,"[0.00000000, 0.00000000, 0.00000000, 0.00000000, 0.00000000, 0.00000000, 0.00000000, 0.00000000, 0.00000000, 0.00000000]",0.07900000,0.44387500,7->2
10,10,10,0,58,"(2, 4, 6, 9, 11, 20, 22, 25, 26, 27)",5,1077,probe_repair,"[5, 30, 60, 90, 110, 115, 120, 135, 165, 200, 205, 265, 270, 275, 340]",0.00000000,"[0.00000000, 0.00000000, 0.00000000, 0.00000000, 0.00000000, 0.00000000, 0.00000000, 0.00000000, 0.00000000, 0.00000000]",0.07700000,0.44992500,21->4
10,10,10,0,58,"(2, 4, 6, 9, 11, 20, 22, 25, 26, 27)",6,589,probe_repair,"[5, 45, 85, 100, 150, 165, 220, 225, 240, 295, 305, 315, 320, 340, 345]",0.00000000,"[0.00000000, 0.00000000, 0.00000000, 0.00000000, 0.00000000, 0.00000000, 0.00000000, 0.00000000, 0.00000000, 0.00000000]",0.15600000,0.45305000,28->25
10,10,10,0,58,"(2, 4, 6, 9, 11, 20, 22, 25, 26, 27)",7,741,probe_repair,"[15, 35, 40, 55, 100, 105, 115, 130, 135, 145, 200, 210, 280, 295, 310]",0.00000000,"[0.00000000, 0.00000000, 0.00000000, 0.00000000, 0.00000000, 0.00000000, 0.00000000, 0.00000000, 0.00000000, 0.00000000]",0.13900000,0.44375000,16->27
10,10,10,0,58,"(2, 4, 6, 9, 11, 20, 22, 25, 26, 27)",8,581,probe_repair,"[35, 50, 55, 105, 110, 135, 170, 180, 185, 190, 220, 245, 300, 320, 350]",0.00000000,"[0.00000000, 0.00000000, 0.00000000, 0.00000000, 0.00000000, 0.00000000, 0.00000000, 0.00000000, 0.00000000, 0.00000000]",0.08100000,0.44605000,24->4
10,10,10,0,58,"(2, 4, 6, 9, 11, 20, 22, 25, 26, 27)",9,341,probe_repair,"[5, 75, 110, 160, 165, 175, 185, 190, 195, 200, 245, 255, 285, 320, 355]",0.00000000,"[0.00000000, 0.00000000, 0.00000000, 0.00000000, 0.00000000, 0.00000000, 0.00000000, 0.00000000, 0.00000000, 0.00000000]",0.10800000,0.44535000,16->26
10,10,10,0,58,"(2, 4, 6, 9, 11, 20, 22, 25, 26, 27)",10,1189,probe_repair,"[35, 60, 85, 105, 130, 155, 180, 195, 200, 230, 245, 325, 330, 340, 360]",0.00000000,"[0.00000000, 0.00000000, 0.00000000, 0.00000000, 0.00000000, 0.00000000, 0.00000000, 0.00000000, 0.00000000, 0.00000000]",0.12400000,0.44275000,7->26
10,10,10,0,59,"(2, 6, 11, 16, 20, 24, 25, 26, 27, 28)",1,69,probe_repair,"[40, 105, 115, 180, 210, 215, 230, 245, 250, 275, 280, 315, 330, 335, 360]",0.00000000,"[0.00000000, 0.00000000, 0.00000000, 0.00000000, 0.00000000, 0.00000000, 0.00000000, 0.00000000, 0.00000000, 0.00000000]",0.17600000,0.46157500,21->2
10,10,10,0,59,"(2, 6, 11, 16, 20, 24, 25, 26, 27, 28)",2,349,probe_repair,"[10, 25, 145, 150, 170, 240, 265, 275, 285, 300, 310, 315, 350, 355, 365]",0.00000000,"[0.00000000, 0.00000000, 0.00000000, 0.00000000, 0.00000000, 0.00000000, 0.00000000, 0.00000000, 0.00000000, 0.00000000]",0.09400000,0.44730000,21->28
10,10,10,0,59,"(2, 6, 11, 16, 20, 24, 25, 26, 27, 28)",3,797,probe_repair,"[15, 25, 65, 75, 105, 110, 180, 190, 205, 255, 270, 275, 310, 335, 365]",0.00000000,"[0.00000000, 0.00000000, 0.00000000, 0.00000000, 0.00000000, 0.00000000, 0.00000000, 0.00000000, 0.00000000, 0.00000000]",0.31700000,0.45662500,21->28
10,10,10,0,59,"(2, 6, 11, 16, 20, 24, 25, 26, 27, 28)",4,293,probe_repair,"[10, 45, 60, 80, 95, 100, 105, 150, 225, 260, 290, 310, 325, 340, 355]",0.00000000,"[0.00000000, 0.00000000, 0.00000000, 0.00000000, 0.00000000, 0.00000000, 0.00000000, 0.00000000, 0.00000000, 0.00000000]",0.20600000,0.45365000,18->16
10,10,10,0,59,"(2, 6, 11, 16, 20, 24, 25, 26, 27, 28)",5,437,probe_repair,"[15, 40, 80, 85, 95, 175, 185, 190, 200, 240, 250, 295, 345, 350, 355]",0.00000000,"[0.00000000, 0.00000000, 0.00000000, 0.00000000, 0.00000000, 0.00000000, 0.00000000, 0.00000000, 0.00000000, 0.00000000]",0.16400000,0.44890000,21->11
10,10,10,0,59,"(2, 6, 11, 16, 20, 24, 25, 26, 27, 28)",6,117,probe_repair,"[5, 30, 70, 80, 110, 135, 140, 180, 185, 215, 225, 270, 305, 310, 345]",0.00000000,"[0.00000000, 0.00000000, 0.00000000, 0.00000000, 0.00000000, 0.00000000, 0.00000000, 0.00000000, 0.00000000, 0.00000000]",0.09400000,0.44332500,17->25
10,10,10,0,59,"(2, 6, 11, 16, 20, 24, 25, 26, 27, 28)",7,669,probe_repair,"[5, 15, 30, 35, 55, 65, 100, 120, 130, 140, 150, 185, 190, 275, 345]",0.00000000,"[0.00000000, 0.00000000, 0.00000000, 0.00000000, 0.00000000, 0.00000000, 0.00000000, 0.00000000, 0.00000000, 0.00000000]",0.14500000,0.45290000,7->2
10,10,10,0,59,"(2, 6, 11, 16, 20, 24, 25, 26, 27, 28)",8,1077,probe_repair,"[10, 45, 70, 85, 95, 120, 155, 205, 225, 240, 260, 300, 305, 320, 355]",0.00000000,"[0.00000000, 0.00000000, 0.00000000, 0.00000000, 0.00000000, 0.00000000, 0.00000000, 0.00000000, 0.00000000, 0.00000000]",0.10200000,0.44167500,9->27
10,10,10,0,59,"(2, 6, 11, 16, 20, 24, 25, 26, 27, 28)",9,893,probe_repair,"[20, 40, 55, 85, 95, 110, 125, 160, 170, 175, 220, 275, 295, 310, 355]",0.00000000,"[0.00000000, 0.00000000, 0.00000000, 0.00000000, 0.00000000, 0.00000000, 0.00000000, 0.00000000, 0.00000000, 0.00000000]",0.19700000,0.45025000,18->26
10,10,10,0,59,"(2, 6, 11, 16, 20, 24, 25, 26, 27, 28)",10,1509,probe_repair,"[10, 20, 30, 50, 55, 105, 125, 160, 230, 235, 250, 260, 270, 275, 340]",0.00000000,"[0.00000000, 0.00000000, 0.00000000, 0.00000000, 0.00000000, 0.00000000, 0.00000000, 0.00000000, 0.00000000, 0.00000000]",0.20400000,0.44990000,18->20
10,10,10,0,60,"(4, 7, 9, 11, 17, 22, 24, 25, 26, 28)",1,1165,probe_repair,"[10, 15, 75, 125, 145, 165, 195, 240, 245, 250, 285, 300, 315, 345, 350]",0.00000000,"[0.00000000, 0.00000000, 0.00000000, 0.00000000, 0.00000000, 0.00000000, 0.00000000, 0.00000000, 0.00000000, 0.00000000]",0.13700000,0.44535000,16->4
10,10,10,0,60,"(4, 7, 9, 11, 17, 22, 24, 25, 26, 28)",2,549,probe_repair,"[35, 55, 80, 95, 130, 150, 155, 175, 180, 190, 205, 315, 330, 350, 365]",0.00000000,"[0.00000000, 0.00000000, 0.00000000, 0.00000000, 0.00000000, 0.00000000, 0.00000000, 0.00000000, 0.00000000, 0.00000000]",0.20000000,0.44335000,21->22
10,10,10,0,60,"(4, 7, 9, 11, 17, 22, 24, 25, 26, 28)",3,1397,probe_repair,"[10, 25, 30, 40, 55, 65, 90, 125, 130, 200, 245, 290, 340, 355, 360]",0.00000000,"[0.00000000, 0.00000000, 0.00000000, 0.00000000, 0.00000000, 0.00000000, 0.00000000, 0.00000000, 0.00000000, 0.00000000]",0.24700000,0.45890000,6->28
10,10,10,0,60,"(4, 7, 9, 11, 17, 22, 24, 25, 26, 28)",4,1109,probe_repair,"[20, 25, 30, 80, 100, 115, 120, 170, 215, 230, 245, 265, 275, 320, 365]",0.00000000,"[0.00000000, 0.00000000, 0.00000000, 0.00000000, 0.00000000, 0.00000000, 0.00000000, 0.00000000, 0.00000000, 0.00000000]",0.11200000,0.45387500,16->9
10,10,10,0,60,"(4, 7, 9, 11, 17, 22, 24, 25, 26, 28)",5,1389,probe_repair,"[5, 50, 85, 95, 100, 115, 130, 165, 185, 190, 230, 250, 290, 300, 355]",0.00000000,"[0.00000000, 0.00000000, 0.00000000, 0.00000000, 0.00000000, 0.00000000, 0.00000000, 0.00000000, 0.00000000, 0.00000000]",0.21800000,0.45040000,21->11
10,10,10,0,60,"(4, 7, 9, 11, 17, 22, 24, 25, 26, 28)",6,1317,probe_repair,"[35, 80, 115, 150, 160, 165, 200, 215, 270, 290, 300, 310, 330, 350, 360]",0.00000000,"[0.00000000, 0.00000000, 0.00000000, 0.00000000, 0.00000000, 0.00000000, 0.00000000, 0.00000000, 0.00000000, 0.00000000]",0.14400000,0.44947500,27->9
10,10,10,0,60,"(4, 7, 9, 11, 17, 22, 24, 25, 26, 28)",7,1085,probe_repair,"[5, 15, 50, 70, 120, 150, 170, 180, 200, 240, 275, 340, 350, 355, 365]",0.00000000,"[0.00000000, 0.00000000, 0.00000000, 0.00000000, 0.00000000, 0.00000000, 0.00000000, 0.00000000, 0.00000000, 0.00000000]",0.25800000,0.44422500,2->11
10,10,10,0,60,"(4, 7, 9, 11, 17, 22, 24, 25, 26, 28)",8,1381,probe_repair,"[10, 40, 125, 185, 190, 210, 215, 225, 245, 250, 260, 265, 270, 285, 345]",0.00000000,"[0.00000000, 0.00000000, 0.00000000, 0.00000000, 0.00000000, 0.00000000, 0.00000000, 0.00000000, 0.00000000, 0.00000000]",0.20800000,0.44827500,18->4
10,10,10,0,60,"(4, 7, 9, 11, 17, 22, 24, 25, 26, 28)",9,501,probe_repair,"[50, 80, 85, 90, 140, 190, 205, 240, 250, 255, 320, 335, 340, 355, 365]",0.00000000,"[0.00000000, 0.00000000, 0.00000000, 0.00000000, 0.00000000, 0.00000000, 0.00000000, 0.00000000, 0.00000000, 0.00000000]",0.29600000,0.45712500,21->11
10,10,10,0,60,"(4, 7, 9, 11, 17, 22, 24, 25, 26, 28)",10,1605,probe_repair,"[40, 45, 55, 60, 115, 135, 150, 190, 215, 265, 285, 300, 305, 345, 350]",0.00000000,"[0.00000000, 0.00000000, 0.00000000, 0.00000000, 0.00000000, 0.00000000, 0.00000000, 0.00000000, 0.00000000, 0.00000000]",0.05100000,0.44787500,18->7
10,10,10,0,61,"(1, 4, 6, 17, 18, 20, 21, 24, 26, 28)",1,373,probe_repair,"[5, 10, 45, 70, 150, 165, 175, 180, 210, 250, 275, 305, 320, 350, 355]",0.00000000,"[0.00000000, 0.00000000, 0.00000000, 0.00000000, 0.00000000, 0.00000000, 0.00000000, 0.00000000, 0.00000000, 0.00000000]",0.18500000,0.44548889,25->26
10,10,10,0,61,"(1, 4, 6, 17, 18, 20, 21, 24, 26, 28)",2,453,probe_repair,"[25, 55, 70, 85, 100, 115, 125, 135, 155, 160, 170, 205, 220, 235, 310]",0.00000000,"[0.00000000, 0.00000000, 0.00000000, 0.00000000, 0.00000000, 0.00000000, 0.00000000, 0.00000000, 0.00000000, 0.00000000]",0.12100000,0.44960000,7->21
10,10,10,0,61,"(1, 4, 6, 17, 18, 20, 21, 24, 26, 28)",3,653,probe_repair,"[35, 45, 50, 60, 90, 155, 225, 255, 260, 280, 285, 290, 295, 325, 335]",0.00000000,"[0.00000000, 0.00000000, 0.00000000, 0.00000000, 0.00000000, 0.00000000, 0.00000000, 0.00000000, 0.00000000, 0.00000000]",0.21900000,0.45302222,27->21
10,10,10,0,61,"(1, 4, 6, 17, 18, 20, 21, 24, 26, 28)",4,485,probe_repair,"[40, 60, 105, 120, 135, 140, 150, 175, 185, 235, 280, 320, 350, 355, 360]",0.00000000,"[0.00000000, 0.00000000, 0.00000000, 0.00000000, 0.00000000, 0.00000000, 0.00000000, 0.00000000, 0.00000000, 0.00000000]",0.04000000,0.44842222,16->26
10,10,10,0,61,"(1, 4, 6, 17, 18, 20, 21, 24, 26, 28)",5,189,probe_repair,"[10, 25, 40, 65, 70, 95, 105, 140, 165, 195, 200, 255, 285, 295, 320]",0.00000000,"[0.00000000, 0.00000000, 0.00000000, 0.00000000, 0.00000000, 0.00000000, 0.00000000, 0.00000000, 0.00000000, 0.00000000]",0.02000000,0.44915556,22->26
10,10,10,0,61,"(1, 4, 6, 17, 18, 20, 21, 24, 26, 28)",6,213,probe_repair,"[40, 75, 100, 115, 180, 190, 205, 220, 255, 265, 295, 305, 325, 345, 360]",0.00000000,"[0.00000000, 0.00000000, 0.00000000, 0.00000000, 0.00000000, 0.00000000, 0.00000000, 0.00000000, 0.00000000, 0.00000000]",0.01800000,0.45508889,9->4
10,10,10,0,61,"(1, 4, 6, 17, 18, 20, 21, 24, 26, 28)",7,237,probe_repair,"[65, 85, 110, 140, 145, 150, 185, 235, 240, 255, 310, 330, 340, 350, 365]",0.00000000,"[0.00000000, 0.00000000, 0.00000000, 0.00000000, 0.00000000, 0.00000000, 0.00000000, 0.00000000, 0.00000000, 0.00000000]",0.10700000,0.44651111,27->28
10,10,10,0,61,"(1, 4, 6, 17, 18, 20, 21, 24, 26, 28)",8,197,probe_repair,"[15, 35, 40, 65, 70, 105, 150, 160, 185, 220, 280, 325, 350, 355, 365]",0.00000000,"[0.00000000, 0.00000000, 0.00000000, 0.00000000, 0.00000000, 0.00000000, 0.00000000, 0.00000000, 0.00000000, 0.00000000]",0.15700000,0.44477778,11->18
10,10,10,0,61,"(1, 4, 6, 17, 18, 20, 21, 24, 26, 28)",9,469,probe_repair,"[40, 45, 70, 110, 125, 145, 150, 210, 240, 245, 265, 335, 340, 350, 355]",0.00000000,"[0.00000000, 0.00000000, 0.00000000, 0.00000000, 0.00000000, 0.00000000, 0.00000000, 0.00000000, 0.00000000, 0.00000000]",0.24200000,0.44537778,11->28
10,10,10,0,61,"(1, 4, 6, 17, 18, 20, 21, 24, 26, 28)",10,357,probe_repair,"[35, 65, 70, 80, 95, 115, 130, 160, 165, 195, 210, 320, 325, 355, 360]",0.00000000,"[0.00000000, 0.00000000, 0.00000000, 0.00000000, 0.00000000, 0.00000000, 0.00000000, 0.00000000, 0.00000000, 0.00000000]",0.08400000,0.44220000,25->4
10,10,10,0,62,"(2, 7, 9, 11, 16, 22, 24, 25, 26, 28)",1,925,probe_repair,"[10, 50, 90, 100, 120, 160, 170, 175, 200, 240, 250, 305, 310, 315, 325]",0.00000000,"[0.00000000, 0.00000000, 0.00000000, 0.00000000, 0.00000000, 0.00000000, 0.00000000, 0.00000000, 0.00000000, 0.00000000]",0.17000000,0.45402500,6->28
10,10,10,0,62,"(2, 7, 9, 11, 16, 22, 24, 25, 26, 28)",2,805,probe_repair,"[30, 65, 70, 110, 125, 175, 180, 195, 200, 235, 250, 275, 300, 325, 350]",0.00000000,"[0.00000000, 0.00000000, 0.00000000, 0.00000000, 0.00000000, 0.00000000, 0.00000000, 0.00000000, 0.00000000, 0.00000000]",0.06700000,0.44940000,20->22
10,10,10,0,62,"(2, 7, 9, 11, 16, 22, 24, 25, 26, 28)",3,269,probe_repair,"[25, 50, 150, 155, 160, 170, 185, 215, 220, 240, 250, 265, 295, 335, 345]",0.00000000,"[0.00000000, 0.00000000, 0.00000000, 0.00000000, 0.00000000, 0.00000000, 0.00000000, 0.00000000, 0.00000000, 0.00000000]",0.27300000,0.44860000,17->25
10,10,10,0,62,"(2, 7, 9, 11, 16, 22, 24, 25, 26, 28)",4,621,probe_repair,"[50, 60, 75, 95, 115, 130, 165, 175, 180, 215, 265, 275, 320, 330, 360]",0.00000000,"[0.00000000, 0.00000000, 0.00000000, 0.00000000, 0.00000000, 0.00000000, 0.00000000, 0.00000000, 0.00000000, 0.00000000]",0.06000000,0.46215000,6->25
10,10,10,0,62,"(2, 7, 9, 11, 16, 22, 24, 25, 26, 28)",5,821,probe_repair,"[80, 110, 115, 145, 150, 155, 185, 210, 235, 245, 255, 260, 275, 340, 350]",0.00000000,"[0.00000000, 0.00000000, 0.00000000, 0.00000000, 0.00000000, 0.00000000, 0.00000000, 0.00000000, 0.00000000, 0.00000000]",0.17800000,0.44970000,20->28
10,10,10,0,62,"(2, 7, 9, 11, 16, 22, 24, 25, 26, 28)",6,1293,probe_repair,"[75, 95, 110, 125, 140, 165, 170, 190, 200, 235, 250, 255, 270, 275, 335]",0.00000000,"[0.00000000, 0.00000000, 0.00000000, 0.00000000, 0.00000000, 0.00000000, 0.00000000, 0.00000000, 0.00000000, 0.00000000]",0.16400000,0.45152500,18->22
10,10,10,0,62,"(2, 7, 9, 11, 16, 22, 24, 25, 26, 28)",7,1173,probe_repair,"[50, 85, 105, 135, 175, 180, 185, 220, 225, 250, 255, 275, 310, 345, 365]",0.00000000,"[0.00000000, 0.00000000, 0.00000000, 0.00000000, 0.00000000, 0.00000000, 0.00000000, 0.00000000, 0.00000000, 0.00000000]",0.18800000,0.44715000,18->7
10,10,10,0,62,"(2, 7, 9, 11, 16, 22, 24, 25, 26, 28)",8,1357,probe_repair,"[30, 40, 120, 125, 130, 145, 150, 165, 190, 230, 245, 255, 275, 280, 330]",0.00000000,"[0.00000000, 0.00000000, 0.00000000, 0.00000000, 0.00000000, 0.00000000, 0.00000000, 0.00000000, 0.00000000, 0.00000000]",0.23200000,0.45550000,18->26
10,10,10,0,62,"(2, 7, 9, 11, 16, 22, 24, 25, 26, 28)",9,1133,probe_repair,"[45, 65, 90, 95, 100, 130, 165, 190, 290, 295, 305, 310, 340, 345, 365]",0.00000000,"[0.00000000, 0.00000000, 0.00000000, 0.00000000, 0.00000000, 0.00000000, 0.00000000, 0.00000000, 0.00000000, 0.00000000]",0.19400000,0.44955000,17->25
10,10,10,0,62,"(2, 7, 9, 11, 16, 22, 24, 25, 26, 28)",10,21,probe_repair,"[10, 30, 90, 120, 170, 230, 240, 245, 265, 270, 275, 285, 330, 340, 360]",0.00000000,"[0.00000000, 0.00000000, 0.00000000, 0.00000000, 0.00000000, 0.00000000, 0.00000000, 0.00000000, 0.00000000, 0.00000000]",0.16700000,0.44497500,15->22
10,10,10,0,63,"(4, 7, 15, 16, 18, 20, 22, 24, 27, 28)",1,685,probe_repair,"[25, 35, 50, 65, 80, 90, 105, 165, 235, 280, 285, 330, 345, 350, 360]",0.00000000,"[0.00000000, 0.00000000, 0.00000000, 0.00000000, 0.00000000, 0.00000000, 0.00000000, 0.00000000, 0.00000000, 0.00000000]",0.12700000,0.44570000,6->4
10,10,10,0,63,"(4, 7, 15, 16, 18, 20, 22, 24, 27, 28)",2,821,probe_repair,"[35, 75, 80, 120, 135, 140, 155, 210, 230, 265, 270, 280, 290, 300, 320]",0.00000000,"[0.00000000, 0.00000000, 0.00000000, 0.00000000, 0.00000000, 0.00000000, 0.00000000, 0.00000000, 0.00000000, 0.00000000]",0.08000000,0.44387500,17->15
10,10,10,0,63,"(4, 7, 15, 16, 18, 20, 22, 24, 27, 28)",3,1365,probe_repair,"[15, 35, 95, 110, 115, 135, 160, 195, 205, 260, 265, 280, 285, 300, 340]",0.00000000,"[0.00000000, 0.00000000, 0.00000000, 0.00000000, 0.00000000, 0.00000000, 0.00000000, 0.00000000, 0.00000000, 0.00000000]",0.24600000,0.45575000,26->16
10,10,10,0,63,"(4, 7, 15, 16, 18, 20, 22, 24, 27, 28)",4,1205,probe_repair,"[10, 55, 75, 115, 125, 160, 180, 190, 215, 245, 265, 280, 315, 340, 360]",0.00000000,"[0.00000000, 0.00000000, 0.00000000, 0.00000000, 0.00000000, 0.00000000, 0.00000000, 0.00000000, 0.00000000, 0.00000000]",0.09000000,0.44517500,6->18
10,10,10,0,63,"(4, 7, 15, 16, 18, 20, 22, 24, 27, 28)",5,133,probe_repair,"[5, 65, 80, 170, 215, 245, 255, 265, 280, 285, 305, 320, 335, 350, 355]",0.00000000,"[0.00000000, 0.00000000, 0.00000000, 0.00000000, 0.00000000, 0.00000000, 0.00000000, 0.00000000, 0.00000000, 0.00000000]",0.14800000,0.45080000,21->4
10,10,10,0,63,"(4, 7, 15, 16, 18, 20, 22, 24, 27, 28)",6,693,probe_repair,"[40, 70, 80, 110, 200, 205, 210, 235, 240, 260, 305, 310, 330, 340, 360]",0.00000000,"[0.00000000, 0.00000000, 0.00000000, 0.00000000, 0.00000000, 0.00000000, 0.00000000, 0.00000000, 0.00000000, 0.00000000]",0.12500000,0.44845000,6->28
10,10,10,0,63,"(4, 7, 15, 16, 18, 20, 22, 24, 27, 28)",7,485,probe_repair,"[20, 35, 45, 50, 100, 150, 190, 200, 205, 240, 250, 255, 305, 315, 320]",0.00000000,"[0.00000000, 0.00000000, 0.00000000, 0.00000000, 0.00000000, 0.00000000, 0.00000000, 0.00000000, 0.00000000, 0.00000000]",0.25900000,0.45732500,26->24
10,10,10,0,63,"(4, 7, 15, 16, 18, 20, 22, 24, 27, 28)",8,333,probe_repair,"[20, 25, 35, 95, 170, 195, 210, 235, 250, 260, 275, 290, 325, 335, 350]",0.00000000,"[0.00000000, 0.00000000, 0.00000000, 0.00000000, 0.00000000, 0.00000000, 0.00000000, 0.00000000, 0.00000000, 0.00000000]",0.19300000,0.44210000,17->22
10,10,10,0,63,"(4, 7, 15, 16, 18, 20, 22, 24, 27, 28)",9,413,probe_repair,"[10, 30, 35, 50, 85, 95, 105, 130, 150, 155, 160, 165, 280, 290, 300]",0.00000000,"[0.00000000, 0.00000000, 0.00000000, 0.00000000, 0.00000000, 0.00000000, 0.00000000, 0.00000000, 0.00000000, 0.00000000]",0.16200000,0.44715000,25->18
10,10,10,0,63,"(4, 7, 15, 16, 18, 20, 22, 24, 27, 28)",10,853,probe_repair,"[15, 65, 75, 125, 135, 145, 160, 195, 200, 220, 240, 255, 260, 265, 290]",0.00000000,"[0.00000000, 0.00000000, 0.00000000, 0.00000000, 0.00000000, 0.00000000, 0.00000000, 0.00000000, 0.00000000, 0.00000000]",0.13500000,0.45057500,25->20
10,10,10,0,64,"(1, 6, 7, 11, 15, 20, 22, 25, 27, 28)",1,237,probe_repair,"[35, 45, 60, 70, 75, 80, 100, 105, 140, 155, 160, 190, 230, 290, 335]",0.00000000,"[0.00000000, 0.00000000, 0.00000000, 0.00000000, 0.00000000, 0.00000000, 0.00000000, 0.00000000, 0.00000000, 0.00000000]",0.12300000,0.45146667,4->15
10,10,10,0,64,"(1, 6, 7, 11, 15, 20, 22, 25, 27, 28)",2,133,probe_repair,"[5, 10, 15, 30, 40, 45, 120, 140, 180, 220, 310, 345, 350, 355, 360]",0.00000000,"[0.00000000, 0.00000000, 0.00000000, 0.00000000, 0.00000000, 0.00000000, 0.00000000, 0.00000000, 0.00000000, 0.00000000]",0.24400000,0.44740000,4->11
10,10,10,0,64,"(1, 6, 7, 11, 15, 20, 22, 25, 27, 28)",3,229,probe_repair,"[65, 85, 110, 120, 130, 150, 160, 175, 195, 245, 250, 275, 285, 330, 345]",0.00000000,"[0.00000000, 0.00000000, 0.00000000, 0.00000000, 0.00000000, 0.00000000, 0.00000000, 0.00000000, 0.00000000, 0.00000000]",0.04900000,0.45473333,21->15
10,10,10,0,64,"(1, 6, 7, 11, 15, 20, 22, 25, 27, 28)",4,301,probe_repair,"[35, 50, 95, 145, 165, 205, 225, 230, 235, 245, 250, 260, 305, 330, 335]",0.00000000,"[0.00000000, 0.00000000, 0.00000000, 0.00000000, 0.00000000, 0.00000000, 0.00000000, 0.00000000, 0.00000000, 0.00000000]",0.24700000,0.44886667,4->28
10,10,10,0,64,"(1, 6, 7, 11, 15, 20, 22, 25, 27, 28)",5,437,probe_repair,"[45, 70, 110, 140, 145, 185, 200, 205, 210, 265, 280, 320, 335, 340, 360]",0.00000000,"[0.00000000, 0.00000000, 0.00000000, 0.00000000, 0.00000000, 0.00000000, 0.00000000, 0.00000000, 0.00000000, 0.00000000]",0.25500000,0.45055556,26->25
10,10,10,0,64,"(1, 6, 7, 11, 15, 20, 22, 25, 27, 28)",6,101,probe_repair,"[50, 55, 110, 120, 135, 145, 170, 250, 275, 295, 310, 320, 325, 345, 355]",0.00000000,"[0.00000000, 0.00000000, 0.00000000, 0.00000000, 0.00000000, 0.00000000, 0.00000000, 0.00000000, 0.00000000, 0.00000000]",0.23100000,0.44142222,4->22
10,10,10,0,64,"(1, 6, 7, 11, 15, 20, 22, 25, 27, 28)",7,165,probe_repair,"[65, 90, 130, 135, 155, 185, 210, 220, 265, 290, 325, 330, 335, 350, 355]",0.00000000,"[0.00000000, 0.00000000, 0.00000000, 0.00000000, 0.00000000, 0.00000000, 0.00000000, 0.00000000, 0.00000000, 0.00000000]",0.18800000,0.44771111,2->7
10,10,10,0,64,"(1, 6, 7, 11, 15, 20, 22, 25, 27, 28)",8,445,probe_repair,"[30, 45, 75, 95, 135, 145, 165, 175, 180, 200, 220, 275, 305, 320, 360]",0.00000000,"[0.00000000, 0.00000000, 0.00000000, 0.00000000, 0.00000000, 0.00000000, 0.00000000, 0.00000000, 0.00000000, 0.00000000]",0.17100000,0.45073333,18->27
10,10,10,0,64,"(1, 6, 7, 11, 15, 20, 22, 25, 27, 28)",9,37,probe_repair,"[15, 35, 45, 65, 75, 105, 125, 140, 150, 170, 195, 225, 230, 290, 360]",0.00000000,"[0.00000000, 0.00000000, 0.00000000, 0.00000000, 0.00000000, 0.00000000, 0.00000000, 0.00000000, 0.00000000, 0.00000000]",0.14700000,0.45140000,17->22
10,10,10,0,64,"(1, 6, 7, 11, 15, 20, 22, 25, 27, 28)",10,269,probe_repair,"[40, 60, 100, 175, 180, 190, 225, 235, 245, 250, 265, 305, 325, 345, 355]",0.00000000,"[0.00000000, 0.00000000, 0.00000000, 0.00000000, 0.00000000, 0.00000000, 0.00000000, 0.00000000, 0.00000000, 0.00000000]",0.00200000,0.45317778,16->6
