k,real_k,effective_k,virtual_stream_count,sample_index,position_combination,selection_rank,candidate_id,source,probes,authorized_max_ber,authorized_position_bers,candidate_min_route_min_ber,candidate_avg_route_min_ber,worst_route
5,5,8,3,1,"(5, 11, 16, 20, 26)",1,148,probe_repair,"[20, 25, 55, 85, 120, 125, 150, 175, 180, 210, 250, 340, 355, 360, 365]",0.00000000,"[0.00000000, 0.00000000, 0.00000000, 0.00000000, 0.00000000]",0.09500000,0.44351429,22->26
5,5,8,3,1,"(5, 11, 16, 20, 26)",2,143,probe_repair,"[20, 25, 55, 85, 120, 125, 150, 175, 180, 210, 250, 340, 355, 360, 365]",0.00000000,"[0.00000000, 0.00000000, 0.00000000, 0.00000000, 0.00000000]",0.07500000,0.44794286,18->16
5,5,8,3,1,"(5, 11, 16, 20, 26)",3,95,probe_repair,"[5, 25, 30, 120, 130, 140, 160, 170, 215, 225, 255, 325, 335, 340, 355]",0.00000000,"[0.00000000, 0.00000000, 0.00000000, 0.00000000, 0.00000000]",0.22700000,0.45310000,25->20
5,5,8,3,1,"(5, 11, 16, 20, 26)",4,128,probe_repair,"[10, 55, 65, 85, 145, 160, 165, 175, 225, 230, 255, 285, 315, 335, 355]",0.00000000,"[0.00000000, 0.00000000, 0.00000000, 0.00000000, 0.00000000]",0.15700000,0.45051429,6->26
5,5,8,3,1,"(5, 11, 16, 20, 26)",5,137,probe_repair,"[65, 75, 115, 120, 125, 140, 155, 225, 265, 270, 280, 285, 295, 345, 365]",0.00000000,"[0.00000000, 0.00000000, 0.00000000, 0.00000000, 0.00000000]",0.19000000,0.43738571,2->11
5,5,8,3,1,"(5, 11, 16, 20, 26)",6,35,probe_repair,"[5, 10, 20, 35, 50, 65, 100, 125, 180, 220, 225, 235, 240, 280, 360]",0.00000000,"[0.00000000, 0.00000000, 0.00000000, 0.00000000, 0.00000000]",0.13900000,0.44471429,6->16
5,5,8,3,1,"(5, 11, 16, 20, 26)",7,67,probe_repair,"[60, 75, 80, 95, 145, 155, 170, 175, 200, 220, 240, 270, 290, 295, 310]",0.00000000,"[0.00000000, 0.00000000, 0.00000000, 0.00000000, 0.00000000]",0.23900000,0.44628571,24->11
5,5,8,3,1,"(5, 11, 16, 20, 26)",8,31,probe_repair,"[5, 10, 20, 35, 50, 65, 100, 125, 180, 220, 225, 235, 240, 280, 360]",0.00000000,"[0.00000000, 0.00000000, 0.00000000, 0.00000000, 0.00000000]",0.18600000,0.44675714,6->16
5,5,8,3,1,"(5, 11, 16, 20, 26)",9,115,probe_repair,"[45, 95, 100, 115, 120, 125, 165, 170, 200, 235, 245, 250, 255, 330, 360]",0.00000000,"[0.00000000, 0.00000000, 0.00000000, 0.00000000, 0.00000000]",0.21400000,0.44227143,6->20
5,5,8,3,1,"(5, 11, 16, 20, 26)",10,36,probe_repair,"[5, 10, 20, 35, 50, 65, 100, 125, 180, 220, 225, 235, 240, 280, 360]",0.00000000,"[0.00000000, 0.00000000, 0.00000000, 0.00000000, 0.00000000]",0.19100000,0.45248571,6->16
5,5,8,3,2,"(7, 21, 22, 25, 27)",1,222,probe_repair,"[35, 40, 55, 60, 80, 90, 110, 125, 225, 245, 265, 270, 340, 355, 365]",0.00000000,"[0.00000000, 0.00000000, 0.00000000, 0.00000000, 0.00000000]",0.23100000,0.44673846,4->22
5,5,8,3,2,"(7, 21, 22, 25, 27)",2,50,probe_repair,"[15, 20, 50, 70, 160, 170, 185, 190, 200, 205, 215, 250, 260, 275, 360]",0.00000000,"[0.00000000, 0.00000000, 0.00000000, 0.00000000, 0.00000000]",0.15600000,0.44869231,16->25
5,5,8,3,2,"(7, 21, 22, 25, 27)",3,310,probe_repair,"[30, 50, 55, 105, 150, 205, 230, 275, 295, 315, 320, 325, 340, 345, 355]",0.00000000,"[0.00000000, 0.00000000, 0.00000000, 0.00000000, 0.00000000]",0.27200000,0.45923077,15->22
5,5,8,3,2,"(7, 21, 22, 25, 27)",4,49,probe_repair,"[15, 20, 50, 70, 160, 170, 185, 190, 200, 205, 215, 250, 260, 275, 360]",0.00000000,"[0.00000000, 0.00000000, 0.00000000, 0.00000000, 0.00000000]",0.22900000,0.44569231,16->25
5,5,8,3,2,"(7, 21, 22, 25, 27)",5,234,probe_repair,"[5, 10, 15, 20, 35, 85, 155, 175, 185, 235, 240, 245, 290, 325, 360]",0.00000000,"[0.00000000, 0.00000000, 0.00000000, 0.00000000, 0.00000000]",0.19600000,0.44058462,15->21
5,5,8,3,2,"(7, 21, 22, 25, 27)",6,228,probe_repair,"[35, 40, 55, 60, 80, 90, 110, 125, 225, 245, 265, 270, 340, 355, 365]",0.00000000,"[0.00000000, 0.00000000, 0.00000000, 0.00000000, 0.00000000]",0.23400000,0.44806154,28->7
5,5,8,3,2,"(7, 21, 22, 25, 27)",7,190,probe_repair,"[10, 20, 70, 100, 105, 115, 165, 180, 190, 195, 205, 260, 295, 315, 325]",0.00000000,"[0.00000000, 0.00000000, 0.00000000, 0.00000000, 0.00000000]",0.27600000,0.43655385,4->22
5,5,8,3,2,"(7, 21, 22, 25, 27)",8,131,probe_repair,"[60, 105, 120, 135, 165, 175, 230, 250, 265, 290, 300, 330, 340, 345, 360]",0.00000000,"[0.00000000, 0.00000000, 0.00000000, 0.00000000, 0.00000000]",0.29200000,0.45918462,17->7
5,5,8,3,2,"(7, 21, 22, 25, 27)",9,214,probe_repair,"[75, 110, 130, 155, 160, 180, 195, 210, 285, 310, 330, 335, 340, 355, 360]",0.00000000,"[0.00000000, 0.00000000, 0.00000000, 0.00000000, 0.00000000]",0.28300000,0.45570769,11->21
5,5,8,3,2,"(7, 21, 22, 25, 27)",10,113,probe_repair,"[10, 20, 40, 75, 80, 105, 115, 130, 135, 175, 185, 190, 235, 290, 335]",0.00000000,"[0.00000000, 0.00000000, 0.00000000, 0.00000000, 0.00000000]",0.03700000,0.43436923,17->22
5,5,8,3,3,"(1, 9, 16, 26, 27)",1,3,baseline,"[5, 30, 55, 80, 105, 130, 155, 180, 205, 230, 255, 280, 305, 330, 355]",0.00000000,"[0.00000000, 0.00000000, 0.00000000, 0.00000000, 0.00000000]",0.18400000,0.44475714,17->26
5,5,8,3,3,"(1, 9, 16, 26, 27)",2,11,baseline,"[5, 30, 55, 80, 105, 130, 155, 180, 205, 230, 255, 280, 305, 330, 355]",0.00000000,"[0.00000000, 0.00000000, 0.00000000, 0.00000000, 0.00000000]",0.17500000,0.44442857,2->26
5,5,8,3,3,"(1, 9, 16, 26, 27)",3,78,probe_repair,"[5, 15, 30, 35, 50, 90, 100, 105, 140, 195, 205, 225, 260, 280, 305]",0.00000000,"[0.00000000, 0.00000000, 0.00000000, 0.00000000, 0.00000000]",0.18900000,0.43910000,6->1
5,5,8,3,3,"(1, 9, 16, 26, 27)",4,18,baseline,"[5, 30, 55, 80, 105, 130, 155, 180, 205, 230, 255, 280, 305, 330, 355]",0.00000000,"[0.00000000, 0.00000000, 0.00000000, 0.00000000, 0.00000000]",0.19200000,0.44487143,17->26
5,5,8,3,3,"(1, 9, 16, 26, 27)",5,10,baseline,"[5, 30, 55, 80, 105, 130, 155, 180, 205, 230, 255, 280, 305, 330, 355]",0.00000000,"[0.00000000, 0.00000000, 0.00000000, 0.00000000, 0.00000000]",0.21100000,0.44017143,2->26
5,5,8,3,3,"(1, 9, 16, 26, 27)",6,16,baseline,"[5, 30, 55, 80, 105, 130, 155, 180, 205, 230, 255, 280, 305, 330, 355]",0.00000000,"[0.00000000, 0.00000000, 0.00000000, 0.00000000, 0.00000000]",0.15000000,0.44208571,2->26
5,5,8,3,3,"(1, 9, 16, 26, 27)",7,46,probe_repair,"[45, 50, 55, 75, 95, 115, 140, 145, 155, 160, 225, 235, 245, 295, 330]",0.00000000,"[0.00000000, 0.00000000, 0.00000000, 0.00000000, 0.00000000]",0.17000000,0.42990000,25->16
5,5,8,3,3,"(1, 9, 16, 26, 27)",8,79,probe_repair,"[5, 15, 30, 35, 50, 90, 100, 105, 140, 195, 205, 225, 260, 280, 305]",0.00000000,"[0.00000000, 0.00000000, 0.00000000, 0.00000000, 0.00000000]",0.20000000,0.44054286,6->1
5,5,8,3,3,"(1, 9, 16, 26, 27)",9,84,probe_repair,"[5, 15, 30, 35, 50, 90, 100, 105, 140, 195, 205, 225, 260, 280, 305]",0.00000000,"[0.00000000, 0.00000000, 0.00000000, 0.00000000, 0.00000000]",0.22200000,0.44950000,6->1
5,5,8,3,3,"(1, 9, 16, 26, 27)",10,2,baseline,"[5, 30, 55, 80, 105, 130, 155, 180, 205, 230, 255, 280, 305, 330, 355]",0.00000000,"[0.00000000, 0.00000000, 0.00000000, 0.00000000, 0.00000000]",0.19000000,0.44150000,2->26
5,5,8,3,4,"(7, 11, 16, 21, 28)",1,130,probe_repair,"[15, 70, 80, 90, 95, 115, 130, 145, 160, 175, 230, 275, 280, 340, 355]",0.00000000,"[0.00000000, 0.00000000, 0.00000000, 0.00000000, 0.00000000]",0.20100000,0.44644615,20->21
5,5,8,3,4,"(7, 11, 16, 21, 28)",2,71,probe_repair,"[30, 40, 110, 120, 135, 145, 155, 165, 200, 245, 250, 300, 315, 335, 345]",0.00000000,"[0.00000000, 0.00000000, 0.00000000, 0.00000000, 0.00000000]",0.13900000,0.45020000,17->28
5,5,8,3,4,"(7, 11, 16, 21, 28)",3,143,probe_repair,"[30, 45, 50, 95, 160, 170, 195, 200, 205, 240, 260, 290, 295, 315, 355]",0.00000000,"[0.00000000, 0.00000000, 0.00000000, 0.00000000, 0.00000000]",0.11600000,0.43890769,17->11
5,5,8,3,4,"(7, 11, 16, 21, 28)",4,22,probe_repair,"[25, 35, 55, 60, 65, 80, 130, 145, 190, 245, 260, 285, 305, 330, 350]",0.00000000,"[0.00000000, 0.00000000, 0.00000000, 0.00000000, 0.00000000]",0.21200000,0.44544615,18->16
5,5,8,3,4,"(7, 11, 16, 21, 28)",5,132,probe_repair,"[15, 70, 80, 90, 95, 115, 130, 145, 160, 175, 230, 275, 280, 340, 355]",0.00000000,"[0.00000000, 0.00000000, 0.00000000, 0.00000000, 0.00000000]",0.12700000,0.44918462,18->21
5,5,8,3,4,"(7, 11, 16, 21, 28)",6,319,probe_repair,"[5, 25, 80, 85, 90, 125, 130, 170, 200, 215, 230, 275, 285, 310, 365]",0.00000000,"[0.00000000, 0.00000000, 0.00000000, 0.00000000, 0.00000000]",0.16000000,0.44841538,20->16
5,5,8,3,4,"(7, 11, 16, 21, 28)",7,73,probe_repair,"[30, 40, 110, 120, 135, 145, 155, 165, 200, 245, 250, 300, 315, 335, 345]",0.00000000,"[0.00000000, 0.00000000, 0.00000000, 0.00000000, 0.00000000]",0.10000000,0.45360000,17->28
5,5,8,3,4,"(7, 11, 16, 21, 28)",8,136,probe_repair,"[15, 40, 55, 105, 125, 145, 185, 190, 195, 205, 300, 305, 310, 330, 360]",0.00000000,"[0.00000000, 0.00000000, 0.00000000, 0.00000000, 0.00000000]",0.19800000,0.45606154,9->11
5,5,8,3,4,"(7, 11, 16, 21, 28)",9,243,probe_repair,"[25, 35, 50, 65, 90, 95, 160, 200, 205, 210, 220, 240, 260, 315, 350]",0.00000000,"[0.00000000, 0.00000000, 0.00000000, 0.00000000, 0.00000000]",0.10200000,0.45113846,25->16
5,5,8,3,4,"(7, 11, 16, 21, 28)",10,147,probe_repair,"[30, 45, 50, 95, 160, 170, 195, 200, 205, 240, 260, 290, 295, 315, 355]",0.00000000,"[0.00000000, 0.00000000, 0.00000000, 0.00000000, 0.00000000]",0.16400000,0.44209231,17->11
5,5,8,3,5,"(2, 4, 7, 11, 28)",1,306,probe_repair,"[30, 35, 55, 75, 95, 145, 150, 170, 245, 270, 275, 280, 310, 325, 350]",0.00000000,"[0.00000000, 0.00000000, 0.00000000, 0.00000000, 0.00000000]",0.17000000,0.44610769,25->2
5,5,8,3,5,"(2, 4, 7, 11, 28)",2,182,probe_repair,"[5, 25, 55, 70, 75, 100, 120, 130, 135, 195, 225, 235, 255, 260, 360]",0.00000000,"[0.00000000, 0.00000000, 0.00000000, 0.00000000, 0.00000000]",0.02900000,0.43175385,18->28
5,5,8,3,5,"(2, 4, 7, 11, 28)",3,186,probe_repair,"[5, 25, 55, 70, 75, 100, 120, 130, 135, 195, 225, 235, 255, 260, 360]",0.00000000,"[0.00000000, 0.00000000, 0.00000000, 0.00000000, 0.00000000]",0.03600000,0.43690769,18->28
5,5,8,3,5,"(2, 4, 7, 11, 28)",4,188,probe_repair,"[5, 25, 55, 70, 75, 100, 120, 130, 135, 195, 225, 235, 255, 260, 360]",0.00000000,"[0.00000000, 0.00000000, 0.00000000, 0.00000000, 0.00000000]",0.09000000,0.43755385,18->28
5,5,8,3,5,"(2, 4, 7, 11, 28)",5,272,probe_repair,"[10, 25, 40, 75, 100, 155, 180, 185, 195, 220, 225, 245, 250, 285, 295]",0.00000000,"[0.00000000, 0.00000000, 0.00000000, 0.00000000, 0.00000000]",0.20800000,0.45183077,26->28
5,5,8,3,5,"(2, 4, 7, 11, 28)",6,183,probe_repair,"[5, 25, 55, 70, 75, 100, 120, 130, 135, 195, 225, 235, 255, 260, 360]",0.00000000,"[0.00000000, 0.00000000, 0.00000000, 0.00000000, 0.00000000]",0.08200000,0.43621538,18->28
5,5,8,3,5,"(2, 4, 7, 11, 28)",7,185,probe_repair,"[5, 25, 55, 70, 75, 100, 120, 130, 135, 195, 225, 235, 255, 260, 360]",0.00000000,"[0.00000000, 0.00000000, 0.00000000, 0.00000000, 0.00000000]",0.01800000,0.44072308,18->28
5,5,8,3,5,"(2, 4, 7, 11, 28)",8,184,probe_repair,"[5, 25, 55, 70, 75, 100, 120, 130, 135, 195, 225, 235, 255, 260, 360]",0.00000000,"[0.00000000, 0.00000000, 0.00000000, 0.00000000, 0.00000000]",0.02600000,0.43484615,18->28
5,5,8,3,5,"(2, 4, 7, 11, 28)",9,5,baseline,"[5, 30, 55, 80, 105, 130, 155, 180, 205, 230, 255, 280, 305, 330, 355]",0.00000000,"[0.00000000, 0.00000000, 0.00000000, 0.00000000, 0.00000000]",0.10500000,0.43344615,24->2
5,5,8,3,5,"(2, 4, 7, 11, 28)",10,34,probe_repair,"[5, 35, 60, 75, 90, 115, 140, 190, 235, 285, 295, 300, 310, 325, 360]",0.00000000,"[0.00000000, 0.00000000, 0.00000000, 0.00000000, 0.00000000]",0.15700000,0.44583077,15->28
5,5,8,3,6,"(4, 6, 11, 24, 26)",1,148,probe_repair,"[15, 35, 40, 75, 85, 100, 115, 130, 155, 220, 235, 245, 285, 335, 355]",0.00000000,"[0.00000000, 0.00000000, 0.00000000, 0.00000000, 0.00000000]",0.27900000,0.45952308,28->26
5,5,8,3,6,"(4, 6, 11, 24, 26)",2,308,probe_repair,"[20, 50, 60, 80, 85, 90, 130, 140, 175, 205, 210, 220, 245, 250, 285]",0.00000000,"[0.00000000, 0.00000000, 0.00000000, 0.00000000, 0.00000000]",0.29100000,0.45606154,20->24
5,5,8,3,6,"(4, 6, 11, 24, 26)",3,144,probe_repair,"[15, 35, 40, 75, 85, 100, 115, 130, 155, 220, 235, 245, 285, 335, 355]",0.00000000,"[0.00000000, 0.00000000, 0.00000000, 0.00000000, 0.00000000]",0.33100000,0.45800000,17->26
5,5,8,3,6,"(4, 6, 11, 24, 26)",4,279,probe_repair,"[40, 55, 70, 110, 115, 130, 135, 165, 175, 185, 200, 215, 260, 305, 350]",0.00000000,"[0.00000000, 0.00000000, 0.00000000, 0.00000000, 0.00000000]",0.30500000,0.45743077,18->6
5,5,8,3,6,"(4, 6, 11, 24, 26)",5,299,probe_repair,"[10, 15, 20, 85, 120, 195, 200, 230, 245, 270, 280, 290, 315, 325, 360]",0.00000000,"[0.00000000, 0.00000000, 0.00000000, 0.00000000, 0.00000000]",0.24600000,0.44564615,9->26
5,5,8,3,6,"(4, 6, 11, 24, 26)",6,198,probe_repair,"[5, 20, 35, 45, 50, 60, 135, 140, 155, 165, 245, 260, 265, 280, 290]",0.00000000,"[0.00000000, 0.00000000, 0.00000000, 0.00000000, 0.00000000]",0.15400000,0.43666154,18->26
5,5,8,3,6,"(4, 6, 11, 24, 26)",7,307,probe_repair,"[20, 50, 60, 80, 85, 90, 130, 140, 175, 205, 210, 220, 245, 250, 285]",0.00000000,"[0.00000000, 0.00000000, 0.00000000, 0.00000000, 0.00000000]",0.23100000,0.44827692,27->6
5,5,8,3,6,"(4, 6, 11, 24, 26)",8,200,probe_repair,"[5, 20, 35, 45, 50, 60, 135, 140, 155, 165, 245, 260, 265, 280, 290]",0.00000000,"[0.00000000, 0.00000000, 0.00000000, 0.00000000, 0.00000000]",0.08600000,0.44275385,18->26
5,5,8,3,6,"(4, 6, 11, 24, 26)",9,297,probe_repair,"[10, 15, 20, 85, 120, 195, 200, 230, 245, 270, 280, 290, 315, 325, 360]",0.00000000,"[0.00000000, 0.00000000, 0.00000000, 0.00000000, 0.00000000]",0.28500000,0.44469231,9->26
5,5,8,3,6,"(4, 6, 11, 24, 26)",10,259,probe_repair,"[30, 60, 105, 110, 140, 150, 165, 260, 275, 290, 305, 315, 320, 355, 365]",0.00000000,"[0.00000000, 0.00000000, 0.00000000, 0.00000000, 0.00000000]",0.26200000,0.44470769,2->24
5,5,8,3,7,"(2, 15, 16, 27, 28)",1,51,probe_repair,"[5, 25, 45, 70, 85, 125, 135, 210, 220, 270, 285, 295, 325, 335, 340]",0.00000000,"[0.00000000, 0.00000000, 0.00000000, 0.00000000, 0.00000000]",0.22900000,0.44147692,20->28
5,5,8,3,7,"(2, 15, 16, 27, 28)",2,274,probe_repair,"[5, 60, 70, 80, 130, 140, 150, 200, 210, 215, 220, 270, 280, 330, 360]",0.00000000,"[0.00000000, 0.00000000, 0.00000000, 0.00000000, 0.00000000]",0.19600000,0.44747692,17->2
5,5,8,3,7,"(2, 15, 16, 27, 28)",3,111,probe_repair,"[25, 95, 130, 155, 160, 205, 210, 250, 255, 260, 285, 315, 335, 340, 350]",0.00000000,"[0.00000000, 0.00000000, 0.00000000, 0.00000000, 0.00000000]",0.13400000,0.43984615,20->28
5,5,8,3,7,"(2, 15, 16, 27, 28)",4,179,probe_repair,"[10, 15, 135, 150, 160, 190, 205, 210, 235, 255, 260, 275, 285, 320, 345]",0.00000000,"[0.00000000, 0.00000000, 0.00000000, 0.00000000, 0.00000000]",0.10100000,0.45727692,17->2
5,5,8,3,7,"(2, 15, 16, 27, 28)",5,23,probe_repair,"[5, 15, 30, 50, 80, 90, 115, 120, 135, 175, 205, 225, 245, 270, 330]",0.00000000,"[0.00000000, 0.00000000, 0.00000000, 0.00000000, 0.00000000]",0.20200000,0.44573846,24->2
5,5,8,3,7,"(2, 15, 16, 27, 28)",6,304,probe_repair,"[55, 70, 80, 90, 95, 130, 175, 195, 215, 235, 260, 290, 315, 340, 355]",0.00000000,"[0.00000000, 0.00000000, 0.00000000, 0.00000000, 0.00000000]",0.08400000,0.44683077,4->27
5,5,8,3,7,"(2, 15, 16, 27, 28)",7,177,probe_repair,"[10, 15, 135, 150, 160, 190, 205, 210, 235, 255, 260, 275, 285, 320, 345]",0.00000000,"[0.00000000, 0.00000000, 0.00000000, 0.00000000, 0.00000000]",0.04100000,0.44881538,17->2
5,5,8,3,7,"(2, 15, 16, 27, 28)",8,110,probe_repair,"[25, 95, 130, 155, 160, 205, 210, 250, 255, 260, 285, 315, 335, 340, 350]",0.00000000,"[0.00000000, 0.00000000, 0.00000000, 0.00000000, 0.00000000]",0.14400000,0.43872308,4->2
5,5,8,3,7,"(2, 15, 16, 27, 28)",9,194,probe_repair,"[5, 10, 15, 25, 40, 85, 95, 125, 145, 190, 325, 330, 345, 350, 360]",0.00000000,"[0.00000000, 0.00000000, 0.00000000, 0.00000000, 0.00000000]",0.30600000,0.45781538,11->27
5,5,8,3,7,"(2, 15, 16, 27, 28)",10,114,probe_repair,"[25, 95, 130, 155, 160, 205, 210, 250, 255, 260, 285, 315, 335, 340, 350]",0.00000000,"[0.00000000, 0.00000000, 0.00000000, 0.00000000, 0.00000000]",0.13000000,0.43886154,24->28
5,5,8,3,8,"(11, 16, 17, 18, 27)",1,295,probe_repair,"[115, 130, 135, 140, 165, 175, 180, 190, 195, 210, 225, 275, 285, 305, 320]",0.00000000,"[0.00000000, 0.00000000, 0.00000000, 0.00000000, 0.00000000]",0.24700000,0.44578462,26->27
5,5,8,3,8,"(11, 16, 17, 18, 27)",2,266,probe_repair,"[35, 55, 75, 145, 170, 205, 210, 220, 260, 270, 275, 305, 345, 360, 365]",0.00000000,"[0.00000000, 0.00000000, 0.00000000, 0.00000000, 0.00000000]",0.13200000,0.44146154,15->17
5,5,8,3,8,"(11, 16, 17, 18, 27)",3,82,probe_repair,"[10, 25, 75, 90, 95, 210, 230, 260, 300, 315, 320, 330, 345, 350, 355]",0.00000000,"[0.00000000, 0.00000000, 0.00000000, 0.00000000, 0.00000000]",0.01300000,0.44376923,15->18
5,5,8,3,8,"(11, 16, 17, 18, 27)",4,219,probe_repair,"[5, 55, 75, 160, 170, 180, 260, 280, 285, 290, 310, 315, 320, 345, 350]",0.00000000,"[0.00000000, 0.00000000, 0.00000000, 0.00000000, 0.00000000]",0.25400000,0.45475385,6->18
5,5,8,3,8,"(11, 16, 17, 18, 27)",5,226,probe_repair,"[10, 30, 35, 40, 65, 70, 130, 160, 165, 210, 220, 235, 275, 325, 340]",0.00000000,"[0.00000000, 0.00000000, 0.00000000, 0.00000000, 0.00000000]",0.19700000,0.44953846,4->27
5,5,8,3,8,"(11, 16, 17, 18, 27)",6,177,probe_repair,"[5, 10, 20, 55, 80, 85, 125, 130, 140, 180, 185, 240, 290, 320, 325]",0.00000000,"[0.00000000, 0.00000000, 0.00000000, 0.00000000, 0.00000000]",0.25300000,0.45592308,2->17
5,5,8,3,8,"(11, 16, 17, 18, 27)",7,224,probe_repair,"[10, 30, 35, 40, 65, 70, 130, 160, 165, 210, 220, 235, 275, 325, 340]",0.00000000,"[0.00000000, 0.00000000, 0.00000000, 0.00000000, 0.00000000]",0.14400000,0.44098462,4->27
5,5,8,3,8,"(11, 16, 17, 18, 27)",8,178,probe_repair,"[5, 10, 20, 55, 80, 85, 125, 130, 140, 180, 185, 240, 290, 320, 325]",0.00000000,"[0.00000000, 0.00000000, 0.00000000, 0.00000000, 0.00000000]",0.26800000,0.45727692,2->17
5,5,8,3,8,"(11, 16, 17, 18, 27)",9,87,probe_repair,"[25, 50, 60, 65, 75, 85, 95, 105, 140, 145, 150, 155, 170, 310, 330]",0.00000000,"[0.00000000, 0.00000000, 0.00000000, 0.00000000, 0.00000000]",0.14700000,0.44401538,20->27
5,5,8,3,8,"(11, 16, 17, 18, 27)",10,74,probe_repair,"[20, 25, 45, 100, 140, 180, 190, 200, 235, 250, 275, 280, 300, 340, 360]",0.00000000,"[0.00000000, 0.00000000, 0.00000000, 0.00000000, 0.00000000]",0.27400000,0.44993846,15->11
5,5,8,3,9,"(4, 7, 21, 25, 26)",1,34,probe_repair,"[50, 55, 65, 70, 100, 105, 220, 235, 260, 275, 290, 295, 305, 325, 365]",0.00000000,"[0.00000000, 0.00000000, 0.00000000, 0.00000000, 0.00000000]",0.14300000,0.45436923,6->4
5,5,8,3,9,"(4, 7, 21, 25, 26)",2,32,probe_repair,"[50, 55, 65, 70, 100, 105, 220, 235, 260, 275, 290, 295, 305, 325, 365]",0.00000000,"[0.00000000, 0.00000000, 0.00000000, 0.00000000, 0.00000000]",0.16900000,0.45243077,6->4
5,5,8,3,9,"(4, 7, 21, 25, 26)",3,119,probe_repair,"[35, 50, 60, 65, 75, 100, 125, 130, 135, 165, 215, 220, 325, 330, 335]",0.00000000,"[0.00000000, 0.00000000, 0.00000000, 0.00000000, 0.00000000]",0.30700000,0.45493846,11->7
5,5,8,3,9,"(4, 7, 21, 25, 26)",4,186,probe_repair,"[10, 15, 20, 50, 75, 100, 205, 210, 230, 235, 240, 275, 280, 310, 330]",0.00000000,"[0.00000000, 0.00000000, 0.00000000, 0.00000000, 0.00000000]",0.22000000,0.44601538,2->25
5,5,8,3,9,"(4, 7, 21, 25, 26)",5,193,probe_repair,"[20, 115, 135, 175, 185, 220, 225, 230, 260, 265, 290, 320, 330, 345, 350]",0.00000000,"[0.00000000, 0.00000000, 0.00000000, 0.00000000, 0.00000000]",0.12900000,0.44461538,18->25
5,5,8,3,9,"(4, 7, 21, 25, 26)",6,279,probe_repair,"[10, 30, 35, 70, 140, 165, 190, 195, 215, 225, 235, 245, 305, 310, 335]",0.00000000,"[0.00000000, 0.00000000, 0.00000000, 0.00000000, 0.00000000]",0.22900000,0.44736923,27->26
5,5,8,3,9,"(4, 7, 21, 25, 26)",7,281,probe_repair,"[10, 30, 35, 70, 140, 165, 190, 195, 215, 225, 235, 245, 305, 310, 335]",0.00000000,"[0.00000000, 0.00000000, 0.00000000, 0.00000000, 0.00000000]",0.26800000,0.44924615,6->7
5,5,8,3,9,"(4, 7, 21, 25, 26)",8,128,probe_repair,"[55, 60, 65, 80, 110, 140, 170, 175, 180, 190, 280, 305, 340, 345, 360]",0.00000000,"[0.00000000, 0.00000000, 0.00000000, 0.00000000, 0.00000000]",0.24300000,0.44313846,22->21
5,5,8,3,9,"(4, 7, 21, 25, 26)",9,239,probe_repair,"[5, 25, 55, 75, 90, 95, 115, 160, 175, 185, 225, 265, 275, 335, 340]",0.00000000,"[0.00000000, 0.00000000, 0.00000000, 0.00000000, 0.00000000]",0.00000000,0.44493846,27->4
5,5,8,3,9,"(4, 7, 21, 25, 26)",10,196,probe_repair,"[20, 115, 135, 175, 185, 220, 225, 230, 260, 265, 290, 320, 330, 345, 350]",0.00000000,"[0.00000000, 0.00000000, 0.00000000, 0.00000000, 0.00000000]",0.05500000,0.43841538,18->25
5,5,8,3,10,"(4, 9, 11, 21, 26)",1,169,probe_repair,"[5, 35, 40, 90, 135, 150, 165, 175, 240, 245, 265, 275, 285, 305, 360]",0.00000000,"[0.00000000, 0.00000000, 0.00000000, 0.00000000, 0.00000000]",0.23000000,0.44676923,18->11
5,5,8,3,10,"(4, 9, 11, 21, 26)",2,160,probe_repair,"[35, 45, 60, 65, 140, 150, 155, 160, 240, 280, 285, 300, 325, 350, 365]",0.00000000,"[0.00000000, 0.00000000, 0.00000000, 0.00000000, 0.00000000]",0.16600000,0.44444615,15->11
5,5,8,3,10,"(4, 9, 11, 21, 26)",3,91,probe_repair,"[15, 45, 70, 75, 105, 125, 215, 265, 285, 300, 310, 340, 350, 360, 365]",0.00000000,"[0.00000000, 0.00000000, 0.00000000, 0.00000000, 0.00000000]",0.18100000,0.44598462,6->21
5,5,8,3,10,"(4, 9, 11, 21, 26)",4,220,probe_repair,"[55, 70, 75, 85, 105, 125, 170, 215, 245, 305, 325, 330, 355, 360, 365]",0.00000000,"[0.00000000, 0.00000000, 0.00000000, 0.00000000, 0.00000000]",0.15000000,0.45621538,6->4
5,5,8,3,10,"(4, 9, 11, 21, 26)",5,172,probe_repair,"[5, 35, 40, 90, 135, 150, 165, 175, 240, 245, 265, 275, 285, 305, 360]",0.00000000,"[0.00000000, 0.00000000, 0.00000000, 0.00000000, 0.00000000]",0.15700000,0.44229231,7->26
5,5,8,3,10,"(4, 9, 11, 21, 26)",6,131,probe_repair,"[10, 20, 30, 40, 70, 120, 165, 200, 215, 230, 235, 245, 290, 325, 365]",0.00000000,"[0.00000000, 0.00000000, 0.00000000, 0.00000000, 0.00000000]",0.02500000,0.42893846,22->26
5,5,8,3,10,"(4, 9, 11, 21, 26)",7,41,probe_repair,"[5, 45, 60, 70, 85, 130, 175, 195, 210, 230, 250, 285, 300, 355, 365]",0.00000000,"[0.00000000, 0.00000000, 0.00000000, 0.00000000, 0.00000000]",0.13100000,0.44460000,6->26
5,5,8,3,10,"(4, 9, 11, 21, 26)",8,215,probe_repair,"[55, 70, 75, 85, 105, 125, 170, 215, 245, 305, 325, 330, 355, 360, 365]",0.00000000,"[0.00000000, 0.00000000, 0.00000000, 0.00000000, 0.00000000]",0.15100000,0.45690769,6->4
5,5,8,3,10,"(4, 9, 11, 21, 26)",9,204,probe_repair,"[20, 25, 65, 105, 130, 160, 175, 195, 205, 250, 265, 275, 290, 295, 340]",0.00000000,"[0.00000000, 0.00000000, 0.00000000, 0.00000000, 0.00000000]",0.18200000,0.44743077,7->26
5,5,8,3,10,"(4, 9, 11, 21, 26)",10,256,probe_repair,"[20, 40, 45, 55, 100, 105, 140, 160, 175, 195, 215, 230, 250, 255, 330]",0.00000000,"[0.00000000, 0.00000000, 0.00000000, 0.00000000, 0.00000000]",0.20600000,0.45092308,16->21
5,5,8,3,11,"(4, 9, 16, 22, 28)",1,209,probe_repair,"[20, 55, 95, 105, 115, 130, 135, 155, 170, 180, 280, 285, 330, 340, 350]",0.00000000,"[0.00000000, 0.00000000, 0.00000000, 0.00000000, 0.00000000]",0.20100000,0.45001538,11->4
5,5,8,3,11,"(4, 9, 16, 22, 28)",2,308,probe_repair,"[5, 30, 95, 120, 130, 190, 205, 240, 270, 280, 320, 330, 345, 360, 365]",0.00000000,"[0.00000000, 0.00000000, 0.00000000, 0.00000000, 0.00000000]",0.26000000,0.45680000,2->9
5,5,8,3,11,"(4, 9, 16, 22, 28)",3,69,probe_repair,"[15, 50, 75, 80, 85, 125, 130, 140, 165, 180, 185, 305, 315, 330, 360]",0.00000000,"[0.00000000, 0.00000000, 0.00000000, 0.00000000, 0.00000000]",0.00000000,0.40406154,11->28
5,5,8,3,11,"(4, 9, 16, 22, 28)",4,212,probe_repair,"[20, 55, 95, 105, 115, 130, 135, 155, 170, 180, 280, 285, 330, 340, 350]",0.00000000,"[0.00000000, 0.00000000, 0.00000000, 0.00000000, 0.00000000]",0.14700000,0.44915385,11->4
5,5,8,3,11,"(4, 9, 16, 22, 28)",5,72,probe_repair,"[15, 50, 75, 80, 85, 125, 130, 140, 165, 180, 185, 305, 315, 330, 360]",0.00000000,"[0.00000000, 0.00000000, 0.00000000, 0.00000000, 0.00000000]",0.20900000,0.44541538,2->16
5,5,8,3,11,"(4, 9, 16, 22, 28)",6,194,probe_repair,"[15, 20, 65, 90, 105, 125, 150, 220, 235, 270, 290, 300, 330, 355, 360]",0.00000000,"[0.00000000, 0.00000000, 0.00000000, 0.00000000, 0.00000000]",0.30200000,0.44509231,7->28
5,5,8,3,11,"(4, 9, 16, 22, 28)",7,190,probe_repair,"[15, 20, 65, 90, 105, 125, 150, 220, 235, 270, 290, 300, 330, 355, 360]",0.00000000,"[0.00000000, 0.00000000, 0.00000000, 0.00000000, 0.00000000]",0.30000000,0.44200000,17->4
5,5,8,3,11,"(4, 9, 16, 22, 28)",8,206,probe_repair,"[20, 55, 95, 105, 115, 130, 135, 155, 170, 180, 280, 285, 330, 340, 350]",0.00000000,"[0.00000000, 0.00000000, 0.00000000, 0.00000000, 0.00000000]",0.09400000,0.45300000,11->4
5,5,8,3,11,"(4, 9, 16, 22, 28)",9,249,probe_repair,"[15, 20, 45, 50, 145, 155, 190, 195, 205, 230, 290, 335, 340, 355, 365]",0.00000000,"[0.00000000, 0.00000000, 0.00000000, 0.00000000, 0.00000000]",0.12400000,0.44044615,2->16
5,5,8,3,11,"(4, 9, 16, 22, 28)",10,183,probe_repair,"[10, 80, 100, 110, 145, 160, 165, 180, 195, 220, 260, 305, 320, 345, 350]",0.00000000,"[0.00000000, 0.00000000, 0.00000000, 0.00000000, 0.00000000]",0.15900000,0.43921538,26->28
5,5,8,3,12,"(2, 16, 17, 21, 22)",1,392,probe_repair,"[10, 55, 85, 140, 165, 185, 230, 250, 255, 260, 290, 295, 300, 310, 325]",0.00000000,"[0.00000000, 0.00000000, 0.00000000, 0.00000000, 0.00000000]",0.25600000,0.44886154,20->16
5,5,8,3,12,"(2, 16, 17, 21, 22)",2,395,probe_repair,"[10, 55, 85, 140, 165, 185, 230, 250, 255, 260, 290, 295, 300, 310, 325]",0.00000000,"[0.00000000, 0.00000000, 0.00000000, 0.00000000, 0.00000000]",0.28000000,0.44998462,28->16
5,5,8,3,12,"(2, 16, 17, 21, 22)",3,454,probe_repair,"[5, 30, 40, 50, 55, 60, 100, 140, 155, 175, 230, 240, 245, 250, 255]",0.00000000,"[0.00000000, 0.00000000, 0.00000000, 0.00000000, 0.00000000]",0.02900000,0.44166154,15->21
5,5,8,3,12,"(2, 16, 17, 21, 22)",4,152,probe_repair,"[15, 135, 160, 170, 235, 255, 265, 275, 295, 300, 325, 335, 340, 350, 365]",0.00000000,"[0.00000000, 0.00000000, 0.00000000, 0.00000000, 0.00000000]",0.20200000,0.44463077,28->2
5,5,8,3,12,"(2, 16, 17, 21, 22)",5,443,probe_repair,"[5, 35, 50, 75, 95, 120, 160, 180, 190, 195, 235, 240, 265, 270, 355]",0.00000000,"[0.00000000, 0.00000000, 0.00000000, 0.00000000, 0.00000000]",0.24900000,0.45838462,26->16
5,5,8,3,12,"(2, 16, 17, 21, 22)",6,1309,probe_repair,"[35, 40, 50, 55, 60, 70, 75, 80, 110, 175, 180, 205, 240, 255, 340]",0.00000000,"[0.00000000, 0.00000000, 0.00000000, 0.00000000, 0.00000000]",0.00000000,0.41153846,25->17
5,5,8,3,12,"(2, 16, 17, 21, 22)",7,483,probe_repair,"[25, 50, 60, 90, 110, 120, 125, 130, 165, 205, 210, 230, 310, 325, 355]",0.00000000,"[0.00000000, 0.00000000, 0.00000000, 0.00000000, 0.00000000]",0.20200000,0.43953846,9->17
5,5,8,3,12,"(2, 16, 17, 21, 22)",8,183,probe_repair,"[35, 70, 75, 100, 145, 160, 185, 230, 235, 275, 285, 295, 300, 315, 355]",0.00000000,"[0.00000000, 0.00000000, 0.00000000, 0.00000000, 0.00000000]",0.16200000,0.44846154,24->21
5,5,8,3,12,"(2, 16, 17, 21, 22)",9,1571,probe_repair,"[15, 75, 80, 100, 130, 160, 165, 170, 175, 180, 265, 290, 305, 345, 360]",0.00000000,"[0.00000000, 0.00000000, 0.00000000, 0.00000000, 0.00000000]",0.17200000,0.44604615,11->16
5,5,8,3,12,"(2, 16, 17, 21, 22)",10,921,probe_repair,"[20, 50, 60, 155, 160, 170, 180, 195, 225, 250, 280, 300, 330, 350, 355]",0.00000000,"[0.00000000, 0.00000000, 0.00000000, 0.00000000, 0.00000000]",0.12500000,0.44663077,25->16
5,5,8,3,13,"(1, 4, 11, 17, 28)",1,389,probe_repair,"[25, 40, 60, 75, 90, 100, 125, 135, 145, 160, 190, 195, 210, 260, 295]",0.00000000,"[0.00000000, 0.00000000, 0.00000000, 0.00000000, 0.00000000]",0.14800000,0.41540000,26->4
5,5,8,3,13,"(1, 4, 11, 17, 28)",2,197,probe_repair,"[15, 25, 60, 110, 125, 130, 140, 205, 235, 255, 265, 295, 335, 345, 350]",0.00000000,"[0.00000000, 0.00000000, 0.00000000, 0.00000000, 0.00000000]",0.05400000,0.39968571,7->11
5,5,8,3,13,"(1, 4, 11, 17, 28)",3,317,probe_repair,"[5, 40, 70, 80, 105, 150, 165, 180, 195, 200, 220, 255, 265, 275, 305]",0.00000000,"[0.00000000, 0.00000000, 0.00000000, 0.00000000, 0.00000000]",0.00000000,0.40852857,25->28
5,5,8,3,13,"(1, 4, 11, 17, 28)",4,660,probe_repair,"[5, 100, 115, 140, 170, 195, 210, 225, 230, 240, 285, 295, 335, 345, 355]",0.00000000,"[0.00000000, 0.00000000, 0.00000000, 0.00000000, 0.00000000]",0.23500000,0.44911429,22->17
5,5,8,3,13,"(1, 4, 11, 17, 28)",5,104,probe_repair,"[10, 40, 75, 85, 130, 135, 140, 150, 175, 260, 305, 310, 320, 330, 355]",0.00000000,"[0.00000000, 0.00000000, 0.00000000, 0.00000000, 0.00000000]",0.22100000,0.45147143,21->28
5,5,8,3,13,"(1, 4, 11, 17, 28)",6,314,probe_repair,"[10, 50, 75, 145, 155, 165, 175, 240, 250, 255, 280, 310, 335, 340, 355]",0.00000000,"[0.00000000, 0.00000000, 0.00000000, 0.00000000, 0.00000000]",0.03600000,0.44292857,26->4
5,5,8,3,13,"(1, 4, 11, 17, 28)",7,311,probe_repair,"[10, 50, 75, 145, 155, 165, 175, 240, 250, 255, 280, 310, 335, 340, 355]",0.00000000,"[0.00000000, 0.00000000, 0.00000000, 0.00000000, 0.00000000]",0.03200000,0.44035714,26->4
5,5,8,3,13,"(1, 4, 11, 17, 28)",8,99,probe_repair,"[15, 30, 55, 80, 85, 105, 145, 185, 195, 225, 255, 280, 295, 300, 350]",0.00000000,"[0.00000000, 0.00000000, 0.00000000, 0.00000000, 0.00000000]",0.20800000,0.43661429,9->17
5,5,8,3,13,"(1, 4, 11, 17, 28)",9,707,probe_repair,"[15, 30, 35, 60, 105, 135, 195, 200, 230, 240, 250, 260, 320, 335, 360]",0.00000000,"[0.00000000, 0.00000000, 0.00000000, 0.00000000, 0.00000000]",0.10300000,0.45191429,20->1
5,5,8,3,13,"(1, 4, 11, 17, 28)",10,49,probe_repair,"[35, 75, 80, 105, 130, 160, 180, 250, 255, 265, 280, 310, 335, 350, 365]",0.00000000,"[0.00000000, 0.00000000, 0.00000000, 0.00000000, 0.00000000]",0.21700000,0.44788571,16->11
5,5,8,3,14,"(2, 5, 6, 20, 27)",1,84,probe_repair,"[10, 30, 50, 60, 65, 95, 100, 105, 110, 115, 120, 140, 215, 275, 280]",0.00000000,"[0.00000000, 0.00000000, 0.00000000, 0.00000000, 0.00000000]",0.29400000,0.46120000,21->5
5,5,8,3,14,"(2, 5, 6, 20, 27)",2,486,probe_repair,"[90, 120, 165, 175, 200, 215, 220, 250, 270, 280, 305, 315, 335, 355, 360]",0.00000000,"[0.00000000, 0.00000000, 0.00000000, 0.00000000, 0.00000000]",0.18900000,0.45217143,16->27
5,5,8,3,14,"(2, 5, 6, 20, 27)",3,219,probe_repair,"[5, 15, 20, 35, 145, 160, 165, 215, 225, 280, 295, 300, 335, 345, 365]",0.00000000,"[0.00000000, 0.00000000, 0.00000000, 0.00000000, 0.00000000]",0.14500000,0.44038571,25->27
5,5,8,3,14,"(2, 5, 6, 20, 27)",4,78,probe_repair,"[10, 30, 50, 60, 65, 95, 100, 105, 110, 115, 120, 140, 215, 275, 280]",0.00000000,"[0.00000000, 0.00000000, 0.00000000, 0.00000000, 0.00000000]",0.21300000,0.45622857,24->2
5,5,8,3,14,"(2, 5, 6, 20, 27)",5,275,probe_repair,"[10, 15, 20, 25, 40, 85, 100, 135, 220, 255, 265, 275, 310, 325, 360]",0.00000000,"[0.00000000, 0.00000000, 0.00000000, 0.00000000, 0.00000000]",0.28100000,0.44485714,7->20
5,5,8,3,14,"(2, 5, 6, 20, 27)",6,488,probe_repair,"[90, 120, 165, 175, 200, 215, 220, 250, 270, 280, 305, 315, 335, 355, 360]",0.00000000,"[0.00000000, 0.00000000, 0.00000000, 0.00000000, 0.00000000]",0.24400000,0.45058571,16->6
5,5,8,3,14,"(2, 5, 6, 20, 27)",7,174,probe_repair,"[15, 45, 50, 110, 160, 170, 175, 190, 215, 270, 300, 305, 340, 360, 365]",0.00000000,"[0.00000000, 0.00000000, 0.00000000, 0.00000000, 0.00000000]",0.16000000,0.45278571,9->6
5,5,8,3,14,"(2, 5, 6, 20, 27)",8,394,probe_repair,"[105, 115, 120, 125, 140, 145, 165, 175, 200, 225, 270, 280, 295, 355, 360]",0.00000000,"[0.00000000, 0.00000000, 0.00000000, 0.00000000, 0.00000000]",0.10800000,0.44552857,25->20
5,5,8,3,14,"(2, 5, 6, 20, 27)",9,80,probe_repair,"[10, 30, 50, 60, 65, 95, 100, 105, 110, 115, 120, 140, 215, 275, 280]",0.00000000,"[0.00000000, 0.00000000, 0.00000000, 0.00000000, 0.00000000]",0.24800000,0.45984286,21->6
5,5,8,3,14,"(2, 5, 6, 20, 27)",10,508,probe_repair,"[30, 45, 85, 90, 100, 105, 130, 135, 150, 215, 220, 305, 325, 330, 360]",0.00000000,"[0.00000000, 0.00000000, 0.00000000, 0.00000000, 0.00000000]",0.08900000,0.43142857,22->5
5,5,8,3,15,"(5, 9, 15, 25, 28)",1,227,probe_repair,"[5, 10, 15, 25, 30, 35, 90, 135, 150, 180, 210, 270, 275, 290, 300]",0.00000000,"[0.00000000, 0.00000000, 0.00000000, 0.00000000, 0.00000000]",0.17400000,0.44362857,18->5
5,5,8,3,15,"(5, 9, 15, 25, 28)",2,384,probe_repair,"[20, 30, 35, 65, 95, 100, 115, 150, 170, 185, 245, 270, 300, 315, 360]",0.00000000,"[0.00000000, 0.00000000, 0.00000000, 0.00000000, 0.00000000]",0.24900000,0.44662857,4->25
5,5,8,3,15,"(5, 9, 15, 25, 28)",3,594,probe_repair,"[35, 85, 105, 140, 145, 150, 160, 205, 210, 220, 240, 325, 345, 360, 365]",0.00000000,"[0.00000000, 0.00000000, 0.00000000, 0.00000000, 0.00000000]",0.23100000,0.44625714,26->28
5,5,8,3,15,"(5, 9, 15, 25, 28)",4,494,probe_repair,"[35, 40, 80, 90, 105, 115, 130, 150, 165, 200, 205, 230, 275, 280, 345]",0.00000000,"[0.00000000, 0.00000000, 0.00000000, 0.00000000, 0.00000000]",0.28500000,0.44478571,18->25
5,5,8,3,15,"(5, 9, 15, 25, 28)",5,11,baseline,"[5, 30, 55, 80, 105, 130, 155, 180, 205, 230, 255, 280, 305, 330, 355]",0.00000000,"[0.00000000, 0.00000000, 0.00000000, 0.00000000, 0.00000000]",0.14800000,0.43527143,17->15
5,5,8,3,15,"(5, 9, 15, 25, 28)",6,14,baseline,"[5, 30, 55, 80, 105, 130, 155, 180, 205, 230, 255, 280, 305, 330, 355]",0.00000000,"[0.00000000, 0.00000000, 0.00000000, 0.00000000, 0.00000000]",0.16800000,0.43800000,24->15
5,5,8,3,15,"(5, 9, 15, 25, 28)",7,383,probe_repair,"[20, 30, 35, 65, 95, 100, 115, 150, 170, 185, 245, 270, 300, 315, 360]",0.00000000,"[0.00000000, 0.00000000, 0.00000000, 0.00000000, 0.00000000]",0.23700000,0.44731429,7->9
5,5,8,3,15,"(5, 9, 15, 25, 28)",8,16,baseline,"[5, 30, 55, 80, 105, 130, 155, 180, 205, 230, 255, 280, 305, 330, 355]",0.00000000,"[0.00000000, 0.00000000, 0.00000000, 0.00000000, 0.00000000]",0.17700000,0.43295714,17->15
5,5,8,3,15,"(5, 9, 15, 25, 28)",9,491,probe_repair,"[10, 20, 115, 125, 140, 155, 170, 185, 190, 205, 220, 225, 230, 235, 240]",0.00000000,"[0.00000000, 0.00000000, 0.00000000, 0.00000000, 0.00000000]",0.09600000,0.45524286,20->15
5,5,8,3,15,"(5, 9, 15, 25, 28)",10,498,probe_repair,"[35, 40, 80, 90, 105, 115, 130, 150, 165, 200, 205, 230, 275, 280, 345]",0.00000000,"[0.00000000, 0.00000000, 0.00000000, 0.00000000, 0.00000000]",0.26400000,0.45350000,16->28
5,5,8,3,16,"(2, 9, 11, 15, 28)",1,563,probe_repair,"[20, 25, 40, 95, 110, 130, 145, 160, 205, 230, 265, 280, 290, 305, 325]",0.00000000,"[0.00000000, 0.00000000, 0.00000000, 0.00000000, 0.00000000]",0.21800000,0.45109231,7->28
5,5,8,3,16,"(2, 9, 11, 15, 28)",2,153,probe_repair,"[30, 60, 90, 120, 155, 170, 195, 200, 205, 230, 245, 250, 285, 305, 330]",0.00000000,"[0.00000000, 0.00000000, 0.00000000, 0.00000000, 0.00000000]",0.17400000,0.45149231,26->15
5,5,8,3,16,"(2, 9, 11, 15, 28)",3,1506,probe_repair,"[10, 25, 55, 65, 70, 110, 140, 195, 210, 225, 250, 280, 285, 325, 365]",0.00000000,"[0.00000000, 0.00000000, 0.00000000, 0.00000000, 0.00000000]",0.30000000,0.46436923,17->15
5,5,8,3,16,"(2, 9, 11, 15, 28)",4,1345,probe_repair,"[20, 25, 50, 60, 65, 130, 160, 195, 205, 255, 280, 320, 340, 350, 355]",0.00000000,"[0.00000000, 0.00000000, 0.00000000, 0.00000000, 0.00000000]",0.11700000,0.45100000,16->2
5,5,8,3,16,"(2, 9, 11, 15, 28)",5,910,probe_repair,"[5, 20, 50, 95, 125, 130, 155, 205, 215, 225, 245, 250, 320, 360, 365]",0.00000000,"[0.00000000, 0.00000000, 0.00000000, 0.00000000, 0.00000000]",0.14800000,0.44960000,16->2
5,5,8,3,16,"(2, 9, 11, 15, 28)",6,288,probe_repair,"[15, 40, 85, 120, 125, 185, 215, 230, 245, 280, 285, 315, 340, 345, 355]",0.00000000,"[0.00000000, 0.00000000, 0.00000000, 0.00000000, 0.00000000]",0.11700000,0.43820000,26->28
5,5,8,3,16,"(2, 9, 11, 15, 28)",7,103,probe_repair,"[55, 80, 85, 125, 135, 155, 165, 230, 245, 280, 290, 300, 320, 335, 340]",0.00000000,"[0.00000000, 0.00000000, 0.00000000, 0.00000000, 0.00000000]",0.16500000,0.44850769,25->11
5,5,8,3,16,"(2, 9, 11, 15, 28)",8,21,probe_repair,"[25, 80, 85, 100, 120, 145, 190, 195, 200, 235, 240, 290, 325, 335, 345]",0.00000000,"[0.00000000, 0.00000000, 0.00000000, 0.00000000, 0.00000000]",0.00000000,0.40680000,16->2
5,5,8,3,16,"(2, 9, 11, 15, 28)",9,348,probe_repair,"[35, 60, 75, 85, 90, 95, 105, 125, 145, 155, 215, 230, 255, 295, 315]",0.00000000,"[0.00000000, 0.00000000, 0.00000000, 0.00000000, 0.00000000]",0.03600000,0.43280000,26->9
5,5,8,3,16,"(2, 9, 11, 15, 28)",10,135,probe_repair,"[10, 60, 70, 105, 110, 125, 160, 195, 220, 225, 250, 275, 305, 325, 340]",0.00000000,"[0.00000000, 0.00000000, 0.00000000, 0.00000000, 0.00000000]",0.29600000,0.45541538,27->11
5,5,8,3,17,"(5, 7, 15, 18, 27)",1,620,probe_repair,"[50, 85, 95, 105, 115, 140, 145, 160, 235, 255, 265, 325, 335, 360, 365]",0.00000000,"[0.00000000, 0.00000000, 0.00000000, 0.00000000, 0.00000000]",0.15200000,0.44610000,22->27
5,5,8,3,17,"(5, 7, 15, 18, 27)",2,561,probe_repair,"[5, 10, 15, 40, 65, 130, 145, 165, 175, 230, 260, 275, 290, 295, 305]",0.00000000,"[0.00000000, 0.00000000, 0.00000000, 0.00000000, 0.00000000]",0.11000000,0.44371429,25->27
5,5,8,3,17,"(5, 7, 15, 18, 27)",3,628,probe_repair,"[15, 25, 55, 60, 85, 105, 135, 185, 220, 250, 280, 305, 310, 345, 365]",0.00000000,"[0.00000000, 0.00000000, 0.00000000, 0.00000000, 0.00000000]",0.32400000,0.46027143,28->15
5,5,8,3,17,"(5, 7, 15, 18, 27)",4,105,probe_repair,"[5, 30, 95, 100, 110, 135, 150, 155, 185, 230, 265, 275, 295, 300, 340]",0.00000000,"[0.00000000, 0.00000000, 0.00000000, 0.00000000, 0.00000000]",0.19400000,0.44305714,20->18
5,5,8,3,17,"(5, 7, 15, 18, 27)",5,200,probe_repair,"[15, 65, 90, 105, 145, 170, 215, 255, 265, 270, 305, 315, 325, 345, 355]",0.00000000,"[0.00000000, 0.00000000, 0.00000000, 0.00000000, 0.00000000]",0.15300000,0.43815714,24->15
5,5,8,3,17,"(5, 7, 15, 18, 27)",6,559,probe_repair,"[5, 10, 15, 40, 65, 130, 145, 165, 175, 230, 260, 275, 290, 295, 305]",0.00000000,"[0.00000000, 0.00000000, 0.00000000, 0.00000000, 0.00000000]",0.17700000,0.44398571,25->27
5,5,8,3,17,"(5, 7, 15, 18, 27)",7,104,probe_repair,"[5, 30, 95, 100, 110, 135, 150, 155, 185, 230, 265, 275, 295, 300, 340]",0.00000000,"[0.00000000, 0.00000000, 0.00000000, 0.00000000, 0.00000000]",0.15700000,0.44554286,20->18
5,5,8,3,17,"(5, 7, 15, 18, 27)",8,626,probe_repair,"[15, 25, 55, 60, 85, 105, 135, 185, 220, 250, 280, 305, 310, 345, 365]",0.00000000,"[0.00000000, 0.00000000, 0.00000000, 0.00000000, 0.00000000]",0.22600000,0.44828571,28->15
5,5,8,3,17,"(5, 7, 15, 18, 27)",9,208,probe_repair,"[10, 25, 35, 40, 75, 165, 170, 175, 190, 205, 230, 250, 260, 300, 305]",0.00000000,"[0.00000000, 0.00000000, 0.00000000, 0.00000000, 0.00000000]",0.19200000,0.45372857,16->5
5,5,8,3,17,"(5, 7, 15, 18, 27)",10,210,probe_repair,"[10, 25, 35, 40, 75, 165, 170, 175, 190, 205, 230, 250, 260, 300, 305]",0.00000000,"[0.00000000, 0.00000000, 0.00000000, 0.00000000, 0.00000000]",0.09200000,0.44775714,16->5
5,5,8,3,18,"(6, 20, 26, 27, 28)",1,556,probe_repair,"[45, 60, 70, 75, 100, 120, 130, 145, 220, 230, 240, 265, 305, 310, 355]",0.00000000,"[0.00000000, 0.00000000, 0.00000000, 0.00000000, 0.00000000]",0.07900000,0.44924615,4->6
5,5,8,3,18,"(6, 20, 26, 27, 28)",2,705,probe_repair,"[10, 15, 25, 75, 100, 110, 120, 135, 145, 160, 170, 230, 270, 285, 305]",0.00000000,"[0.00000000, 0.00000000, 0.00000000, 0.00000000, 0.00000000]",0.30000000,0.45090769,4->6
5,5,8,3,18,"(6, 20, 26, 27, 28)",3,855,probe_repair,"[10, 50, 55, 70, 75, 145, 150, 165, 170, 190, 260, 290, 300, 315, 365]",0.00000000,"[0.00000000, 0.00000000, 0.00000000, 0.00000000, 0.00000000]",0.23900000,0.45280000,4->6
5,5,8,3,18,"(6, 20, 26, 27, 28)",4,1432,probe_repair,"[5, 25, 70, 85, 110, 165, 180, 190, 225, 245, 255, 285, 340, 360, 365]",0.00000000,"[0.00000000, 0.00000000, 0.00000000, 0.00000000, 0.00000000]",0.17100000,0.44789231,7->28
5,5,8,3,18,"(6, 20, 26, 27, 28)",5,482,probe_repair,"[10, 15, 20, 80, 90, 115, 140, 155, 160, 185, 245, 280, 320, 345, 365]",0.00000000,"[0.00000000, 0.00000000, 0.00000000, 0.00000000, 0.00000000]",0.21100000,0.44101538,11->20
5,5,8,3,18,"(6, 20, 26, 27, 28)",6,459,probe_repair,"[10, 80, 105, 180, 220, 225, 230, 240, 280, 290, 330, 335, 340, 345, 365]",0.00000000,"[0.00000000, 0.00000000, 0.00000000, 0.00000000, 0.00000000]",0.09800000,0.43441538,16->28
5,5,8,3,18,"(6, 20, 26, 27, 28)",7,704,probe_repair,"[10, 15, 25, 75, 100, 110, 120, 135, 145, 160, 170, 230, 270, 285, 305]",0.00000000,"[0.00000000, 0.00000000, 0.00000000, 0.00000000, 0.00000000]",0.19900000,0.45072308,18->6
5,5,8,3,18,"(6, 20, 26, 27, 28)",8,1495,probe_repair,"[30, 40, 70, 80, 85, 95, 180, 195, 210, 235, 275, 300, 325, 335, 365]",0.00000000,"[0.00000000, 0.00000000, 0.00000000, 0.00000000, 0.00000000]",0.16900000,0.44913846,21->27
5,5,8,3,18,"(6, 20, 26, 27, 28)",9,1547,probe_repair,"[10, 40, 80, 90, 125, 155, 205, 210, 220, 225, 240, 280, 295, 320, 335]",0.00000000,"[0.00000000, 0.00000000, 0.00000000, 0.00000000, 0.00000000]",0.23200000,0.44600000,16->6
5,5,8,3,18,"(6, 20, 26, 27, 28)",10,1532,probe_repair,"[25, 30, 55, 60, 65, 80, 105, 120, 130, 135, 160, 240, 255, 335, 345]",0.00000000,"[0.00000000, 0.00000000, 0.00000000, 0.00000000, 0.00000000]",0.21100000,0.44901538,7->28
5,5,8,3,19,"(9, 11, 20, 22, 25)",1,1038,probe_repair,"[20, 55, 65, 100, 115, 125, 145, 175, 180, 200, 210, 265, 310, 335, 360]",0.00000000,"[0.00000000, 0.00000000, 0.00000000, 0.00000000, 0.00000000]",0.11400000,0.44341538,4->11
5,5,8,3,19,"(9, 11, 20, 22, 25)",2,158,probe_repair,"[10, 20, 50, 60, 75, 100, 105, 125, 160, 220, 270, 305, 310, 330, 340]",0.00000000,"[0.00000000, 0.00000000, 0.00000000, 0.00000000, 0.00000000]",0.20700000,0.43544615,18->20
5,5,8,3,19,"(9, 11, 20, 22, 25)",3,1405,probe_repair,"[20, 70, 100, 120, 140, 175, 180, 190, 225, 240, 260, 265, 310, 355, 365]",0.00000000,"[0.00000000, 0.00000000, 0.00000000, 0.00000000, 0.00000000]",0.02600000,0.39550769,16->20
5,5,8,3,19,"(9, 11, 20, 22, 25)",4,206,probe_repair,"[15, 55, 70, 80, 100, 125, 155, 165, 175, 195, 220, 310, 320, 340, 360]",0.00000000,"[0.00000000, 0.00000000, 0.00000000, 0.00000000, 0.00000000]",0.24700000,0.46281538,15->9
5,5,8,3,19,"(9, 11, 20, 22, 25)",5,1039,probe_repair,"[20, 55, 65, 100, 115, 125, 145, 175, 180, 200, 210, 265, 310, 335, 360]",0.00000000,"[0.00000000, 0.00000000, 0.00000000, 0.00000000, 0.00000000]",0.13900000,0.44573846,4->11
5,5,8,3,19,"(9, 11, 20, 22, 25)",6,1537,probe_repair,"[5, 15, 25, 30, 35, 85, 100, 110, 155, 175, 185, 225, 240, 270, 285]",0.00000000,"[0.00000000, 0.00000000, 0.00000000, 0.00000000, 0.00000000]",0.28400000,0.45467692,15->11
5,5,8,3,19,"(9, 11, 20, 22, 25)",7,266,probe_repair,"[5, 30, 35, 50, 75, 85, 135, 140, 155, 190, 260, 275, 295, 320, 355]",0.00000000,"[0.00000000, 0.00000000, 0.00000000, 0.00000000, 0.00000000]",0.24900000,0.45270769,24->11
5,5,8,3,19,"(9, 11, 20, 22, 25)",8,830,probe_repair,"[20, 65, 75, 80, 135, 150, 160, 175, 265, 300, 315, 325, 330, 345, 350]",0.00000000,"[0.00000000, 0.00000000, 0.00000000, 0.00000000, 0.00000000]",0.25800000,0.45130769,21->11
5,5,8,3,19,"(9, 11, 20, 22, 25)",9,1043,probe_repair,"[20, 55, 65, 100, 115, 125, 145, 175, 180, 200, 210, 265, 310, 335, 360]",0.00000000,"[0.00000000, 0.00000000, 0.00000000, 0.00000000, 0.00000000]",0.17900000,0.44421538,4->11
5,5,8,3,19,"(9, 11, 20, 22, 25)",10,1535,probe_repair,"[5, 15, 25, 30, 35, 85, 100, 110, 155, 175, 185, 225, 240, 270, 285]",0.00000000,"[0.00000000, 0.00000000, 0.00000000, 0.00000000, 0.00000000]",0.31100000,0.45838462,15->11
5,5,8,3,20,"(1, 7, 9, 11, 25)",1,40,probe_repair,"[25, 45, 50, 55, 70, 110, 135, 145, 160, 240, 260, 295, 300, 330, 365]",0.00000000,"[0.00000000, 0.00000000, 0.00000000, 0.00000000, 0.00000000]",0.26700000,0.45290000,15->1
5,5,8,3,20,"(1, 7, 9, 11, 25)",2,224,probe_repair,"[25, 30, 50, 65, 80, 115, 140, 235, 240, 245, 305, 330, 340, 355, 360]",0.00000000,"[0.00000000, 0.00000000, 0.00000000, 0.00000000, 0.00000000]",0.18500000,0.44284286,20->25
5,5,8,3,20,"(1, 7, 9, 11, 25)",3,228,probe_repair,"[25, 30, 50, 65, 80, 115, 140, 235, 240, 245, 305, 330, 340, 355, 360]",0.00000000,"[0.00000000, 0.00000000, 0.00000000, 0.00000000, 0.00000000]",0.23500000,0.44114286,21->7
5,5,8,3,20,"(1, 7, 9, 11, 25)",4,38,probe_repair,"[25, 45, 50, 55, 70, 110, 135, 145, 160, 240, 260, 295, 300, 330, 365]",0.00000000,"[0.00000000, 0.00000000, 0.00000000, 0.00000000, 0.00000000]",0.24500000,0.45295714,6->25
5,5,8,3,20,"(1, 7, 9, 11, 25)",5,145,probe_repair,"[15, 75, 90, 110, 120, 145, 150, 180, 230, 245, 255, 275, 290, 325, 355]",0.00000000,"[0.00000000, 0.00000000, 0.00000000, 0.00000000, 0.00000000]",0.05400000,0.44678571,24->1
5,5,8,3,20,"(1, 7, 9, 11, 25)",6,222,probe_repair,"[25, 30, 50, 65, 80, 115, 140, 235, 240, 245, 305, 330, 340, 355, 360]",0.00000000,"[0.00000000, 0.00000000, 0.00000000, 0.00000000, 0.00000000]",0.22500000,0.43995714,28->1
5,5,8,3,20,"(1, 7, 9, 11, 25)",7,223,probe_repair,"[25, 30, 50, 65, 80, 115, 140, 235, 240, 245, 305, 330, 340, 355, 360]",0.00000000,"[0.00000000, 0.00000000, 0.00000000, 0.00000000, 0.00000000]",0.20400000,0.44001429,27->25
5,5,8,3,20,"(1, 7, 9, 11, 25)",8,132,probe_repair,"[25, 40, 60, 75, 80, 85, 90, 95, 125, 240, 260, 265, 275, 320, 325]",0.00000000,"[0.00000000, 0.00000000, 0.00000000, 0.00000000, 0.00000000]",0.14900000,0.44737143,2->11
5,5,8,3,20,"(1, 7, 9, 11, 25)",9,280,probe_repair,"[5, 60, 70, 95, 150, 185, 190, 210, 220, 225, 300, 325, 355, 360, 365]",0.00000000,"[0.00000000, 0.00000000, 0.00000000, 0.00000000, 0.00000000]",0.21400000,0.44470000,28->9
5,5,8,3,20,"(1, 7, 9, 11, 25)",10,331,probe_repair,"[35, 40, 80, 115, 120, 160, 170, 210, 220, 225, 230, 235, 265, 320, 340]",0.00000000,"[0.00000000, 0.00000000, 0.00000000, 0.00000000, 0.00000000]",0.08600000,0.44764286,17->9
5,5,8,3,21,"(1, 2, 6, 9, 27)",1,534,probe_repair,"[15, 35, 55, 80, 85, 110, 140, 165, 170, 180, 205, 225, 240, 245, 360]",0.00000000,"[0.00000000, 0.00000000, 0.00000000, 0.00000000, 0.00000000]",0.13700000,0.44618571,26->6
5,5,8,3,21,"(1, 2, 6, 9, 27)",2,537,probe_repair,"[15, 35, 55, 80, 85, 110, 140, 165, 170, 180, 205, 225, 240, 245, 360]",0.00000000,"[0.00000000, 0.00000000, 0.00000000, 0.00000000, 0.00000000]",0.16000000,0.44868571,20->9
5,5,8,3,21,"(1, 2, 6, 9, 27)",3,270,probe_repair,"[5, 10, 45, 50, 55, 60, 100, 115, 150, 165, 210, 225, 250, 275, 335]",0.00000000,"[0.00000000, 0.00000000, 0.00000000, 0.00000000, 0.00000000]",0.21500000,0.44617143,11->2
5,5,8,3,21,"(1, 2, 6, 9, 27)",4,78,probe_repair,"[30, 35, 40, 60, 65, 70, 110, 185, 210, 245, 260, 300, 305, 330, 355]",0.00000000,"[0.00000000, 0.00000000, 0.00000000, 0.00000000, 0.00000000]",0.16900000,0.44580000,20->2
5,5,8,3,21,"(1, 2, 6, 9, 27)",5,243,probe_repair,"[40, 90, 105, 145, 170, 185, 210, 220, 230, 240, 250, 255, 285, 295, 355]",0.00000000,"[0.00000000, 0.00000000, 0.00000000, 0.00000000, 0.00000000]",0.27500000,0.45100000,17->6
5,5,8,3,21,"(1, 2, 6, 9, 27)",6,39,probe_repair,"[35, 45, 75, 80, 90, 100, 175, 180, 185, 240, 285, 295, 310, 325, 360]",0.00000000,"[0.00000000, 0.00000000, 0.00000000, 0.00000000, 0.00000000]",0.19600000,0.44700000,25->1
5,5,8,3,21,"(1, 2, 6, 9, 27)",7,43,probe_repair,"[35, 45, 75, 80, 90, 100, 175, 180, 185, 240, 285, 295, 310, 325, 360]",0.00000000,"[0.00000000, 0.00000000, 0.00000000, 0.00000000, 0.00000000]",0.22900000,0.44631429,25->1
5,5,8,3,21,"(1, 2, 6, 9, 27)",8,194,probe_repair,"[90, 95, 105, 135, 145, 155, 170, 220, 295, 305, 310, 320, 325, 335, 350]",0.00000000,"[0.00000000, 0.00000000, 0.00000000, 0.00000000, 0.00000000]",0.22000000,0.45148571,20->2
5,5,8,3,21,"(1, 2, 6, 9, 27)",9,266,probe_repair,"[10, 25, 85, 130, 135, 140, 175, 180, 200, 230, 260, 275, 280, 305, 355]",0.00000000,"[0.00000000, 0.00000000, 0.00000000, 0.00000000, 0.00000000]",0.09900000,0.44568571,7->27
5,5,8,3,21,"(1, 2, 6, 9, 27)",10,81,probe_repair,"[30, 35, 40, 60, 65, 70, 110, 185, 210, 245, 260, 300, 305, 330, 355]",0.00000000,"[0.00000000, 0.00000000, 0.00000000, 0.00000000, 0.00000000]",0.25900000,0.44642857,20->9
5,5,8,3,22,"(5, 16, 22, 24, 28)",1,284,probe_repair,"[30, 45, 60, 80, 115, 140, 160, 165, 180, 235, 285, 315, 335, 340, 360]",0.00000000,"[0.00000000, 0.00000000, 0.00000000, 0.00000000, 0.00000000]",0.16400000,0.45252857,26->5
5,5,8,3,22,"(5, 16, 22, 24, 28)",2,40,probe_repair,"[35, 50, 115, 120, 125, 155, 190, 205, 235, 240, 270, 325, 330, 340, 365]",0.00000000,"[0.00000000, 0.00000000, 0.00000000, 0.00000000, 0.00000000]",0.29300000,0.45590000,17->5
5,5,8,3,22,"(5, 16, 22, 24, 28)",3,7,baseline,"[5, 30, 55, 80, 105, 130, 155, 180, 205, 230, 255, 280, 305, 330, 355]",0.00000000,"[0.00000000, 0.00000000, 0.00000000, 0.00000000, 0.00000000]",0.13800000,0.42971429,2->24
5,5,8,3,22,"(5, 16, 22, 24, 28)",4,4,baseline,"[5, 30, 55, 80, 105, 130, 155, 180, 205, 230, 255, 280, 305, 330, 355]",0.00000000,"[0.00000000, 0.00000000, 0.00000000, 0.00000000, 0.00000000]",0.04900000,0.42841429,2->24
5,5,8,3,22,"(5, 16, 22, 24, 28)",5,529,probe_repair,"[50, 60, 95, 105, 125, 150, 160, 210, 215, 230, 235, 250, 265, 305, 360]",0.00000000,"[0.00000000, 0.00000000, 0.00000000, 0.00000000, 0.00000000]",0.10000000,0.43778571,26->28
5,5,8,3,22,"(5, 16, 22, 24, 28)",6,279,probe_repair,"[30, 45, 60, 80, 115, 140, 160, 165, 180, 235, 285, 315, 335, 340, 360]",0.00000000,"[0.00000000, 0.00000000, 0.00000000, 0.00000000, 0.00000000]",0.19300000,0.45537143,26->5
5,5,8,3,22,"(5, 16, 22, 24, 28)",7,537,probe_repair,"[30, 50, 55, 60, 65, 105, 145, 180, 190, 285, 290, 295, 300, 310, 325]",0.00000000,"[0.00000000, 0.00000000, 0.00000000, 0.00000000, 0.00000000]",0.11300000,0.44190000,7->24
5,5,8,3,22,"(5, 16, 22, 24, 28)",8,445,probe_repair,"[30, 40, 50, 55, 60, 85, 95, 175, 210, 235, 240, 245, 280, 340, 360]",0.00000000,"[0.00000000, 0.00000000, 0.00000000, 0.00000000, 0.00000000]",0.00000000,0.38998571,2->24
5,5,8,3,22,"(5, 16, 22, 24, 28)",9,647,probe_repair,"[45, 60, 80, 100, 145, 155, 160, 165, 180, 205, 220, 225, 290, 305, 315]",0.00000000,"[0.00000000, 0.00000000, 0.00000000, 0.00000000, 0.00000000]",0.10100000,0.43471429,6->22
5,5,8,3,22,"(5, 16, 22, 24, 28)",10,38,probe_repair,"[35, 50, 115, 120, 125, 155, 190, 205, 235, 240, 270, 325, 330, 340, 365]",0.00000000,"[0.00000000, 0.00000000, 0.00000000, 0.00000000, 0.00000000]",0.25200000,0.44715714,17->5
5,5,8,3,23,"(6, 11, 16, 17, 20)",1,1190,probe_repair,"[15, 50, 55, 75, 130, 135, 150, 190, 215, 290, 315, 320, 325, 330, 355]",0.00000000,"[0.00000000, 0.00000000, 0.00000000, 0.00000000, 0.00000000]",0.13300000,0.44516923,24->17
5,5,8,3,23,"(6, 11, 16, 17, 20)",2,429,probe_repair,"[35, 45, 70, 75, 125, 145, 165, 170, 230, 245, 315, 325, 345, 350, 360]",0.00000000,"[0.00000000, 0.00000000, 0.00000000, 0.00000000, 0.00000000]",0.00000000,0.40816923,18->11
5,5,8,3,23,"(6, 11, 16, 17, 20)",3,728,probe_repair,"[25, 30, 40, 55, 70, 75, 130, 150, 215, 225, 245, 255, 275, 290, 350]",0.00000000,"[0.00000000, 0.00000000, 0.00000000, 0.00000000, 0.00000000]",0.14400000,0.44712308,26->16
5,5,8,3,23,"(6, 11, 16, 17, 20)",4,898,probe_repair,"[60, 95, 105, 115, 125, 160, 175, 210, 265, 270, 280, 290, 305, 330, 340]",0.00000000,"[0.00000000, 0.00000000, 0.00000000, 0.00000000, 0.00000000]",0.04900000,0.44004615,7->11
5,5,8,3,23,"(6, 11, 16, 17, 20)",5,352,probe_repair,"[35, 45, 60, 115, 140, 150, 160, 185, 240, 275, 290, 330, 345, 355, 365]",0.00000000,"[0.00000000, 0.00000000, 0.00000000, 0.00000000, 0.00000000]",0.27200000,0.43653846,7->11
5,5,8,3,23,"(6, 11, 16, 17, 20)",6,1591,probe_repair,"[80, 95, 130, 145, 165, 180, 185, 220, 240, 265, 285, 290, 310, 315, 335]",0.00000000,"[0.00000000, 0.00000000, 0.00000000, 0.00000000, 0.00000000]",0.19900000,0.44018462,22->16
5,5,8,3,23,"(6, 11, 16, 17, 20)",7,1542,probe_repair,"[5, 15, 110, 115, 130, 165, 190, 215, 225, 235, 255, 270, 295, 355, 365]",0.00000000,"[0.00000000, 0.00000000, 0.00000000, 0.00000000, 0.00000000]",0.26400000,0.45561538,21->6
5,5,8,3,23,"(6, 11, 16, 17, 20)",8,796,probe_repair,"[25, 55, 65, 75, 80, 120, 140, 150, 175, 225, 235, 280, 295, 350, 355]",0.00000000,"[0.00000000, 0.00000000, 0.00000000, 0.00000000, 0.00000000]",0.25300000,0.45046154,7->11
5,5,8,3,23,"(6, 11, 16, 17, 20)",9,1074,probe_repair,"[35, 65, 85, 100, 130, 135, 175, 180, 185, 190, 215, 235, 240, 245, 345]",0.00000000,"[0.00000000, 0.00000000, 0.00000000, 0.00000000, 0.00000000]",0.17900000,0.45096923,22->16
5,5,8,3,23,"(6, 11, 16, 17, 20)",10,1352,probe_repair,"[10, 45, 85, 100, 140, 150, 160, 170, 195, 205, 235, 240, 320, 335, 355]",0.00000000,"[0.00000000, 0.00000000, 0.00000000, 0.00000000, 0.00000000]",0.19200000,0.45369231,9->17
5,5,8,3,24,"(5, 15, 16, 17, 28)",1,110,probe_repair,"[10, 25, 30, 85, 100, 165, 200, 205, 220, 250, 260, 285, 290, 330, 360]",0.00000000,"[0.00000000, 0.00000000, 0.00000000, 0.00000000, 0.00000000]",0.26200000,0.44952857,24->28
5,5,8,3,24,"(5, 15, 16, 17, 28)",2,167,probe_repair,"[10, 20, 50, 100, 110, 130, 145, 160, 215, 220, 255, 280, 330, 335, 360]",0.00000000,"[0.00000000, 0.00000000, 0.00000000, 0.00000000, 0.00000000]",0.21300000,0.45094286,2->17
5,5,8,3,24,"(5, 15, 16, 17, 28)",3,424,probe_repair,"[5, 45, 50, 55, 85, 100, 110, 145, 200, 205, 215, 225, 290, 305, 325]",0.00000000,"[0.00000000, 0.00000000, 0.00000000, 0.00000000, 0.00000000]",0.28400000,0.45022857,6->15
5,5,8,3,24,"(5, 15, 16, 17, 28)",4,59,probe_repair,"[15, 60, 65, 115, 140, 160, 170, 225, 230, 250, 265, 270, 280, 300, 305]",0.00000000,"[0.00000000, 0.00000000, 0.00000000, 0.00000000, 0.00000000]",0.19100000,0.44707143,11->5
5,5,8,3,24,"(5, 15, 16, 17, 28)",5,204,probe_repair,"[35, 50, 95, 110, 115, 135, 155, 205, 210, 245, 255, 285, 310, 315, 360]",0.00000000,"[0.00000000, 0.00000000, 0.00000000, 0.00000000, 0.00000000]",0.02500000,0.43490000,7->16
5,5,8,3,24,"(5, 15, 16, 17, 28)",6,652,probe_repair,"[5, 20, 55, 65, 75, 80, 160, 165, 210, 235, 260, 275, 300, 315, 325]",0.00000000,"[0.00000000, 0.00000000, 0.00000000, 0.00000000, 0.00000000]",0.20500000,0.44290000,25->28
5,5,8,3,24,"(5, 15, 16, 17, 28)",7,166,probe_repair,"[10, 20, 50, 100, 110, 130, 145, 160, 215, 220, 255, 280, 330, 335, 360]",0.00000000,"[0.00000000, 0.00000000, 0.00000000, 0.00000000, 0.00000000]",0.20200000,0.45252857,2->17
5,5,8,3,24,"(5, 15, 16, 17, 28)",8,48,probe_repair,"[10, 20, 40, 55, 90, 95, 140, 165, 175, 200, 240, 260, 265, 295, 325]",0.00000000,"[0.00000000, 0.00000000, 0.00000000, 0.00000000, 0.00000000]",0.18400000,0.44811429,27->28
5,5,8,3,24,"(5, 15, 16, 17, 28)",9,464,probe_repair,"[20, 40, 110, 160, 165, 170, 200, 220, 225, 235, 260, 270, 300, 330, 345]",0.00000000,"[0.00000000, 0.00000000, 0.00000000, 0.00000000, 0.00000000]",0.04800000,0.45484286,7->17
5,5,8,3,24,"(5, 15, 16, 17, 28)",10,165,probe_repair,"[10, 20, 50, 100, 110, 130, 145, 160, 215, 220, 255, 280, 330, 335, 360]",0.00000000,"[0.00000000, 0.00000000, 0.00000000, 0.00000000, 0.00000000]",0.00000000,0.40610000,2->17
5,5,8,3,25,"(4, 16, 18, 20, 28)",1,896,probe_repair,"[110, 115, 120, 135, 140, 145, 150, 175, 180, 215, 260, 265, 275, 295, 330]",0.00000000,"[0.00000000, 0.00000000, 0.00000000, 0.00000000, 0.00000000]",0.12700000,0.45344615,9->16
5,5,8,3,25,"(4, 16, 18, 20, 28)",2,154,probe_repair,"[10, 40, 45, 70, 100, 130, 160, 170, 190, 195, 200, 230, 280, 290, 305]",0.00000000,"[0.00000000, 0.00000000, 0.00000000, 0.00000000, 0.00000000]",0.13200000,0.44558462,21->20
5,5,8,3,25,"(4, 16, 18, 20, 28)",3,1202,probe_repair,"[85, 95, 105, 165, 185, 210, 240, 265, 280, 290, 300, 310, 315, 330, 350]",0.00000000,"[0.00000000, 0.00000000, 0.00000000, 0.00000000, 0.00000000]",0.10400000,0.44796923,17->4
5,5,8,3,25,"(4, 16, 18, 20, 28)",4,144,probe_repair,"[55, 75, 85, 95, 100, 105, 115, 170, 210, 220, 270, 285, 315, 330, 355]",0.00000000,"[0.00000000, 0.00000000, 0.00000000, 0.00000000, 0.00000000]",0.24400000,0.45646154,21->4
5,5,8,3,25,"(4, 16, 18, 20, 28)",5,411,probe_repair,"[65, 75, 130, 160, 165, 210, 230, 235, 240, 255, 275, 285, 295, 305, 360]",0.00000000,"[0.00000000, 0.00000000, 0.00000000, 0.00000000, 0.00000000]",0.18600000,0.44673846,11->18
5,5,8,3,25,"(4, 16, 18, 20, 28)",6,16,baseline,"[5, 30, 55, 80, 105, 130, 155, 180, 205, 230, 255, 280, 305, 330, 355]",0.00000000,"[0.00000000, 0.00000000, 0.00000000, 0.00000000, 0.00000000]",0.18000000,0.45324615,22->4
5,5,8,3,25,"(4, 16, 18, 20, 28)",7,1354,probe_repair,"[10, 25, 30, 70, 95, 125, 155, 170, 205, 210, 240, 320, 345, 360, 365]",0.00000000,"[0.00000000, 0.00000000, 0.00000000, 0.00000000, 0.00000000]",0.16200000,0.44375385,11->20
5,5,8,3,25,"(4, 16, 18, 20, 28)",8,834,probe_repair,"[10, 40, 60, 70, 75, 130, 135, 195, 285, 300, 310, 315, 320, 340, 360]",0.00000000,"[0.00000000, 0.00000000, 0.00000000, 0.00000000, 0.00000000]",0.07800000,0.44847692,27->16
5,5,8,3,25,"(4, 16, 18, 20, 28)",9,1261,probe_repair,"[30, 35, 55, 85, 90, 140, 155, 160, 175, 185, 200, 235, 250, 255, 280]",0.00000000,"[0.00000000, 0.00000000, 0.00000000, 0.00000000, 0.00000000]",0.06300000,0.40429231,25->28
5,5,8,3,25,"(4, 16, 18, 20, 28)",10,1450,probe_repair,"[20, 50, 65, 85, 90, 100, 110, 165, 175, 225, 255, 320, 325, 335, 350]",0.00000000,"[0.00000000, 0.00000000, 0.00000000, 0.00000000, 0.00000000]",0.23500000,0.45253846,26->20
5,5,8,3,26,"(4, 21, 24, 25, 27)",1,604,probe_repair,"[10, 20, 25, 60, 80, 85, 100, 105, 155, 195, 215, 225, 240, 250, 350]",0.00000000,"[0.00000000, 0.00000000, 0.00000000, 0.00000000, 0.00000000]",0.09000000,0.44527692,18->27
5,5,8,3,26,"(4, 21, 24, 25, 27)",2,279,probe_repair,"[15, 20, 35, 130, 140, 165, 200, 220, 225, 250, 285, 320, 325, 345, 360]",0.00000000,"[0.00000000, 0.00000000, 0.00000000, 0.00000000, 0.00000000]",0.13600000,0.43890769,28->25
5,5,8,3,26,"(4, 21, 24, 25, 27)",3,27,probe_repair,"[5, 60, 65, 95, 110, 120, 150, 165, 170, 175, 235, 250, 260, 290, 350]",0.00000000,"[0.00000000, 0.00000000, 0.00000000, 0.00000000, 0.00000000]",0.29100000,0.44232308,9->25
5,5,8,3,26,"(4, 21, 24, 25, 27)",4,1058,probe_repair,"[10, 20, 75, 85, 100, 110, 150, 175, 185, 200, 250, 275, 285, 300, 345]",0.00000000,"[0.00000000, 0.00000000, 0.00000000, 0.00000000, 0.00000000]",0.20900000,0.44566154,11->24
5,5,8,3,26,"(4, 21, 24, 25, 27)",5,584,probe_repair,"[105, 130, 135, 150, 170, 195, 205, 230, 235, 255, 270, 280, 320, 325, 360]",0.00000000,"[0.00000000, 0.00000000, 0.00000000, 0.00000000, 0.00000000]",0.18800000,0.43952308,6->4
5,5,8,3,26,"(4, 21, 24, 25, 27)",6,1104,probe_repair,"[10, 50, 70, 95, 125, 165, 180, 200, 235, 260, 305, 325, 345, 350, 365]",0.00000000,"[0.00000000, 0.00000000, 0.00000000, 0.00000000, 0.00000000]",0.33700000,0.45883077,7->27
5,5,8,3,26,"(4, 21, 24, 25, 27)",7,1315,probe_repair,"[10, 15, 20, 30, 50, 105, 110, 135, 150, 215, 295, 310, 320, 325, 335]",0.00000000,"[0.00000000, 0.00000000, 0.00000000, 0.00000000, 0.00000000]",0.24500000,0.44352308,11->24
5,5,8,3,26,"(4, 21, 24, 25, 27)",8,41,probe_repair,"[30, 50, 85, 135, 145, 150, 210, 215, 225, 240, 265, 295, 310, 360, 365]",0.00000000,"[0.00000000, 0.00000000, 0.00000000, 0.00000000, 0.00000000]",0.05300000,0.43838462,11->4
5,5,8,3,26,"(4, 21, 24, 25, 27)",9,539,probe_repair,"[20, 30, 35, 40, 75, 90, 110, 190, 210, 215, 235, 240, 245, 285, 320]",0.00000000,"[0.00000000, 0.00000000, 0.00000000, 0.00000000, 0.00000000]",0.10900000,0.44881538,15->21
5,5,8,3,26,"(4, 21, 24, 25, 27)",10,1482,probe_repair,"[55, 90, 100, 105, 115, 145, 150, 220, 235, 260, 275, 285, 295, 330, 350]",0.00000000,"[0.00000000, 0.00000000, 0.00000000, 0.00000000, 0.00000000]",0.14100000,0.45163077,17->21
5,5,8,3,27,"(1, 2, 9, 22, 25)",1,405,probe_repair,"[50, 60, 75, 80, 120, 140, 170, 175, 210, 240, 250, 255, 305, 335, 345]",0.00000000,"[0.00000000, 0.00000000, 0.00000000, 0.00000000, 0.00000000]",0.00000000,0.39761429,4->22
5,5,8,3,27,"(1, 2, 9, 22, 25)",2,568,probe_repair,"[5, 35, 110, 125, 130, 180, 200, 230, 240, 260, 290, 295, 350, 360, 365]",0.00000000,"[0.00000000, 0.00000000, 0.00000000, 0.00000000, 0.00000000]",0.14600000,0.44418571,15->1
5,5,8,3,27,"(1, 2, 9, 22, 25)",3,601,probe_repair,"[45, 50, 60, 95, 105, 110, 120, 125, 150, 155, 195, 225, 260, 300, 345]",0.00000000,"[0.00000000, 0.00000000, 0.00000000, 0.00000000, 0.00000000]",0.07100000,0.44072857,6->22
5,5,8,3,27,"(1, 2, 9, 22, 25)",4,471,probe_repair,"[30, 75, 85, 105, 110, 150, 205, 225, 235, 250, 265, 275, 290, 295, 335]",0.00000000,"[0.00000000, 0.00000000, 0.00000000, 0.00000000, 0.00000000]",0.13200000,0.44892857,26->25
5,5,8,3,27,"(1, 2, 9, 22, 25)",5,646,probe_repair,"[25, 70, 95, 105, 135, 165, 200, 205, 265, 275, 295, 305, 325, 340, 360]",0.00000000,"[0.00000000, 0.00000000, 0.00000000, 0.00000000, 0.00000000]",0.28300000,0.45620000,28->25
5,5,8,3,27,"(1, 2, 9, 22, 25)",6,39,probe_repair,"[25, 105, 120, 135, 155, 185, 195, 205, 250, 260, 310, 325, 335, 340, 355]",0.00000000,"[0.00000000, 0.00000000, 0.00000000, 0.00000000, 0.00000000]",0.22500000,0.45602857,18->22
5,5,8,3,27,"(1, 2, 9, 22, 25)",7,44,probe_repair,"[25, 105, 120, 135, 155, 185, 195, 205, 250, 260, 310, 325, 335, 340, 355]",0.00000000,"[0.00000000, 0.00000000, 0.00000000, 0.00000000, 0.00000000]",0.28000000,0.45244286,21->1
5,5,8,3,27,"(1, 2, 9, 22, 25)",8,51,probe_repair,"[55, 90, 95, 145, 155, 160, 180, 210, 230, 240, 260, 285, 295, 335, 365]",0.00000000,"[0.00000000, 0.00000000, 0.00000000, 0.00000000, 0.00000000]",0.32400000,0.45851429,27->2
5,5,8,3,27,"(1, 2, 9, 22, 25)",9,640,probe_repair,"[50, 75, 105, 140, 150, 185, 190, 200, 205, 240, 305, 325, 335, 345, 365]",0.00000000,"[0.00000000, 0.00000000, 0.00000000, 0.00000000, 0.00000000]",0.20800000,0.45015714,17->1
5,5,8,3,27,"(1, 2, 9, 22, 25)",10,38,probe_repair,"[25, 105, 120, 135, 155, 185, 195, 205, 250, 260, 310, 325, 335, 340, 355]",0.00000000,"[0.00000000, 0.00000000, 0.00000000, 0.00000000, 0.00000000]",0.27500000,0.45708571,21->22
5,5,8,3,28,"(5, 6, 11, 26, 28)",1,369,probe_repair,"[5, 10, 75, 110, 115, 150, 160, 200, 210, 215, 225, 300, 325, 330, 345]",0.00000000,"[0.00000000, 0.00000000, 0.00000000, 0.00000000, 0.00000000]",0.24600000,0.44687143,15->26
5,5,8,3,28,"(5, 6, 11, 26, 28)",2,259,probe_repair,"[5, 10, 65, 85, 95, 105, 150, 155, 160, 180, 190, 290, 300, 340, 360]",0.00000000,"[0.00000000, 0.00000000, 0.00000000, 0.00000000, 0.00000000]",0.28600000,0.44971429,2->28
5,5,8,3,28,"(5, 6, 11, 26, 28)",3,74,probe_repair,"[25, 30, 40, 45, 60, 110, 185, 205, 235, 245, 260, 265, 300, 340, 360]",0.00000000,"[0.00000000, 0.00000000, 0.00000000, 0.00000000, 0.00000000]",0.12900000,0.44695714,22->6
5,5,8,3,28,"(5, 6, 11, 26, 28)",4,142,probe_repair,"[10, 15, 60, 65, 90, 105, 110, 115, 120, 165, 185, 205, 270, 300, 340]",0.00000000,"[0.00000000, 0.00000000, 0.00000000, 0.00000000, 0.00000000]",0.09300000,0.44570000,27->11
5,5,8,3,28,"(5, 6, 11, 26, 28)",5,147,probe_repair,"[10, 15, 60, 65, 90, 105, 110, 115, 120, 165, 185, 205, 270, 300, 340]",0.00000000,"[0.00000000, 0.00000000, 0.00000000, 0.00000000, 0.00000000]",0.07800000,0.44658571,27->11
5,5,8,3,28,"(5, 6, 11, 26, 28)",6,567,probe_repair,"[10, 80, 85, 95, 115, 130, 140, 155, 175, 200, 255, 265, 330, 355, 365]",0.00000000,"[0.00000000, 0.00000000, 0.00000000, 0.00000000, 0.00000000]",0.04600000,0.43565714,17->26
5,5,8,3,28,"(5, 6, 11, 26, 28)",7,391,probe_repair,"[5, 15, 20, 30, 80, 85, 110, 135, 160, 260, 275, 280, 290, 300, 305]",0.00000000,"[0.00000000, 0.00000000, 0.00000000, 0.00000000, 0.00000000]",0.21300000,0.45265714,22->26
5,5,8,3,28,"(5, 6, 11, 26, 28)",8,145,probe_repair,"[10, 15, 60, 65, 90, 105, 110, 115, 120, 165, 185, 205, 270, 300, 340]",0.00000000,"[0.00000000, 0.00000000, 0.00000000, 0.00000000, 0.00000000]",0.09300000,0.44472857,27->11
5,5,8,3,28,"(5, 6, 11, 26, 28)",9,394,probe_repair,"[5, 15, 20, 30, 80, 85, 110, 135, 160, 260, 275, 280, 290, 300, 305]",0.00000000,"[0.00000000, 0.00000000, 0.00000000, 0.00000000, 0.00000000]",0.22300000,0.44504286,20->5
5,5,8,3,28,"(5, 6, 11, 26, 28)",10,67,probe_repair,"[10, 100, 110, 135, 140, 145, 160, 175, 210, 225, 250, 275, 305, 315, 325]",0.00000000,"[0.00000000, 0.00000000, 0.00000000, 0.00000000, 0.00000000]",0.28700000,0.45261429,16->28
5,5,8,3,29,"(5, 7, 17, 20, 28)",1,496,probe_repair,"[30, 35, 55, 85, 115, 140, 160, 225, 240, 250, 270, 275, 280, 290, 345]",0.00000000,"[0.00000000, 0.00000000, 0.00000000, 0.00000000, 0.00000000]",0.24400000,0.45020000,27->7
5,5,8,3,29,"(5, 7, 17, 20, 28)",2,497,probe_repair,"[30, 35, 55, 85, 115, 140, 160, 225, 240, 250, 270, 275, 280, 290, 345]",0.00000000,"[0.00000000, 0.00000000, 0.00000000, 0.00000000, 0.00000000]",0.24900000,0.44954286,16->17
5,5,8,3,29,"(5, 7, 17, 20, 28)",3,472,probe_repair,"[80, 90, 105, 110, 120, 135, 160, 235, 265, 275, 290, 330, 340, 355, 360]",0.00000000,"[0.00000000, 0.00000000, 0.00000000, 0.00000000, 0.00000000]",0.08600000,0.44621429,2->20
5,5,8,3,29,"(5, 7, 17, 20, 28)",4,476,probe_repair,"[80, 90, 105, 110, 120, 135, 160, 235, 265, 275, 290, 330, 340, 355, 360]",0.00000000,"[0.00000000, 0.00000000, 0.00000000, 0.00000000, 0.00000000]",0.06300000,0.44154286,2->20
5,5,8,3,29,"(5, 7, 17, 20, 28)",5,187,probe_repair,"[5, 20, 30, 60, 105, 155, 165, 175, 190, 245, 255, 275, 295, 300, 325]",0.00000000,"[0.00000000, 0.00000000, 0.00000000, 0.00000000, 0.00000000]",0.05900000,0.45011429,24->7
5,5,8,3,29,"(5, 7, 17, 20, 28)",6,465,probe_repair,"[5, 35, 85, 100, 135, 180, 200, 205, 210, 215, 220, 225, 240, 250, 310]",0.00000000,"[0.00000000, 0.00000000, 0.00000000, 0.00000000, 0.00000000]",0.34400000,0.45430000,21->17
5,5,8,3,29,"(5, 7, 17, 20, 28)",7,250,probe_repair,"[30, 35, 75, 120, 125, 150, 170, 205, 210, 215, 220, 225, 270, 305, 335]",0.00000000,"[0.00000000, 0.00000000, 0.00000000, 0.00000000, 0.00000000]",0.13600000,0.44417143,2->20
5,5,8,3,29,"(5, 7, 17, 20, 28)",8,259,probe_repair,"[10, 25, 45, 85, 90, 100, 105, 110, 255, 275, 300, 325, 330, 340, 360]",0.00000000,"[0.00000000, 0.00000000, 0.00000000, 0.00000000, 0.00000000]",0.12000000,0.45212857,24->5
5,5,8,3,29,"(5, 7, 17, 20, 28)",9,265,probe_repair,"[5, 15, 45, 50, 100, 105, 110, 140, 155, 180, 185, 220, 235, 300, 310]",0.00000000,"[0.00000000, 0.00000000, 0.00000000, 0.00000000, 0.00000000]",0.20000000,0.44885714,16->5
5,5,8,3,29,"(5, 7, 17, 20, 28)",10,258,probe_repair,"[10, 25, 45, 85, 90, 100, 105, 110, 255, 275, 300, 325, 330, 340, 360]",0.00000000,"[0.00000000, 0.00000000, 0.00000000, 0.00000000, 0.00000000]",0.13600000,0.45651429,24->5
5,5,8,3,30,"(16, 21, 25, 27, 28)",1,580,probe_repair,"[20, 40, 110, 155, 175, 200, 205, 275, 285, 290, 325, 330, 340, 350, 365]",0.00000000,"[0.00000000, 0.00000000, 0.00000000, 0.00000000, 0.00000000]",0.18900000,0.44950769,6->21
5,5,8,3,30,"(16, 21, 25, 27, 28)",2,254,probe_repair,"[10, 25, 35, 40, 65, 125, 135, 150, 185, 190, 200, 225, 270, 285, 290]",0.00000000,"[0.00000000, 0.00000000, 0.00000000, 0.00000000, 0.00000000]",0.17000000,0.46153846,20->27
5,5,8,3,30,"(16, 21, 25, 27, 28)",3,944,probe_repair,"[20, 30, 40, 50, 75, 105, 110, 125, 135, 240, 295, 330, 335, 340, 365]",0.00000000,"[0.00000000, 0.00000000, 0.00000000, 0.00000000, 0.00000000]",0.11700000,0.44226154,22->21
5,5,8,3,30,"(16, 21, 25, 27, 28)",4,1179,probe_repair,"[20, 40, 55, 60, 80, 85, 170, 180, 185, 225, 295, 300, 325, 335, 365]",0.00000000,"[0.00000000, 0.00000000, 0.00000000, 0.00000000, 0.00000000]",0.21400000,0.44296923,24->25
5,5,8,3,30,"(16, 21, 25, 27, 28)",5,63,probe_repair,"[10, 15, 20, 100, 115, 130, 135, 140, 165, 215, 235, 275, 290, 340, 350]",0.00000000,"[0.00000000, 0.00000000, 0.00000000, 0.00000000, 0.00000000]",0.13600000,0.43415385,11->28
5,5,8,3,30,"(16, 21, 25, 27, 28)",6,1407,probe_repair,"[15, 40, 55, 70, 80, 135, 155, 180, 190, 200, 210, 220, 300, 320, 340]",0.00000000,"[0.00000000, 0.00000000, 0.00000000, 0.00000000, 0.00000000]",0.26800000,0.44100000,24->16
5,5,8,3,30,"(16, 21, 25, 27, 28)",7,64,probe_repair,"[10, 15, 20, 100, 115, 130, 135, 140, 165, 215, 235, 275, 290, 340, 350]",0.00000000,"[0.00000000, 0.00000000, 0.00000000, 0.00000000, 0.00000000]",0.07400000,0.43632308,17->21
5,5,8,3,30,"(16, 21, 25, 27, 28)",8,217,probe_repair,"[20, 75, 115, 120, 125, 145, 175, 180, 185, 190, 245, 270, 315, 330, 360]",0.00000000,"[0.00000000, 0.00000000, 0.00000000, 0.00000000, 0.00000000]",0.21900000,0.45000000,4->27
5,5,8,3,30,"(16, 21, 25, 27, 28)",9,351,probe_repair,"[20, 45, 50, 60, 65, 85, 140, 175, 215, 295, 305, 320, 335, 340, 360]",0.00000000,"[0.00000000, 0.00000000, 0.00000000, 0.00000000, 0.00000000]",0.34900000,0.45360000,24->16
5,5,8,3,30,"(16, 21, 25, 27, 28)",10,537,probe_repair,"[40, 50, 80, 85, 95, 125, 130, 135, 145, 160, 195, 225, 250, 260, 290]",0.00000000,"[0.00000000, 0.00000000, 0.00000000, 0.00000000, 0.00000000]",0.18800000,0.44369231,15->16
5,5,8,3,31,"(9, 11, 22, 26, 27)",1,308,probe_repair,"[45, 70, 80, 90, 115, 140, 205, 215, 220, 230, 245, 300, 305, 350, 360]",0.00000000,"[0.00000000, 0.00000000, 0.00000000, 0.00000000, 0.00000000]",0.23100000,0.43881538,21->11
5,5,8,3,31,"(9, 11, 22, 26, 27)",2,1365,probe_repair,"[10, 25, 70, 85, 95, 140, 145, 160, 170, 185, 215, 225, 230, 240, 355]",0.00000000,"[0.00000000, 0.00000000, 0.00000000, 0.00000000, 0.00000000]",0.00000000,0.41541538,24->22
5,5,8,3,31,"(9, 11, 22, 26, 27)",3,621,probe_repair,"[10, 40, 50, 60, 70, 75, 105, 130, 170, 215, 220, 245, 255, 315, 365]",0.00000000,"[0.00000000, 0.00000000, 0.00000000, 0.00000000, 0.00000000]",0.00000000,0.40964615,21->22
5,5,8,3,31,"(9, 11, 22, 26, 27)",4,1393,probe_repair,"[10, 15, 20, 35, 45, 85, 130, 135, 155, 175, 185, 195, 215, 245, 315]",0.00000000,"[0.00000000, 0.00000000, 0.00000000, 0.00000000, 0.00000000]",0.13100000,0.44543077,4->26
5,5,8,3,31,"(9, 11, 22, 26, 27)",5,1386,probe_repair,"[5, 25, 40, 85, 105, 120, 155, 220, 230, 240, 245, 250, 305, 315, 335]",0.00000000,"[0.00000000, 0.00000000, 0.00000000, 0.00000000, 0.00000000]",0.16800000,0.44915385,15->9
5,5,8,3,31,"(9, 11, 22, 26, 27)",6,80,probe_repair,"[65, 70, 95, 115, 140, 155, 185, 215, 235, 255, 280, 310, 315, 320, 360]",0.00000000,"[0.00000000, 0.00000000, 0.00000000, 0.00000000, 0.00000000]",0.12800000,0.42278462,15->22
5,5,8,3,31,"(9, 11, 22, 26, 27)",7,1367,probe_repair,"[10, 25, 70, 85, 95, 140, 145, 160, 170, 185, 215, 225, 230, 240, 355]",0.00000000,"[0.00000000, 0.00000000, 0.00000000, 0.00000000, 0.00000000]",0.16100000,0.45530769,6->22
5,5,8,3,31,"(9, 11, 22, 26, 27)",8,305,probe_repair,"[45, 70, 80, 90, 115, 140, 205, 215, 220, 230, 245, 300, 305, 350, 360]",0.00000000,"[0.00000000, 0.00000000, 0.00000000, 0.00000000, 0.00000000]",0.19000000,0.43964615,21->11
5,5,8,3,31,"(9, 11, 22, 26, 27)",9,578,probe_repair,"[15, 20, 25, 60, 75, 125, 145, 165, 200, 220, 230, 275, 280, 285, 345]",0.00000000,"[0.00000000, 0.00000000, 0.00000000, 0.00000000, 0.00000000]",0.29400000,0.46156923,28->26
5,5,8,3,31,"(9, 11, 22, 26, 27)",10,1160,probe_repair,"[5, 40, 65, 90, 100, 135, 145, 175, 225, 230, 240, 245, 305, 355, 360]",0.00000000,"[0.00000000, 0.00000000, 0.00000000, 0.00000000, 0.00000000]",0.14700000,0.44193846,18->27
5,5,8,3,32,"(2, 4, 5, 7, 15)",1,358,probe_repair,"[25, 30, 60, 155, 170, 175, 180, 185, 205, 230, 255, 260, 305, 310, 340]",0.00000000,"[0.00000000, 0.00000000, 0.00000000, 0.00000000, 0.00000000]",0.19300000,0.44217143,9->4
5,5,8,3,32,"(2, 4, 5, 7, 15)",2,490,probe_repair,"[5, 10, 40, 115, 165, 180, 210, 225, 235, 275, 285, 315, 330, 360, 365]",0.00000000,"[0.00000000, 0.00000000, 0.00000000, 0.00000000, 0.00000000]",0.08600000,0.43687143,17->7
5,5,8,3,32,"(2, 4, 5, 7, 15)",3,460,probe_repair,"[10, 20, 35, 50, 90, 100, 120, 145, 150, 180, 205, 250, 265, 325, 340]",0.00000000,"[0.00000000, 0.00000000, 0.00000000, 0.00000000, 0.00000000]",0.18300000,0.45101429,6->5
5,5,8,3,32,"(2, 4, 5, 7, 15)",4,391,probe_repair,"[35, 65, 85, 110, 115, 160, 190, 200, 220, 240, 260, 290, 335, 340, 360]",0.00000000,"[0.00000000, 0.00000000, 0.00000000, 0.00000000, 0.00000000]",0.27600000,0.45608571,28->2
5,5,8,3,32,"(2, 4, 5, 7, 15)",5,250,probe_repair,"[20, 25, 65, 105, 125, 135, 160, 185, 215, 260, 275, 285, 300, 310, 325]",0.00000000,"[0.00000000, 0.00000000, 0.00000000, 0.00000000, 0.00000000]",0.12000000,0.45854286,20->2
5,5,8,3,32,"(2, 4, 5, 7, 15)",6,249,probe_repair,"[20, 25, 65, 105, 125, 135, 160, 185, 215, 260, 275, 285, 300, 310, 325]",0.00000000,"[0.00000000, 0.00000000, 0.00000000, 0.00000000, 0.00000000]",0.11500000,0.45868571,20->2
5,5,8,3,32,"(2, 4, 5, 7, 15)",7,175,probe_repair,"[10, 15, 35, 100, 110, 135, 205, 240, 260, 285, 305, 325, 330, 335, 355]",0.00000000,"[0.00000000, 0.00000000, 0.00000000, 0.00000000, 0.00000000]",0.18700000,0.44668571,11->4
5,5,8,3,32,"(2, 4, 5, 7, 15)",8,455,probe_repair,"[10, 20, 35, 50, 90, 100, 120, 145, 150, 180, 205, 250, 265, 325, 340]",0.00000000,"[0.00000000, 0.00000000, 0.00000000, 0.00000000, 0.00000000]",0.10400000,0.44207143,6->5
5,5,8,3,32,"(2, 4, 5, 7, 15)",9,119,probe_repair,"[20, 30, 35, 95, 165, 215, 220, 230, 235, 240, 245, 250, 290, 335, 360]",0.00000000,"[0.00000000, 0.00000000, 0.00000000, 0.00000000, 0.00000000]",0.22700000,0.45017143,24->5
5,5,8,3,32,"(2, 4, 5, 7, 15)",10,93,probe_repair,"[15, 20, 35, 90, 100, 115, 120, 130, 180, 215, 225, 230, 240, 270, 285]",0.00000000,"[0.00000000, 0.00000000, 0.00000000, 0.00000000, 0.00000000]",0.00000000,0.39838571,28->5
5,5,8,3,33,"(9, 11, 18, 22, 24)",1,1278,probe_repair,"[5, 50, 60, 65, 80, 85, 100, 165, 170, 205, 215, 225, 285, 305, 350]",0.00000000,"[0.00000000, 0.00000000, 0.00000000, 0.00000000, 0.00000000]",0.22700000,0.44376923,20->9
5,5,8,3,33,"(9, 11, 18, 22, 24)",2,340,probe_repair,"[55, 75, 80, 110, 120, 130, 135, 190, 200, 245, 250, 275, 285, 310, 355]",0.00000000,"[0.00000000, 0.00000000, 0.00000000, 0.00000000, 0.00000000]",0.13300000,0.44569231,25->9
5,5,8,3,33,"(9, 11, 18, 22, 24)",3,851,probe_repair,"[30, 65, 100, 115, 140, 145, 160, 165, 175, 195, 215, 260, 270, 335, 350]",0.00000000,"[0.00000000, 0.00000000, 0.00000000, 0.00000000, 0.00000000]",0.23300000,0.44689231,16->9
5,5,8,3,33,"(9, 11, 18, 22, 24)",4,1345,probe_repair,"[50, 55, 60, 65, 80, 100, 105, 115, 130, 185, 255, 295, 320, 325, 365]",0.00000000,"[0.00000000, 0.00000000, 0.00000000, 0.00000000, 0.00000000]",0.06300000,0.44021538,7->18
5,5,8,3,33,"(9, 11, 18, 22, 24)",5,335,probe_repair,"[55, 75, 80, 110, 120, 130, 135, 190, 200, 245, 250, 275, 285, 310, 355]",0.00000000,"[0.00000000, 0.00000000, 0.00000000, 0.00000000, 0.00000000]",0.09600000,0.44376923,25->9
5,5,8,3,33,"(9, 11, 18, 22, 24)",6,583,probe_repair,"[20, 45, 95, 155, 185, 230, 260, 265, 270, 280, 285, 315, 335, 345, 360]",0.00000000,"[0.00000000, 0.00000000, 0.00000000, 0.00000000, 0.00000000]",0.34200000,0.46549231,6->18
5,5,8,3,33,"(9, 11, 18, 22, 24)",7,825,probe_repair,"[25, 70, 90, 115, 120, 125, 215, 265, 275, 305, 320, 325, 335, 345, 355]",0.00000000,"[0.00000000, 0.00000000, 0.00000000, 0.00000000, 0.00000000]",0.27300000,0.45307692,4->11
5,5,8,3,33,"(9, 11, 18, 22, 24)",8,301,probe_repair,"[5, 40, 70, 90, 105, 110, 120, 130, 150, 170, 185, 195, 240, 260, 360]",0.00000000,"[0.00000000, 0.00000000, 0.00000000, 0.00000000, 0.00000000]",0.00000000,0.40775385,20->24
5,5,8,3,33,"(9, 11, 18, 22, 24)",9,1034,probe_repair,"[50, 90, 95, 130, 140, 145, 160, 195, 225, 305, 310, 315, 335, 345, 360]",0.00000000,"[0.00000000, 0.00000000, 0.00000000, 0.00000000, 0.00000000]",0.28800000,0.45410769,27->18
5,5,8,3,33,"(9, 11, 18, 22, 24)",10,1176,probe_repair,"[45, 60, 70, 95, 110, 140, 150, 165, 195, 200, 240, 310, 320, 345, 365]",0.00000000,"[0.00000000, 0.00000000, 0.00000000, 0.00000000, 0.00000000]",0.09000000,0.43507692,26->18
5,5,8,3,34,"(1, 4, 5, 21, 24)",1,50,probe_repair,"[5, 10, 15, 40, 65, 90, 105, 125, 135, 155, 260, 325, 330, 345, 360]",0.00000000,"[0.00000000, 0.00000000, 0.00000000, 0.00000000, 0.00000000]",0.00500000,0.44513333,27->4
5,5,8,3,34,"(1, 4, 5, 21, 24)",2,81,probe_repair,"[90, 100, 115, 175, 200, 205, 230, 240, 250, 255, 260, 275, 285, 300, 355]",0.00000000,"[0.00000000, 0.00000000, 0.00000000, 0.00000000, 0.00000000]",0.02000000,0.44750667,6->5
5,5,8,3,34,"(1, 4, 5, 21, 24)",3,200,probe_repair,"[5, 40, 50, 55, 140, 150, 190, 230, 240, 245, 265, 280, 305, 330, 340]",0.00000000,"[0.00000000, 0.00000000, 0.00000000, 0.00000000, 0.00000000]",0.13100000,0.43738667,7->5
5,5,8,3,34,"(1, 4, 5, 21, 24)",4,79,probe_repair,"[90, 100, 115, 175, 200, 205, 230, 240, 250, 255, 260, 275, 285, 300, 355]",0.00000000,"[0.00000000, 0.00000000, 0.00000000, 0.00000000, 0.00000000]",0.03900000,0.45270667,6->5
5,5,8,3,34,"(1, 4, 5, 21, 24)",5,59,probe_repair,"[15, 35, 45, 50, 90, 95, 110, 150, 155, 160, 180, 250, 260, 275, 340]",0.00000000,"[0.00000000, 0.00000000, 0.00000000, 0.00000000, 0.00000000]",0.17200000,0.44928000,6->4
5,5,8,3,34,"(1, 4, 5, 21, 24)",6,148,probe_repair,"[10, 60, 75, 80, 85, 105, 180, 205, 210, 235, 255, 260, 300, 305, 310]",0.00000000,"[0.00000000, 0.00000000, 0.00000000, 0.00000000, 0.00000000]",0.15200000,0.44674667,2->21
5,5,8,3,34,"(1, 4, 5, 21, 24)",7,116,probe_repair,"[30, 35, 50, 60, 100, 120, 125, 130, 135, 145, 155, 220, 300, 310, 335]",0.00000000,"[0.00000000, 0.00000000, 0.00000000, 0.00000000, 0.00000000]",0.24500000,0.44598667,28->4
5,5,8,3,34,"(1, 4, 5, 21, 24)",8,83,probe_repair,"[90, 100, 115, 175, 200, 205, 230, 240, 250, 255, 260, 275, 285, 300, 355]",0.00000000,"[0.00000000, 0.00000000, 0.00000000, 0.00000000, 0.00000000]",0.05500000,0.44778667,6->5
5,5,8,3,34,"(1, 4, 5, 21, 24)",9,201,probe_repair,"[5, 40, 50, 55, 140, 150, 190, 230, 240, 245, 265, 280, 305, 330, 340]",0.00000000,"[0.00000000, 0.00000000, 0.00000000, 0.00000000, 0.00000000]",0.11600000,0.44028000,7->5
5,5,8,3,34,"(1, 4, 5, 21, 24)",10,80,probe_repair,"[90, 100, 115, 175, 200, 205, 230, 240, 250, 255, 260, 275, 285, 300, 355]",0.00000000,"[0.00000000, 0.00000000, 0.00000000, 0.00000000, 0.00000000]",0.04300000,0.45160000,6->5
5,5,8,3,35,"(7, 15, 21, 22, 24)",1,597,probe_repair,"[15, 55, 90, 120, 150, 160, 165, 170, 175, 240, 245, 300, 320, 340, 365]",0.00000000,"[0.00000000, 0.00000000, 0.00000000, 0.00000000, 0.00000000]",0.09400000,0.41030769,20->15
5,5,8,3,35,"(7, 15, 21, 22, 24)",2,50,probe_repair,"[20, 55, 70, 120, 135, 175, 205, 210, 225, 265, 280, 325, 340, 355, 365]",0.00000000,"[0.00000000, 0.00000000, 0.00000000, 0.00000000, 0.00000000]",0.22400000,0.44826154,26->7
5,5,8,3,35,"(7, 15, 21, 22, 24)",3,727,probe_repair,"[105, 120, 130, 205, 220, 225, 250, 255, 275, 290, 305, 340, 345, 350, 360]",0.00000000,"[0.00000000, 0.00000000, 0.00000000, 0.00000000, 0.00000000]",0.31500000,0.45721538,27->7
5,5,8,3,35,"(7, 15, 21, 22, 24)",4,544,probe_repair,"[20, 40, 50, 60, 70, 90, 175, 215, 220, 235, 280, 305, 315, 325, 340]",0.00000000,"[0.00000000, 0.00000000, 0.00000000, 0.00000000, 0.00000000]",0.32000000,0.45190769,16->22
5,5,8,3,35,"(7, 15, 21, 22, 24)",5,1266,probe_repair,"[30, 45, 60, 65, 95, 100, 120, 125, 130, 170, 250, 275, 300, 320, 350]",0.00000000,"[0.00000000, 0.00000000, 0.00000000, 0.00000000, 0.00000000]",0.25200000,0.45201538,25->7
5,5,8,3,35,"(7, 15, 21, 22, 24)",6,535,probe_repair,"[20, 55, 105, 130, 135, 145, 195, 200, 210, 215, 230, 250, 280, 290, 315]",0.00000000,"[0.00000000, 0.00000000, 0.00000000, 0.00000000, 0.00000000]",0.15900000,0.44293846,17->7
5,5,8,3,35,"(7, 15, 21, 22, 24)",7,1466,probe_repair,"[5, 45, 100, 105, 115, 135, 165, 180, 225, 230, 250, 260, 280, 290, 350]",0.00000000,"[0.00000000, 0.00000000, 0.00000000, 0.00000000, 0.00000000]",0.12400000,0.44272308,9->15
5,5,8,3,35,"(7, 15, 21, 22, 24)",8,74,probe_repair,"[25, 35, 50, 60, 100, 110, 115, 125, 210, 280, 300, 325, 340, 350, 365]",0.00000000,"[0.00000000, 0.00000000, 0.00000000, 0.00000000, 0.00000000]",0.15700000,0.43756923,6->24
5,5,8,3,35,"(7, 15, 21, 22, 24)",9,267,probe_repair,"[5, 50, 55, 75, 80, 130, 190, 195, 210, 215, 235, 265, 280, 320, 325]",0.00000000,"[0.00000000, 0.00000000, 0.00000000, 0.00000000, 0.00000000]",0.10900000,0.43510769,18->15
5,5,8,3,35,"(7, 15, 21, 22, 24)",10,322,probe_repair,"[45, 50, 90, 115, 130, 140, 155, 170, 210, 240, 275, 285, 315, 325, 360]",0.00000000,"[0.00000000, 0.00000000, 0.00000000, 0.00000000, 0.00000000]",0.04900000,0.44006154,20->22
5,5,8,3,36,"(1, 6, 7, 9, 18)",1,475,probe_repair,"[40, 50, 65, 90, 180, 195, 200, 205, 225, 230, 250, 265, 295, 305, 340]",0.00000000,"[0.00000000, 0.00000000, 0.00000000, 0.00000000, 0.00000000]",0.24700000,0.45261429,16->18
5,5,8,3,36,"(1, 6, 7, 9, 18)",2,172,probe_repair,"[5, 25, 40, 50, 80, 150, 155, 235, 255, 275, 280, 300, 305, 325, 335]",0.00000000,"[0.00000000, 0.00000000, 0.00000000, 0.00000000, 0.00000000]",0.01200000,0.43585714,4->6
5,5,8,3,36,"(1, 6, 7, 9, 18)",3,409,probe_repair,"[15, 65, 75, 85, 90, 120, 130, 135, 185, 190, 195, 240, 310, 335, 355]",0.00000000,"[0.00000000, 0.00000000, 0.00000000, 0.00000000, 0.00000000]",0.12500000,0.44411429,22->18
5,5,8,3,36,"(1, 6, 7, 9, 18)",4,127,probe_repair,"[60, 75, 100, 110, 120, 140, 180, 195, 220, 230, 260, 265, 290, 325, 340]",0.00000000,"[0.00000000, 0.00000000, 0.00000000, 0.00000000, 0.00000000]",0.24100000,0.45491429,11->18
5,5,8,3,36,"(1, 6, 7, 9, 18)",5,124,probe_repair,"[25, 40, 85, 180, 185, 190, 200, 230, 240, 260, 285, 295, 305, 340, 365]",0.00000000,"[0.00000000, 0.00000000, 0.00000000, 0.00000000, 0.00000000]",0.26400000,0.45707143,25->6
5,5,8,3,36,"(1, 6, 7, 9, 18)",6,474,probe_repair,"[40, 50, 65, 90, 180, 195, 200, 205, 225, 230, 250, 265, 295, 305, 340]",0.00000000,"[0.00000000, 0.00000000, 0.00000000, 0.00000000, 0.00000000]",0.28000000,0.45624286,27->18
5,5,8,3,36,"(1, 6, 7, 9, 18)",7,129,probe_repair,"[60, 75, 100, 110, 120, 140, 180, 195, 220, 230, 260, 265, 290, 325, 340]",0.00000000,"[0.00000000, 0.00000000, 0.00000000, 0.00000000, 0.00000000]",0.28200000,0.44610000,20->18
5,5,8,3,36,"(1, 6, 7, 9, 18)",8,24,probe_repair,"[10, 15, 35, 60, 75, 105, 110, 115, 135, 190, 230, 245, 285, 295, 310]",0.00000000,"[0.00000000, 0.00000000, 0.00000000, 0.00000000, 0.00000000]",0.25800000,0.45881429,20->1
5,5,8,3,36,"(1, 6, 7, 9, 18)",9,446,probe_repair,"[5, 35, 65, 100, 110, 140, 145, 155, 200, 225, 255, 260, 300, 345, 365]",0.00000000,"[0.00000000, 0.00000000, 0.00000000, 0.00000000, 0.00000000]",0.12900000,0.45644286,26->9
5,5,8,3,36,"(1, 6, 7, 9, 18)",10,389,probe_repair,"[10, 15, 30, 55, 60, 75, 90, 160, 175, 230, 235, 280, 285, 325, 330]",0.00000000,"[0.00000000, 0.00000000, 0.00000000, 0.00000000, 0.00000000]",0.02600000,0.42532857,20->1
5,5,8,3,37,"(4, 7, 9, 15, 18)",1,756,probe_repair,"[5, 20, 90, 105, 135, 190, 210, 220, 260, 285, 305, 310, 345, 350, 360]",0.00000000,"[0.00000000, 0.00000000, 0.00000000, 0.00000000, 0.00000000]",0.21400000,0.45115385,28->15
5,5,8,3,37,"(4, 7, 9, 15, 18)",2,1254,probe_repair,"[10, 25, 50, 80, 95, 130, 140, 165, 180, 265, 290, 295, 305, 335, 350]",0.00000000,"[0.00000000, 0.00000000, 0.00000000, 0.00000000, 0.00000000]",0.18000000,0.44772308,21->4
5,5,8,3,37,"(4, 7, 9, 15, 18)",3,952,probe_repair,"[40, 70, 75, 90, 100, 120, 130, 135, 190, 195, 225, 230, 250, 300, 355]",0.00000000,"[0.00000000, 0.00000000, 0.00000000, 0.00000000, 0.00000000]",0.18800000,0.44636923,25->15
5,5,8,3,37,"(4, 7, 9, 15, 18)",4,670,probe_repair,"[10, 35, 90, 115, 120, 140, 160, 170, 200, 220, 240, 310, 315, 345, 360]",0.00000000,"[0.00000000, 0.00000000, 0.00000000, 0.00000000, 0.00000000]",0.26100000,0.45421538,21->4
5,5,8,3,37,"(4, 7, 9, 15, 18)",5,316,probe_repair,"[30, 55, 125, 140, 145, 155, 185, 190, 270, 295, 310, 315, 320, 325, 360]",0.00000000,"[0.00000000, 0.00000000, 0.00000000, 0.00000000, 0.00000000]",0.20800000,0.44938462,20->15
5,5,8,3,37,"(4, 7, 9, 15, 18)",6,1074,probe_repair,"[20, 35, 95, 110, 170, 185, 230, 235, 265, 300, 315, 330, 345, 355, 360]",0.00000000,"[0.00000000, 0.00000000, 0.00000000, 0.00000000, 0.00000000]",0.11600000,0.44112308,16->15
5,5,8,3,37,"(4, 7, 9, 15, 18)",7,1234,probe_repair,"[25, 35, 60, 80, 135, 180, 190, 210, 220, 230, 235, 280, 300, 330, 355]",0.00000000,"[0.00000000, 0.00000000, 0.00000000, 0.00000000, 0.00000000]",0.19200000,0.44313846,16->7
5,5,8,3,37,"(4, 7, 9, 15, 18)",8,1077,probe_repair,"[5, 10, 25, 90, 100, 120, 125, 180, 205, 240, 250, 295, 325, 340, 360]",0.00000000,"[0.00000000, 0.00000000, 0.00000000, 0.00000000, 0.00000000]",0.11700000,0.40927692,16->4
5,5,8,3,37,"(4, 7, 9, 15, 18)",9,346,probe_repair,"[35, 50, 70, 80, 115, 145, 165, 170, 185, 210, 235, 265, 280, 290, 325]",0.00000000,"[0.00000000, 0.00000000, 0.00000000, 0.00000000, 0.00000000]",0.29400000,0.44755385,24->15
5,5,8,3,37,"(4, 7, 9, 15, 18)",10,632,probe_repair,"[15, 30, 35, 60, 65, 75, 95, 125, 150, 220, 265, 280, 300, 345, 365]",0.00000000,"[0.00000000, 0.00000000, 0.00000000, 0.00000000, 0.00000000]",0.29000000,0.46013846,6->15
5,5,8,3,38,"(2, 17, 21, 25, 27)",1,1165,probe_repair,"[10, 20, 40, 90, 110, 130, 135, 145, 160, 205, 215, 260, 265, 275, 355]",0.00000000,"[0.00000000, 0.00000000, 0.00000000, 0.00000000, 0.00000000]",0.11900000,0.42240000,20->27
5,5,8,3,38,"(2, 17, 21, 25, 27)",2,1245,probe_repair,"[20, 75, 80, 85, 125, 130, 240, 245, 280, 300, 305, 320, 340, 350, 360]",0.00000000,"[0.00000000, 0.00000000, 0.00000000, 0.00000000, 0.00000000]",0.00000000,0.42041538,20->27
5,5,8,3,38,"(2, 17, 21, 25, 27)",3,90,probe_repair,"[5, 45, 50, 65, 85, 105, 110, 125, 145, 160, 165, 195, 260, 275, 320]",0.00000000,"[0.00000000, 0.00000000, 0.00000000, 0.00000000, 0.00000000]",0.24400000,0.44935385,11->25
5,5,8,3,38,"(2, 17, 21, 25, 27)",4,1275,probe_repair,"[40, 45, 120, 125, 180, 205, 220, 230, 235, 260, 270, 320, 335, 340, 360]",0.00000000,"[0.00000000, 0.00000000, 0.00000000, 0.00000000, 0.00000000]",0.21300000,0.44670769,16->21
5,5,8,3,38,"(2, 17, 21, 25, 27)",5,1507,probe_repair,"[70, 85, 90, 100, 125, 150, 160, 210, 220, 235, 250, 280, 295, 310, 355]",0.00000000,"[0.00000000, 0.00000000, 0.00000000, 0.00000000, 0.00000000]",0.17100000,0.44180000,9->2
5,5,8,3,38,"(2, 17, 21, 25, 27)",6,410,probe_repair,"[35, 50, 65, 75, 95, 125, 130, 160, 175, 195, 230, 235, 260, 280, 320]",0.00000000,"[0.00000000, 0.00000000, 0.00000000, 0.00000000, 0.00000000]",0.20700000,0.45361538,20->27
5,5,8,3,38,"(2, 17, 21, 25, 27)",7,288,probe_repair,"[45, 80, 90, 95, 115, 140, 145, 205, 255, 265, 270, 285, 325, 335, 345]",0.00000000,"[0.00000000, 0.00000000, 0.00000000, 0.00000000, 0.00000000]",0.20600000,0.45067692,9->21
5,5,8,3,38,"(2, 17, 21, 25, 27)",8,394,probe_repair,"[5, 15, 80, 95, 105, 130, 160, 180, 190, 225, 245, 300, 320, 345, 355]",0.00000000,"[0.00000000, 0.00000000, 0.00000000, 0.00000000, 0.00000000]",0.15600000,0.43947692,9->21
5,5,8,3,38,"(2, 17, 21, 25, 27)",9,688,probe_repair,"[60, 80, 105, 145, 160, 175, 205, 215, 235, 270, 285, 325, 335, 340, 350]",0.00000000,"[0.00000000, 0.00000000, 0.00000000, 0.00000000, 0.00000000]",0.13300000,0.44378462,7->2
5,5,8,3,38,"(2, 17, 21, 25, 27)",10,64,probe_repair,"[15, 25, 35, 55, 60, 145, 160, 195, 215, 265, 285, 290, 325, 330, 345]",0.00000000,"[0.00000000, 0.00000000, 0.00000000, 0.00000000, 0.00000000]",0.06200000,0.44695385,20->2
5,5,8,3,39,"(2, 6, 9, 22, 27)",1,804,probe_repair,"[5, 30, 55, 95, 120, 130, 155, 170, 190, 210, 225, 230, 265, 280, 305]",0.00000000,"[0.00000000, 0.00000000, 0.00000000, 0.00000000, 0.00000000]",0.30800000,0.44400000,20->9
5,5,8,3,39,"(2, 6, 9, 22, 27)",2,281,probe_repair,"[30, 60, 120, 145, 150, 165, 175, 185, 230, 235, 265, 285, 300, 320, 330]",0.00000000,"[0.00000000, 0.00000000, 0.00000000, 0.00000000, 0.00000000]",0.04800000,0.44403077,18->2
5,5,8,3,39,"(2, 6, 9, 22, 27)",3,624,probe_repair,"[20, 30, 65, 70, 75, 100, 115, 125, 160, 180, 185, 275, 285, 295, 325]",0.00000000,"[0.00000000, 0.00000000, 0.00000000, 0.00000000, 0.00000000]",0.17900000,0.44513846,11->27
5,5,8,3,39,"(2, 6, 9, 22, 27)",4,670,probe_repair,"[15, 40, 70, 75, 95, 100, 110, 145, 240, 260, 270, 325, 335, 340, 360]",0.00000000,"[0.00000000, 0.00000000, 0.00000000, 0.00000000, 0.00000000]",0.12500000,0.45020000,24->27
5,5,8,3,39,"(2, 6, 9, 22, 27)",5,395,probe_repair,"[25, 60, 80, 95, 105, 115, 130, 140, 190, 200, 205, 280, 295, 320, 345]",0.00000000,"[0.00000000, 0.00000000, 0.00000000, 0.00000000, 0.00000000]",0.08200000,0.44412308,24->6
5,5,8,3,39,"(2, 6, 9, 22, 27)",6,716,probe_repair,"[5, 30, 70, 80, 85, 95, 210, 220, 245, 280, 300, 305, 320, 335, 350]",0.00000000,"[0.00000000, 0.00000000, 0.00000000, 0.00000000, 0.00000000]",0.27500000,0.45478462,18->22
5,5,8,3,39,"(2, 6, 9, 22, 27)",7,572,probe_repair,"[5, 15, 35, 40, 50, 125, 130, 155, 270, 280, 305, 315, 330, 360, 365]",0.00000000,"[0.00000000, 0.00000000, 0.00000000, 0.00000000, 0.00000000]",0.25000000,0.45144615,26->6
5,5,8,3,39,"(2, 6, 9, 22, 27)",8,362,probe_repair,"[5, 40, 55, 65, 90, 95, 115, 150, 170, 205, 220, 270, 300, 345, 360]",0.00000000,"[0.00000000, 0.00000000, 0.00000000, 0.00000000, 0.00000000]",0.24200000,0.44600000,15->9
5,5,8,3,39,"(2, 6, 9, 22, 27)",9,436,probe_repair,"[5, 40, 80, 85, 110, 120, 140, 175, 205, 235, 240, 275, 330, 340, 355]",0.00000000,"[0.00000000, 0.00000000, 0.00000000, 0.00000000, 0.00000000]",0.18600000,0.44776923,11->27
5,5,8,3,39,"(2, 6, 9, 22, 27)",10,926,probe_repair,"[35, 85, 100, 120, 150, 165, 170, 175, 180, 245, 255, 280, 290, 315, 345]",0.00000000,"[0.00000000, 0.00000000, 0.00000000, 0.00000000, 0.00000000]",0.17700000,0.45123077,20->6
5,5,8,3,40,"(1, 2, 7, 20, 22)",1,251,probe_repair,"[10, 30, 85, 110, 120, 130, 135, 175, 180, 195, 225, 240, 290, 300, 360]",0.00000000,"[0.00000000, 0.00000000, 0.00000000, 0.00000000, 0.00000000]",0.24800000,0.44658571,21->22
5,5,8,3,40,"(1, 2, 7, 20, 22)",2,128,probe_repair,"[25, 35, 50, 65, 70, 80, 100, 105, 140, 155, 180, 250, 280, 300, 365]",0.00000000,"[0.00000000, 0.00000000, 0.00000000, 0.00000000, 0.00000000]",0.25800000,0.45428571,4->7
5,5,8,3,40,"(1, 2, 7, 20, 22)",3,126,probe_repair,"[25, 35, 50, 65, 70, 80, 100, 105, 140, 155, 180, 250, 280, 300, 365]",0.00000000,"[0.00000000, 0.00000000, 0.00000000, 0.00000000, 0.00000000]",0.19400000,0.45252857,4->7
5,5,8,3,40,"(1, 2, 7, 20, 22)",4,535,probe_repair,"[10, 85, 105, 140, 155, 170, 230, 255, 260, 285, 295, 305, 335, 345, 350]",0.00000000,"[0.00000000, 0.00000000, 0.00000000, 0.00000000, 0.00000000]",0.07700000,0.43904286,21->22
5,5,8,3,40,"(1, 2, 7, 20, 22)",5,544,probe_repair,"[50, 55, 100, 115, 135, 160, 180, 220, 230, 245, 250, 285, 290, 300, 350]",0.00000000,"[0.00000000, 0.00000000, 0.00000000, 0.00000000, 0.00000000]",0.23500000,0.44690000,16->22
5,5,8,3,40,"(1, 2, 7, 20, 22)",6,208,probe_repair,"[10, 35, 40, 70, 105, 125, 130, 140, 185, 200, 230, 250, 260, 290, 300]",0.00000000,"[0.00000000, 0.00000000, 0.00000000, 0.00000000, 0.00000000]",0.17600000,0.44840000,25->22
5,5,8,3,40,"(1, 2, 7, 20, 22)",7,130,probe_repair,"[25, 35, 50, 65, 70, 80, 100, 105, 140, 155, 180, 250, 280, 300, 365]",0.00000000,"[0.00000000, 0.00000000, 0.00000000, 0.00000000, 0.00000000]",0.15700000,0.44721429,4->7
5,5,8,3,40,"(1, 2, 7, 20, 22)",8,71,probe_repair,"[75, 95, 100, 125, 150, 160, 200, 230, 260, 265, 275, 295, 320, 340, 345]",0.00000000,"[0.00000000, 0.00000000, 0.00000000, 0.00000000, 0.00000000]",0.16800000,0.44527143,16->2
5,5,8,3,40,"(1, 2, 7, 20, 22)",9,504,probe_repair,"[50, 60, 70, 85, 90, 115, 135, 210, 235, 260, 280, 290, 305, 330, 350]",0.00000000,"[0.00000000, 0.00000000, 0.00000000, 0.00000000, 0.00000000]",0.13400000,0.44638571,17->20
5,5,8,3,40,"(1, 2, 7, 20, 22)",10,339,probe_repair,"[5, 60, 80, 85, 105, 120, 135, 195, 255, 295, 325, 330, 340, 355, 365]",0.00000000,"[0.00000000, 0.00000000, 0.00000000, 0.00000000, 0.00000000]",0.06300000,0.46112857,21->22
5,5,8,3,41,"(6, 11, 15, 20, 24)",1,552,probe_repair,"[15, 35, 50, 90, 95, 155, 170, 180, 190, 205, 225, 240, 245, 270, 315]",0.00000000,"[0.00000000, 0.00000000, 0.00000000, 0.00000000, 0.00000000]",0.08200000,0.44084615,9->15
5,5,8,3,41,"(6, 11, 15, 20, 24)",2,208,probe_repair,"[30, 55, 80, 95, 145, 190, 215, 220, 235, 275, 280, 295, 300, 340, 365]",0.00000000,"[0.00000000, 0.00000000, 0.00000000, 0.00000000, 0.00000000]",0.07800000,0.44452308,27->24
5,5,8,3,41,"(6, 11, 15, 20, 24)",3,1538,probe_repair,"[10, 20, 25, 100, 145, 150, 170, 210, 230, 240, 270, 280, 290, 300, 325]",0.00000000,"[0.00000000, 0.00000000, 0.00000000, 0.00000000, 0.00000000]",0.13000000,0.45567692,7->15
5,5,8,3,41,"(6, 11, 15, 20, 24)",4,1537,probe_repair,"[10, 20, 25, 100, 145, 150, 170, 210, 230, 240, 270, 280, 290, 300, 325]",0.00000000,"[0.00000000, 0.00000000, 0.00000000, 0.00000000, 0.00000000]",0.10100000,0.44747692,7->15
5,5,8,3,41,"(6, 11, 15, 20, 24)",5,1106,probe_repair,"[15, 20, 40, 50, 110, 120, 165, 215, 220, 235, 255, 300, 320, 330, 350]",0.00000000,"[0.00000000, 0.00000000, 0.00000000, 0.00000000, 0.00000000]",0.19900000,0.43796923,4->6
5,5,8,3,41,"(6, 11, 15, 20, 24)",6,1097,probe_repair,"[45, 50, 55, 65, 75, 115, 125, 165, 190, 230, 265, 275, 325, 335, 350]",0.00000000,"[0.00000000, 0.00000000, 0.00000000, 0.00000000, 0.00000000]",0.16300000,0.44772308,22->11
5,5,8,3,41,"(6, 11, 15, 20, 24)",7,1096,probe_repair,"[45, 50, 55, 65, 75, 115, 125, 165, 190, 230, 265, 275, 325, 335, 350]",0.00000000,"[0.00000000, 0.00000000, 0.00000000, 0.00000000, 0.00000000]",0.09600000,0.44613846,22->11
5,5,8,3,41,"(6, 11, 15, 20, 24)",8,966,probe_repair,"[30, 40, 50, 75, 120, 125, 135, 155, 160, 175, 315, 325, 335, 340, 345]",0.00000000,"[0.00000000, 0.00000000, 0.00000000, 0.00000000, 0.00000000]",0.28400000,0.45241538,21->11
5,5,8,3,41,"(6, 11, 15, 20, 24)",9,166,probe_repair,"[20, 40, 70, 105, 120, 125, 150, 170, 215, 240, 305, 310, 315, 330, 340]",0.00000000,"[0.00000000, 0.00000000, 0.00000000, 0.00000000, 0.00000000]",0.22000000,0.45496923,4->11
5,5,8,3,41,"(6, 11, 15, 20, 24)",10,1539,probe_repair,"[10, 20, 25, 100, 145, 150, 170, 210, 230, 240, 270, 280, 290, 300, 325]",0.00000000,"[0.00000000, 0.00000000, 0.00000000, 0.00000000, 0.00000000]",0.16100000,0.45207692,7->15
5,5,8,3,42,"(7, 15, 20, 21, 24)",1,632,probe_repair,"[10, 35, 40, 65, 90, 140, 170, 185, 195, 215, 240, 255, 270, 290, 330]",0.00000000,"[0.00000000, 0.00000000, 0.00000000, 0.00000000, 0.00000000]",0.24900000,0.45040000,18->20
5,5,8,3,42,"(7, 15, 20, 21, 24)",2,397,probe_repair,"[10, 15, 40, 45, 95, 100, 110, 115, 165, 185, 250, 275, 300, 310, 320]",0.00000000,"[0.00000000, 0.00000000, 0.00000000, 0.00000000, 0.00000000]",0.18500000,0.40855385,25->24
5,5,8,3,42,"(7, 15, 20, 21, 24)",3,1405,probe_repair,"[50, 65, 75, 85, 185, 200, 235, 260, 265, 305, 310, 335, 340, 355, 365]",0.00000000,"[0.00000000, 0.00000000, 0.00000000, 0.00000000, 0.00000000]",0.06600000,0.41678462,4->24
5,5,8,3,42,"(7, 15, 20, 21, 24)",4,1109,probe_repair,"[5, 40, 55, 60, 65, 85, 120, 205, 220, 255, 270, 300, 310, 335, 355]",0.00000000,"[0.00000000, 0.00000000, 0.00000000, 0.00000000, 0.00000000]",0.20000000,0.41166154,6->21
5,5,8,3,42,"(7, 15, 20, 21, 24)",5,146,probe_repair,"[40, 80, 110, 145, 150, 155, 190, 195, 200, 230, 250, 265, 275, 320, 330]",0.00000000,"[0.00000000, 0.00000000, 0.00000000, 0.00000000, 0.00000000]",0.16600000,0.44701538,11->21
5,5,8,3,42,"(7, 15, 20, 21, 24)",6,1007,probe_repair,"[15, 75, 85, 110, 120, 165, 170, 180, 185, 215, 245, 270, 305, 340, 345]",0.00000000,"[0.00000000, 0.00000000, 0.00000000, 0.00000000, 0.00000000]",0.12600000,0.44889231,17->21
5,5,8,3,42,"(7, 15, 20, 21, 24)",7,1312,probe_repair,"[45, 50, 105, 115, 140, 170, 175, 195, 230, 240, 265, 295, 305, 320, 360]",0.00000000,"[0.00000000, 0.00000000, 0.00000000, 0.00000000, 0.00000000]",0.31700000,0.45600000,22->15
5,5,8,3,42,"(7, 15, 20, 21, 24)",8,566,probe_repair,"[5, 15, 25, 30, 40, 50, 70, 130, 170, 175, 205, 210, 270, 285, 305]",0.00000000,"[0.00000000, 0.00000000, 0.00000000, 0.00000000, 0.00000000]",0.15800000,0.44272308,27->20
5,5,8,3,42,"(7, 15, 20, 21, 24)",9,974,probe_repair,"[25, 35, 55, 60, 80, 110, 120, 170, 185, 195, 225, 235, 240, 325, 330]",0.00000000,"[0.00000000, 0.00000000, 0.00000000, 0.00000000, 0.00000000]",0.10000000,0.44123077,9->7
5,5,8,3,42,"(7, 15, 20, 21, 24)",10,412,probe_repair,"[15, 50, 65, 70, 80, 85, 120, 150, 155, 190, 230, 260, 320, 335, 365]",0.00000000,"[0.00000000, 0.00000000, 0.00000000, 0.00000000, 0.00000000]",0.26700000,0.45893846,9->20
5,5,8,3,43,"(4, 15, 24, 25, 26)",1,928,probe_repair,"[25, 50, 55, 65, 110, 120, 135, 140, 195, 205, 220, 270, 345, 350, 360]",0.00000000,"[0.00000000, 0.00000000, 0.00000000, 0.00000000, 0.00000000]",0.26200000,0.45380000,27->25
5,5,8,3,43,"(4, 15, 24, 25, 26)",2,92,probe_repair,"[10, 35, 40, 45, 85, 115, 125, 145, 170, 195, 205, 235, 255, 265, 330]",0.00000000,"[0.00000000, 0.00000000, 0.00000000, 0.00000000, 0.00000000]",0.18400000,0.46053846,16->24
5,5,8,3,43,"(4, 15, 24, 25, 26)",3,702,probe_repair,"[5, 45, 100, 110, 125, 140, 160, 170, 185, 190, 245, 260, 275, 310, 360]",0.00000000,"[0.00000000, 0.00000000, 0.00000000, 0.00000000, 0.00000000]",0.11300000,0.44372308,28->26
5,5,8,3,43,"(4, 15, 24, 25, 26)",4,979,probe_repair,"[5, 50, 65, 100, 105, 150, 180, 185, 205, 215, 275, 310, 315, 320, 325]",0.00000000,"[0.00000000, 0.00000000, 0.00000000, 0.00000000, 0.00000000]",0.17100000,0.44503077,7->25
5,5,8,3,43,"(4, 15, 24, 25, 26)",5,1322,probe_repair,"[30, 35, 45, 50, 55, 70, 75, 95, 105, 130, 250, 290, 295, 350, 355]",0.00000000,"[0.00000000, 0.00000000, 0.00000000, 0.00000000, 0.00000000]",0.03600000,0.45101538,6->4
5,5,8,3,43,"(4, 15, 24, 25, 26)",6,825,probe_repair,"[10, 20, 40, 80, 90, 120, 140, 145, 210, 240, 305, 310, 315, 340, 350]",0.00000000,"[0.00000000, 0.00000000, 0.00000000, 0.00000000, 0.00000000]",0.15400000,0.44081538,17->25
5,5,8,3,43,"(4, 15, 24, 25, 26)",7,975,probe_repair,"[5, 50, 65, 100, 105, 150, 180, 185, 205, 215, 275, 310, 315, 320, 325]",0.00000000,"[0.00000000, 0.00000000, 0.00000000, 0.00000000, 0.00000000]",0.13300000,0.44600000,7->25
5,5,8,3,43,"(4, 15, 24, 25, 26)",8,995,probe_repair,"[25, 50, 65, 90, 100, 120, 125, 185, 200, 205, 260, 275, 325, 355, 360]",0.00000000,"[0.00000000, 0.00000000, 0.00000000, 0.00000000, 0.00000000]",0.19000000,0.44776923,16->25
5,5,8,3,43,"(4, 15, 24, 25, 26)",9,245,probe_repair,"[5, 20, 60, 75, 95, 105, 125, 150, 170, 200, 225, 230, 235, 325, 360]",0.00000000,"[0.00000000, 0.00000000, 0.00000000, 0.00000000, 0.00000000]",0.03600000,0.41361538,7->15
5,5,8,3,43,"(4, 15, 24, 25, 26)",10,1130,probe_repair,"[5, 10, 35, 50, 55, 125, 175, 200, 205, 230, 260, 280, 345, 350, 355]",0.00000000,"[0.00000000, 0.00000000, 0.00000000, 0.00000000, 0.00000000]",0.03500000,0.44409231,6->15
5,5,8,3,44,"(1, 16, 20, 21, 26)",1,225,probe_repair,"[80, 100, 130, 145, 155, 165, 175, 180, 205, 250, 285, 290, 300, 310, 325]",0.00000000,"[0.00000000, 0.00000000, 0.00000000, 0.00000000, 0.00000000]",0.29800000,0.44914286,9->26
5,5,8,3,44,"(1, 16, 20, 21, 26)",2,200,probe_repair,"[10, 25, 55, 100, 125, 140, 170, 195, 200, 235, 240, 275, 285, 300, 305]",0.00000000,"[0.00000000, 0.00000000, 0.00000000, 0.00000000, 0.00000000]",0.07000000,0.45797143,28->21
5,5,8,3,44,"(1, 16, 20, 21, 26)",3,281,probe_repair,"[10, 30, 35, 40, 90, 150, 165, 170, 185, 225, 230, 245, 290, 325, 330]",0.00000000,"[0.00000000, 0.00000000, 0.00000000, 0.00000000, 0.00000000]",0.16600000,0.44948571,17->20
5,5,8,3,44,"(1, 16, 20, 21, 26)",4,267,probe_repair,"[10, 45, 65, 95, 100, 150, 160, 190, 200, 225, 300, 305, 310, 330, 365]",0.00000000,"[0.00000000, 0.00000000, 0.00000000, 0.00000000, 0.00000000]",0.20200000,0.45640000,18->21
5,5,8,3,44,"(1, 16, 20, 21, 26)",5,417,probe_repair,"[30, 50, 55, 120, 205, 235, 240, 245, 265, 295, 310, 340, 345, 360, 365]",0.00000000,"[0.00000000, 0.00000000, 0.00000000, 0.00000000, 0.00000000]",0.18600000,0.44628571,27->1
5,5,8,3,44,"(1, 16, 20, 21, 26)",6,574,probe_repair,"[35, 45, 50, 85, 90, 95, 125, 130, 150, 160, 205, 280, 285, 295, 350]",0.00000000,"[0.00000000, 0.00000000, 0.00000000, 0.00000000, 0.00000000]",0.27100000,0.45134286,6->16
5,5,8,3,44,"(1, 16, 20, 21, 26)",7,418,probe_repair,"[30, 50, 55, 120, 205, 235, 240, 245, 265, 295, 310, 340, 345, 360, 365]",0.00000000,"[0.00000000, 0.00000000, 0.00000000, 0.00000000, 0.00000000]",0.09800000,0.44415714,27->1
5,5,8,3,44,"(1, 16, 20, 21, 26)",8,251,probe_repair,"[10, 30, 45, 75, 90, 95, 145, 155, 190, 220, 235, 255, 280, 290, 330]",0.00000000,"[0.00000000, 0.00000000, 0.00000000, 0.00000000, 0.00000000]",0.02800000,0.44792857,28->1
5,5,8,3,44,"(1, 16, 20, 21, 26)",9,263,probe_repair,"[10, 45, 65, 95, 100, 150, 160, 190, 200, 225, 300, 305, 310, 330, 365]",0.00000000,"[0.00000000, 0.00000000, 0.00000000, 0.00000000, 0.00000000]",0.29500000,0.45314286,18->21
5,5,8,3,44,"(1, 16, 20, 21, 26)",10,414,probe_repair,"[30, 50, 55, 120, 205, 235, 240, 245, 265, 295, 310, 340, 345, 360, 365]",0.00000000,"[0.00000000, 0.00000000, 0.00000000, 0.00000000, 0.00000000]",0.13500000,0.44155714,7->21
5,5,8,3,45,"(2, 7, 15, 24, 28)",1,1049,probe_repair,"[40, 50, 60, 75, 90, 95, 120, 140, 195, 225, 230, 235, 240, 315, 335]",0.00000000,"[0.00000000, 0.00000000, 0.00000000, 0.00000000, 0.00000000]",0.24800000,0.44776923,25->2
5,5,8,3,45,"(2, 7, 15, 24, 28)",2,1413,probe_repair,"[25, 45, 50, 100, 140, 145, 165, 225, 240, 255, 275, 305, 320, 345, 350]",0.00000000,"[0.00000000, 0.00000000, 0.00000000, 0.00000000, 0.00000000]",0.10400000,0.41076923,21->24
5,5,8,3,45,"(2, 7, 15, 24, 28)",3,244,probe_repair,"[5, 25, 55, 65, 110, 115, 120, 155, 180, 200, 220, 235, 255, 260, 280]",0.00000000,"[0.00000000, 0.00000000, 0.00000000, 0.00000000, 0.00000000]",0.08700000,0.44527692,21->7
5,5,8,3,45,"(2, 7, 15, 24, 28)",4,1521,probe_repair,"[40, 65, 150, 175, 200, 220, 245, 265, 280, 285, 315, 320, 330, 345, 360]",0.00000000,"[0.00000000, 0.00000000, 0.00000000, 0.00000000, 0.00000000]",0.08200000,0.44546154,16->28
5,5,8,3,45,"(2, 7, 15, 24, 28)",5,966,probe_repair,"[15, 70, 75, 80, 100, 150, 180, 205, 220, 255, 265, 270, 285, 305, 325]",0.00000000,"[0.00000000, 0.00000000, 0.00000000, 0.00000000, 0.00000000]",0.20300000,0.43832308,27->24
5,5,8,3,45,"(2, 7, 15, 24, 28)",6,156,probe_repair,"[5, 15, 80, 90, 95, 100, 115, 155, 160, 235, 250, 280, 295, 345, 360]",0.00000000,"[0.00000000, 0.00000000, 0.00000000, 0.00000000, 0.00000000]",0.16700000,0.44598462,6->7
5,5,8,3,45,"(2, 7, 15, 24, 28)",7,791,probe_repair,"[15, 50, 70, 90, 130, 150, 165, 175, 220, 270, 280, 335, 350, 360, 365]",0.00000000,"[0.00000000, 0.00000000, 0.00000000, 0.00000000, 0.00000000]",0.10400000,0.43758462,25->15
5,5,8,3,45,"(2, 7, 15, 24, 28)",8,1298,probe_repair,"[10, 30, 50, 75, 80, 90, 100, 125, 160, 185, 205, 250, 285, 330, 345]",0.00000000,"[0.00000000, 0.00000000, 0.00000000, 0.00000000, 0.00000000]",0.21300000,0.44747692,9->15
5,5,8,3,45,"(2, 7, 15, 24, 28)",9,638,probe_repair,"[65, 75, 110, 115, 120, 130, 155, 165, 195, 235, 255, 265, 280, 315, 320]",0.00000000,"[0.00000000, 0.00000000, 0.00000000, 0.00000000, 0.00000000]",0.21000000,0.45312308,22->28
5,5,8,3,45,"(2, 7, 15, 24, 28)",10,352,probe_repair,"[20, 35, 55, 90, 95, 110, 125, 135, 145, 210, 285, 320, 340, 360, 365]",0.00000000,"[0.00000000, 0.00000000, 0.00000000, 0.00000000, 0.00000000]",0.15800000,0.43864615,21->7
5,5,8,3,46,"(9, 15, 18, 22, 28)",1,1035,probe_repair,"[35, 55, 65, 90, 155, 180, 195, 215, 235, 245, 250, 285, 300, 340, 350]",0.00000000,"[0.00000000, 0.00000000, 0.00000000, 0.00000000, 0.00000000]",0.25800000,0.44826154,11->15
5,5,8,3,46,"(9, 15, 18, 22, 28)",2,1052,probe_repair,"[15, 70, 80, 85, 95, 120, 125, 165, 170, 180, 200, 220, 295, 305, 365]",0.00000000,"[0.00000000, 0.00000000, 0.00000000, 0.00000000, 0.00000000]",0.20700000,0.44936923,25->9
5,5,8,3,46,"(9, 15, 18, 22, 28)",3,705,probe_repair,"[10, 30, 55, 65, 100, 120, 135, 155, 195, 200, 295, 310, 315, 355, 365]",0.00000000,"[0.00000000, 0.00000000, 0.00000000, 0.00000000, 0.00000000]",0.22200000,0.43690769,6->9
5,5,8,3,46,"(9, 15, 18, 22, 28)",4,479,probe_repair,"[5, 10, 25, 30, 55, 65, 70, 85, 95, 125, 155, 300, 305, 315, 360]",0.00000000,"[0.00000000, 0.00000000, 0.00000000, 0.00000000, 0.00000000]",0.31400000,0.45696923,17->22
5,5,8,3,46,"(9, 15, 18, 22, 28)",5,704,probe_repair,"[10, 30, 55, 65, 100, 120, 135, 155, 195, 200, 295, 310, 315, 355, 365]",0.00000000,"[0.00000000, 0.00000000, 0.00000000, 0.00000000, 0.00000000]",0.15900000,0.42972308,17->18
5,5,8,3,46,"(9, 15, 18, 22, 28)",6,1573,probe_repair,"[5, 10, 25, 55, 90, 105, 175, 180, 195, 210, 250, 270, 320, 340, 360]",0.00000000,"[0.00000000, 0.00000000, 0.00000000, 0.00000000, 0.00000000]",0.10900000,0.42792308,26->22
5,5,8,3,46,"(9, 15, 18, 22, 28)",7,478,probe_repair,"[5, 10, 25, 30, 55, 65, 70, 85, 95, 125, 155, 300, 305, 315, 360]",0.00000000,"[0.00000000, 0.00000000, 0.00000000, 0.00000000, 0.00000000]",0.36100000,0.45916923,17->9
5,5,8,3,46,"(9, 15, 18, 22, 28)",8,143,probe_repair,"[10, 20, 25, 30, 110, 115, 135, 150, 220, 225, 260, 295, 320, 335, 365]",0.00000000,"[0.00000000, 0.00000000, 0.00000000, 0.00000000, 0.00000000]",0.15500000,0.45395385,11->18
5,5,8,3,46,"(9, 15, 18, 22, 28)",9,730,probe_repair,"[25, 35, 80, 110, 130, 140, 160, 170, 185, 215, 245, 250, 255, 280, 300]",0.00000000,"[0.00000000, 0.00000000, 0.00000000, 0.00000000, 0.00000000]",0.25700000,0.44653846,25->9
5,5,8,3,46,"(9, 15, 18, 22, 28)",10,148,probe_repair,"[10, 20, 25, 30, 110, 115, 135, 150, 220, 225, 260, 295, 320, 335, 365]",0.00000000,"[0.00000000, 0.00000000, 0.00000000, 0.00000000, 0.00000000]",0.22900000,0.45035385,11->18
5,5,8,3,47,"(1, 2, 16, 26, 28)",1,108,probe_repair,"[25, 55, 60, 65, 105, 120, 135, 145, 185, 195, 205, 240, 245, 260, 330]",0.00000000,"[0.00000000, 0.00000000, 0.00000000, 0.00000000, 0.00000000]",0.30800000,0.44935714,21->26
5,5,8,3,47,"(1, 2, 16, 26, 28)",2,47,probe_repair,"[40, 65, 75, 90, 115, 135, 150, 165, 190, 250, 255, 285, 290, 305, 365]",0.00000000,"[0.00000000, 0.00000000, 0.00000000, 0.00000000, 0.00000000]",0.18700000,0.43837143,6->26
5,5,8,3,47,"(1, 2, 16, 26, 28)",3,476,probe_repair,"[55, 120, 130, 150, 180, 205, 220, 245, 260, 265, 295, 305, 310, 340, 360]",0.00000000,"[0.00000000, 0.00000000, 0.00000000, 0.00000000, 0.00000000]",0.10800000,0.45010000,18->28
5,5,8,3,47,"(1, 2, 16, 26, 28)",4,361,probe_repair,"[30, 50, 55, 70, 75, 120, 155, 180, 220, 240, 290, 295, 345, 350, 360]",0.00000000,"[0.00000000, 0.00000000, 0.00000000, 0.00000000, 0.00000000]",0.10200000,0.44882857,6->2
5,5,8,3,47,"(1, 2, 16, 26, 28)",5,35,probe_repair,"[15, 25, 45, 75, 85, 95, 100, 125, 140, 165, 225, 280, 285, 325, 335]",0.00000000,"[0.00000000, 0.00000000, 0.00000000, 0.00000000, 0.00000000]",0.17000000,0.44385714,11->28
5,5,8,3,47,"(1, 2, 16, 26, 28)",6,50,probe_repair,"[40, 65, 75, 90, 115, 135, 150, 165, 190, 250, 255, 285, 290, 305, 365]",0.00000000,"[0.00000000, 0.00000000, 0.00000000, 0.00000000, 0.00000000]",0.14900000,0.43814286,24->26
5,5,8,3,47,"(1, 2, 16, 26, 28)",7,363,probe_repair,"[30, 50, 55, 70, 75, 120, 155, 180, 220, 240, 290, 295, 345, 350, 360]",0.00000000,"[0.00000000, 0.00000000, 0.00000000, 0.00000000, 0.00000000]",0.12500000,0.44962857,6->2
5,5,8,3,47,"(1, 2, 16, 26, 28)",8,203,probe_repair,"[25, 50, 55, 70, 100, 105, 145, 160, 195, 205, 220, 230, 265, 295, 330]",0.00000000,"[0.00000000, 0.00000000, 0.00000000, 0.00000000, 0.00000000]",0.30200000,0.45452857,9->1
5,5,8,3,47,"(1, 2, 16, 26, 28)",9,100,probe_repair,"[10, 25, 40, 140, 145, 160, 165, 185, 245, 260, 265, 285, 335, 345, 350]",0.00000000,"[0.00000000, 0.00000000, 0.00000000, 0.00000000, 0.00000000]",0.10000000,0.45050000,7->26
5,5,8,3,47,"(1, 2, 16, 26, 28)",10,161,probe_repair,"[10, 15, 75, 105, 125, 180, 190, 205, 220, 265, 275, 305, 325, 335, 345]",0.00000000,"[0.00000000, 0.00000000, 0.00000000, 0.00000000, 0.00000000]",0.04800000,0.44371429,11->2
5,5,8,3,48,"(15, 24, 25, 26, 27)",1,858,probe_repair,"[10, 15, 20, 30, 60, 70, 80, 85, 125, 205, 240, 250, 320, 325, 360]",0.00000000,"[0.00000000, 0.00000000, 0.00000000, 0.00000000, 0.00000000]",0.26200000,0.44635385,11->26
5,5,8,3,48,"(15, 24, 25, 26, 27)",2,57,probe_repair,"[30, 40, 45, 55, 70, 95, 110, 130, 150, 155, 175, 180, 280, 300, 365]",0.00000000,"[0.00000000, 0.00000000, 0.00000000, 0.00000000, 0.00000000]",0.09600000,0.44472308,18->26
5,5,8,3,48,"(15, 24, 25, 26, 27)",3,990,probe_repair,"[40, 85, 90, 100, 110, 115, 125, 135, 145, 160, 175, 200, 220, 230, 325]",0.00000000,"[0.00000000, 0.00000000, 0.00000000, 0.00000000, 0.00000000]",0.15300000,0.44327692,20->27
5,5,8,3,48,"(15, 24, 25, 26, 27)",4,420,probe_repair,"[5, 10, 90, 120, 150, 160, 165, 185, 245, 265, 270, 285, 300, 335, 345]",0.00000000,"[0.00000000, 0.00000000, 0.00000000, 0.00000000, 0.00000000]",0.14800000,0.44692308,28->25
5,5,8,3,48,"(15, 24, 25, 26, 27)",5,280,probe_repair,"[10, 25, 95, 110, 140, 175, 195, 200, 220, 225, 230, 260, 265, 285, 365]",0.00000000,"[0.00000000, 0.00000000, 0.00000000, 0.00000000, 0.00000000]",0.23400000,0.44063077,18->26
5,5,8,3,48,"(15, 24, 25, 26, 27)",6,908,probe_repair,"[5, 10, 35, 75, 85, 90, 95, 120, 185, 200, 220, 230, 275, 285, 360]",0.00000000,"[0.00000000, 0.00000000, 0.00000000, 0.00000000, 0.00000000]",0.19400000,0.44306154,6->15
5,5,8,3,48,"(15, 24, 25, 26, 27)",7,1059,probe_repair,"[5, 20, 50, 75, 95, 100, 160, 175, 180, 200, 225, 245, 260, 265, 350]",0.00000000,"[0.00000000, 0.00000000, 0.00000000, 0.00000000, 0.00000000]",0.15200000,0.43610769,28->27
5,5,8,3,48,"(15, 24, 25, 26, 27)",8,1065,probe_repair,"[20, 30, 75, 80, 140, 145, 225, 255, 290, 300, 305, 310, 315, 330, 350]",0.00000000,"[0.00000000, 0.00000000, 0.00000000, 0.00000000, 0.00000000]",0.08400000,0.44489231,9->27
5,5,8,3,48,"(15, 24, 25, 26, 27)",9,1247,probe_repair,"[20, 40, 80, 85, 110, 115, 120, 140, 185, 195, 230, 255, 270, 345, 355]",0.00000000,"[0.00000000, 0.00000000, 0.00000000, 0.00000000, 0.00000000]",0.25000000,0.45103077,17->15
5,5,8,3,48,"(15, 24, 25, 26, 27)",10,729,probe_repair,"[20, 40, 115, 140, 150, 165, 175, 200, 205, 230, 235, 300, 325, 340, 360]",0.00000000,"[0.00000000, 0.00000000, 0.00000000, 0.00000000, 0.00000000]",0.06600000,0.44344615,11->24
5,5,8,3,49,"(4, 7, 16, 21, 25)",1,858,probe_repair,"[5, 25, 35, 65, 80, 95, 110, 140, 170, 205, 295, 335, 340, 345, 355]",0.00000000,"[0.00000000, 0.00000000, 0.00000000, 0.00000000, 0.00000000]",0.20300000,0.45610769,26->25
5,5,8,3,49,"(4, 7, 16, 21, 25)",2,936,probe_repair,"[20, 40, 80, 95, 110, 160, 175, 250, 275, 280, 295, 315, 325, 335, 340]",0.00000000,"[0.00000000, 0.00000000, 0.00000000, 0.00000000, 0.00000000]",0.26100000,0.44338462,6->16
5,5,8,3,49,"(4, 7, 16, 21, 25)",3,211,probe_repair,"[5, 10, 30, 55, 60, 150, 180, 195, 240, 280, 320, 330, 345, 355, 360]",0.00000000,"[0.00000000, 0.00000000, 0.00000000, 0.00000000, 0.00000000]",0.26100000,0.43553846,15->21
5,5,8,3,49,"(4, 7, 16, 21, 25)",4,127,probe_repair,"[10, 20, 140, 145, 150, 215, 220, 240, 280, 285, 310, 320, 330, 345, 365]",0.00000000,"[0.00000000, 0.00000000, 0.00000000, 0.00000000, 0.00000000]",0.17800000,0.43783077,11->4
5,5,8,3,49,"(4, 7, 16, 21, 25)",5,1045,probe_repair,"[20, 30, 35, 70, 75, 95, 105, 115, 120, 145, 175, 185, 230, 320, 325]",0.00000000,"[0.00000000, 0.00000000, 0.00000000, 0.00000000, 0.00000000]",0.12000000,0.41940000,22->4
5,5,8,3,49,"(4, 7, 16, 21, 25)",6,1205,probe_repair,"[15, 60, 95, 125, 150, 165, 230, 245, 265, 275, 295, 305, 340, 350, 360]",0.00000000,"[0.00000000, 0.00000000, 0.00000000, 0.00000000, 0.00000000]",0.08500000,0.41932308,6->16
5,5,8,3,49,"(4, 7, 16, 21, 25)",7,373,probe_repair,"[30, 35, 45, 70, 90, 110, 115, 155, 180, 230, 250, 280, 300, 305, 360]",0.00000000,"[0.00000000, 0.00000000, 0.00000000, 0.00000000, 0.00000000]",0.00000000,0.41846154,22->25
5,5,8,3,49,"(4, 7, 16, 21, 25)",8,1069,probe_repair,"[10, 25, 45, 80, 105, 135, 140, 145, 180, 200, 255, 270, 305, 315, 325]",0.00000000,"[0.00000000, 0.00000000, 0.00000000, 0.00000000, 0.00000000]",0.00000000,0.40398462,15->16
5,5,8,3,49,"(4, 7, 16, 21, 25)",9,854,probe_repair,"[5, 25, 35, 65, 80, 95, 110, 140, 170, 205, 295, 335, 340, 345, 355]",0.00000000,"[0.00000000, 0.00000000, 0.00000000, 0.00000000, 0.00000000]",0.26200000,0.45881538,22->21
5,5,8,3,49,"(4, 7, 16, 21, 25)",10,296,probe_repair,"[30, 45, 55, 65, 80, 165, 210, 215, 240, 265, 270, 280, 335, 340, 365]",0.00000000,"[0.00000000, 0.00000000, 0.00000000, 0.00000000, 0.00000000]",0.17100000,0.44735385,17->25
5,5,8,3,50,"(2, 4, 20, 25, 28)",1,901,probe_repair,"[25, 40, 50, 80, 120, 150, 160, 165, 195, 210, 220, 250, 285, 300, 360]",0.00000000,"[0.00000000, 0.00000000, 0.00000000, 0.00000000, 0.00000000]",0.00000000,0.40615385,15->28
5,5,8,3,50,"(2, 4, 20, 25, 28)",2,1363,probe_repair,"[20, 25, 35, 70, 115, 135, 160, 185, 265, 270, 335, 345, 355, 360, 365]",0.00000000,"[0.00000000, 0.00000000, 0.00000000, 0.00000000, 0.00000000]",0.21900000,0.45724615,17->4
5,5,8,3,50,"(2, 4, 20, 25, 28)",3,1511,probe_repair,"[15, 20, 25, 50, 60, 150, 180, 190, 240, 250, 255, 335, 340, 355, 360]",0.00000000,"[0.00000000, 0.00000000, 0.00000000, 0.00000000, 0.00000000]",0.26800000,0.44772308,22->4
5,5,8,3,50,"(2, 4, 20, 25, 28)",4,303,probe_repair,"[5, 10, 40, 75, 80, 85, 105, 110, 135, 155, 180, 185, 220, 235, 245]",0.00000000,"[0.00000000, 0.00000000, 0.00000000, 0.00000000, 0.00000000]",0.22500000,0.45383077,26->4
5,5,8,3,50,"(2, 4, 20, 25, 28)",5,939,probe_repair,"[5, 20, 35, 40, 65, 165, 185, 200, 210, 225, 315, 320, 325, 345, 355]",0.00000000,"[0.00000000, 0.00000000, 0.00000000, 0.00000000, 0.00000000]",0.11600000,0.44423077,17->4
5,5,8,3,50,"(2, 4, 20, 25, 28)",6,934,probe_repair,"[5, 20, 35, 40, 65, 165, 185, 200, 210, 225, 315, 320, 325, 345, 355]",0.00000000,"[0.00000000, 0.00000000, 0.00000000, 0.00000000, 0.00000000]",0.09400000,0.43886154,27->4
5,5,8,3,50,"(2, 4, 20, 25, 28)",7,1567,probe_repair,"[25, 30, 45, 50, 65, 100, 135, 165, 190, 215, 245, 260, 265, 290, 335]",0.00000000,"[0.00000000, 0.00000000, 0.00000000, 0.00000000, 0.00000000]",0.14900000,0.43806154,9->20
5,5,8,3,50,"(2, 4, 20, 25, 28)",8,984,probe_repair,"[5, 15, 25, 35, 50, 55, 75, 80, 105, 125, 150, 195, 200, 250, 315]",0.00000000,"[0.00000000, 0.00000000, 0.00000000, 0.00000000, 0.00000000]",0.25000000,0.45153846,26->25
5,5,8,3,50,"(2, 4, 20, 25, 28)",9,761,probe_repair,"[5, 45, 50, 55, 80, 170, 190, 220, 225, 235, 240, 265, 275, 300, 310]",0.00000000,"[0.00000000, 0.00000000, 0.00000000, 0.00000000, 0.00000000]",0.26300000,0.44521538,22->25
5,5,8,3,50,"(2, 4, 20, 25, 28)",10,575,probe_repair,"[30, 95, 100, 115, 125, 140, 200, 210, 225, 275, 285, 290, 325, 330, 350]",0.00000000,"[0.00000000, 0.00000000, 0.00000000, 0.00000000, 0.00000000]",0.19200000,0.45072308,11->4
5,5,8,3,51,"(2, 17, 21, 24, 26)",1,382,probe_repair,"[20, 25, 30, 90, 95, 100, 120, 125, 150, 195, 225, 250, 260, 300, 335]",0.00000000,"[0.00000000, 0.00000000, 0.00000000, 0.00000000, 0.00000000]",0.12900000,0.44130769,25->26
5,5,8,3,51,"(2, 17, 21, 24, 26)",2,1304,probe_repair,"[20, 40, 55, 65, 70, 150, 180, 185, 205, 220, 235, 240, 250, 280, 360]",0.00000000,"[0.00000000, 0.00000000, 0.00000000, 0.00000000, 0.00000000]",0.16000000,0.44267692,7->21
5,5,8,3,51,"(2, 17, 21, 24, 26)",3,644,probe_repair,"[20, 35, 55, 60, 105, 135, 145, 155, 170, 215, 230, 250, 310, 340, 350]",0.00000000,"[0.00000000, 0.00000000, 0.00000000, 0.00000000, 0.00000000]",0.11000000,0.45455385,20->2
5,5,8,3,51,"(2, 17, 21, 24, 26)",4,105,probe_repair,"[35, 75, 105, 140, 145, 150, 170, 220, 235, 250, 280, 285, 330, 345, 350]",0.00000000,"[0.00000000, 0.00000000, 0.00000000, 0.00000000, 0.00000000]",0.23900000,0.43981538,20->2
5,5,8,3,51,"(2, 17, 21, 24, 26)",5,851,probe_repair,"[15, 85, 105, 110, 155, 160, 185, 195, 240, 245, 255, 260, 290, 330, 350]",0.00000000,"[0.00000000, 0.00000000, 0.00000000, 0.00000000, 0.00000000]",0.13200000,0.44315385,16->24
5,5,8,3,51,"(2, 17, 21, 24, 26)",6,565,probe_repair,"[10, 35, 40, 60, 65, 70, 120, 130, 135, 160, 170, 215, 230, 255, 365]",0.00000000,"[0.00000000, 0.00000000, 0.00000000, 0.00000000, 0.00000000]",0.05900000,0.40780000,11->26
5,5,8,3,51,"(2, 17, 21, 24, 26)",7,765,probe_repair,"[10, 25, 30, 40, 45, 60, 105, 120, 140, 155, 195, 275, 280, 310, 350]",0.00000000,"[0.00000000, 0.00000000, 0.00000000, 0.00000000, 0.00000000]",0.03700000,0.41733846,18->26
5,5,8,3,51,"(2, 17, 21, 24, 26)",8,928,probe_repair,"[15, 25, 30, 45, 75, 80, 95, 115, 125, 130, 210, 230, 290, 300, 340]",0.00000000,"[0.00000000, 0.00000000, 0.00000000, 0.00000000, 0.00000000]",0.24600000,0.44676923,16->17
5,5,8,3,51,"(2, 17, 21, 24, 26)",9,208,probe_repair,"[25, 35, 85, 115, 120, 130, 160, 180, 210, 220, 240, 255, 280, 345, 350]",0.00000000,"[0.00000000, 0.00000000, 0.00000000, 0.00000000, 0.00000000]",0.06200000,0.43847692,7->21
5,5,8,3,51,"(2, 17, 21, 24, 26)",10,1425,probe_repair,"[5, 35, 45, 60, 140, 160, 210, 220, 235, 245, 265, 280, 290, 295, 345]",0.00000000,"[0.00000000, 0.00000000, 0.00000000, 0.00000000, 0.00000000]",0.19200000,0.44192308,28->17
5,5,8,3,52,"(2, 4, 5, 6, 26)",1,203,probe_repair,"[55, 85, 90, 95, 100, 105, 155, 160, 210, 255, 260, 290, 295, 360, 365]",0.00000000,"[0.00000000, 0.00000000, 0.00000000, 0.00000000, 0.00000000]",0.22300000,0.43981429,24->2
5,5,8,3,52,"(2, 4, 5, 6, 26)",2,387,probe_repair,"[35, 45, 50, 75, 85, 90, 100, 140, 255, 265, 270, 300, 330, 335, 340]",0.00000000,"[0.00000000, 0.00000000, 0.00000000, 0.00000000, 0.00000000]",0.13500000,0.43987143,11->4
5,5,8,3,52,"(2, 4, 5, 6, 26)",3,129,probe_repair,"[10, 20, 35, 60, 95, 110, 130, 160, 225, 240, 255, 280, 310, 330, 345]",0.00000000,"[0.00000000, 0.00000000, 0.00000000, 0.00000000, 0.00000000]",0.19600000,0.45348571,24->6
5,5,8,3,52,"(2, 4, 5, 6, 26)",4,199,probe_repair,"[55, 85, 90, 95, 100, 105, 155, 160, 210, 255, 260, 290, 295, 360, 365]",0.00000000,"[0.00000000, 0.00000000, 0.00000000, 0.00000000, 0.00000000]",0.17400000,0.43977143,24->2
5,5,8,3,52,"(2, 4, 5, 6, 26)",5,126,probe_repair,"[10, 20, 35, 60, 95, 110, 130, 160, 225, 240, 255, 280, 310, 330, 345]",0.00000000,"[0.00000000, 0.00000000, 0.00000000, 0.00000000, 0.00000000]",0.26300000,0.45831429,24->6
5,5,8,3,52,"(2, 4, 5, 6, 26)",6,507,probe_repair,"[5, 25, 95, 115, 150, 160, 175, 180, 185, 220, 240, 245, 250, 265, 270]",0.00000000,"[0.00000000, 0.00000000, 0.00000000, 0.00000000, 0.00000000]",0.08900000,0.43637143,27->4
5,5,8,3,52,"(2, 4, 5, 6, 26)",7,265,probe_repair,"[30, 50, 65, 75, 80, 90, 115, 155, 170, 240, 260, 275, 280, 295, 315]",0.00000000,"[0.00000000, 0.00000000, 0.00000000, 0.00000000, 0.00000000]",0.20600000,0.44878571,9->6
5,5,8,3,52,"(2, 4, 5, 6, 26)",8,588,probe_repair,"[10, 25, 50, 55, 95, 100, 200, 210, 250, 265, 275, 290, 325, 335, 355]",0.00000000,"[0.00000000, 0.00000000, 0.00000000, 0.00000000, 0.00000000]",0.15200000,0.45002857,27->4
5,5,8,3,52,"(2, 4, 5, 6, 26)",9,418,probe_repair,"[75, 80, 85, 115, 160, 165, 170, 205, 235, 255, 265, 275, 285, 290, 355]",0.00000000,"[0.00000000, 0.00000000, 0.00000000, 0.00000000, 0.00000000]",0.26500000,0.45007143,15->5
5,5,8,3,52,"(2, 4, 5, 6, 26)",10,582,probe_repair,"[10, 25, 50, 55, 95, 100, 200, 210, 250, 265, 275, 290, 325, 335, 355]",0.00000000,"[0.00000000, 0.00000000, 0.00000000, 0.00000000, 0.00000000]",0.25200000,0.45662857,27->4
5,5,8,3,53,"(1, 6, 15, 17, 18)",1,569,probe_repair,"[50, 70, 75, 85, 140, 150, 160, 175, 200, 240, 265, 320, 340, 355, 360]",0.00000000,"[0.00000000, 0.00000000, 0.00000000, 0.00000000, 0.00000000]",0.28000000,0.45614286,22->15
5,5,8,3,53,"(1, 6, 15, 17, 18)",2,227,probe_repair,"[55, 70, 75, 90, 125, 135, 145, 160, 190, 200, 280, 290, 325, 355, 365]",0.00000000,"[0.00000000, 0.00000000, 0.00000000, 0.00000000, 0.00000000]",0.21600000,0.44575714,20->18
5,5,8,3,53,"(1, 6, 15, 17, 18)",3,575,probe_repair,"[50, 55, 65, 70, 120, 125, 135, 195, 210, 220, 240, 245, 285, 305, 365]",0.00000000,"[0.00000000, 0.00000000, 0.00000000, 0.00000000, 0.00000000]",0.25500000,0.44894286,25->15
5,5,8,3,53,"(1, 6, 15, 17, 18)",4,552,probe_repair,"[40, 50, 60, 70, 100, 115, 135, 175, 185, 210, 230, 255, 265, 345, 365]",0.00000000,"[0.00000000, 0.00000000, 0.00000000, 0.00000000, 0.00000000]",0.05000000,0.44751429,7->18
5,5,8,3,53,"(1, 6, 15, 17, 18)",5,540,probe_repair,"[55, 60, 65, 150, 175, 180, 190, 200, 210, 255, 290, 295, 310, 325, 330]",0.00000000,"[0.00000000, 0.00000000, 0.00000000, 0.00000000, 0.00000000]",0.27800000,0.44945714,22->15
5,5,8,3,53,"(1, 6, 15, 17, 18)",6,224,probe_repair,"[55, 70, 75, 90, 125, 135, 145, 160, 190, 200, 280, 290, 325, 355, 365]",0.00000000,"[0.00000000, 0.00000000, 0.00000000, 0.00000000, 0.00000000]",0.17800000,0.44937143,27->18
5,5,8,3,53,"(1, 6, 15, 17, 18)",7,319,probe_repair,"[10, 35, 40, 105, 110, 115, 190, 220, 225, 240, 255, 280, 285, 290, 350]",0.00000000,"[0.00000000, 0.00000000, 0.00000000, 0.00000000, 0.00000000]",0.11900000,0.43801429,11->1
5,5,8,3,53,"(1, 6, 15, 17, 18)",8,248,probe_repair,"[25, 55, 65, 75, 85, 115, 145, 160, 195, 235, 240, 245, 255, 285, 310]",0.00000000,"[0.00000000, 0.00000000, 0.00000000, 0.00000000, 0.00000000]",0.23900000,0.43827143,22->17
5,5,8,3,53,"(1, 6, 15, 17, 18)",9,225,probe_repair,"[55, 70, 75, 90, 125, 135, 145, 160, 190, 200, 280, 290, 325, 355, 365]",0.00000000,"[0.00000000, 0.00000000, 0.00000000, 0.00000000, 0.00000000]",0.21500000,0.44771429,21->1
5,5,8,3,53,"(1, 6, 15, 17, 18)",10,27,probe_repair,"[30, 45, 55, 90, 110, 115, 120, 150, 170, 200, 210, 250, 280, 295, 310]",0.00000000,"[0.00000000, 0.00000000, 0.00000000, 0.00000000, 0.00000000]",0.22400000,0.44424286,27->1
5,5,8,3,54,"(2, 4, 20, 21, 26)",1,327,probe_repair,"[15, 20, 40, 55, 105, 135, 150, 165, 210, 260, 295, 300, 305, 330, 345]",0.00000000,"[0.00000000, 0.00000000, 0.00000000, 0.00000000, 0.00000000]",0.09700000,0.43206154,16->4
5,5,8,3,54,"(2, 4, 20, 21, 26)",2,717,probe_repair,"[30, 45, 65, 125, 130, 135, 250, 260, 265, 290, 300, 305, 330, 340, 355]",0.00000000,"[0.00000000, 0.00000000, 0.00000000, 0.00000000, 0.00000000]",0.00000000,0.41581538,27->20
5,5,8,3,54,"(2, 4, 20, 21, 26)",3,528,probe_repair,"[10, 20, 35, 85, 110, 125, 130, 145, 190, 280, 285, 315, 325, 330, 345]",0.00000000,"[0.00000000, 0.00000000, 0.00000000, 0.00000000, 0.00000000]",0.27800000,0.46296923,24->26
5,5,8,3,54,"(2, 4, 20, 21, 26)",4,1286,probe_repair,"[5, 10, 35, 70, 80, 90, 95, 110, 120, 175, 190, 195, 220, 305, 310]",0.00000000,"[0.00000000, 0.00000000, 0.00000000, 0.00000000, 0.00000000]",0.22000000,0.45427692,22->21
5,5,8,3,54,"(2, 4, 20, 21, 26)",5,1535,probe_repair,"[25, 35, 60, 90, 100, 145, 165, 215, 220, 225, 270, 275, 280, 285, 295]",0.00000000,"[0.00000000, 0.00000000, 0.00000000, 0.00000000, 0.00000000]",0.08000000,0.44100000,27->20
5,5,8,3,54,"(2, 4, 20, 21, 26)",6,328,probe_repair,"[15, 20, 40, 55, 105, 135, 150, 165, 210, 260, 295, 300, 305, 330, 345]",0.00000000,"[0.00000000, 0.00000000, 0.00000000, 0.00000000, 0.00000000]",0.10200000,0.43332308,22->21
5,5,8,3,54,"(2, 4, 20, 21, 26)",7,1313,probe_repair,"[15, 25, 35, 45, 100, 140, 220, 250, 255, 275, 285, 290, 295, 300, 355]",0.00000000,"[0.00000000, 0.00000000, 0.00000000, 0.00000000, 0.00000000]",0.23600000,0.44536923,17->4
5,5,8,3,54,"(2, 4, 20, 21, 26)",8,1140,probe_repair,"[5, 15, 20, 25, 30, 35, 50, 75, 100, 170, 230, 295, 325, 355, 365]",0.00000000,"[0.00000000, 0.00000000, 0.00000000, 0.00000000, 0.00000000]",0.18500000,0.43463077,17->21
5,5,8,3,54,"(2, 4, 20, 21, 26)",9,1528,probe_repair,"[35, 65, 70, 85, 95, 100, 110, 175, 185, 205, 230, 250, 315, 335, 365]",0.00000000,"[0.00000000, 0.00000000, 0.00000000, 0.00000000, 0.00000000]",0.14400000,0.44295385,18->26
5,5,8,3,54,"(2, 4, 20, 21, 26)",10,1483,probe_repair,"[25, 40, 50, 65, 70, 80, 85, 90, 135, 155, 165, 170, 185, 305, 350]",0.00000000,"[0.00000000, 0.00000000, 0.00000000, 0.00000000, 0.00000000]",0.14500000,0.44323077,11->4
5,5,8,3,55,"(1, 2, 9, 17, 26)",1,318,probe_repair,"[5, 45, 50, 60, 100, 105, 165, 180, 210, 250, 310, 325, 345, 350, 365]",0.00000000,"[0.00000000, 0.00000000, 0.00000000, 0.00000000, 0.00000000]",0.18200000,0.43934286,6->17
5,5,8,3,55,"(1, 2, 9, 17, 26)",2,240,probe_repair,"[15, 35, 60, 65, 70, 110, 165, 175, 190, 200, 210, 255, 285, 340, 350]",0.00000000,"[0.00000000, 0.00000000, 0.00000000, 0.00000000, 0.00000000]",0.24400000,0.45130000,18->26
5,5,8,3,55,"(1, 2, 9, 17, 26)",3,522,probe_repair,"[15, 70, 75, 90, 110, 120, 160, 190, 210, 225, 260, 265, 275, 320, 325]",0.00000000,"[0.00000000, 0.00000000, 0.00000000, 0.00000000, 0.00000000]",0.04800000,0.43631429,28->9
5,5,8,3,55,"(1, 2, 9, 17, 26)",4,281,probe_repair,"[5, 30, 45, 65, 80, 95, 105, 145, 150, 155, 210, 305, 320, 325, 350]",0.00000000,"[0.00000000, 0.00000000, 0.00000000, 0.00000000, 0.00000000]",0.15600000,0.44767143,15->26
5,5,8,3,55,"(1, 2, 9, 17, 26)",5,105,probe_repair,"[5, 30, 45, 75, 80, 150, 160, 230, 290, 310, 320, 325, 330, 335, 360]",0.00000000,"[0.00000000, 0.00000000, 0.00000000, 0.00000000, 0.00000000]",0.12200000,0.44335714,15->26
5,5,8,3,55,"(1, 2, 9, 17, 26)",6,386,probe_repair,"[40, 60, 70, 75, 115, 175, 180, 210, 220, 260, 280, 305, 320, 350, 355]",0.00000000,"[0.00000000, 0.00000000, 0.00000000, 0.00000000, 0.00000000]",0.05900000,0.44941429,18->17
5,5,8,3,55,"(1, 2, 9, 17, 26)",7,112,probe_repair,"[5, 35, 45, 50, 55, 85, 105, 120, 145, 230, 250, 265, 325, 330, 335]",0.00000000,"[0.00000000, 0.00000000, 0.00000000, 0.00000000, 0.00000000]",0.15900000,0.44537143,28->1
5,5,8,3,55,"(1, 2, 9, 17, 26)",8,161,probe_repair,"[5, 10, 45, 50, 65, 95, 105, 140, 145, 180, 190, 210, 280, 300, 345]",0.00000000,"[0.00000000, 0.00000000, 0.00000000, 0.00000000, 0.00000000]",0.14900000,0.45025714,28->1
5,5,8,3,55,"(1, 2, 9, 17, 26)",9,273,probe_repair,"[10, 40, 50, 65, 120, 135, 165, 175, 185, 205, 220, 235, 275, 320, 340]",0.00000000,"[0.00000000, 0.00000000, 0.00000000, 0.00000000, 0.00000000]",0.15200000,0.44967143,7->2
5,5,8,3,55,"(1, 2, 9, 17, 26)",10,272,probe_repair,"[10, 40, 50, 65, 120, 135, 165, 175, 185, 205, 220, 235, 275, 320, 340]",0.00000000,"[0.00000000, 0.00000000, 0.00000000, 0.00000000, 0.00000000]",0.14300000,0.44854286,25->17
5,5,8,3,56,"(1, 9, 11, 18, 28)",1,238,probe_repair,"[15, 55, 70, 80, 100, 125, 175, 245, 255, 260, 275, 305, 340, 360, 365]",0.00000000,"[0.00000000, 0.00000000, 0.00000000, 0.00000000, 0.00000000]",0.09200000,0.44604286,26->18
5,5,8,3,56,"(1, 9, 11, 18, 28)",2,318,probe_repair,"[50, 60, 65, 80, 100, 110, 115, 140, 155, 165, 225, 280, 290, 325, 360]",0.00000000,"[0.00000000, 0.00000000, 0.00000000, 0.00000000, 0.00000000]",0.24200000,0.44860000,17->18
5,5,8,3,56,"(1, 9, 11, 18, 28)",3,270,probe_repair,"[40, 45, 50, 95, 150, 180, 195, 210, 220, 240, 255, 265, 295, 310, 355]",0.00000000,"[0.00000000, 0.00000000, 0.00000000, 0.00000000, 0.00000000]",0.05300000,0.44825714,2->9
5,5,8,3,56,"(1, 9, 11, 18, 28)",4,70,probe_repair,"[5, 25, 40, 55, 70, 125, 130, 140, 145, 150, 185, 195, 265, 275, 280]",0.00000000,"[0.00000000, 0.00000000, 0.00000000, 0.00000000, 0.00000000]",0.20900000,0.44342857,26->1
5,5,8,3,56,"(1, 9, 11, 18, 28)",5,190,probe_repair,"[70, 80, 90, 95, 115, 120, 165, 205, 210, 250, 275, 285, 290, 295, 310]",0.00000000,"[0.00000000, 0.00000000, 0.00000000, 0.00000000, 0.00000000]",0.20500000,0.44464286,15->18
5,5,8,3,56,"(1, 9, 11, 18, 28)",6,352,probe_repair,"[10, 55, 85, 100, 130, 175, 190, 230, 280, 290, 300, 330, 350, 360, 365]",0.00000000,"[0.00000000, 0.00000000, 0.00000000, 0.00000000, 0.00000000]",0.11000000,0.44590000,21->1
5,5,8,3,56,"(1, 9, 11, 18, 28)",7,22,probe_repair,"[30, 45, 60, 115, 125, 155, 165, 175, 205, 235, 280, 285, 305, 320, 345]",0.00000000,"[0.00000000, 0.00000000, 0.00000000, 0.00000000, 0.00000000]",0.05200000,0.45235714,27->28
5,5,8,3,56,"(1, 9, 11, 18, 28)",8,441,probe_repair,"[5, 115, 140, 150, 160, 220, 225, 235, 240, 260, 280, 335, 345, 355, 360]",0.00000000,"[0.00000000, 0.00000000, 0.00000000, 0.00000000, 0.00000000]",0.22700000,0.44510000,21->11
5,5,8,3,56,"(1, 9, 11, 18, 28)",9,71,probe_repair,"[5, 25, 40, 55, 70, 125, 130, 140, 145, 150, 185, 195, 265, 275, 280]",0.00000000,"[0.00000000, 0.00000000, 0.00000000, 0.00000000, 0.00000000]",0.19100000,0.44341429,22->1
5,5,8,3,56,"(1, 9, 11, 18, 28)",10,500,probe_repair,"[30, 60, 75, 120, 130, 160, 170, 175, 190, 240, 245, 275, 320, 335, 340]",0.00000000,"[0.00000000, 0.00000000, 0.00000000, 0.00000000, 0.00000000]",0.25800000,0.45080000,21->11
5,5,8,3,57,"(2, 16, 22, 25, 26)",1,1516,probe_repair,"[10, 35, 45, 100, 125, 130, 135, 140, 170, 175, 200, 205, 285, 295, 360]",0.00000000,"[0.00000000, 0.00000000, 0.00000000, 0.00000000, 0.00000000]",0.31800000,0.46316923,6->2
5,5,8,3,57,"(2, 16, 22, 25, 26)",2,174,probe_repair,"[5, 30, 45, 80, 85, 130, 145, 150, 160, 175, 205, 245, 255, 300, 360]",0.00000000,"[0.00000000, 0.00000000, 0.00000000, 0.00000000, 0.00000000]",0.19500000,0.44929231,15->26
5,5,8,3,57,"(2, 16, 22, 25, 26)",3,910,probe_repair,"[10, 15, 75, 85, 100, 145, 155, 170, 195, 210, 220, 225, 230, 260, 320]",0.00000000,"[0.00000000, 0.00000000, 0.00000000, 0.00000000, 0.00000000]",0.20600000,0.44583077,6->22
5,5,8,3,57,"(2, 16, 22, 25, 26)",4,64,probe_repair,"[5, 40, 60, 115, 125, 150, 160, 170, 215, 230, 260, 285, 305, 320, 355]",0.00000000,"[0.00000000, 0.00000000, 0.00000000, 0.00000000, 0.00000000]",0.11000000,0.44340000,17->22
5,5,8,3,57,"(2, 16, 22, 25, 26)",5,1503,probe_repair,"[60, 75, 115, 135, 150, 180, 185, 200, 220, 255, 260, 320, 340, 360, 365]",0.00000000,"[0.00000000, 0.00000000, 0.00000000, 0.00000000, 0.00000000]",0.27100000,0.45795385,17->22
5,5,8,3,57,"(2, 16, 22, 25, 26)",6,191,probe_repair,"[60, 65, 70, 85, 90, 150, 160, 165, 205, 210, 240, 265, 280, 310, 360]",0.00000000,"[0.00000000, 0.00000000, 0.00000000, 0.00000000, 0.00000000]",0.17600000,0.44727692,28->26
5,5,8,3,57,"(2, 16, 22, 25, 26)",7,283,probe_repair,"[60, 70, 80, 135, 175, 185, 195, 240, 265, 275, 280, 290, 295, 325, 365]",0.00000000,"[0.00000000, 0.00000000, 0.00000000, 0.00000000, 0.00000000]",0.22000000,0.44413846,6->25
5,5,8,3,57,"(2, 16, 22, 25, 26)",8,524,probe_repair,"[5, 70, 95, 115, 130, 160, 165, 185, 230, 240, 260, 290, 305, 325, 330]",0.00000000,"[0.00000000, 0.00000000, 0.00000000, 0.00000000, 0.00000000]",0.20000000,0.44996923,18->25
5,5,8,3,57,"(2, 16, 22, 25, 26)",9,1225,probe_repair,"[15, 30, 35, 60, 70, 125, 130, 205, 215, 230, 255, 300, 320, 330, 335]",0.00000000,"[0.00000000, 0.00000000, 0.00000000, 0.00000000, 0.00000000]",0.18400000,0.45315385,6->16
5,5,8,3,57,"(2, 16, 22, 25, 26)",10,918,probe_repair,"[15, 20, 45, 75, 80, 110, 135, 140, 165, 220, 235, 250, 280, 330, 355]",0.00000000,"[0.00000000, 0.00000000, 0.00000000, 0.00000000, 0.00000000]",0.20900000,0.43950769,4->25
5,5,8,3,58,"(7, 11, 18, 24, 28)",1,149,probe_repair,"[15, 20, 90, 95, 115, 125, 175, 205, 210, 225, 275, 310, 335, 345, 350]",0.00000000,"[0.00000000, 0.00000000, 0.00000000, 0.00000000, 0.00000000]",0.15000000,0.42126154,9->18
5,5,8,3,58,"(7, 11, 18, 24, 28)",2,1062,probe_repair,"[10, 35, 80, 105, 145, 185, 210, 240, 245, 250, 265, 270, 295, 305, 340]",0.00000000,"[0.00000000, 0.00000000, 0.00000000, 0.00000000, 0.00000000]",0.12900000,0.44032308,16->11
5,5,8,3,58,"(7, 11, 18, 24, 28)",3,1372,probe_repair,"[5, 65, 80, 90, 95, 120, 150, 210, 220, 245, 255, 305, 350, 355, 365]",0.00000000,"[0.00000000, 0.00000000, 0.00000000, 0.00000000, 0.00000000]",0.12200000,0.44624615,27->24
5,5,8,3,58,"(7, 11, 18, 24, 28)",4,575,probe_repair,"[30, 150, 155, 165, 195, 200, 230, 235, 240, 265, 270, 280, 320, 330, 350]",0.00000000,"[0.00000000, 0.00000000, 0.00000000, 0.00000000, 0.00000000]",0.20700000,0.45335385,20->24
5,5,8,3,58,"(7, 11, 18, 24, 28)",5,989,probe_repair,"[15, 45, 65, 105, 110, 155, 160, 200, 215, 225, 275, 285, 305, 325, 330]",0.00000000,"[0.00000000, 0.00000000, 0.00000000, 0.00000000, 0.00000000]",0.00000000,0.38558462,15->11
5,5,8,3,58,"(7, 11, 18, 24, 28)",6,495,probe_repair,"[60, 100, 120, 135, 140, 145, 185, 200, 225, 260, 265, 270, 305, 335, 350]",0.00000000,"[0.00000000, 0.00000000, 0.00000000, 0.00000000, 0.00000000]",0.20300000,0.44266154,20->28
5,5,8,3,58,"(7, 11, 18, 24, 28)",7,1100,probe_repair,"[25, 40, 45, 50, 105, 170, 255, 265, 270, 280, 300, 315, 320, 340, 355]",0.00000000,"[0.00000000, 0.00000000, 0.00000000, 0.00000000, 0.00000000]",0.25800000,0.45220000,4->11
5,5,8,3,58,"(7, 11, 18, 24, 28)",8,1369,probe_repair,"[5, 65, 80, 90, 95, 120, 150, 210, 220, 245, 255, 305, 350, 355, 365]",0.00000000,"[0.00000000, 0.00000000, 0.00000000, 0.00000000, 0.00000000]",0.12800000,0.44201538,27->24
5,5,8,3,58,"(7, 11, 18, 24, 28)",9,348,probe_repair,"[10, 25, 35, 60, 80, 90, 100, 105, 145, 175, 230, 275, 280, 310, 360]",0.00000000,"[0.00000000, 0.00000000, 0.00000000, 0.00000000, 0.00000000]",0.08200000,0.43623077,6->7
5,5,8,3,58,"(7, 11, 18, 24, 28)",10,251,probe_repair,"[5, 45, 60, 115, 140, 170, 190, 205, 230, 260, 280, 285, 295, 315, 350]",0.00000000,"[0.00000000, 0.00000000, 0.00000000, 0.00000000, 0.00000000]",0.31600000,0.46033846,27->24
5,5,8,3,59,"(5, 16, 17, 26, 28)",1,341,probe_repair,"[35, 85, 140, 145, 155, 170, 215, 225, 250, 260, 265, 280, 290, 310, 340]",0.00000000,"[0.00000000, 0.00000000, 0.00000000, 0.00000000, 0.00000000]",0.00000000,0.40820000,2->26
5,5,8,3,59,"(5, 16, 17, 26, 28)",2,17,baseline,"[5, 30, 55, 80, 105, 130, 155, 180, 205, 230, 255, 280, 305, 330, 355]",0.00000000,"[0.00000000, 0.00000000, 0.00000000, 0.00000000, 0.00000000]",0.12000000,0.44165714,15->5
5,5,8,3,59,"(5, 16, 17, 26, 28)",3,208,probe_repair,"[5, 20, 60, 80, 95, 105, 115, 155, 170, 180, 260, 295, 315, 335, 345]",0.00000000,"[0.00000000, 0.00000000, 0.00000000, 0.00000000, 0.00000000]",0.11700000,0.45198571,6->26
5,5,8,3,59,"(5, 16, 17, 26, 28)",4,209,probe_repair,"[5, 20, 60, 80, 95, 105, 115, 155, 170, 180, 260, 295, 315, 335, 345]",0.00000000,"[0.00000000, 0.00000000, 0.00000000, 0.00000000, 0.00000000]",0.15600000,0.45490000,6->26
5,5,8,3,59,"(5, 16, 17, 26, 28)",5,590,probe_repair,"[20, 50, 60, 65, 100, 105, 125, 145, 170, 180, 205, 250, 265, 280, 290]",0.00000000,"[0.00000000, 0.00000000, 0.00000000, 0.00000000, 0.00000000]",0.20600000,0.44525714,6->5
5,5,8,3,59,"(5, 16, 17, 26, 28)",6,507,probe_repair,"[20, 65, 95, 110, 120, 145, 150, 170, 185, 200, 210, 215, 225, 290, 355]",0.00000000,"[0.00000000, 0.00000000, 0.00000000, 0.00000000, 0.00000000]",0.19500000,0.45147143,2->26
5,5,8,3,59,"(5, 16, 17, 26, 28)",7,634,probe_repair,"[5, 25, 40, 55, 75, 80, 130, 155, 180, 200, 210, 235, 295, 335, 340]",0.00000000,"[0.00000000, 0.00000000, 0.00000000, 0.00000000, 0.00000000]",0.11600000,0.44900000,18->28
5,5,8,3,59,"(5, 16, 17, 26, 28)",8,392,probe_repair,"[30, 35, 40, 95, 165, 170, 180, 205, 220, 225, 230, 300, 305, 330, 345]",0.00000000,"[0.00000000, 0.00000000, 0.00000000, 0.00000000, 0.00000000]",0.17800000,0.44917143,15->5
5,5,8,3,59,"(5, 16, 17, 26, 28)",9,18,baseline,"[5, 30, 55, 80, 105, 130, 155, 180, 205, 230, 255, 280, 305, 330, 355]",0.00000000,"[0.00000000, 0.00000000, 0.00000000, 0.00000000, 0.00000000]",0.15700000,0.44320000,2->26
5,5,8,3,59,"(5, 16, 17, 26, 28)",10,346,probe_repair,"[35, 85, 140, 145, 155, 170, 215, 225, 250, 260, 265, 280, 290, 310, 340]",0.00000000,"[0.00000000, 0.00000000, 0.00000000, 0.00000000, 0.00000000]",0.07700000,0.44697143,2->26
5,5,8,3,60,"(11, 15, 17, 27, 28)",1,1325,probe_repair,"[30, 85, 110, 125, 130, 140, 160, 170, 215, 275, 305, 315, 330, 340, 345]",0.00000000,"[0.00000000, 0.00000000, 0.00000000, 0.00000000, 0.00000000]",0.02800000,0.40556923,20->17
5,5,8,3,60,"(11, 15, 17, 27, 28)",2,287,probe_repair,"[30, 50, 75, 150, 175, 180, 200, 225, 230, 240, 260, 295, 315, 320, 365]",0.00000000,"[0.00000000, 0.00000000, 0.00000000, 0.00000000, 0.00000000]",0.21200000,0.43864615,22->28
5,5,8,3,60,"(11, 15, 17, 27, 28)",3,368,probe_repair,"[15, 20, 55, 60, 70, 75, 145, 160, 170, 180, 185, 200, 340, 345, 365]",0.00000000,"[0.00000000, 0.00000000, 0.00000000, 0.00000000, 0.00000000]",0.20700000,0.44240000,20->11
5,5,8,3,60,"(11, 15, 17, 27, 28)",4,789,probe_repair,"[5, 10, 15, 45, 50, 65, 70, 95, 110, 130, 150, 200, 220, 325, 355]",0.00000000,"[0.00000000, 0.00000000, 0.00000000, 0.00000000, 0.00000000]",0.02800000,0.40593846,9->15
5,5,8,3,60,"(11, 15, 17, 27, 28)",5,1301,probe_repair,"[55, 70, 90, 135, 155, 195, 225, 240, 275, 295, 320, 335, 340, 355, 360]",0.00000000,"[0.00000000, 0.00000000, 0.00000000, 0.00000000, 0.00000000]",0.00000000,0.40743077,21->11
5,5,8,3,60,"(11, 15, 17, 27, 28)",6,301,probe_repair,"[45, 60, 100, 115, 180, 195, 210, 235, 260, 275, 280, 285, 305, 315, 350]",0.00000000,"[0.00000000, 0.00000000, 0.00000000, 0.00000000, 0.00000000]",0.10400000,0.41201538,25->17
5,5,8,3,60,"(11, 15, 17, 27, 28)",7,223,probe_repair,"[45, 100, 135, 170, 175, 200, 220, 250, 275, 280, 285, 295, 315, 320, 335]",0.00000000,"[0.00000000, 0.00000000, 0.00000000, 0.00000000, 0.00000000]",0.02500000,0.45130769,7->27
5,5,8,3,60,"(11, 15, 17, 27, 28)",8,300,probe_repair,"[30, 60, 75, 85, 90, 100, 135, 145, 195, 260, 285, 295, 350, 360, 365]",0.00000000,"[0.00000000, 0.00000000, 0.00000000, 0.00000000, 0.00000000]",0.19800000,0.43735385,4->11
5,5,8,3,60,"(11, 15, 17, 27, 28)",9,196,probe_repair,"[45, 50, 90, 100, 125, 160, 170, 195, 210, 280, 295, 320, 325, 335, 365]",0.00000000,"[0.00000000, 0.00000000, 0.00000000, 0.00000000, 0.00000000]",0.19500000,0.44995385,20->27
5,5,8,3,60,"(11, 15, 17, 27, 28)",10,702,probe_repair,"[60, 65, 70, 100, 105, 110, 195, 225, 230, 250, 260, 275, 310, 320, 340]",0.00000000,"[0.00000000, 0.00000000, 0.00000000, 0.00000000, 0.00000000]",0.20300000,0.44724615,25->27
5,5,8,3,61,"(7, 11, 18, 27, 28)",1,607,probe_repair,"[10, 40, 50, 125, 165, 170, 175, 190, 205, 210, 255, 295, 325, 350, 360]",0.00000000,"[0.00000000, 0.00000000, 0.00000000, 0.00000000, 0.00000000]",0.30300000,0.45195385,17->11
5,5,8,3,61,"(7, 11, 18, 27, 28)",2,690,probe_repair,"[40, 55, 90, 100, 110, 145, 165, 170, 240, 250, 260, 315, 320, 360, 365]",0.00000000,"[0.00000000, 0.00000000, 0.00000000, 0.00000000, 0.00000000]",0.22700000,0.44607692,6->18
5,5,8,3,61,"(7, 11, 18, 27, 28)",3,22,probe_repair,"[5, 15, 55, 60, 65, 70, 85, 115, 180, 215, 240, 265, 295, 355, 365]",0.00000000,"[0.00000000, 0.00000000, 0.00000000, 0.00000000, 0.00000000]",0.18900000,0.45532308,26->11
5,5,8,3,61,"(7, 11, 18, 27, 28)",4,691,probe_repair,"[40, 55, 90, 100, 110, 145, 165, 170, 240, 250, 260, 315, 320, 360, 365]",0.00000000,"[0.00000000, 0.00000000, 0.00000000, 0.00000000, 0.00000000]",0.16800000,0.44753846,6->18
5,5,8,3,61,"(7, 11, 18, 27, 28)",5,433,probe_repair,"[20, 35, 45, 50, 120, 155, 170, 180, 200, 235, 275, 290, 300, 325, 360]",0.00000000,"[0.00000000, 0.00000000, 0.00000000, 0.00000000, 0.00000000]",0.24000000,0.45549231,17->27
5,5,8,3,61,"(7, 11, 18, 27, 28)",6,847,probe_repair,"[10, 20, 30, 35, 55, 60, 75, 80, 90, 210, 295, 300, 310, 340, 360]",0.00000000,"[0.00000000, 0.00000000, 0.00000000, 0.00000000, 0.00000000]",0.18700000,0.44433846,6->27
5,5,8,3,61,"(7, 11, 18, 27, 28)",7,1601,probe_repair,"[15, 80, 85, 110, 130, 150, 160, 170, 175, 250, 265, 275, 280, 325, 355]",0.00000000,"[0.00000000, 0.00000000, 0.00000000, 0.00000000, 0.00000000]",0.21900000,0.45010769,16->7
5,5,8,3,61,"(7, 11, 18, 27, 28)",8,1087,probe_repair,"[5, 35, 80, 125, 130, 135, 140, 145, 150, 195, 220, 260, 265, 270, 350]",0.00000000,"[0.00000000, 0.00000000, 0.00000000, 0.00000000, 0.00000000]",0.15300000,0.45367692,16->18
5,5,8,3,61,"(7, 11, 18, 27, 28)",9,888,probe_repair,"[5, 65, 130, 140, 155, 175, 180, 210, 235, 245, 260, 270, 290, 360, 365]",0.00000000,"[0.00000000, 0.00000000, 0.00000000, 0.00000000, 0.00000000]",0.27800000,0.45364615,6->18
5,5,8,3,61,"(7, 11, 18, 27, 28)",10,59,probe_repair,"[15, 35, 75, 80, 85, 90, 110, 175, 225, 265, 280, 290, 300, 320, 330]",0.00000000,"[0.00000000, 0.00000000, 0.00000000, 0.00000000, 0.00000000]",0.17200000,0.44560000,20->18
5,5,8,3,62,"(5, 16, 17, 20, 22)",1,223,probe_repair,"[10, 35, 40, 65, 85, 140, 190, 200, 215, 230, 240, 260, 295, 305, 325]",0.00000000,"[0.00000000, 0.00000000, 0.00000000, 0.00000000, 0.00000000]",0.27200000,0.45262857,25->17
5,5,8,3,62,"(5, 16, 17, 20, 22)",2,612,probe_repair,"[10, 80, 90, 110, 145, 180, 185, 235, 245, 250, 275, 305, 315, 340, 345]",0.00000000,"[0.00000000, 0.00000000, 0.00000000, 0.00000000, 0.00000000]",0.29400000,0.44795714,6->16
5,5,8,3,62,"(5, 16, 17, 20, 22)",3,410,probe_repair,"[15, 80, 85, 90, 145, 155, 205, 215, 230, 250, 260, 265, 270, 325, 365]",0.00000000,"[0.00000000, 0.00000000, 0.00000000, 0.00000000, 0.00000000]",0.23200000,0.44842857,21->17
5,5,8,3,62,"(5, 16, 17, 20, 22)",4,59,probe_repair,"[5, 50, 75, 100, 165, 185, 190, 205, 255, 270, 305, 315, 325, 335, 355]",0.00000000,"[0.00000000, 0.00000000, 0.00000000, 0.00000000, 0.00000000]",0.14900000,0.45074286,21->17
5,5,8,3,62,"(5, 16, 17, 20, 22)",5,228,probe_repair,"[10, 35, 40, 65, 85, 140, 190, 200, 215, 230, 240, 260, 295, 305, 325]",0.00000000,"[0.00000000, 0.00000000, 0.00000000, 0.00000000, 0.00000000]",0.14300000,0.44734286,27->5
5,5,8,3,62,"(5, 16, 17, 20, 22)",6,86,probe_repair,"[5, 60, 75, 85, 120, 135, 140, 165, 180, 185, 250, 285, 310, 325, 345]",0.00000000,"[0.00000000, 0.00000000, 0.00000000, 0.00000000, 0.00000000]",0.26000000,0.45140000,11->22
5,5,8,3,62,"(5, 16, 17, 20, 22)",7,254,probe_repair,"[105, 115, 140, 145, 150, 155, 160, 180, 205, 215, 225, 310, 315, 345, 360]",0.00000000,"[0.00000000, 0.00000000, 0.00000000, 0.00000000, 0.00000000]",0.14800000,0.45337143,27->20
5,5,8,3,62,"(5, 16, 17, 20, 22)",8,408,probe_repair,"[15, 80, 85, 90, 145, 155, 205, 215, 230, 250, 260, 265, 270, 325, 365]",0.00000000,"[0.00000000, 0.00000000, 0.00000000, 0.00000000, 0.00000000]",0.24400000,0.45020000,21->17
5,5,8,3,62,"(5, 16, 17, 20, 22)",9,90,probe_repair,"[5, 60, 75, 85, 120, 135, 140, 165, 180, 185, 250, 285, 310, 325, 345]",0.00000000,"[0.00000000, 0.00000000, 0.00000000, 0.00000000, 0.00000000]",0.22900000,0.44651429,28->5
5,5,8,3,62,"(5, 16, 17, 20, 22)",10,164,probe_repair,"[5, 10, 25, 35, 40, 50, 60, 150, 170, 180, 185, 275, 330, 335, 360]",0.00000000,"[0.00000000, 0.00000000, 0.00000000, 0.00000000, 0.00000000]",0.19900000,0.44755714,27->22
5,5,8,3,63,"(7, 9, 11, 15, 18)",1,1365,probe_repair,"[15, 40, 45, 80, 85, 95, 115, 145, 170, 175, 225, 275, 315, 325, 340]",0.00000000,"[0.00000000, 0.00000000, 0.00000000, 0.00000000, 0.00000000]",0.00000000,0.41053846,28->9
5,5,8,3,63,"(7, 9, 11, 15, 18)",2,1608,probe_repair,"[5, 10, 25, 50, 75, 85, 125, 140, 145, 150, 195, 285, 290, 305, 325]",0.00000000,"[0.00000000, 0.00000000, 0.00000000, 0.00000000, 0.00000000]",0.14100000,0.45592308,4->11
5,5,8,3,63,"(7, 9, 11, 15, 18)",3,209,probe_repair,"[10, 50, 75, 90, 110, 155, 175, 180, 185, 225, 230, 245, 255, 325, 365]",0.00000000,"[0.00000000, 0.00000000, 0.00000000, 0.00000000, 0.00000000]",0.13100000,0.42963077,20->15
5,5,8,3,63,"(7, 9, 11, 15, 18)",4,660,probe_repair,"[30, 35, 40, 55, 90, 100, 110, 120, 170, 190, 225, 230, 330, 340, 365]",0.00000000,"[0.00000000, 0.00000000, 0.00000000, 0.00000000, 0.00000000]",0.18200000,0.44158462,28->7
5,5,8,3,63,"(7, 9, 11, 15, 18)",5,178,probe_repair,"[5, 10, 25, 70, 80, 115, 125, 145, 155, 160, 175, 180, 195, 200, 285]",0.00000000,"[0.00000000, 0.00000000, 0.00000000, 0.00000000, 0.00000000]",0.14800000,0.44007692,25->7
5,5,8,3,63,"(7, 9, 11, 15, 18)",6,364,probe_repair,"[5, 25, 40, 50, 55, 70, 75, 85, 110, 130, 135, 140, 170, 255, 310]",0.00000000,"[0.00000000, 0.00000000, 0.00000000, 0.00000000, 0.00000000]",0.06100000,0.44458462,4->11
5,5,8,3,63,"(7, 9, 11, 15, 18)",7,180,probe_repair,"[5, 10, 25, 70, 80, 115, 125, 145, 155, 160, 175, 180, 195, 200, 285]",0.00000000,"[0.00000000, 0.00000000, 0.00000000, 0.00000000, 0.00000000]",0.14300000,0.43618462,21->15
5,5,8,3,63,"(7, 9, 11, 15, 18)",8,200,probe_repair,"[10, 40, 50, 55, 65, 75, 115, 135, 195, 215, 225, 260, 265, 315, 365]",0.00000000,"[0.00000000, 0.00000000, 0.00000000, 0.00000000, 0.00000000]",0.09600000,0.44018462,25->7
5,5,8,3,63,"(7, 9, 11, 15, 18)",9,12,baseline,"[5, 30, 55, 80, 105, 130, 155, 180, 205, 230, 255, 280, 305, 330, 355]",0.00000000,"[0.00000000, 0.00000000, 0.00000000, 0.00000000, 0.00000000]",0.24900000,0.45649231,16->11
5,5,8,3,63,"(7, 9, 11, 15, 18)",10,177,probe_repair,"[5, 10, 25, 70, 80, 115, 125, 145, 155, 160, 175, 180, 195, 200, 285]",0.00000000,"[0.00000000, 0.00000000, 0.00000000, 0.00000000, 0.00000000]",0.08400000,0.43923077,24->7
5,5,8,3,64,"(5, 16, 25, 26, 28)",1,754,probe_repair,"[5, 60, 110, 115, 120, 130, 135, 140, 185, 205, 210, 245, 255, 295, 355]",0.00000000,"[0.00000000, 0.00000000, 0.00000000, 0.00000000, 0.00000000]",0.22600000,0.43991429,6->26
5,5,8,3,64,"(5, 16, 25, 26, 28)",2,678,probe_repair,"[20, 40, 85, 90, 95, 140, 185, 200, 220, 225, 265, 270, 280, 300, 340]",0.00000000,"[0.00000000, 0.00000000, 0.00000000, 0.00000000, 0.00000000]",0.03800000,0.44541429,15->5
5,5,8,3,64,"(5, 16, 25, 26, 28)",3,626,probe_repair,"[30, 60, 65, 130, 150, 160, 175, 190, 215, 265, 270, 300, 325, 340, 345]",0.00000000,"[0.00000000, 0.00000000, 0.00000000, 0.00000000, 0.00000000]",0.15500000,0.43797143,6->25
5,5,8,3,64,"(5, 16, 25, 26, 28)",4,17,baseline,"[5, 30, 55, 80, 105, 130, 155, 180, 205, 230, 255, 280, 305, 330, 355]",0.00000000,"[0.00000000, 0.00000000, 0.00000000, 0.00000000, 0.00000000]",0.08700000,0.43934286,15->5
5,5,8,3,64,"(5, 16, 25, 26, 28)",5,682,probe_repair,"[20, 40, 85, 90, 95, 140, 185, 200, 220, 225, 265, 270, 280, 300, 340]",0.00000000,"[0.00000000, 0.00000000, 0.00000000, 0.00000000, 0.00000000]",0.08000000,0.44577143,15->5
5,5,8,3,64,"(5, 16, 25, 26, 28)",6,684,probe_repair,"[20, 40, 85, 90, 95, 140, 185, 200, 220, 225, 265, 270, 280, 300, 340]",0.00000000,"[0.00000000, 0.00000000, 0.00000000, 0.00000000, 0.00000000]",0.07000000,0.44337143,15->5
5,5,8,3,64,"(5, 16, 25, 26, 28)",7,103,probe_repair,"[5, 15, 65, 75, 105, 110, 120, 185, 210, 235, 245, 270, 275, 300, 355]",0.00000000,"[0.00000000, 0.00000000, 0.00000000, 0.00000000, 0.00000000]",0.20200000,0.44871429,22->16
5,5,8,3,64,"(5, 16, 25, 26, 28)",8,595,probe_repair,"[20, 35, 65, 80, 90, 105, 115, 135, 160, 175, 265, 270, 295, 330, 345]",0.00000000,"[0.00000000, 0.00000000, 0.00000000, 0.00000000, 0.00000000]",0.19200000,0.44681429,4->16
5,5,8,3,64,"(5, 16, 25, 26, 28)",9,264,probe_repair,"[5, 30, 60, 75, 145, 180, 210, 230, 255, 265, 270, 285, 325, 340, 355]",0.00000000,"[0.00000000, 0.00000000, 0.00000000, 0.00000000, 0.00000000]",0.24100000,0.45161429,11->5
5,5,8,3,64,"(5, 16, 25, 26, 28)",10,594,probe_repair,"[20, 35, 65, 80, 90, 105, 115, 135, 160, 175, 265, 270, 295, 330, 345]",0.00000000,"[0.00000000, 0.00000000, 0.00000000, 0.00000000, 0.00000000]",0.23400000,0.44564286,21->28
5,5,8,3,65,"(1, 7, 9, 16, 21)",1,90,probe_repair,"[10, 25, 115, 130, 145, 165, 195, 245, 250, 280, 285, 290, 295, 325, 340]",0.00000000,"[0.00000000, 0.00000000, 0.00000000, 0.00000000, 0.00000000]",0.20800000,0.43995714,18->21
5,5,8,3,65,"(1, 7, 9, 16, 21)",2,401,probe_repair,"[85, 105, 125, 150, 170, 195, 230, 250, 275, 290, 295, 320, 345, 350, 355]",0.00000000,"[0.00000000, 0.00000000, 0.00000000, 0.00000000, 0.00000000]",0.04500000,0.42931429,2->9
5,5,8,3,65,"(1, 7, 9, 16, 21)",3,188,probe_repair,"[5, 30, 35, 65, 105, 145, 155, 180, 225, 250, 265, 280, 285, 310, 320]",0.00000000,"[0.00000000, 0.00000000, 0.00000000, 0.00000000, 0.00000000]",0.18200000,0.44475714,11->9
5,5,8,3,65,"(1, 7, 9, 16, 21)",4,364,probe_repair,"[15, 95, 120, 155, 170, 180, 195, 210, 230, 310, 320, 325, 330, 340, 365]",0.00000000,"[0.00000000, 0.00000000, 0.00000000, 0.00000000, 0.00000000]",0.26900000,0.45021429,17->1
5,5,8,3,65,"(1, 7, 9, 16, 21)",5,358,probe_repair,"[15, 95, 120, 155, 170, 180, 195, 210, 230, 310, 320, 325, 330, 340, 365]",0.00000000,"[0.00000000, 0.00000000, 0.00000000, 0.00000000, 0.00000000]",0.23400000,0.44957143,17->1
5,5,8,3,65,"(1, 7, 9, 16, 21)",6,186,probe_repair,"[5, 30, 35, 65, 105, 145, 155, 180, 225, 250, 265, 280, 285, 310, 320]",0.00000000,"[0.00000000, 0.00000000, 0.00000000, 0.00000000, 0.00000000]",0.15200000,0.44444286,25->7
5,5,8,3,65,"(1, 7, 9, 16, 21)",7,249,probe_repair,"[15, 45, 55, 65, 115, 150, 160, 225, 240, 255, 265, 295, 300, 320, 330]",0.00000000,"[0.00000000, 0.00000000, 0.00000000, 0.00000000, 0.00000000]",0.07100000,0.43722857,2->16
5,5,8,3,65,"(1, 7, 9, 16, 21)",8,362,probe_repair,"[15, 95, 120, 155, 170, 180, 195, 210, 230, 310, 320, 325, 330, 340, 365]",0.00000000,"[0.00000000, 0.00000000, 0.00000000, 0.00000000, 0.00000000]",0.26600000,0.45571429,6->9
5,5,8,3,65,"(1, 7, 9, 16, 21)",9,495,probe_repair,"[25, 60, 75, 105, 110, 130, 155, 160, 175, 220, 245, 255, 305, 345, 355]",0.00000000,"[0.00000000, 0.00000000, 0.00000000, 0.00000000, 0.00000000]",0.05000000,0.43782857,22->21
5,5,8,3,65,"(1, 7, 9, 16, 21)",10,407,probe_repair,"[45, 55, 65, 70, 75, 115, 150, 155, 205, 230, 245, 345, 350, 355, 365]",0.00000000,"[0.00000000, 0.00000000, 0.00000000, 0.00000000, 0.00000000]",0.03300000,0.43972857,2->16
5,5,8,3,66,"(4, 5, 6, 17, 21)",1,297,probe_repair,"[5, 10, 40, 45, 75, 95, 125, 180, 190, 200, 240, 250, 270, 330, 335]",0.00000000,"[0.00000000, 0.00000000, 0.00000000, 0.00000000, 0.00000000]",0.21700000,0.44600000,15->6
5,5,8,3,66,"(4, 5, 6, 17, 21)",2,74,probe_repair,"[10, 15, 35, 45, 55, 95, 175, 190, 205, 240, 280, 295, 310, 330, 340]",0.00000000,"[0.00000000, 0.00000000, 0.00000000, 0.00000000, 0.00000000]",0.27700000,0.45954286,9->4
5,5,8,3,66,"(4, 5, 6, 17, 21)",3,153,probe_repair,"[25, 85, 115, 165, 210, 225, 240, 250, 255, 290, 300, 315, 340, 345, 365]",0.00000000,"[0.00000000, 0.00000000, 0.00000000, 0.00000000, 0.00000000]",0.20100000,0.45030000,26->4
5,5,8,3,66,"(4, 5, 6, 17, 21)",4,73,probe_repair,"[10, 15, 35, 45, 55, 95, 175, 190, 205, 240, 280, 295, 310, 330, 340]",0.00000000,"[0.00000000, 0.00000000, 0.00000000, 0.00000000, 0.00000000]",0.31700000,0.45847143,9->6
5,5,8,3,66,"(4, 5, 6, 17, 21)",5,714,probe_repair,"[15, 75, 85, 95, 140, 170, 175, 180, 215, 290, 300, 305, 315, 330, 340]",0.00000000,"[0.00000000, 0.00000000, 0.00000000, 0.00000000, 0.00000000]",0.15600000,0.45588571,15->6
5,5,8,3,66,"(4, 5, 6, 17, 21)",6,155,probe_repair,"[25, 85, 115, 165, 210, 225, 240, 250, 255, 290, 300, 315, 340, 345, 365]",0.00000000,"[0.00000000, 0.00000000, 0.00000000, 0.00000000, 0.00000000]",0.18700000,0.44777143,28->5
5,5,8,3,66,"(4, 5, 6, 17, 21)",7,294,probe_repair,"[5, 10, 40, 45, 75, 95, 125, 180, 190, 200, 240, 250, 270, 330, 335]",0.00000000,"[0.00000000, 0.00000000, 0.00000000, 0.00000000, 0.00000000]",0.21500000,0.44337143,18->21
5,5,8,3,66,"(4, 5, 6, 17, 21)",8,156,probe_repair,"[25, 85, 115, 165, 210, 225, 240, 250, 255, 290, 300, 315, 340, 345, 365]",0.00000000,"[0.00000000, 0.00000000, 0.00000000, 0.00000000, 0.00000000]",0.18000000,0.45022857,26->4
5,5,8,3,66,"(4, 5, 6, 17, 21)",9,291,probe_repair,"[10, 15, 20, 60, 80, 100, 135, 150, 180, 185, 220, 230, 285, 335, 355]",0.00000000,"[0.00000000, 0.00000000, 0.00000000, 0.00000000, 0.00000000]",0.16100000,0.44282857,9->21
5,5,8,3,66,"(4, 5, 6, 17, 21)",10,152,probe_repair,"[25, 85, 115, 165, 210, 225, 240, 250, 255, 290, 300, 315, 340, 345, 365]",0.00000000,"[0.00000000, 0.00000000, 0.00000000, 0.00000000, 0.00000000]",0.21200000,0.45215714,26->4
5,5,8,3,67,"(7, 11, 22, 24, 26)",1,1447,probe_repair,"[35, 70, 130, 140, 150, 225, 275, 285, 295, 305, 310, 335, 350, 355, 360]",0.00000000,"[0.00000000, 0.00000000, 0.00000000, 0.00000000, 0.00000000]",0.23900000,0.45404615,21->22
5,5,8,3,67,"(7, 11, 22, 24, 26)",2,532,probe_repair,"[5, 140, 160, 165, 180, 185, 205, 225, 240, 245, 285, 300, 315, 325, 340]",0.00000000,"[0.00000000, 0.00000000, 0.00000000, 0.00000000, 0.00000000]",0.25400000,0.44678462,4->22
5,5,8,3,67,"(7, 11, 22, 24, 26)",3,775,probe_repair,"[55, 100, 120, 140, 145, 170, 185, 205, 240, 250, 270, 295, 310, 345, 355]",0.00000000,"[0.00000000, 0.00000000, 0.00000000, 0.00000000, 0.00000000]",0.20200000,0.44336923,20->7
5,5,8,3,67,"(7, 11, 22, 24, 26)",4,1462,probe_repair,"[10, 15, 20, 25, 110, 140, 160, 165, 175, 190, 195, 205, 250, 285, 295]",0.00000000,"[0.00000000, 0.00000000, 0.00000000, 0.00000000, 0.00000000]",0.23200000,0.45435385,9->26
5,5,8,3,67,"(7, 11, 22, 24, 26)",5,1420,probe_repair,"[10, 20, 25, 35, 60, 100, 120, 175, 185, 205, 210, 220, 235, 240, 300]",0.00000000,"[0.00000000, 0.00000000, 0.00000000, 0.00000000, 0.00000000]",0.12600000,0.45130769,21->26
5,5,8,3,67,"(7, 11, 22, 24, 26)",6,1611,probe_repair,"[20, 40, 70, 90, 100, 120, 130, 135, 235, 260, 270, 275, 305, 355, 365]",0.00000000,"[0.00000000, 0.00000000, 0.00000000, 0.00000000, 0.00000000]",0.10900000,0.43138462,20->24
5,5,8,3,67,"(7, 11, 22, 24, 26)",7,379,probe_repair,"[55, 110, 115, 120, 130, 135, 165, 200, 225, 235, 245, 275, 305, 315, 325]",0.00000000,"[0.00000000, 0.00000000, 0.00000000, 0.00000000, 0.00000000]",0.30000000,0.45212308,15->24
5,5,8,3,67,"(7, 11, 22, 24, 26)",8,174,probe_repair,"[30, 40, 50, 80, 100, 110, 140, 145, 180, 220, 250, 260, 305, 340, 365]",0.00000000,"[0.00000000, 0.00000000, 0.00000000, 0.00000000, 0.00000000]",0.22100000,0.45249231,15->11
5,5,8,3,67,"(7, 11, 22, 24, 26)",9,1312,probe_repair,"[50, 70, 80, 135, 155, 220, 225, 275, 285, 290, 305, 335, 340, 360, 365]",0.00000000,"[0.00000000, 0.00000000, 0.00000000, 0.00000000, 0.00000000]",0.23900000,0.45221538,4->24
5,5,8,3,67,"(7, 11, 22, 24, 26)",10,470,probe_repair,"[10, 35, 50, 70, 85, 125, 130, 150, 215, 230, 245, 260, 265, 295, 305]",0.00000000,"[0.00000000, 0.00000000, 0.00000000, 0.00000000, 0.00000000]",0.23100000,0.44660000,4->24
5,5,8,3,68,"(1, 6, 7, 21, 22)",1,235,probe_repair,"[30, 65, 90, 105, 110, 120, 135, 140, 195, 205, 210, 230, 305, 345, 360]",0.00000000,"[0.00000000, 0.00000000, 0.00000000, 0.00000000, 0.00000000]",0.15900000,0.43858571,18->7
5,5,8,3,68,"(1, 6, 7, 21, 22)",2,74,probe_repair,"[10, 15, 40, 55, 70, 105, 120, 175, 200, 285, 290, 295, 310, 345, 360]",0.00000000,"[0.00000000, 0.00000000, 0.00000000, 0.00000000, 0.00000000]",0.30400000,0.46081429,28->6
5,5,8,3,68,"(1, 6, 7, 21, 22)",3,356,probe_repair,"[35, 75, 90, 110, 120, 175, 195, 205, 255, 280, 290, 295, 325, 340, 360]",0.00000000,"[0.00000000, 0.00000000, 0.00000000, 0.00000000, 0.00000000]",0.05700000,0.44344286,18->6
5,5,8,3,68,"(1, 6, 7, 21, 22)",4,379,probe_repair,"[5, 10, 50, 65, 100, 115, 150, 165, 170, 190, 210, 255, 320, 345, 365]",0.00000000,"[0.00000000, 0.00000000, 0.00000000, 0.00000000, 0.00000000]",0.19800000,0.45260000,25->7
5,5,8,3,68,"(1, 6, 7, 21, 22)",5,329,probe_repair,"[25, 40, 50, 65, 120, 140, 170, 175, 185, 195, 200, 240, 250, 260, 360]",0.00000000,"[0.00000000, 0.00000000, 0.00000000, 0.00000000, 0.00000000]",0.18800000,0.45725714,28->6
5,5,8,3,68,"(1, 6, 7, 21, 22)",6,30,probe_repair,"[75, 80, 105, 115, 125, 135, 145, 150, 195, 200, 250, 275, 305, 325, 335]",0.00000000,"[0.00000000, 0.00000000, 0.00000000, 0.00000000, 0.00000000]",0.12000000,0.44015714,24->21
5,5,8,3,68,"(1, 6, 7, 21, 22)",7,26,probe_repair,"[5, 25, 35, 55, 85, 155, 175, 180, 185, 195, 200, 245, 275, 290, 310]",0.00000000,"[0.00000000, 0.00000000, 0.00000000, 0.00000000, 0.00000000]",0.29700000,0.45688571,26->21
5,5,8,3,68,"(1, 6, 7, 21, 22)",8,35,probe_repair,"[75, 80, 105, 115, 125, 135, 145, 150, 195, 200, 250, 275, 305, 325, 335]",0.00000000,"[0.00000000, 0.00000000, 0.00000000, 0.00000000, 0.00000000]",0.12300000,0.44487143,26->6
5,5,8,3,68,"(1, 6, 7, 21, 22)",9,506,probe_repair,"[5, 55, 70, 100, 110, 115, 130, 145, 165, 195, 210, 280, 310, 335, 365]",0.00000000,"[0.00000000, 0.00000000, 0.00000000, 0.00000000, 0.00000000]",0.04400000,0.44282857,11->7
5,5,8,3,68,"(1, 6, 7, 21, 22)",10,232,probe_repair,"[30, 65, 90, 105, 110, 120, 135, 140, 195, 205, 210, 230, 305, 345, 360]",0.00000000,"[0.00000000, 0.00000000, 0.00000000, 0.00000000, 0.00000000]",0.13900000,0.44332857,27->1
5,5,8,3,69,"(15, 24, 25, 26, 28)",1,835,probe_repair,"[20, 25, 60, 65, 80, 105, 140, 165, 195, 215, 255, 275, 300, 305, 365]",0.00000000,"[0.00000000, 0.00000000, 0.00000000, 0.00000000, 0.00000000]",0.15000000,0.43864615,21->25
5,5,8,3,69,"(15, 24, 25, 26, 28)",2,1526,probe_repair,"[10, 20, 40, 55, 60, 80, 90, 100, 105, 175, 205, 210, 260, 275, 305]",0.00000000,"[0.00000000, 0.00000000, 0.00000000, 0.00000000, 0.00000000]",0.10300000,0.45161538,27->26
5,5,8,3,69,"(15, 24, 25, 26, 28)",3,588,probe_repair,"[15, 100, 165, 180, 185, 235, 255, 275, 285, 290, 310, 315, 325, 345, 355]",0.00000000,"[0.00000000, 0.00000000, 0.00000000, 0.00000000, 0.00000000]",0.12300000,0.44344615,7->26
5,5,8,3,69,"(15, 24, 25, 26, 28)",4,1224,probe_repair,"[35, 40, 50, 95, 110, 145, 175, 195, 250, 260, 270, 315, 335, 340, 355]",0.00000000,"[0.00000000, 0.00000000, 0.00000000, 0.00000000, 0.00000000]",0.06800000,0.44180000,18->26
5,5,8,3,69,"(15, 24, 25, 26, 28)",5,207,probe_repair,"[10, 25, 40, 45, 95, 130, 135, 155, 220, 255, 275, 285, 310, 345, 365]",0.00000000,"[0.00000000, 0.00000000, 0.00000000, 0.00000000, 0.00000000]",0.02400000,0.43884615,18->26
5,5,8,3,69,"(15, 24, 25, 26, 28)",6,831,probe_repair,"[20, 25, 60, 65, 80, 105, 140, 165, 195, 215, 255, 275, 300, 305, 365]",0.00000000,"[0.00000000, 0.00000000, 0.00000000, 0.00000000, 0.00000000]",0.17300000,0.43313846,6->15
5,5,8,3,69,"(15, 24, 25, 26, 28)",7,1109,probe_repair,"[15, 45, 65, 105, 130, 160, 180, 185, 200, 220, 240, 295, 325, 340, 365]",0.00000000,"[0.00000000, 0.00000000, 0.00000000, 0.00000000, 0.00000000]",0.05500000,0.40518462,21->28
5,5,8,3,69,"(15, 24, 25, 26, 28)",8,878,probe_repair,"[30, 55, 75, 90, 105, 135, 145, 160, 205, 215, 220, 225, 235, 255, 350]",0.00000000,"[0.00000000, 0.00000000, 0.00000000, 0.00000000, 0.00000000]",0.30800000,0.45170769,21->24
5,5,8,3,69,"(15, 24, 25, 26, 28)",9,383,probe_repair,"[25, 35, 40, 65, 70, 75, 95, 140, 145, 205, 220, 230, 235, 265, 320]",0.00000000,"[0.00000000, 0.00000000, 0.00000000, 0.00000000, 0.00000000]",0.20700000,0.45090769,11->26
5,5,8,3,69,"(15, 24, 25, 26, 28)",10,587,probe_repair,"[15, 100, 165, 180, 185, 235, 255, 275, 285, 290, 310, 315, 325, 345, 355]",0.00000000,"[0.00000000, 0.00000000, 0.00000000, 0.00000000, 0.00000000]",0.14900000,0.43972308,7->26
5,5,8,3,70,"(5, 9, 15, 16, 17)",1,487,probe_repair,"[15, 20, 45, 95, 155, 160, 175, 190, 220, 255, 265, 275, 285, 295, 360]",0.00000000,"[0.00000000, 0.00000000, 0.00000000, 0.00000000, 0.00000000]",0.27600000,0.44551429,28->16
5,5,8,3,70,"(5, 9, 15, 16, 17)",2,92,probe_repair,"[5, 45, 50, 75, 145, 160, 225, 245, 255, 295, 305, 310, 325, 335, 355]",0.00000000,"[0.00000000, 0.00000000, 0.00000000, 0.00000000, 0.00000000]",0.22500000,0.44911429,2->16
5,5,8,3,70,"(5, 9, 15, 16, 17)",3,262,probe_repair,"[85, 125, 130, 170, 185, 210, 235, 245, 260, 265, 270, 275, 290, 300, 355]",0.00000000,"[0.00000000, 0.00000000, 0.00000000, 0.00000000, 0.00000000]",0.23500000,0.44634286,20->16
5,5,8,3,70,"(5, 9, 15, 16, 17)",4,106,probe_repair,"[10, 75, 80, 90, 115, 130, 165, 235, 240, 270, 300, 305, 330, 340, 360]",0.00000000,"[0.00000000, 0.00000000, 0.00000000, 0.00000000, 0.00000000]",0.19100000,0.43931429,20->17
5,5,8,3,70,"(5, 9, 15, 16, 17)",5,488,probe_repair,"[15, 20, 45, 95, 155, 160, 175, 190, 220, 255, 265, 275, 285, 295, 360]",0.00000000,"[0.00000000, 0.00000000, 0.00000000, 0.00000000, 0.00000000]",0.21600000,0.44195714,18->5
5,5,8,3,70,"(5, 9, 15, 16, 17)",6,103,probe_repair,"[10, 75, 80, 90, 115, 130, 165, 235, 240, 270, 300, 305, 330, 340, 360]",0.00000000,"[0.00000000, 0.00000000, 0.00000000, 0.00000000, 0.00000000]",0.20700000,0.43097143,20->17
5,5,8,3,70,"(5, 9, 15, 16, 17)",7,559,probe_repair,"[10, 40, 80, 85, 100, 115, 130, 135, 145, 175, 220, 295, 310, 355, 360]",0.00000000,"[0.00000000, 0.00000000, 0.00000000, 0.00000000, 0.00000000]",0.28400000,0.44101429,22->5
5,5,8,3,70,"(5, 9, 15, 16, 17)",8,478,probe_repair,"[20, 25, 30, 40, 50, 85, 120, 150, 160, 200, 230, 235, 325, 355, 365]",0.00000000,"[0.00000000, 0.00000000, 0.00000000, 0.00000000, 0.00000000]",0.15500000,0.43767143,26->16
5,5,8,3,70,"(5, 9, 15, 16, 17)",9,53,probe_repair,"[55, 95, 105, 115, 145, 180, 235, 245, 250, 270, 290, 345, 355, 360, 365]",0.00000000,"[0.00000000, 0.00000000, 0.00000000, 0.00000000, 0.00000000]",0.00000000,0.41508571,24->16
5,5,8,3,70,"(5, 9, 15, 16, 17)",10,97,probe_repair,"[60, 100, 110, 125, 130, 135, 155, 175, 185, 190, 220, 240, 275, 290, 335]",0.00000000,"[0.00000000, 0.00000000, 0.00000000, 0.00000000, 0.00000000]",0.22300000,0.44721429,25->16
5,5,8,3,71,"(2, 5, 11, 17, 18)",1,244,probe_repair,"[10, 35, 75, 95, 100, 145, 150, 215, 245, 255, 260, 295, 305, 315, 355]",0.00000000,"[0.00000000, 0.00000000, 0.00000000, 0.00000000, 0.00000000]",0.07100000,0.43625714,27->18
5,5,8,3,71,"(2, 5, 11, 17, 18)",2,448,probe_repair,"[15, 20, 85, 95, 140, 155, 165, 205, 235, 245, 280, 285, 295, 345, 365]",0.00000000,"[0.00000000, 0.00000000, 0.00000000, 0.00000000, 0.00000000]",0.27900000,0.45678571,27->2
5,5,8,3,71,"(2, 5, 11, 17, 18)",3,238,probe_repair,"[10, 35, 75, 95, 100, 145, 150, 215, 245, 255, 260, 295, 305, 315, 355]",0.00000000,"[0.00000000, 0.00000000, 0.00000000, 0.00000000, 0.00000000]",0.07000000,0.44582857,27->18
5,5,8,3,71,"(2, 5, 11, 17, 18)",4,295,probe_repair,"[25, 35, 100, 110, 145, 175, 210, 215, 225, 235, 260, 305, 335, 340, 345]",0.00000000,"[0.00000000, 0.00000000, 0.00000000, 0.00000000, 0.00000000]",0.23900000,0.46091429,26->17
5,5,8,3,71,"(2, 5, 11, 17, 18)",5,72,probe_repair,"[25, 90, 95, 125, 160, 165, 175, 190, 245, 275, 280, 305, 310, 335, 340]",0.00000000,"[0.00000000, 0.00000000, 0.00000000, 0.00000000, 0.00000000]",0.13300000,0.44767143,15->18
5,5,8,3,71,"(2, 5, 11, 17, 18)",6,303,probe_repair,"[35, 40, 50, 95, 110, 125, 165, 180, 205, 225, 250, 275, 280, 285, 305]",0.00000000,"[0.00000000, 0.00000000, 0.00000000, 0.00000000, 0.00000000]",0.21800000,0.45104286,7->11
5,5,8,3,71,"(2, 5, 11, 17, 18)",7,147,probe_repair,"[25, 55, 80, 85, 90, 100, 120, 145, 150, 170, 245, 290, 330, 360, 365]",0.00000000,"[0.00000000, 0.00000000, 0.00000000, 0.00000000, 0.00000000]",0.08400000,0.44588571,25->2
5,5,8,3,71,"(2, 5, 11, 17, 18)",8,88,probe_repair,"[80, 95, 100, 110, 120, 130, 150, 155, 185, 190, 205, 240, 280, 315, 360]",0.00000000,"[0.00000000, 0.00000000, 0.00000000, 0.00000000, 0.00000000]",0.13600000,0.44618571,25->5
5,5,8,3,71,"(2, 5, 11, 17, 18)",9,452,probe_repair,"[15, 20, 85, 95, 140, 155, 165, 205, 235, 245, 280, 285, 295, 345, 365]",0.00000000,"[0.00000000, 0.00000000, 0.00000000, 0.00000000, 0.00000000]",0.33900000,0.45760000,16->17
5,5,8,3,71,"(2, 5, 11, 17, 18)",10,240,probe_repair,"[10, 35, 75, 95, 100, 145, 150, 215, 245, 255, 260, 295, 305, 315, 355]",0.00000000,"[0.00000000, 0.00000000, 0.00000000, 0.00000000, 0.00000000]",0.05200000,0.43921429,27->18
5,5,8,3,72,"(1, 4, 9, 15, 28)",1,329,probe_repair,"[55, 70, 110, 145, 170, 200, 235, 255, 265, 295, 305, 330, 340, 350, 355]",0.00000000,"[0.00000000, 0.00000000, 0.00000000, 0.00000000, 0.00000000]",0.23000000,0.45118571,7->1
5,5,8,3,72,"(1, 4, 9, 15, 28)",2,161,probe_repair,"[5, 30, 35, 45, 65, 75, 80, 110, 145, 155, 180, 225, 250, 295, 300]",0.00000000,"[0.00000000, 0.00000000, 0.00000000, 0.00000000, 0.00000000]",0.23000000,0.45032857,21->28
5,5,8,3,72,"(1, 4, 9, 15, 28)",3,163,probe_repair,"[5, 30, 35, 45, 65, 75, 80, 110, 145, 155, 180, 225, 250, 295, 300]",0.00000000,"[0.00000000, 0.00000000, 0.00000000, 0.00000000, 0.00000000]",0.25700000,0.44834286,21->28
5,5,8,3,72,"(1, 4, 9, 15, 28)",4,128,probe_repair,"[30, 35, 60, 65, 80, 95, 130, 150, 155, 160, 200, 220, 230, 305, 325]",0.00000000,"[0.00000000, 0.00000000, 0.00000000, 0.00000000, 0.00000000]",0.18600000,0.44857143,27->15
5,5,8,3,72,"(1, 4, 9, 15, 28)",5,513,probe_repair,"[30, 45, 75, 80, 90, 115, 145, 175, 185, 230, 235, 285, 300, 310, 335]",0.00000000,"[0.00000000, 0.00000000, 0.00000000, 0.00000000, 0.00000000]",0.27100000,0.45558571,16->1
5,5,8,3,72,"(1, 4, 9, 15, 28)",6,360,probe_repair,"[5, 10, 15, 40, 50, 80, 90, 100, 135, 160, 165, 205, 225, 230, 245]",0.00000000,"[0.00000000, 0.00000000, 0.00000000, 0.00000000, 0.00000000]",0.22500000,0.44014286,25->15
5,5,8,3,72,"(1, 4, 9, 15, 28)",7,59,probe_repair,"[40, 50, 65, 70, 75, 110, 120, 125, 155, 165, 180, 200, 220, 275, 305]",0.00000000,"[0.00000000, 0.00000000, 0.00000000, 0.00000000, 0.00000000]",0.15400000,0.45951429,18->4
5,5,8,3,72,"(1, 4, 9, 15, 28)",8,272,probe_repair,"[25, 35, 85, 150, 160, 185, 235, 255, 275, 290, 295, 310, 335, 340, 365]",0.00000000,"[0.00000000, 0.00000000, 0.00000000, 0.00000000, 0.00000000]",0.15900000,0.45360000,25->28
5,5,8,3,72,"(1, 4, 9, 15, 28)",9,45,probe_repair,"[40, 55, 60, 120, 125, 130, 195, 205, 250, 260, 285, 320, 340, 350, 365]",0.00000000,"[0.00000000, 0.00000000, 0.00000000, 0.00000000, 0.00000000]",0.05800000,0.40980000,17->1
5,5,8,3,72,"(1, 4, 9, 15, 28)",10,326,probe_repair,"[55, 70, 110, 145, 170, 200, 235, 255, 265, 295, 305, 330, 340, 350, 355]",0.00000000,"[0.00000000, 0.00000000, 0.00000000, 0.00000000, 0.00000000]",0.29200000,0.45097143,11->15
